"DESCRIPTION","DURATION IN MS","NAME","PARENT SUITE","START TIME","STATUS","STOP TIME","SUB SUITE","SUITE","TEST CLASS","TEST METHOD"
"","1","should hash ""Lorem ipsum dolor sit amet"" with n=5 and maxValue=100 correctly","hashN","Fri Jul 11 16:02:53 GMT 2025","passed","Fri Jul 11 16:02:53 GMT 2025","","","",""
"","0","should return false when peer has no overlapping shards","ShardReader","Fri Jul 11 16:02:14 GMT 2025","broken","Fri Jul 11 16:02:14 GMT 2025","","isPeerOnNetwork","",""
"","1","should be able to encode the field with only RELAY set to true","ENR waku2 codec","Fri Jul 11 16:02:04 GMT 2025","passed","Fri Jul 11 16:02:04 GMT 2025","","Encoding","",""
"","0","Ephemeral messages are not stored","Waku Message Ephemeral field","Fri Jul 11 16:06:01 GMT 2025","broken","Fri Jul 11 16:06:01 GMT 2025","","","",""
"","2","should handle peerStore errors gracefully","ConnectionManager","Fri Jul 11 16:02:14 GMT 2025","passed","Fri Jul 11 16:02:14 GMT 2025","","getConnectedPeers","",""
"","1","should correctly map /toychat/2/huilong/proto to shard index 3","contentTopicToShardIndex","Fri Jul 11 16:01:58 GMT 2025","passed","Fri Jul 11 16:01:58 GMT 2025","","","",""
"","0","should hash ""test123"" with n=1 and maxValue=1000 correctly","hashN","Fri Jul 11 16:02:53 GMT 2025","passed","Fri Jul 11 16:02:53 GMT 2025","","","",""
"","0","Decoder throws on empty string content topic","Ensures content topic is defined","Fri Jul 11 16:02:15 GMT 2025","passed","Fri Jul 11 16:02:15 GMT 2025","","","",""
"","0","should return false when peer is not on the pubsub topic shard","ShardReader","Fri Jul 11 16:02:14 GMT 2025","passed","Fri Jul 11 16:02:14 GMT 2025","","isPeerOnTopic","",""
"","0","should be safe to call multiple times","ConnectionManager","Fri Jul 11 16:02:14 GMT 2025","passed","Fri Jul 11 16:02:14 GMT 2025","","stop","",""
"","0","should throw an error for non-numeric clusterId: /waku/2/rs/x/1","pubsubTopicToSingleShardInfo with various invalid formats","Fri Jul 11 16:01:58 GMT 2025","passed","Fri Jul 11 16:01:58 GMT 2025","","","",""
"","1","should properly compute the node id","ENR","Fri Jul 11 16:02:04 GMT 2025","passed","Fri Jul 11 16:02:04 GMT 2025","","Static tests","",""
"","0","isConnected should return true after first peer connects","Connection state","Fri Jul 11 16:03:33 GMT 2025","passed","Fri Jul 11 16:03:33 GMT 2025","","","",""
"","0","should not return the same peer twice in consecutive getPeers calls without renew","PeerManager","Fri Jul 11 16:02:44 GMT 2025","passed","Fri Jul 11 16:02:44 GMT 2025","","","",""
"","0","should fail to send if no connected peers found","LightPush SDK","Fri Jul 11 16:02:43 GMT 2025","passed","Fri Jul 11 16:02:43 GMT 2025","","","",""
"","0","should handle peer store errors gracefully","DiscoveryDialer","Fri Jul 11 16:02:14 GMT 2025","passed","Fri Jul 11 16:02:14 GMT 2025","","peer discovery handling","",""
"","0","peer:update - should not schedule stream creation IF protocol hit AND stream found on connection","StreamManager","Fri Jul 11 16:02:14 GMT 2025","passed","Fri Jul 11 16:02:14 GMT 2025","","","",""
"","0","should handle peer not in mesh for all topics","KeepAliveManager","Fri Jul 11 16:02:14 GMT 2025","passed","Fri Jul 11 16:02:14 GMT 2025","","edge cases","",""
"","3","All","ENR Interop: ServiceNode","Fri Jul 11 16:03:20 GMT 2025","passed","Fri Jul 11 16:03:20 GMT 2025","","","",""
"","0","should handle empty pubsub topics","KeepAliveManager","Fri Jul 11 16:02:14 GMT 2025","passed","Fri Jul 11 16:02:14 GMT 2025","","edge cases","",""
"","0","should return true when peer is on the same network","ShardReader","Fri Jul 11 16:02:13 GMT 2025","passed","Fri Jul 11 16:02:13 GMT 2025","","isPeerOnNetwork","",""
"","0","should throw error - no id","ENR","Fri Jul 11 16:02:04 GMT 2025","passed","Fri Jul 11 16:02:04 GMT 2025","","Txt codec","",""
"","1","1 Store, 2 relays, 2 fetches","Fetch nodes until capabilities are fulfilled","Fri Jul 11 16:02:22 GMT 2025","passed","Fri Jul 11 16:02:22 GMT 2025","","","",""
"","0","groups multiple content topics into the same pubsub topic when they share the same shard index","contentTopicsByPubsubTopic","Fri Jul 11 16:01:58 GMT 2025","passed","Fri Jul 11 16:01:58 GMT 2025","","","",""
"","1","should hash ""Lorem ipsum dolor sit amet"" with n=0 and maxValue=100 correctly","hashN","Fri Jul 11 16:02:53 GMT 2025","passed","Fri Jul 11 16:02:53 GMT 2025","","","",""
"","0","should keep entries that haven't expired yet","TTLSet","Fri Jul 11 16:02:43 GMT 2025","passed","Fri Jul 11 16:02:43 GMT 2025","","","",""
"","0","should update lamport timestamp if greater than current timestamp and dependencies are met","MessageChannel","Fri Jul 11 16:02:58 GMT 2025","passed","Fri Jul 11 16:02:58 GMT 2025","","receiving a message","",""
"","0","should hang up with multiaddr and return true on success","ConnectionManager","Fri Jul 11 16:02:14 GMT 2025","passed","Fri Jul 11 16:02:14 GMT 2025","","hangUp","",""
"","1","should not create timers for topics where peer is not in mesh","KeepAliveManager","Fri Jul 11 16:02:14 GMT 2025","passed","Fri Jul 11 16:02:14 GMT 2025","","relay timer management","",""
"","0","uses static shard pubsub topic instead of autosharding when set","Sets sharding configuration correctly","Fri Jul 11 16:02:15 GMT 2025","broken","Fri Jul 11 16:02:15 GMT 2025","","","",""
"","0","should clear dial history on start","Dialer","Fri Jul 11 16:02:14 GMT 2025","passed","Fri Jul 11 16:02:14 GMT 2025","","start","",""
"","1","rejects hash query with time filter","StoreQueryRequest validation","Fri Jul 11 16:02:14 GMT 2025","passed","Fri Jul 11 16:02:14 GMT 2025","","","",""
"","1","should only return 1 node with relay capability","DNS Node Discovery w/ capabilities","Fri Jul 11 16:02:22 GMT 2025","passed","Fri Jul 11 16:02:22 GMT 2025","","","",""
"","0","should initialize with default number of peers","PeerManager","Fri Jul 11 16:02:44 GMT 2025","passed","Fri Jul 11 16:02:44 GMT 2025","","","",""
"","0","should hash ""Lorem ipsum dolor sit amet"" with n=0 and maxValue=1000 correctly","hashN","Fri Jul 11 16:02:53 GMT 2025","passed","Fri Jul 11 16:02:53 GMT 2025","","","",""
"","0","should throw an error for non-numeric shard: /waku/2/rs/1/-","pubsubTopicToSingleShardInfo with various invalid formats","Fri Jul 11 16:01:58 GMT 2025","passed","Fri Jul 11 16:01:58 GMT 2025","","","",""
"","0","should handle multiple peer connections","KeepAliveManager","Fri Jul 11 16:02:14 GMT 2025","passed","Fri Jul 11 16:02:14 GMT 2025","","peer connect event handling","",""
"","0","should hash ""test123"" with n=1 and maxValue=100 correctly","hashN","Fri Jul 11 16:02:53 GMT 2025","passed","Fri Jul 11 16:02:53 GMT 2025","","","",""
"","0","can start and stop the service","Local Storage Discovery","Fri Jul 11 16:02:26 GMT 2025","passed","Fri Jul 11 16:02:26 GMT 2025","interface-peer-discovery compliance tests","Compliance Tests","",""
"","0","should store libp2p and options references","ConnectionLimiter","Fri Jul 11 16:02:14 GMT 2025","passed","Fri Jul 11 16:02:14 GMT 2025","","constructor","",""
"","0","Ephemeral field is preserved - symmetric encryption","Waku Message Ephemeral field","Fri Jul 11 16:06:01 GMT 2025","broken","Fri Jul 11 16:06:01 GMT 2025","","","",""
"","0","should hash ""!@#$%^&*()"" with n=0 and maxValue=10000 correctly","hashN","Fri Jul 11 16:02:53 GMT 2025","passed","Fri Jul 11 16:02:53 GMT 2025","","","",""
"","0","should handle errors when getting connections","NetworkMonitor","Fri Jul 11 16:02:13 GMT 2025","passed","Fri Jul 11 16:02:13 GMT 2025","","error handling","",""
"","0","ENRTree (root): should error if DNS root entry is mis-prefixed","ENRTree","Fri Jul 11 16:02:22 GMT 2025","passed","Fri Jul 11 16:02:22 GMT 2025","","","",""
"","0","should add event listeners for peer connect and disconnect","KeepAliveManager","Fri Jul 11 16:02:14 GMT 2025","passed","Fri Jul 11 16:02:14 GMT 2025","","start","",""
"","0","should invoke callbacks only when newly receiving message is given","Filter Subscription","Fri Jul 11 16:02:44 GMT 2025","broken","Fri Jul 11 16:02:44 GMT 2025","","","",""
"","3","should handle shard reader errors gracefully","Dialer","Fri Jul 11 16:02:14 GMT 2025","passed","Fri Jul 11 16:02:14 GMT 2025","","shard reader integration","",""
"","0","should handle peer store update failures gracefully","KeepAliveManager","Fri Jul 11 16:02:14 GMT 2025","passed","Fri Jul 11 16:02:14 GMT 2025","","ping timer management","",""
"","0","should encode/decode to RLP encoding","ENR","Fri Jul 11 16:02:04 GMT 2025","passed","Fri Jul 11 16:02:04 GMT 2025","","Static tests","",""
"","1","messageHashStr returns a hex string","messageHash and messageHashStr","Fri Jul 11 16:02:14 GMT 2025","passed","Fri Jul 11 16:02:14 GMT 2025","","","",""
"","1","should skip peer when not on same shard","Dialer","Fri Jul 11 16:02:14 GMT 2025","passed","Fri Jul 11 16:02:14 GMT 2025","","dial","",""
"","0","should return false when peer is on different cluster","ShardReader","Fri Jul 11 16:02:14 GMT 2025","passed","Fri Jul 11 16:02:14 GMT 2025","","isPeerOnShard","",""
"","1","should handle special patterns correctly","BloomFilter with special patterns","Fri Jul 11 16:02:56 GMT 2025","passed","Fri Jul 11 16:02:56 GMT 2025","","","",""
"","0","should be able to decode the field with STORE and LIGHTPUSH protocols set to true","ENR waku2 codec","Fri Jul 11 16:02:04 GMT 2025","passed","Fri Jul 11 16:02:04 GMT 2025","","Decoding","",""
"","0","should hash """" with n=2 and maxValue=10000 correctly","hashN","Fri Jul 11 16:02:53 GMT 2025","passed","Fri Jul 11 16:02:53 GMT 2025","","","",""
"","0","should clear timers for specific peer on disconnect","KeepAliveManager","Fri Jul 11 16:02:14 GMT 2025","passed","Fri Jul 11 16:02:14 GMT 2025","","timer cleanup","",""
"","2","should dispatch CustomEvent with correct type and detail","NetworkMonitor","Fri Jul 11 16:02:13 GMT 2025","passed","Fri Jul 11 16:02:13 GMT 2025","","dispatchNetworkEvent","",""
"","0","should throw an error for invalid PubsubTopic format: /waku/2/rs/1/2/extra","pubsubTopicToSingleShardInfo with various invalid formats","Fri Jul 11 16:01:58 GMT 2025","passed","Fri Jul 11 16:01:58 GMT 2025","","","",""
"","0","should get all peers from store","ConnectionLimiter","Fri Jul 11 16:02:14 GMT 2025","passed","Fri Jul 11 16:02:14 GMT 2025","","dialPeersFromStore","",""
"","0","should add event listeners for waku:connection, peer connect and disconnect","ConnectionLimiter","Fri Jul 11 16:02:14 GMT 2025","passed","Fri Jul 11 16:02:14 GMT 2025","","start","",""
"","1","should return exactly numPeersToUse peers when enough are available","PeerManager","Fri Jul 11 16:02:44 GMT 2025","passed","Fri Jul 11 16:02:44 GMT 2025","","","",""
"","13","Relay + Store","ENR Interop: ServiceNode","Fri Jul 11 16:03:20 GMT 2025","passed","Fri Jul 11 16:03:20 GMT 2025","","","",""
"","0","should return all connected peers without codec filter","ConnectionManager","Fri Jul 11 16:02:14 GMT 2025","passed","Fri Jul 11 16:02:14 GMT 2025","","getConnectedPeers","",""
"","0","ignores domain fetching errors","DNS Node Discovery","Fri Jul 11 16:02:22 GMT 2025","passed","Fri Jul 11 16:02:22 GMT 2025","","","",""
"","0","returns all values when wanted number is greater than available values","Discovery","Fri Jul 11 16:02:22 GMT 2025","passed","Fri Jul 11 16:02:22 GMT 2025","","","",""
"","0","should hash """" with n=0 and maxValue=1000 correctly","hashN","Fri Jul 11 16:02:53 GMT 2025","passed","Fri Jul 11 16:02:53 GMT 2025","","","",""
"","1","should hash ""Lorem ipsum dolor sit amet"" with n=2 and maxValue=1000 correctly","hashN","Fri Jul 11 16:02:53 GMT 2025","passed","Fri Jul 11 16:02:53 GMT 2025","","","",""
"","0","should skip peer when dialed recently","Dialer","Fri Jul 11 16:02:14 GMT 2025","passed","Fri Jul 11 16:02:14 GMT 2025","","dial","",""
"","2","should create NetworkMonitor with libp2p and events","NetworkMonitor","Fri Jul 11 16:02:13 GMT 2025","passed","Fri Jul 11 16:02:13 GMT 2025","","constructor","",""
"","0","should hash ""!@#$%^&*()"" with n=5 and maxValue=100 correctly","hashN","Fri Jul 11 16:02:53 GMT 2025","passed","Fri Jul 11 16:02:53 GMT 2025","","","",""
"","0","should correctly map /app/29/sometopic/someencoding to shard index 6","contentTopicToShardIndex","Fri Jul 11 16:01:58 GMT 2025","passed","Fri Jul 11 16:01:58 GMT 2025","","","",""
"","1","should set field with only FILTER enabled","ENR","Fri Jul 11 16:02:04 GMT 2025","passed","Fri Jul 11 16:02:04 GMT 2025","","waku2 key round trip","",""
"","1","should throw error - no public key","ENR","Fri Jul 11 16:02:04 GMT 2025","passed","Fri Jul 11 16:02:04 GMT 2025","","Txt codec","",""
"","1","Waku message hash computation (payload length 0)","Message Hash: RFC Test Vectors","Fri Jul 11 16:02:14 GMT 2025","passed","Fri Jul 11 16:02:14 GMT 2025","","","",""
"","5","should return false when peer has no shard info","ShardReader","Fri Jul 11 16:02:14 GMT 2025","passed","Fri Jul 11 16:02:14 GMT 2025","","isPeerOnNetwork","",""
"","0","should not receive a peer event after stop","DNS Discovery: Compliance Test","Fri Jul 11 16:03:18 GMT 2025","passed","Fri Jul 11 16:03:18 GMT 2025","","interface-peer-discovery compliance tests","",""
"","0","Round trip binary encryption [ecies, signature]","Ecies Encryption","Fri Jul 11 16:02:34 GMT 2025","passed","Fri Jul 11 16:02:34 GMT 2025","","","",""
"","0","should handle mixed bootstrap and non-bootstrap peers","ConnectionLimiter","Fri Jul 11 16:02:14 GMT 2025","passed","Fri Jul 11 16:02:14 GMT 2025","","hasMoreThanMaxBootstrapConnections","",""
"","0","should process tasks in queue","RetryManager","Fri Jul 11 16:02:43 GMT 2025","passed","Fri Jul 11 16:02:43 GMT 2025","","","",""
"","1","retrieves a single peer","DNS Node Discovery","Fri Jul 11 16:02:22 GMT 2025","passed","Fri Jul 11 16:02:22 GMT 2025","","","",""
"","1","should hash """" with n=1 and maxValue=10000 correctly","hashN","Fri Jul 11 16:02:53 GMT 2025","passed","Fri Jul 11 16:02:53 GMT 2025","","","",""
"","0","messageHashStr produces different results for different inputs","messageHash and messageHashStr","Fri Jul 11 16:02:14 GMT 2025","passed","Fri Jul 11 16:02:14 GMT 2025","","","",""
"","0","should hash ""!@#$%^&*()"" with n=1 and maxValue=1000 correctly","hashN","Fri Jul 11 16:02:53 GMT 2025","passed","Fri Jul 11 16:02:53 GMT 2025","","","",""
"","1","should reject on timeout if it was set","waitForRemotePeer","Fri Jul 11 16:02:44 GMT 2025","passed","Fri Jul 11 16:02:44 GMT 2025","","","",""
"","1","should be able to encode the field with only FILTER set to true","ENR waku2 codec","Fri Jul 11 16:02:04 GMT 2025","passed","Fri Jul 11 16:02:04 GMT 2025","","Encoding","",""
"","0","should properly create location multiaddrs - tcp6","ENR","Fri Jul 11 16:02:04 GMT 2025","passed","Fri Jul 11 16:02:04 GMT 2025","","Location multiaddr","",""
"","1","should return false when connections are non-bootstrap peers","ConnectionLimiter","Fri Jul 11 16:02:14 GMT 2025","passed","Fri Jul 11 16:02:14 GMT 2025","","hasMoreThanMaxBootstrapConnections","",""
"","1","should return null for non-existent peer","ConnectionLimiter","Fri Jul 11 16:02:14 GMT 2025","passed","Fri Jul 11 16:02:14 GMT 2025","","getPeer","",""
"","4","should transition to Unhealthy when no connections","HealthIndicator","Fri Jul 11 16:02:44 GMT 2025","passed","Fri Jul 11 16:02:44 GMT 2025","","","",""
"","1","should emit events and transition isConnected state when has peers or no peers","waku:connection","Fri Jul 11 16:03:33 GMT 2025","passed","Fri Jul 11 16:03:33 GMT 2025","","","",""
"","0","should hash ""!@#$%^&*()"" with n=5 and maxValue=10000 correctly","hashN","Fri Jul 11 16:02:53 GMT 2025","passed","Fri Jul 11 16:02:53 GMT 2025","","","",""
"","0","should register libp2p event listeners when start is called","PeerManager","Fri Jul 11 16:02:44 GMT 2025","passed","Fri Jul 11 16:02:44 GMT 2025","","","",""
"","0","should increase lamport timestamp","MessageChannel","Fri Jul 11 16:02:58 GMT 2025","passed","Fri Jul 11 16:02:58 GMT 2025","","sending a message ","",""
"","0","messageHash returns a Uint8Array","messageHash and messageHashStr","Fri Jul 11 16:02:14 GMT 2025","passed","Fri Jul 11 16:02:14 GMT 2025","","","",""
"","0","should dial with multiaddr and return stream","ConnectionManager","Fri Jul 11 16:02:14 GMT 2025","passed","Fri Jul 11 16:02:14 GMT 2025","","dial","",""
"","1","should hash """" with n=2 and maxValue=1000 correctly","hashN","Fri Jul 11 16:02:53 GMT 2025","passed","Fri Jul 11 16:02:53 GMT 2025","","","",""
"","0","should hash ""test123"" with n=1 and maxValue=10000 correctly","hashN","Fri Jul 11 16:02:53 GMT 2025","passed","Fri Jul 11 16:02:53 GMT 2025","","","",""
"","1","should successfully subscribe to supported pubsub topic","Filter SDK","Fri Jul 11 16:02:44 GMT 2025","passed","Fri Jul 11 16:02:44 GMT 2025","","","",""
"","0","should properly clean up resources when disposed","TTLSet","Fri Jul 11 16:02:43 GMT 2025","passed","Fri Jul 11 16:02:43 GMT 2025","","","",""
"","0","should clear the dialing interval","Dialer","Fri Jul 11 16:02:14 GMT 2025","passed","Fri Jul 11 16:02:14 GMT 2025","","stop","",""
"","0","should throw if no connection provided","StreamManager","Fri Jul 11 16:02:14 GMT 2025","passed","Fri Jul 11 16:02:14 GMT 2025","","","",""
"","1","should requeue task if no peer is available","RetryManager","Fri Jul 11 16:02:43 GMT 2025","passed","Fri Jul 11 16:02:43 GMT 2025","","","",""
"","5","should remove expired entries after TTL has passed","TTLSet","Fri Jul 11 16:02:43 GMT 2025","passed","Fri Jul 11 16:02:43 GMT 2025","","","",""
"","0","throws an error for improperly formatted content topics","contentTopicsByPubsubTopic","Fri Jul 11 16:01:58 GMT 2025","passed","Fri Jul 11 16:01:58 GMT 2025","","","",""
"","0","should handle disconnect when peer has no timers","KeepAliveManager","Fri Jul 11 16:02:14 GMT 2025","passed","Fri Jul 11 16:02:14 GMT 2025","","timer cleanup","",""
"","5","should handle ping failures gracefully","KeepAliveManager","Fri Jul 11 16:02:14 GMT 2025","passed","Fri Jul 11 16:02:14 GMT 2025","","ping timer management","",""
"","1","should return false when peer is not on the specified shard","ShardReader","Fri Jul 11 16:02:14 GMT 2025","passed","Fri Jul 11 16:02:14 GMT 2025","","isPeerOnShard","",""
"","0","should not create relay timers when relayKeepAlive = 0","KeepAliveManager","Fri Jul 11 16:02:14 GMT 2025","passed","Fri Jul 11 16:02:14 GMT 2025","","relay timer management","",""
"","0","should handle complete discovery-to-dial flow","DiscoveryDialer","Fri Jul 11 16:02:14 GMT 2025","passed","Fri Jul 11 16:02:14 GMT 2025","","integration","",""
"","0","Waku message hash computation (no timestamp)","Message Hash: RFC Test Vectors","Fri Jul 11 16:02:14 GMT 2025","passed","Fri Jul 11 16:02:14 GMT 2025","","","",""
"","0","should set field with only STORE enabled","ENR","Fri Jul 11 16:02:04 GMT 2025","passed","Fri Jul 11 16:02:04 GMT 2025","","waku2 key round trip","",""
"","1","should process queue every 500ms","Dialer","Fri Jul 11 16:02:14 GMT 2025","passed","Fri Jul 11 16:02:14 GMT 2025","","queue processing","",""
"","0","should properly start and stop event listening","HealthIndicator","Fri Jul 11 16:02:44 GMT 2025","passed","Fri Jul 11 16:02:44 GMT 2025","","","",""
"","0","should allow a peer to be returned again after renewPeer is called","PeerManager","Fri Jul 11 16:02:44 GMT 2025","passed","Fri Jul 11 16:02:44 GMT 2025","","","",""
"","1","should not retry if at least one success","RetryManager","Fri Jul 11 16:02:43 GMT 2025","passed","Fri Jul 11 16:02:43 GMT 2025","","","",""
"","0","should handle case with all peers already connected","ConnectionLimiter","Fri Jul 11 16:02:14 GMT 2025","passed","Fri Jul 11 16:02:14 GMT 2025","","dialPeersFromStore","",""
"","0","should handle dial errors gracefully","ConnectionLimiter","Fri Jul 11 16:02:14 GMT 2025","passed","Fri Jul 11 16:02:14 GMT 2025","","dialPeersFromStore","",""
"","1","should return false when peer is not on topic","ConnectionManager","Fri Jul 11 16:02:14 GMT 2025","passed","Fri Jul 11 16:02:14 GMT 2025","","isPeerOnTopic","",""
"","0","accepts valid content-filtered query","StoreQueryRequest validation","Fri Jul 11 16:02:14 GMT 2025","passed","Fri Jul 11 16:02:14 GMT 2025","","","",""
"","0","should set field with only RELAY enabled","ENR","Fri Jul 11 16:02:04 GMT 2025","passed","Fri Jul 11 16:02:04 GMT 2025","","waku2 key round trip","",""
"","0","rejects content-filtered query with only contentTopics","StoreQueryRequest validation","Fri Jul 11 16:02:14 GMT 2025","passed","Fri Jul 11 16:02:14 GMT 2025","","","",""
"","1","Relay + Store","ENR","Fri Jul 11 16:02:04 GMT 2025","passed","Fri Jul 11 16:02:04 GMT 2025","","Waku2 key: decode","",""
"","0","Encoder throws on undefined content topic","Ensures content topic is defined","Fri Jul 11 16:02:15 GMT 2025","passed","Fri Jul 11 16:02:15 GMT 2025","","","",""
"","0","should return false when network is not connected","ConnectionManager","Fri Jul 11 16:02:14 GMT 2025","passed","Fri Jul 11 16:02:14 GMT 2025","","isConnected","",""
"","0","isConnected return false after peer stops","Connection state","Fri Jul 11 16:03:33 GMT 2025","passed","Fri Jul 11 16:03:33 GMT 2025","","","",""
"","0","should throw an error for non-numeric clusterId: /waku/2/rs/\/1","pubsubTopicToSingleShardInfo with various invalid formats","Fri Jul 11 16:01:58 GMT 2025","passed","Fri Jul 11 16:01:58 GMT 2025","","","",""
"","1","should dial all remaining peers","ConnectionLimiter","Fri Jul 11 16:02:14 GMT 2025","passed","Fri Jul 11 16:02:14 GMT 2025","","dialPeersFromStore","",""
"","4","should return false when no connections","ConnectionLimiter","Fri Jul 11 16:02:14 GMT 2025","passed","Fri Jul 11 16:02:14 GMT 2025","","hasMoreThanMaxBootstrapConnections","",""
"","0","should be able to decode the field with ALL protocols set to true","ENR waku2 codec","Fri Jul 11 16:02:04 GMT 2025","passed","Fri Jul 11 16:02:04 GMT 2025","","Decoding","",""
"","1","should emit a peer event after start","DNS Discovery: Compliance Test","Fri Jul 11 16:03:18 GMT 2025","passed","Fri Jul 11 16:03:18 GMT 2025","","interface-peer-discovery compliance tests","",""
"","0","should clear existing timers before creating new ones","KeepAliveManager","Fri Jul 11 16:02:14 GMT 2025","passed","Fri Jul 11 16:02:14 GMT 2025","","timer cleanup","",""
"","1","should handle case when globalThis is not available","NetworkMonitor","Fri Jul 11 16:02:13 GMT 2025","passed","Fri Jul 11 16:02:13 GMT 2025","","isConnected","",""
"","0","should hash """" with n=2 and maxValue=100 correctly","hashN","Fri Jul 11 16:02:53 GMT 2025","passed","Fri Jul 11 16:02:53 GMT 2025","","","",""
"","1","Asymmetric encrypt & decrypt","Waku Encryption","Fri Jul 11 16:02:33 GMT 2025","passed","Fri Jul 11 16:02:33 GMT 2025","","","",""
"","0","should be sent without a timestamp, causal history, or bloom filter","MessageChannel","Fri Jul 11 16:02:58 GMT 2025","passed","Fri Jul 11 16:02:58 GMT 2025","","Ephemeral messages","",""
"","1","should add peer to queue when queue is not empty","Dialer","Fri Jul 11 16:02:14 GMT 2025","passed","Fri Jul 11 16:02:14 GMT 2025","","dial","",""
"","1","should dial second nwaku node that was discovered","DiscoveryDialer","Fri Jul 11 16:03:13 GMT 2025","skipped","Fri Jul 11 16:03:13 GMT 2025","","","",""
"","1","should never report false negatives","BloomFilter","Fri Jul 11 16:02:56 GMT 2025","passed","Fri Jul 11 16:02:56 GMT 2025","","","",""
"","1","should not create multiple intervals when called multiple times","Dialer","Fri Jul 11 16:02:14 GMT 2025","passed","Fri Jul 11 16:02:14 GMT 2025","","start","",""
"","0","should hash ""hello"" with n=1 and maxValue=100 correctly","hashN","Fri Jul 11 16:02:53 GMT 2025","passed","Fri Jul 11 16:02:53 GMT 2025","","","",""
"","0","should dispatch connect and disconnect events","PeerManager","Fri Jul 11 16:02:44 GMT 2025","passed","Fri Jul 11 16:02:44 GMT 2025","","","",""
"","0","should return true when peer is on the specified shard","ShardReader","Fri Jul 11 16:02:14 GMT 2025","passed","Fri Jul 11 16:02:14 GMT 2025","","isPeerOnShard","",""
"","1","should return the correct m/n for k = 7, targetError = 0.01","Probabilities","Fri Jul 11 16:02:53 GMT 2025","passed","Fri Jul 11 16:02:53 GMT 2025","","","",""
"","0","should maintain desired error rate","BloomFilter","Fri Jul 11 16:02:56 GMT 2025","passed","Fri Jul 11 16:02:56 GMT 2025","","","",""
"","0","should retry on complete failure if specified","LightPush SDK","Fri Jul 11 16:02:43 GMT 2025","passed","Fri Jul 11 16:02:43 GMT 2025","","","",""
"","1","should hash ""test123"" with n=0 and maxValue=10000 correctly","hashN","Fri Jul 11 16:02:53 GMT 2025","passed","Fri Jul 11 16:02:53 GMT 2025","","","",""
"","0","should return PeerId when PeerId is provided","mapToPeerId","Fri Jul 11 16:02:14 GMT 2025","passed","Fri Jul 11 16:02:14 GMT 2025","","","",""
"","0","should hash ""hello"" with n=1 and maxValue=1000 correctly","hashN","Fri Jul 11 16:02:53 GMT 2025","passed","Fri Jul 11 16:02:53 GMT 2025","","","",""
"","0","should return false when under bootstrap limit","ConnectionLimiter","Fri Jul 11 16:02:14 GMT 2025","passed","Fri Jul 11 16:02:14 GMT 2025","","hasMoreThanMaxBootstrapConnections","",""
"","1","should handle complete peer lifecycle","KeepAliveManager","Fri Jul 11 16:02:14 GMT 2025","passed","Fri Jul 11 16:02:14 GMT 2025","","integration","",""
"","0","should initialize bloom filter with correct parameters","BloomFilter","Fri Jul 11 16:02:56 GMT 2025","passed","Fri Jul 11 16:02:56 GMT 2025","","","",""
"","10","should have no discoveries enabled by default","Default Peer Discoveries","Fri Jul 11 16:02:43 GMT 2025","passed","Fri Jul 11 16:02:43 GMT 2025","","","",""
"","0","ENRTree (tree): should error if DNS tree entry is misformatted","ENRTree","Fri Jul 11 16:02:22 GMT 2025","passed","Fri Jul 11 16:02:22 GMT 2025","","","",""
"","0","retrieves all peers (2) when cannot fulfill all requirements","DNS Node Discovery w/ capabilities","Fri Jul 11 16:02:22 GMT 2025","passed","Fri Jul 11 16:02:22 GMT 2025","","","",""
"","1","should enable only localPeerCache when dns and peerExchange are disabled","Default Peer Discoveries","Fri Jul 11 16:02:43 GMT 2025","passed","Fri Jul 11 16:02:43 GMT 2025","","","",""
"","0","should hash ""test123"" with n=2 and maxValue=100 correctly","hashN","Fri Jul 11 16:02:53 GMT 2025","passed","Fri Jul 11 16:02:53 GMT 2025","","","",""
"","0","should be able to decode the field with RELAY and FILTER protocols set to true","ENR waku2 codec","Fri Jul 11 16:02:04 GMT 2025","passed","Fri Jul 11 16:02:04 GMT 2025","","Decoding","",""
"","0","throws on content topic with empty encoding field","ensureValidContentTopic","Fri Jul 11 16:01:58 GMT 2025","passed","Fri Jul 11 16:01:58 GMT 2025","","","",""
"","0","Waku message hash computation (meta attribute not present)","Message Hash: RFC Test Vectors","Fri Jul 11 16:02:14 GMT 2025","passed","Fri Jul 11 16:02:14 GMT 2025","","","",""
"","0","should correctly map /waku/2/content/test.js to shard index 1","contentTopicToShardIndex","Fri Jul 11 16:01:58 GMT 2025","passed","Fri Jul 11 16:01:58 GMT 2025","","","",""
"","0","should return the correct m/n for k = 2, targetError = 0.1","Probabilities","Fri Jul 11 16:02:53 GMT 2025","passed","Fri Jul 11 16:02:53 GMT 2025","","","",""
"","0","should update peer store before dialing","DiscoveryDialer","Fri Jul 11 16:02:14 GMT 2025","passed","Fri Jul 11 16:02:14 GMT 2025","","peer discovery handling","",""
"","0","should wait for Filter peer to be connected","waitForRemotePeer","Fri Jul 11 16:02:44 GMT 2025","passed","Fri Jul 11 16:02:44 GMT 2025","","","",""
"","1","Round trip binary encryption [ecies, no signature]","Ecies Encryption","Fri Jul 11 16:02:34 GMT 2025","passed","Fri Jul 11 16:02:34 GMT 2025","","","",""
"","1","should drop connection to all peers on hangUp","Dialing","Fri Jul 11 16:04:36 GMT 2025","passed","Fri Jul 11 16:04:36 GMT 2025","","","",""
"","0","does not throw on valid cases","ensureValidContentTopic","Fri Jul 11 16:01:58 GMT 2025","passed","Fri Jul 11 16:01:58 GMT 2025","","","",""
"","0","should send relay ping messages on timer","KeepAliveManager","Fri Jul 11 16:02:14 GMT 2025","passed","Fri Jul 11 16:02:14 GMT 2025","","relay timer management","",""
"","0","1 Store, 2 fetches","Fetch nodes until capabilities are fulfilled","Fri Jul 11 16:02:22 GMT 2025","passed","Fri Jul 11 16:02:22 GMT 2025","","","",""
"","1","should be able to encode the field with ALL protocols set to false","ENR waku2 codec","Fri Jul 11 16:02:04 GMT 2025","passed","Fri Jul 11 16:02:04 GMT 2025","","Encoding","",""
"","0","should filter out already connected peers","ConnectionLimiter","Fri Jul 11 16:02:14 GMT 2025","passed","Fri Jul 11 16:02:14 GMT 2025","","dialPeersFromStore","",""
"","0","should set field with only LIGHTPUSH enabled","ENR","Fri Jul 11 16:02:04 GMT 2025","passed","Fri Jul 11 16:02:04 GMT 2025","","waku2 key round trip","",""
"","1","should not hang up bootstrap peer if under limit","ConnectionLimiter","Fri Jul 11 16:02:14 GMT 2025","passed","Fri Jul 11 16:02:14 GMT 2025","","onConnectedEvent","",""
"","1","should throw an error for non-numeric clusterId: /waku/2/rs//1","pubsubTopicToSingleShardInfo with various invalid formats","Fri Jul 11 16:01:58 GMT 2025","passed","Fri Jul 11 16:01:58 GMT 2025","","","",""
"","0","throws on empty content topic","ensureValidContentTopic","Fri Jul 11 16:01:58 GMT 2025","passed","Fri Jul 11 16:01:58 GMT 2025","","","",""
"","1","should remove event listener for peer:discovery","DiscoveryDialer","Fri Jul 11 16:02:14 GMT 2025","passed","Fri Jul 11 16:02:14 GMT 2025","","stop","",""
"","0","should do nothing when connections still exist","ConnectionLimiter","Fri Jul 11 16:02:14 GMT 2025","passed","Fri Jul 11 16:02:14 GMT 2025","","onDisconnectedEvent","",""
"","1","should not create relay timers when relay is not provided","KeepAliveManager","Fri Jul 11 16:02:14 GMT 2025","passed","Fri Jul 11 16:02:14 GMT 2025","","relay timer management","",""
"","0","should correctly map /app/22/sometopic/someencoding to shard index 2","contentTopicToShardIndex","Fri Jul 11 16:01:58 GMT 2025","passed","Fri Jul 11 16:01:58 GMT 2025","","","",""
"","0","should be safe to call multiple times","KeepAliveManager","Fri Jul 11 16:02:14 GMT 2025","passed","Fri Jul 11 16:02:14 GMT 2025","","stop","",""
"","0","should enable only peerExchange and localPeerCache when dns is disabled","Default Peer Discoveries","Fri Jul 11 16:02:43 GMT 2025","passed","Fri Jul 11 16:02:43 GMT 2025","","","",""
"","0","should use DNS peer discovery with light client","DNS Node Discovery [live data]","Fri Jul 11 16:03:18 GMT 2025","skipped","Fri Jul 11 16:03:18 GMT 2025","","","",""
"","0","should throw an error for non-numeric clusterId: /waku/2/rs/ /1","pubsubTopicToSingleShardInfo with various invalid formats","Fri Jul 11 16:01:58 GMT 2025","passed","Fri Jul 11 16:01:58 GMT 2025","","","",""
"","0","should hash """" with n=5 and maxValue=100 correctly","hashN","Fri Jul 11 16:02:53 GMT 2025","passed","Fri Jul 11 16:02:53 GMT 2025","","","",""
"","0","should mark all messages in causal history as acknowledged","MessageChannel","Fri Jul 11 16:02:58 GMT 2025","passed","Fri Jul 11 16:02:58 GMT 2025","","reviewing ack status","",""
"","0","should correctly map /app/20/sometopic/someencoding to shard index 1 with networkShards 2","contentTopicToShardIndex","Fri Jul 11 16:01:58 GMT 2025","passed","Fri Jul 11 16:01:58 GMT 2025","","","",""
"","0","should redial peers when all connections are lost","ConnectionLimiter","Fri Jul 11 16:02:14 GMT 2025","passed","Fri Jul 11 16:02:14 GMT 2025","","integration tests","",""
"","0","should handle peer connect event","NetworkMonitor","Fri Jul 11 16:02:13 GMT 2025","passed","Fri Jul 11 16:02:13 GMT 2025","","peer connection events","",""
"","0","should hash """" with n=0 and maxValue=10000 correctly","hashN","Fri Jul 11 16:02:53 GMT 2025","passed","Fri Jul 11 16:02:53 GMT 2025","","","",""
"","5","should retrieve 3 multiaddrs for test.waku.nodes.status.im","DNS Node Discovery [live data]","Fri Jul 11 16:03:18 GMT 2025","skipped","Fri Jul 11 16:03:18 GMT 2025","","","",""
"","1","should be able to decode the field with ALL protocols set to false","ENR waku2 codec","Fri Jul 11 16:02:04 GMT 2025","passed","Fri Jul 11 16:02:04 GMT 2025","","Decoding","",""
"","0","accepts time-filtered query with content filter","StoreQueryRequest validation","Fri Jul 11 16:02:14 GMT 2025","passed","Fri Jul 11 16:02:14 GMT 2025","","","",""
"","0","should handle bootstrap limit of 1 correctly","ConnectionLimiter","Fri Jul 11 16:02:14 GMT 2025","passed","Fri Jul 11 16:02:14 GMT 2025","","integration tests","",""
"","1","should remove event listeners from libp2p","NetworkMonitor","Fri Jul 11 16:02:13 GMT 2025","passed","Fri Jul 11 16:02:13 GMT 2025","","stop","",""
"","0","should wait for Store peer to be connected","waitForRemotePeer","Fri Jul 11 16:02:44 GMT 2025","passed","Fri Jul 11 16:02:44 GMT 2025","","","",""
"","2","should not allow k > 12","Probabilities","Fri Jul 11 16:02:53 GMT 2025","passed","Fri Jul 11 16:02:53 GMT 2025","","","",""
"","0","should return false when peer is not found","ShardReader","Fri Jul 11 16:02:14 GMT 2025","passed","Fri Jul 11 16:02:14 GMT 2025","","isPeerOnNetwork","",""
"","0","should be online or offline if network state changed","waku:connection","Fri Jul 11 16:03:33 GMT 2025","passed","Fri Jul 11 16:03:33 GMT 2025","","","",""
"","0","should hang up bootstrap peer if over limit","ConnectionLimiter","Fri Jul 11 16:02:14 GMT 2025","passed","Fri Jul 11 16:02:14 GMT 2025","","onConnectedEvent","",""
"","0","should create timers for each pubsub topic where peer is in mesh","KeepAliveManager","Fri Jul 11 16:02:14 GMT 2025","passed","Fri Jul 11 16:02:14 GMT 2025","","relay timer management","",""
"","1","should handle case with no peers in store","ConnectionLimiter","Fri Jul 11 16:02:14 GMT 2025","passed","Fri Jul 11 16:02:14 GMT 2025","","dialPeersFromStore","",""
"","0","should reject if LightPush is requested but not mounted","waitForRemotePeer","Fri Jul 11 16:02:44 GMT 2025","passed","Fri Jul 11 16:02:44 GMT 2025","","","",""
"","0","should remove messages without delivering if timeout is exceeded","MessageChannel","Fri Jul 11 16:02:58 GMT 2025","passed","Fri Jul 11 16:02:58 GMT 2025","","Sweeping incoming buffer","",""
"","1","should hash ""hello"" with n=2 and maxValue=10000 correctly","hashN","Fri Jul 11 16:02:53 GMT 2025","passed","Fri Jul 11 16:02:53 GMT 2025","","","",""
"","0","Ephemeral field is preserved - asymmetric encryption","Waku Message Ephemeral field","Fri Jul 11 16:06:01 GMT 2025","broken","Fri Jul 11 16:06:01 GMT 2025","","","",""
"","0","should not receive a peer event before start","Local Storage Discovery","Fri Jul 11 16:02:26 GMT 2025","passed","Fri Jul 11 16:02:26 GMT 2025","interface-peer-discovery compliance tests","Compliance Tests","",""
"","0","rejects hash query with content filter parameters","StoreQueryRequest validation","Fri Jul 11 16:02:14 GMT 2025","passed","Fri Jul 11 16:02:14 GMT 2025","","","",""
"","1","should hash ""!@#$%^&*()"" with n=0 and maxValue=1000 correctly","hashN","Fri Jul 11 16:02:53 GMT 2025","passed","Fri Jul 11 16:02:53 GMT 2025","","","",""
"","0","should push the message to the outgoing buffer","MessageChannel","Fri Jul 11 16:02:58 GMT 2025","passed","Fri Jul 11 16:02:58 GMT 2025","","sending a message ","",""
"","6","should stop all internal components","ConnectionManager","Fri Jul 11 16:02:14 GMT 2025","passed","Fri Jul 11 16:02:14 GMT 2025","","stop","",""
"","1","should dial all known peers when reached zero connections","Connection Limiter","Fri Jul 11 16:03:44 GMT 2025","passed","Fri Jul 11 16:03:44 GMT 2025","","","",""
"","1","should hash ""!@#$%^&*()"" with n=5 and maxValue=1000 correctly","hashN","Fri Jul 11 16:02:53 GMT 2025","passed","Fri Jul 11 16:02:53 GMT 2025","","","",""
"","0","should insert message id into causal history","MessageChannel","Fri Jul 11 16:02:58 GMT 2025","passed","Fri Jul 11 16:02:58 GMT 2025","","sending a message ","",""
"","0","should delegate to shardReader.isPeerOnTopic()","ConnectionManager","Fri Jul 11 16:02:14 GMT 2025","passed","Fri Jul 11 16:02:14 GMT 2025","","isPeerOnTopic","",""
"","1","should handle errors gracefully when getting peer info","ShardReader","Fri Jul 11 16:02:14 GMT 2025","passed","Fri Jul 11 16:02:14 GMT 2025","","error handling","",""
"","1","should handle errors when globalThis is not available","NetworkMonitor","Fri Jul 11 16:02:13 GMT 2025","passed","Fri Jul 11 16:02:13 GMT 2025","","start","",""
"","0","should hash ""hello"" with n=5 and maxValue=10000 correctly","hashN","Fri Jul 11 16:02:53 GMT 2025","passed","Fri Jul 11 16:02:53 GMT 2025","","","",""
"","0","should not discard bootstrap peers if under the limit","Connection Limiter","Fri Jul 11 16:03:44 GMT 2025","passed","Fri Jul 11 16:03:44 GMT 2025","","","",""
"","0","should throw an error for non-numeric clusterId: /waku/2/rs/$/1","pubsubTopicToSingleShardInfo with various invalid formats","Fri Jul 11 16:01:58 GMT 2025","passed","Fri Jul 11 16:01:58 GMT 2025","","","",""
"","20","should enable only dns and peerExchange when localPeerCache is disabled","Default Peer Discoveries","Fri Jul 11 16:02:43 GMT 2025","passed","Fri Jul 11 16:02:43 GMT 2025","","","",""
"","0","Sample","ENR multiaddrs codec","Fri Jul 11 16:02:04 GMT 2025","passed","Fri Jul 11 16:02:04 GMT 2025","","","",""
"","0","should call waitForPeer on Relay","waitForRemotePeer","Fri Jul 11 16:02:44 GMT 2025","passed","Fri Jul 11 16:02:44 GMT 2025","","","",""
"","2","should not fail to start the service if it is already started","DNS Discovery: Compliance Test","Fri Jul 11 16:03:18 GMT 2025","passed","Fri Jul 11 16:03:18 GMT 2025","","interface-peer-discovery compliance tests","",""
"","0","should be safe to call multiple times","DiscoveryDialer","Fri Jul 11 16:02:14 GMT 2025","passed","Fri Jul 11 16:02:14 GMT 2025","","stop","",""
"","0","Waku message hash computation (meta size of 12 bytes)","Message Hash: RFC Test Vectors","Fri Jul 11 16:02:14 GMT 2025","passed","Fri Jul 11 16:02:14 GMT 2025","","","",""
"","1","should add and remove event listeners correctly","Local Storage Discovery","Fri Jul 11 16:02:26 GMT 2025","passed","Fri Jul 11 16:02:26 GMT 2025","","Unit Tests","",""
"","0","messageHashStr works with IProtoMessage","messageHash and messageHashStr","Fri Jul 11 16:02:14 GMT 2025","passed","Fri Jul 11 16:02:14 GMT 2025","","","",""
"","1","should return tags for existing peer","ConnectionLimiter","Fri Jul 11 16:02:14 GMT 2025","passed","Fri Jul 11 16:02:14 GMT 2025","","getTagsForPeer","",""
"","0","Fields are not dropped","to proto message","Fri Jul 11 16:02:14 GMT 2025","passed","Fri Jul 11 16:02:14 GMT 2025","","","",""
"","1","should convert tags map to array of keys","ConnectionLimiter","Fri Jul 11 16:02:14 GMT 2025","passed","Fri Jul 11 16:02:14 GMT 2025","","getTagsForPeer","",""
"","0","Ephemeral field is preserved - encoder v0","Waku Message Ephemeral field","Fri Jul 11 16:06:01 GMT 2025","broken","Fri Jul 11 16:06:01 GMT 2025","","","",""
"","1","should stop and cleanup resources","Filter Subscription","Fri Jul 11 16:02:44 GMT 2025","passed","Fri Jul 11 16:02:44 GMT 2025","","","",""
"","0","should handle peer store errors gracefully","ConnectionLimiter","Fri Jul 11 16:02:14 GMT 2025","passed","Fri Jul 11 16:02:14 GMT 2025","","getPeer","",""
"","0","should check false positive rate","BloomFilter with special patterns","Fri Jul 11 16:02:56 GMT 2025","passed","Fri Jul 11 16:02:56 GMT 2025","","","",""
"","3","should hash ""Lorem ipsum dolor sit amet"" with n=1 and maxValue=10000 correctly","hashN","Fri Jul 11 16:02:53 GMT 2025","passed","Fri Jul 11 16:02:53 GMT 2025","","","",""
"","0","Correctly serialized arguments","nwaku","Fri Jul 11 16:03:22 GMT 2025","passed","Fri Jul 11 16:03:22 GMT 2025","","","",""
"","0","should respect custom numPeersToUse configuration","PeerManager","Fri Jul 11 16:02:44 GMT 2025","passed","Fri Jul 11 16:02:44 GMT 2025","","","",""
"","0","Decoder throws on empty string content topic","Ensures content topic is defined","Fri Jul 11 16:02:32 GMT 2025","passed","Fri Jul 11 16:02:32 GMT 2025","","","",""
"","0","should set field with all protocols disabled","ENR","Fri Jul 11 16:02:04 GMT 2025","passed","Fri Jul 11 16:02:04 GMT 2025","","waku2 key round trip","",""
"","0","should enable all discoveries when explicitly set","Default Peer Discoveries","Fri Jul 11 16:02:43 GMT 2025","passed","Fri Jul 11 16:02:43 GMT 2025","","","",""
"","0","A test","This","Fri Jul 11 16:03:21 GMT 2025","passed","Fri Jul 11 16:03:21 GMT 2025","","Is also","",""
"","0","should handle case when navigator is not available","NetworkMonitor","Fri Jul 11 16:02:13 GMT 2025","passed","Fri Jul 11 16:02:13 GMT 2025","","isConnected","",""
"","0","should correctly map /0/statusim/1/community/cbor to shard index 4","contentTopicToShardIndex","Fri Jul 11 16:01:58 GMT 2025","passed","Fri Jul 11 16:01:58 GMT 2025","","","",""
"","1","should start ping timers on peer connect","KeepAliveManager","Fri Jul 11 16:02:14 GMT 2025","passed","Fri Jul 11 16:02:14 GMT 2025","","peer connect event handling","",""
"","0","should return different streams if requested simultaniously","StreamManager","Fri Jul 11 16:02:14 GMT 2025","passed","Fri Jul 11 16:02:14 GMT 2025","","","",""
"","0","Check meta is set [ecies]","Ecies Encryption","Fri Jul 11 16:02:34 GMT 2025","passed","Fri Jul 11 16:02:34 GMT 2025","","","",""
"","0","should dial peers from store on start","ConnectionLimiter","Fri Jul 11 16:02:14 GMT 2025","passed","Fri Jul 11 16:02:14 GMT 2025","","start","",""
"","1","should handle multiple bootstrap peers with different limits","ConnectionLimiter","Fri Jul 11 16:02:14 GMT 2025","passed","Fri Jul 11 16:02:14 GMT 2025","","integration tests","",""
"","0","should decode valid enr successfully","ENR","Fri Jul 11 16:02:04 GMT 2025","passed","Fri Jul 11 16:02:04 GMT 2025","","Txt codec","",""
"","0","should hash ""test123"" with n=0 and maxValue=1000 correctly","hashN","Fri Jul 11 16:02:53 GMT 2025","passed","Fri Jul 11 16:02:53 GMT 2025","","","",""
"","0","should hash ""Lorem ipsum dolor sit amet"" with n=1 and maxValue=1000 correctly","hashN","Fri Jul 11 16:02:53 GMT 2025","passed","Fri Jul 11 16:02:53 GMT 2025","","","",""
"","0","should be empty when created","Filter Subscription","Fri Jul 11 16:02:44 GMT 2025","passed","Fri Jul 11 16:02:44 GMT 2025","","","",""
"","2","should not receive a peer event before start","DNS Discovery: Compliance Test","Fri Jul 11 16:03:18 GMT 2025","passed","Fri Jul 11 16:03:18 GMT 2025","","interface-peer-discovery compliance tests","",""
"","2","Init the array if not present","pushOrInitMapSet","Fri Jul 11 16:01:58 GMT 2025","passed","Fri Jul 11 16:01:58 GMT 2025","","","",""
"","1","should track probabilistic acknowledgements of messages received in bloom filter","MessageChannel","Fri Jul 11 16:02:58 GMT 2025","passed","Fri Jul 11 16:02:58 GMT 2025","","reviewing ack status","",""
"","0","should merge peer addresses if peer exists with different addresses","DiscoveryDialer","Fri Jul 11 16:02:14 GMT 2025","passed","Fri Jul 11 16:02:14 GMT 2025","","updatePeerStore","",""
"","0","messageHashStr returns the same value as bytesToHex(messageHash)","messageHash and messageHashStr","Fri Jul 11 16:02:14 GMT 2025","passed","Fri Jul 11 16:02:14 GMT 2025","","","",""
"","0","should return false","ENR","Fri Jul 11 16:02:04 GMT 2025","passed","Fri Jul 11 16:02:04 GMT 2025","","Verify","",""
"","0","should not requeue if maxAttempts is exhausted and no peer is available","RetryManager","Fri Jul 11 16:02:43 GMT 2025","passed","Fri Jul 11 16:02:43 GMT 2025","","","",""
"","1","should start the dialing interval","Dialer","Fri Jul 11 16:02:14 GMT 2025","passed","Fri Jul 11 16:02:14 GMT 2025","","start","",""
"","0","should return empty array when no peers connected","ConnectionManager","Fri Jul 11 16:02:14 GMT 2025","passed","Fri Jul 11 16:02:14 GMT 2025","","getConnectedPeers","",""
"","0","should hash """" with n=1 and maxValue=1000 correctly","hashN","Fri Jul 11 16:02:53 GMT 2025","passed","Fri Jul 11 16:02:53 GMT 2025","","","",""
"","1","should maintain proper timestamps if all messages received","MessageChannel","Fri Jul 11 16:02:58 GMT 2025","passed","Fri Jul 11 16:02:58 GMT 2025","","receiving a message","",""
"","0","should unregister libp2p event listeners when stop is called","PeerManager","Fri Jul 11 16:02:44 GMT 2025","passed","Fri Jul 11 16:02:44 GMT 2025","","","",""
"","6","should create ConnectionManager with relay","ConnectionManager","Fri Jul 11 16:02:14 GMT 2025","passed","Fri Jul 11 16:02:14 GMT 2025","","constructor","",""
"","0","Decoder throws on undefined content topic","Ensures content topic is defined","Fri Jul 11 16:02:15 GMT 2025","passed","Fri Jul 11 16:02:15 GMT 2025","","","",""
"","1","should check connected peers if present and suitable","waitForRemotePeer","Fri Jul 11 16:02:44 GMT 2025","passed","Fri Jul 11 16:02:44 GMT 2025","","","",""
"","0","tcp ip4 address","Multiaddr from fields","Fri Jul 11 16:02:04 GMT 2025","passed","Fri Jul 11 16:02:04 GMT 2025","","","",""
"","1","Ephemeral field set to true","Waku Message version 0","Fri Jul 11 16:02:15 GMT 2025","passed","Fri Jul 11 16:02:15 GMT 2025","","","",""
"","1","can start the service","DNS Discovery: Compliance Test","Fri Jul 11 16:03:18 GMT 2025","passed","Fri Jul 11 16:03:18 GMT 2025","","interface-peer-discovery compliance tests","",""
"","1","Symmetric encrypt & Decrypt","Waku Encryption","Fri Jul 11 16:02:33 GMT 2025","passed","Fri Jul 11 16:02:33 GMT 2025","","","",""
"","0","Round trip binary serialization","Waku Message version 0","Fri Jul 11 16:02:15 GMT 2025","passed","Fri Jul 11 16:02:15 GMT 2025","","","",""
"","1","should unlock peer and allow reuse after renewPeer","PeerManager","Fri Jul 11 16:02:44 GMT 2025","passed","Fri Jul 11 16:02:44 GMT 2025","","","",""
"","1","should create relay timers when relay exists and relayKeepAlive > 0","KeepAliveManager","Fri Jul 11 16:02:14 GMT 2025","passed","Fri Jul 11 16:02:14 GMT 2025","","relay timer management","",""
"","0","should throw an error for non-numeric clusterId: /waku/2/rs/-/1","pubsubTopicToSingleShardInfo with various invalid formats","Fri Jul 11 16:01:58 GMT 2025","passed","Fri Jul 11 16:01:58 GMT 2025","","","",""
"","0","should initialize with custom number of peers","PeerManager","Fri Jul 11 16:02:44 GMT 2025","passed","Fri Jul 11 16:02:44 GMT 2025","","","",""
"","1","should hash ""test123"" with n=5 and maxValue=10000 correctly","hashN","Fri Jul 11 16:02:53 GMT 2025","passed","Fri Jul 11 16:02:53 GMT 2025","","","",""
"","0","Check meta is set [symmetric]","Symmetric Encryption","Fri Jul 11 16:02:32 GMT 2025","passed","Fri Jul 11 16:02:32 GMT 2025","","","",""
"","1","should add and check entries correctly","TTLSet","Fri Jul 11 16:02:43 GMT 2025","passed","Fri Jul 11 16:02:43 GMT 2025","","","",""
"","1","should retry if all attempts fail","RetryManager","Fri Jul 11 16:02:43 GMT 2025","passed","Fri Jul 11 16:02:43 GMT 2025","","","",""
"","1","should not be empty after adding a subscription","Filter Subscription","Fri Jul 11 16:02:44 GMT 2025","passed","Fri Jul 11 16:02:44 GMT 2025","","","",""
"","0","should lock peers when selected","PeerManager","Fri Jul 11 16:02:44 GMT 2025","passed","Fri Jul 11 16:02:44 GMT 2025","","","",""
"","0","should dial peers from store when browser is connected","ConnectionLimiter","Fri Jul 11 16:02:14 GMT 2025","passed","Fri Jul 11 16:02:14 GMT 2025","","onWakuConnectionEvent","",""
"","0","should request peer renewal on specific errors","RetryManager","Fri Jul 11 16:02:43 GMT 2025","passed","Fri Jul 11 16:02:43 GMT 2025","","","",""
"","0","should not dispatch event when already connected","NetworkMonitor","Fri Jul 11 16:02:13 GMT 2025","passed","Fri Jul 11 16:02:13 GMT 2025","","peer connection events","",""
"","0","should handle connection event","ConnectionLimiter","Fri Jul 11 16:02:14 GMT 2025","passed","Fri Jul 11 16:02:14 GMT 2025","","onConnectedEvent","",""
"","0","should increase lamport timestamp","MessageChannel","Fri Jul 11 16:02:58 GMT 2025","passed","Fri Jul 11 16:02:58 GMT 2025","","receiving a message","",""
"","2","should allow redial after cooldown period","Dialer","Fri Jul 11 16:02:14 GMT 2025","passed","Fri Jul 11 16:02:14 GMT 2025","","dial","",""
"","1","Push to array if already present","pushOrInitMapSet","Fri Jul 11 16:01:58 GMT 2025","passed","Fri Jul 11 16:01:58 GMT 2025","","","",""
"","1","should emit a peer event after start","Local Storage Discovery","Fri Jul 11 16:02:26 GMT 2025","passed","Fri Jul 11 16:02:26 GMT 2025","interface-peer-discovery compliance tests","Compliance Tests","",""
"","0","Waku message hash computation (meta size of 64 bytes)","Message Hash: RFC Test Vectors","Fri Jul 11 16:02:14 GMT 2025","passed","Fri Jul 11 16:02:14 GMT 2025","","","",""
"","0","should handle null peers returned by getPeer","ConnectionLimiter","Fri Jul 11 16:02:14 GMT 2025","passed","Fri Jul 11 16:02:14 GMT 2025","","hasMoreThanMaxBootstrapConnections","",""
"","1","should load peers from local storage and dispatch events","Local Storage Discovery","Fri Jul 11 16:02:26 GMT 2025","passed","Fri Jul 11 16:02:26 GMT 2025","","Unit Tests","",""
"","0","Sign & Recover","Waku Encryption","Fri Jul 11 16:02:33 GMT 2025","passed","Fri Jul 11 16:02:33 GMT 2025","","","",""
"","1","should be able to encode the field with only STORE set to true","ENR waku2 codec","Fri Jul 11 16:02:04 GMT 2025","passed","Fri Jul 11 16:02:04 GMT 2025","","Encoding","",""
"","0","should not process empty queue","Dialer","Fri Jul 11 16:02:14 GMT 2025","passed","Fri Jul 11 16:02:14 GMT 2025","","queue processing","",""
"","0","peer:update - should schedule stream creation IF protocol hit AND no stream found on connection","StreamManager","Fri Jul 11 16:02:14 GMT 2025","passed","Fri Jul 11 16:02:14 GMT 2025","","","",""
"","0","should create ping timers when pingKeepAlive > 0","KeepAliveManager","Fri Jul 11 16:02:14 GMT 2025","passed","Fri Jul 11 16:02:14 GMT 2025","","ping timer management","",""
"","0","should correctly encode and decode relay shards using rs format (Index List)","Relay Shard codec","Fri Jul 11 16:01:58 GMT 2025","passed","Fri Jul 11 16:01:58 GMT 2025","","","",""
"","0","accepts valid message hash query","StoreQueryRequest validation","Fri Jul 11 16:02:14 GMT 2025","passed","Fri Jul 11 16:02:14 GMT 2025","","","",""
"","2","Relay","ENR Interop: ServiceNode","Fri Jul 11 16:03:20 GMT 2025","passed","Fri Jul 11 16:03:20 GMT 2025","","","",""
"","1","should process up to 3 peers at once","Dialer","Fri Jul 11 16:02:14 GMT 2025","passed","Fri Jul 11 16:02:14 GMT 2025","","queue processing","",""
"","0","should throw an error for insufficient data","Relay Shard codec","Fri Jul 11 16:01:58 GMT 2025","passed","Fri Jul 11 16:01:58 GMT 2025","","","",""
"","0","should return peer for existing peer","ConnectionLimiter","Fri Jul 11 16:02:14 GMT 2025","passed","Fri Jul 11 16:02:14 GMT 2025","","getPeer","",""
"","0","passes more than one ENR URLs and attempts connection","DNS Node Discovery [live data]","Fri Jul 11 16:03:18 GMT 2025","skipped","Fri Jul 11 16:03:18 GMT 2025","","","",""
"","0","should dispatch network event when browser goes offline","NetworkMonitor","Fri Jul 11 16:02:13 GMT 2025","passed","Fri Jul 11 16:02:13 GMT 2025","","browser online/offline events","",""
"","1","should drop connection to one peer on hangUp","Dialing","Fri Jul 11 16:04:36 GMT 2025","passed","Fri Jul 11 16:04:36 GMT 2025","","","",""
"","1","should throw an error for invalid PubsubTopic format: /waku/2/r/1/2","pubsubTopicToSingleShardInfo with various invalid formats","Fri Jul 11 16:01:58 GMT 2025","passed","Fri Jul 11 16:01:58 GMT 2025","","","",""
"","0","should hash ""!@#$%^&*()"" with n=2 and maxValue=100 correctly","hashN","Fri Jul 11 16:02:53 GMT 2025","passed","Fri Jul 11 16:02:53 GMT 2025","","","",""
"","0","isConnected between 2 js-waku relay nodes","Connection state","Fri Jul 11 16:03:33 GMT 2025","passed","Fri Jul 11 16:03:33 GMT 2025","","","",""
"","1","should not receive a peer event after stop","Local Storage Discovery","Fri Jul 11 16:02:26 GMT 2025","passed","Fri Jul 11 16:02:26 GMT 2025","interface-peer-discovery compliance tests","Compliance Tests","",""
"","0","should hash ""hello"" with n=2 and maxValue=1000 correctly","hashN","Fri Jul 11 16:02:53 GMT 2025","passed","Fri Jul 11 16:02:53 GMT 2025","","","",""
"","0","should be sent with empty content","MessageChannel","Fri Jul 11 16:02:58 GMT 2025","passed","Fri Jul 11 16:02:58 GMT 2025","","Sync messages","",""
"","0","should reject if Store is requested but not mounted","waitForRemotePeer","Fri Jul 11 16:02:44 GMT 2025","passed","Fri Jul 11 16:02:44 GMT 2025","","","",""
"","0","should hash """" with n=5 and maxValue=1000 correctly","hashN","Fri Jul 11 16:02:53 GMT 2025","passed","Fri Jul 11 16:02:53 GMT 2025","","","",""
"","0","Decoder throws on undefined content topic","Ensures content topic is defined","Fri Jul 11 16:02:34 GMT 2025","passed","Fri Jul 11 16:02:34 GMT 2025","","","",""
"","1","should handle task timeouts","RetryManager","Fri Jul 11 16:02:43 GMT 2025","passed","Fri Jul 11 16:02:43 GMT 2025","","","",""
"","0","should handle network check errors gracefully","Dialer","Fri Jul 11 16:02:14 GMT 2025","passed","Fri Jul 11 16:02:14 GMT 2025","","shard reader integration","",""
"","0","ENRTree (root): should error if DNS root entry signature is invalid","ENRTree","Fri Jul 11 16:02:22 GMT 2025","passed","Fri Jul 11 16:02:22 GMT 2025","","","",""
"","0","should add to incoming buffer if dependencies are not met","MessageChannel","Fri Jul 11 16:02:58 GMT 2025","passed","Fri Jul 11 16:02:58 GMT 2025","","receiving a message","",""
"","1","should only return 1 node with store capability","DNS Node Discovery w/ capabilities","Fri Jul 11 16:02:22 GMT 2025","passed","Fri Jul 11 16:02:22 GMT 2025","","","",""
"","1","should return false when at bootstrap limit","ConnectionLimiter","Fri Jul 11 16:02:14 GMT 2025","passed","Fri Jul 11 16:02:14 GMT 2025","","hasMoreThanMaxBootstrapConnections","",""
"","1","should handle errors in getTagsForPeer gracefully","ConnectionLimiter","Fri Jul 11 16:02:14 GMT 2025","passed","Fri Jul 11 16:02:14 GMT 2025","","onConnectedEvent","",""
"","0","should hash ""test123"" with n=2 and maxValue=1000 correctly","hashN","Fri Jul 11 16:02:53 GMT 2025","passed","Fri Jul 11 16:02:53 GMT 2025","","","",""
"","0","should insert message into bloom filter","MessageChannel","Fri Jul 11 16:02:58 GMT 2025","passed","Fri Jul 11 16:02:58 GMT 2025","","sending a message ","",""
"","1","should wait for LightPush peer to be connected","waitForRemotePeer","Fri Jul 11 16:02:44 GMT 2025","passed","Fri Jul 11 16:02:44 GMT 2025","","","",""
"","0","should merge provided config with defaults","ConnectionManager","Fri Jul 11 16:02:14 GMT 2025","passed","Fri Jul 11 16:02:14 GMT 2025","","constructor","",""
"","1","should handle relay send failures gracefully","KeepAliveManager","Fri Jul 11 16:02:14 GMT 2025","passed","Fri Jul 11 16:02:14 GMT 2025","","relay timer management","",""
"","4","should return false when peer is on different cluster","ShardReader","Fri Jul 11 16:02:13 GMT 2025","passed","Fri Jul 11 16:02:13 GMT 2025","","isPeerOnNetwork","",""
"","0","should filter peers by codec","ConnectionManager","Fri Jul 11 16:02:14 GMT 2025","passed","Fri Jul 11 16:02:14 GMT 2025","","getConnectedPeers","",""
"","0","should hash ""hello"" with n=1 and maxValue=10000 correctly","hashN","Fri Jul 11 16:02:53 GMT 2025","passed","Fri Jul 11 16:02:53 GMT 2025","","","",""
"","1","handles different clusterIds correctly","contentTopicsByPubsubTopic","Fri Jul 11 16:01:58 GMT 2025","passed","Fri Jul 11 16:01:58 GMT 2025","","","",""
"","0","Decoder throws on undefined content topic","Ensures content topic is defined","Fri Jul 11 16:02:32 GMT 2025","passed","Fri Jul 11 16:02:32 GMT 2025","","","",""
"","0","should partition messages based on acknowledgement status","MessageChannel","Fri Jul 11 16:02:58 GMT 2025","passed","Fri Jul 11 16:02:58 GMT 2025","","Sweeping outgoing buffer","",""
"","1","should throw an error for non-numeric shard: /waku/2/rs/1/!","pubsubTopicToSingleShardInfo with various invalid formats","Fri Jul 11 16:01:58 GMT 2025","passed","Fri Jul 11 16:01:58 GMT 2025","","","",""
"","1","should attach causal history and bloom filter to each message","MessageChannel","Fri Jul 11 16:02:58 GMT 2025","passed","Fri Jul 11 16:02:58 GMT 2025","","sending a message ","",""
"","0","should be safe to call multiple times","KeepAliveManager","Fri Jul 11 16:02:14 GMT 2025","passed","Fri Jul 11 16:02:14 GMT 2025","","start","",""
"","0","should properly create location multiaddrs - udp6","ENR","Fri Jul 11 16:02:04 GMT 2025","passed","Fri Jul 11 16:02:04 GMT 2025","","Location multiaddr","",""
"","0","should not return locked peers if enough unlocked are available","PeerManager","Fri Jul 11 16:02:44 GMT 2025","passed","Fri Jul 11 16:02:44 GMT 2025","","","",""
"","0","should hash ""!@#$%^&*()"" with n=2 and maxValue=1000 correctly","hashN","Fri Jul 11 16:02:53 GMT 2025","passed","Fri Jul 11 16:02:53 GMT 2025","","","",""
"","1","should dial peer when peer is discovered","DiscoveryDialer","Fri Jul 11 16:02:14 GMT 2025","passed","Fri Jul 11 16:02:14 GMT 2025","","peer discovery handling","",""
"","0","should add received messages to bloom filter","MessageChannel","Fri Jul 11 16:02:58 GMT 2025","passed","Fri Jul 11 16:02:58 GMT 2025","","receiving a message","",""
"","1","should reject if WakuNode is not started","waitForRemotePeer","Fri Jul 11 16:02:44 GMT 2025","passed","Fri Jul 11 16:02:44 GMT 2025","","","",""
"","0","returns nothing if no connections present","selectOpenConnection","Fri Jul 11 16:02:14 GMT 2025","passed","Fri Jul 11 16:02:14 GMT 2025","","","",""
"","5","should remove event listeners","KeepAliveManager","Fri Jul 11 16:02:14 GMT 2025","passed","Fri Jul 11 16:02:14 GMT 2025","","stop","",""
"","1","should be able to encode the field with STORE and LIGHTPUSH protocols set to true","ENR waku2 codec","Fri Jul 11 16:02:04 GMT 2025","passed","Fri Jul 11 16:02:04 GMT 2025","","Encoding","",""
"","1","should get / set TCP multiaddr","ENR","Fri Jul 11 16:02:04 GMT 2025","passed","Fri Jul 11 16:02:04 GMT 2025","","Multiaddr getters and setters","",""
"","0","should create ShardReader with auto sharding network config","ShardReader","Fri Jul 11 16:02:13 GMT 2025","passed","Fri Jul 11 16:02:13 GMT 2025","","constructor","",""
"","0","should return false when navigator.onLine is true but network is not connected","NetworkMonitor","Fri Jul 11 16:02:13 GMT 2025","passed","Fri Jul 11 16:02:13 GMT 2025","","isConnected","",""
"","0","should hash ""Lorem ipsum dolor sit amet"" with n=2 and maxValue=10000 correctly","hashN","Fri Jul 11 16:02:53 GMT 2025","passed","Fri Jul 11 16:02:53 GMT 2025","","","",""
"","1","Encoder throws on undefined content topic","Ensures content topic is defined","Fri Jul 11 16:02:32 GMT 2025","passed","Fri Jul 11 16:02:32 GMT 2025","","","",""
"","0","should hash ""hello"" with n=5 and maxValue=100 correctly","hashN","Fri Jul 11 16:02:53 GMT 2025","passed","Fri Jul 11 16:02:53 GMT 2025","","","",""
"","1","can start the service","Local Storage Discovery","Fri Jul 11 16:02:26 GMT 2025","passed","Fri Jul 11 16:02:26 GMT 2025","interface-peer-discovery compliance tests","Compliance Tests","",""
"","0","should transition to MinimallyHealthy with one compatible peer","HealthIndicator","Fri Jul 11 16:02:44 GMT 2025","passed","Fri Jul 11 16:02:44 GMT 2025","","","",""
"","0","should add event listeners to libp2p","NetworkMonitor","Fri Jul 11 16:02:13 GMT 2025","passed","Fri Jul 11 16:02:13 GMT 2025","","start","",""
"","1","should not fail to stop the service if it was not started","DNS Discovery: Compliance Test","Fri Jul 11 16:03:18 GMT 2025","passed","Fri Jul 11 16:03:18 GMT 2025","","interface-peer-discovery compliance tests","",""
"","0","returns only open connection if one present","selectOpenConnection","Fri Jul 11 16:02:14 GMT 2025","passed","Fri Jul 11 16:02:14 GMT 2025","","","",""
"","1","should dial with PeerId and return stream","ConnectionManager","Fri Jul 11 16:02:14 GMT 2025","passed","Fri Jul 11 16:02:14 GMT 2025","","dial","",""
"","0","should correctly map /app/20/sometopic/someencoding to shard index 15 with networkShards 16","contentTopicToShardIndex","Fri Jul 11 16:01:58 GMT 2025","passed","Fri Jul 11 16:01:58 GMT 2025","","","",""
"","0","should return no connections if no open connection provided","selectOpenConnection","Fri Jul 11 16:02:14 GMT 2025","passed","Fri Jul 11 16:02:14 GMT 2025","","","",""
"","0","should hash ""Lorem ipsum dolor sit amet"" with n=1 and maxValue=100 correctly","hashN","Fri Jul 11 16:02:53 GMT 2025","passed","Fri Jul 11 16:02:53 GMT 2025","","","",""
"","1","should hash ""Lorem ipsum dolor sit amet"" with n=0 and maxValue=10000 correctly","hashN","Fri Jul 11 16:02:53 GMT 2025","passed","Fri Jul 11 16:02:53 GMT 2025","","","",""
"","4","should return true when peer is on the pubsub topic shard","ShardReader","Fri Jul 11 16:02:14 GMT 2025","passed","Fri Jul 11 16:02:14 GMT 2025","","isPeerOnTopic","",""
"","1","throws on content topic with empty version field","ensureValidContentTopic","Fri Jul 11 16:01:58 GMT 2025","passed","Fri Jul 11 16:01:58 GMT 2025","","","",""
"","0","should be able to encode the field with RELAY and FILTER protocols set to true","ENR waku2 codec","Fri Jul 11 16:02:04 GMT 2025","passed","Fri Jul 11 16:02:04 GMT 2025","","Encoding","",""
"","0","should hash ""!@#$%^&*()"" with n=2 and maxValue=10000 correctly","hashN","Fri Jul 11 16:02:53 GMT 2025","passed","Fri Jul 11 16:02:53 GMT 2025","","","",""
"","3","should initialize with Unhealthy status","HealthIndicator","Fri Jul 11 16:02:43 GMT 2025","passed","Fri Jul 11 16:02:44 GMT 2025","","","",""
"","1","should throw an error for non-numeric shard: /waku/2/rs/1/ ","pubsubTopicToSingleShardInfo with various invalid formats","Fri Jul 11 16:01:58 GMT 2025","passed","Fri Jul 11 16:01:58 GMT 2025","","","",""
"","1","more peers than existing","Peer Exchange Query","Fri Jul 11 16:03:23 GMT 2025","skipped","Fri Jul 11 16:03:23 GMT 2025","","","",""
"","0","should emit `waku:offline` event only when all peers disconnect","Connection state","Fri Jul 11 16:03:33 GMT 2025","passed","Fri Jul 11 16:03:33 GMT 2025","","","",""
"","1","should initialize with isNetworkConnected as false","NetworkMonitor","Fri Jul 11 16:02:13 GMT 2025","passed","Fri Jul 11 16:02:13 GMT 2025","","constructor","",""
"","0","should return false and handle errors gracefully","ConnectionManager","Fri Jul 11 16:02:14 GMT 2025","passed","Fri Jul 11 16:02:14 GMT 2025","","hangUp","",""
"","1","ENRTree (root): should parse and verify and DNS root entry","ENRTree","Fri Jul 11 16:02:22 GMT 2025","passed","Fri Jul 11 16:02:22 GMT 2025","","","",""
"","0","should hash ""!@#$%^&*()"" with n=1 and maxValue=10000 correctly","hashN","Fri Jul 11 16:02:53 GMT 2025","passed","Fri Jul 11 16:02:53 GMT 2025","","","",""
"","0","should handle dial errors","ConnectionManager","Fri Jul 11 16:02:14 GMT 2025","passed","Fri Jul 11 16:02:14 GMT 2025","","dial","",""
"","0","should handle onConnected and onDisconnected","PeerManager","Fri Jul 11 16:02:44 GMT 2025","passed","Fri Jul 11 16:02:44 GMT 2025","","","",""
"","0","should dial peer immediately when queue is empty","Dialer","Fri Jul 11 16:02:14 GMT 2025","passed","Fri Jul 11 16:02:14 GMT 2025","","dial","",""
"","1","should send to specified number of peers of used peers","LightPush SDK","Fri Jul 11 16:02:43 GMT 2025","passed","Fri Jul 11 16:02:43 GMT 2025","","","",""
"","0","should throw error - no public key","ENR","Fri Jul 11 16:02:04 GMT 2025","passed","Fri Jul 11 16:02:04 GMT 2025","","Verify","",""
"","0","should perform ping and update peer store on timer","KeepAliveManager","Fri Jul 11 16:02:14 GMT 2025","passed","Fri Jul 11 16:02:14 GMT 2025","","ping timer management","",""
"","0","should not execute task if max attempts is 0","RetryManager","Fri Jul 11 16:02:43 GMT 2025","passed","Fri Jul 11 16:02:43 GMT 2025","","","",""
"","0","less peers than existing","Peer Exchange Query","Fri Jul 11 16:03:23 GMT 2025","skipped","Fri Jul 11 16:03:23 GMT 2025","","","",""
"","0","should handle queue processing errors gracefully","Dialer","Fri Jul 11 16:02:14 GMT 2025","passed","Fri Jul 11 16:02:14 GMT 2025","","queue processing","",""
"","0","should be able to decode the field with only STORE set to true","ENR waku2 codec","Fri Jul 11 16:02:04 GMT 2025","passed","Fri Jul 11 16:02:04 GMT 2025","","Decoding","",""
"","0","should retrieve 3 multiaddrs for sandbox.waku.nodes.status.im","DNS Node Discovery [live data]","Fri Jul 11 16:02:22 GMT 2025","skipped","Fri Jul 11 16:02:22 GMT 2025","","","",""
"","0","it tolerates circular branch references","DNS Node Discovery","Fri Jul 11 16:02:22 GMT 2025","passed","Fri Jul 11 16:02:22 GMT 2025","","","",""
"","1","rejects content-filtered query with only pubsubTopic","StoreQueryRequest validation","Fri Jul 11 16:02:14 GMT 2025","passed","Fri Jul 11 16:02:14 GMT 2025","","","",""
"","1","should encodeTxt and decodeTxt","ENR","Fri Jul 11 16:02:04 GMT 2025","passed","Fri Jul 11 16:02:04 GMT 2025","","Txt codec","",""
"","0","should return PeerId when PeerId is provided","mapToPeerIdOrMultiaddr","Fri Jul 11 16:02:14 GMT 2025","passed","Fri Jul 11 16:02:14 GMT 2025","","","",""
"","0","should throw an error for non-numeric shard: /waku/2/rs/1/y","pubsubTopicToSingleShardInfo with various invalid formats","Fri Jul 11 16:01:58 GMT 2025","passed","Fri Jul 11 16:01:58 GMT 2025","","","",""
"","1","should hash """" with n=1 and maxValue=100 correctly","hashN","Fri Jul 11 16:02:53 GMT 2025","passed","Fri Jul 11 16:02:53 GMT 2025","","","",""
"","1","should enable only dns and localPeerCache when peerExchange is disabled","Default Peer Discoveries","Fri Jul 11 16:02:43 GMT 2025","passed","Fri Jul 11 16:02:43 GMT 2025","","","",""
"","0","should return usable stream attached to connection","StreamManager","Fri Jul 11 16:02:14 GMT 2025","passed","Fri Jul 11 16:02:14 GMT 2025","","","",""
"","0","should not allow unachievable error rate","Probabilities","Fri Jul 11 16:02:53 GMT 2025","passed","Fri Jul 11 16:02:53 GMT 2025","","","",""
"","0","should insert elements correctly","BloomFilter","Fri Jul 11 16:02:56 GMT 2025","passed","Fri Jul 11 16:02:56 GMT 2025","","","",""
"","0","should hash ""hello"" with n=2 and maxValue=100 correctly","hashN","Fri Jul 11 16:02:53 GMT 2025","passed","Fri Jul 11 16:02:53 GMT 2025","","","",""
"","1","should throw an error for non-numeric clusterId: /waku/2/rs/!/1","pubsubTopicToSingleShardInfo with various invalid formats","Fri Jul 11 16:01:58 GMT 2025","passed","Fri Jul 11 16:01:58 GMT 2025","","","",""
"","0","should update peers in local storage on 'peer:identify' event","Local Storage Discovery","Fri Jul 11 16:02:26 GMT 2025","passed","Fri Jul 11 16:02:26 GMT 2025","","Unit Tests","",""
"","1","should return Multiaddr when Multiaddr input is provided","mapToPeerIdOrMultiaddr","Fri Jul 11 16:02:14 GMT 2025","passed","Fri Jul 11 16:02:14 GMT 2025","","","",""
"","1","should transition to SufficientlyHealthy with multiple compatible peers","HealthIndicator","Fri Jul 11 16:02:44 GMT 2025","passed","Fri Jul 11 16:02:44 GMT 2025","","","",""
"","0","should get tags for the connected peer","ConnectionLimiter","Fri Jul 11 16:02:14 GMT 2025","passed","Fri Jul 11 16:02:14 GMT 2025","","onConnectedEvent","",""
"","0","should hash ""test123"" with n=5 and maxValue=1000 correctly","hashN","Fri Jul 11 16:02:53 GMT 2025","passed","Fri Jul 11 16:02:53 GMT 2025","","","",""
"","1","should hash ""test123"" with n=0 and maxValue=100 correctly","hashN","Fri Jul 11 16:02:53 GMT 2025","passed","Fri Jul 11 16:02:53 GMT 2025","","","",""
"","1","should properly create location multiaddrs - tcp","ENR","Fri Jul 11 16:02:04 GMT 2025","passed","Fri Jul 11 16:02:04 GMT 2025","","Location multiaddr","",""
"","1","should handle errors when removing globalThis listeners","NetworkMonitor","Fri Jul 11 16:02:13 GMT 2025","passed","Fri Jul 11 16:02:13 GMT 2025","","stop","",""
"","0","should correctly map /app/27/sometopic/someencoding to shard index 5","contentTopicToShardIndex","Fri Jul 11 16:01:58 GMT 2025","passed","Fri Jul 11 16:01:58 GMT 2025","","","",""
"","0","should hash ""Lorem ipsum dolor sit amet"" with n=2 and maxValue=100 correctly","hashN","Fri Jul 11 16:02:53 GMT 2025","passed","Fri Jul 11 16:02:53 GMT 2025","","","",""
"","0","should throw error - invalid id","ENR","Fri Jul 11 16:02:04 GMT 2025","passed","Fri Jul 11 16:02:04 GMT 2025","","Verify","",""
"","0","should properly create location multiaddrs - tcp4","ENR","Fri Jul 11 16:02:04 GMT 2025","passed","Fri Jul 11 16:02:04 GMT 2025","","Location multiaddr","",""
"","0","should create an instance with libp2p and dialer","DiscoveryDialer","Fri Jul 11 16:02:14 GMT 2025","passed","Fri Jul 11 16:02:14 GMT 2025","","constructor","",""
"","0","should throw an error for non-numeric shard: /waku/2/rs/1/$","pubsubTopicToSingleShardInfo with various invalid formats","Fri Jul 11 16:01:58 GMT 2025","passed","Fri Jul 11 16:01:58 GMT 2025","","","",""
"","0","should hash ""!@#$%^&*()"" with n=1 and maxValue=100 correctly","hashN","Fri Jul 11 16:02:53 GMT 2025","passed","Fri Jul 11 16:02:53 GMT 2025","","","",""
"","0","should start and setup intervals and event listeners","Filter Subscription","Fri Jul 11 16:02:44 GMT 2025","passed","Fri Jul 11 16:02:44 GMT 2025","","","",""
"","0","should return false when peer shard info is not found","ShardReader","Fri Jul 11 16:02:14 GMT 2025","passed","Fri Jul 11 16:02:14 GMT 2025","","isPeerOnShard","",""
"","0","throws on content topic with non-number generation field","ensureValidContentTopic","Fri Jul 11 16:01:58 GMT 2025","passed","Fri Jul 11 16:01:58 GMT 2025","","","",""
"","0","should not retry if at least one success","LightPush SDK","Fri Jul 11 16:02:43 GMT 2025","passed","Fri Jul 11 16:02:43 GMT 2025","","","",""
"","1","should create ConnectionLimiter with required options","ConnectionLimiter","Fri Jul 11 16:02:14 GMT 2025","passed","Fri Jul 11 16:02:14 GMT 2025","","constructor","",""
"","1","groups content topics by expected pubsub topic","contentTopicsByPubsubTopic","Fri Jul 11 16:01:58 GMT 2025","passed","Fri Jul 11 16:01:58 GMT 2025","","","",""
"","1","should be able to decode the field with only LIGHTPUSH set to true","ENR waku2 codec","Fri Jul 11 16:02:04 GMT 2025","passed","Fri Jul 11 16:02:04 GMT 2025","","Decoding","",""
"","1","should create ShardReader with static shards network config","ShardReader","Fri Jul 11 16:02:13 GMT 2025","passed","Fri Jul 11 16:02:13 GMT 2025","","constructor","",""
"","0","should properly create peer info with all multiaddrs","ENR","Fri Jul 11 16:02:04 GMT 2025","passed","Fri Jul 11 16:02:04 GMT 2025","","Location multiaddr","",""
"","2","throws on content topic with too few or too many fields","ensureValidContentTopic","Fri Jul 11 16:01:58 GMT 2025","passed","Fri Jul 11 16:01:58 GMT 2025","","","",""
"","0","should dial one peer on dial","Dialing","Fri Jul 11 16:04:36 GMT 2025","passed","Fri Jul 11 16:04:36 GMT 2025","","","",""
"","0","ENRTree (branch): should parse and verify a single component DNS branch entry","ENRTree","Fri Jul 11 16:02:22 GMT 2025","passed","Fri Jul 11 16:02:22 GMT 2025","","","",""
"","0","should hash ""hello"" with n=0 and maxValue=10000 correctly","hashN","Fri Jul 11 16:02:53 GMT 2025","passed","Fri Jul 11 16:02:53 GMT 2025","","","",""
"","0","caches peers it previously fetched","DNS Node Discovery","Fri Jul 11 16:02:22 GMT 2025","passed","Fri Jul 11 16:02:22 GMT 2025","","","",""
"","0","Encoder throws on undefined content topic","Ensures content topic is defined","Fri Jul 11 16:02:34 GMT 2025","passed","Fri Jul 11 16:02:34 GMT 2025","","","",""
"","0","should throw an error for invalid PubsubTopic format: /waku/1/rs/1/2","pubsubTopicToSingleShardInfo with various invalid formats","Fri Jul 11 16:01:58 GMT 2025","passed","Fri Jul 11 16:01:58 GMT 2025","","","",""
"","0","should decode valid ENR with multiaddrs successfully [shared test vector]","ENR","Fri Jul 11 16:02:04 GMT 2025","passed","Fri Jul 11 16:02:04 GMT 2025","","Txt codec","",""
"","1","should return empty array for non-existent peer","ConnectionLimiter","Fri Jul 11 16:02:14 GMT 2025","passed","Fri Jul 11 16:02:14 GMT 2025","","getTagsForPeer","",""
"","1","Accepts a valid Waku Message","Message Validator","Fri Jul 11 16:02:48 GMT 2025","passed","Fri Jul 11 16:02:48 GMT 2025","","","",""
"","4","should handle dial errors gracefully","Dialer","Fri Jul 11 16:02:14 GMT 2025","passed","Fri Jul 11 16:02:14 GMT 2025","","dial","",""
"","0","ENRTree (root): should error if DNS root entry is malformed","ENRTree","Fri Jul 11 16:02:22 GMT 2025","passed","Fri Jul 11 16:02:22 GMT 2025","","","",""
"","0","should detect messages with missing dependencies","MessageChannel","Fri Jul 11 16:02:58 GMT 2025","passed","Fri Jul 11 16:02:58 GMT 2025","","Sweeping incoming buffer","",""
"","0","should dial peer when no shard info available","Dialer","Fri Jul 11 16:02:14 GMT 2025","passed","Fri Jul 11 16:02:14 GMT 2025","","dial","",""
"","1","`waku:online` between 2 js-waku relay nodes","Connection state","Fri Jul 11 16:03:33 GMT 2025","passed","Fri Jul 11 16:03:33 GMT 2025","","","",""
"","0","should correctly map /myapp/1/latest/proto to shard index 0","contentTopicToShardIndex","Fri Jul 11 16:01:58 GMT 2025","passed","Fri Jul 11 16:01:58 GMT 2025","","","",""
"","0","should handle incoming messages","Filter SDK","Fri Jul 11 16:02:44 GMT 2025","broken","Fri Jul 11 16:02:44 GMT 2025","","","",""
"","0","should reject if Relay is requested but not mounted","waitForRemotePeer","Fri Jul 11 16:02:44 GMT 2025","passed","Fri Jul 11 16:02:44 GMT 2025","","","",""
"","0","should hash ""test123"" with n=2 and maxValue=10000 correctly","hashN","Fri Jul 11 16:02:53 GMT 2025","passed","Fri Jul 11 16:02:53 GMT 2025","","","",""
"","1","should handle complete dial lifecycle","Dialer","Fri Jul 11 16:02:14 GMT 2025","passed","Fri Jul 11 16:02:14 GMT 2025","","integration","",""
"","1","should create KeepAliveManager with relay","KeepAliveManager","Fri Jul 11 16:02:14 GMT 2025","passed","Fri Jul 11 16:02:14 GMT 2025","","constructor","",""
"","0","connected peers and dial","Peer Exchange Query","Fri Jul 11 16:03:23 GMT 2025","skipped","Fri Jul 11 16:03:23 GMT 2025","","","",""
"","0","should create a new stream if no existing for protocol found","StreamManager","Fri Jul 11 16:02:14 GMT 2025","passed","Fri Jul 11 16:02:14 GMT 2025","","","",""
"","1","should work with custom bootstrap limits","ConnectionLimiter","Fri Jul 11 16:02:14 GMT 2025","passed","Fri Jul 11 16:02:14 GMT 2025","","hasMoreThanMaxBootstrapConnections","",""
"","1","should be safe to call multiple times","ConnectionLimiter","Fri Jul 11 16:02:14 GMT 2025","passed","Fri Jul 11 16:02:14 GMT 2025","","stop","",""
"","0","should handle browser offline state overriding peer connections","NetworkMonitor","Fri Jul 11 16:02:13 GMT 2025","passed","Fri Jul 11 16:02:13 GMT 2025","","integration","",""
"","0","Rejects garbage","Message Validator","Fri Jul 11 16:02:48 GMT 2025","passed","Fri Jul 11 16:02:48 GMT 2025","","","",""
"","1","Decoder throws on empty string content topic","Ensures content topic is defined","Fri Jul 11 16:02:34 GMT 2025","passed","Fri Jul 11 16:02:34 GMT 2025","","","",""
"","0","should return true when over bootstrap limit","ConnectionLimiter","Fri Jul 11 16:02:14 GMT 2025","passed","Fri Jul 11 16:02:14 GMT 2025","","hasMoreThanMaxBootstrapConnections","",""
"","0","should handle peer store errors gracefully","ConnectionLimiter","Fri Jul 11 16:02:14 GMT 2025","passed","Fri Jul 11 16:02:14 GMT 2025","","getTagsForPeer","",""
"","0","should invoke callbacks when receiving a message","Filter Subscription","Fri Jul 11 16:02:44 GMT 2025","broken","Fri Jul 11 16:02:44 GMT 2025","","","",""
"","0","should reject if Filter is requested but not mounted","waitForRemotePeer","Fri Jul 11 16:02:44 GMT 2025","passed","Fri Jul 11 16:02:44 GMT 2025","","","",""
"","1","should not dispatch event when already disconnected","NetworkMonitor","Fri Jul 11 16:02:13 GMT 2025","passed","Fri Jul 11 16:02:13 GMT 2025","","peer connection events","",""
"","1","should handle different types of entries","TTLSet","Fri Jul 11 16:02:43 GMT 2025","passed","Fri Jul 11 16:02:43 GMT 2025","","","",""
"","1","should set field with all protocols enabled","ENR","Fri Jul 11 16:02:04 GMT 2025","passed","Fri Jul 11 16:02:04 GMT 2025","","waku2 key round trip","",""
"","0","should sort peers by ping value","ConnectionManager","Fri Jul 11 16:02:14 GMT 2025","passed","Fri Jul 11 16:02:14 GMT 2025","","getConnectedPeers","",""
"","0","Encoder throws on empty string content topic","Ensures content topic is defined","Fri Jul 11 16:02:34 GMT 2025","passed","Fri Jul 11 16:02:34 GMT 2025","","","",""
"","0","1 Relay, 1 Filter, gives up","Fetch nodes until capabilities are fulfilled","Fri Jul 11 16:02:22 GMT 2025","passed","Fri Jul 11 16:02:22 GMT 2025","","","",""
"","1","should handle peer store errors during connection limiting","ConnectionLimiter","Fri Jul 11 16:02:14 GMT 2025","passed","Fri Jul 11 16:02:14 GMT 2025","","integration tests","",""
"","0","should continually clean up expired entries at intervals","TTLSet","Fri Jul 11 16:02:43 GMT 2025","passed","Fri Jul 11 16:02:43 GMT 2025","","","",""
"","0","should correctly map /0/toychat/2/huilong/proto to shard index 3","contentTopicToShardIndex","Fri Jul 11 16:01:58 GMT 2025","passed","Fri Jul 11 16:01:58 GMT 2025","","","",""
"","0","should be able to encode the field with ALL protocols set to true","ENR waku2 codec","Fri Jul 11 16:02:04 GMT 2025","passed","Fri Jul 11 16:02:04 GMT 2025","","Encoding","",""
"","0","ENRTree (tree): should parse a DNS tree entry","ENRTree","Fri Jul 11 16:02:22 GMT 2025","passed","Fri Jul 11 16:02:22 GMT 2025","","","",""
"","1","peer:update - should do nothing if another protocol hit","StreamManager","Fri Jul 11 16:02:14 GMT 2025","passed","Fri Jul 11 16:02:14 GMT 2025","","","",""
"","1","1 Relay, 1 fetch","Fetch nodes until capabilities are fulfilled","Fri Jul 11 16:02:22 GMT 2025","passed","Fri Jul 11 16:02:22 GMT 2025","","","",""
"","0","should drop connection via multiaddr with hangUp","Dialing","Fri Jul 11 16:04:36 GMT 2025","passed","Fri Jul 11 16:04:36 GMT 2025","","","",""
"","0","should return false when unsubscribing from a non-existing subscription","Filter SDK","Fri Jul 11 16:02:44 GMT 2025","passed","Fri Jul 11 16:02:44 GMT 2025","","","",""
"","0","ENRTree (branch): should error if DNS branch entry is mis-prefixed","ENRTree","Fri Jul 11 16:02:22 GMT 2025","passed","Fri Jul 11 16:02:22 GMT 2025","","","",""
"","0","should handle a minimal index list","Relay Shard codec","Fri Jul 11 16:01:58 GMT 2025","passed","Fri Jul 11 16:01:58 GMT 2025","","","",""
"","0","should support chaining for add method","TTLSet","Fri Jul 11 16:02:43 GMT 2025","passed","Fri Jul 11 16:02:43 GMT 2025","","","",""
"","3","should handle errors when accessing navigator","NetworkMonitor","Fri Jul 11 16:02:13 GMT 2025","passed","Fri Jul 11 16:02:13 GMT 2025","","error handling","",""
"","0","should hash """" with n=5 and maxValue=10000 correctly","hashN","Fri Jul 11 16:02:53 GMT 2025","passed","Fri Jul 11 16:02:53 GMT 2025","","","",""
"","0","should hash ""hello"" with n=0 and maxValue=100 correctly","hashN","Fri Jul 11 16:02:53 GMT 2025","passed","Fri Jul 11 16:02:53 GMT 2025","","","",""
"","0","should handle complete connection lifecycle","NetworkMonitor","Fri Jul 11 16:02:13 GMT 2025","passed","Fri Jul 11 16:02:13 GMT 2025","","integration","",""
"","1","should correctly map /statusim/1/community/cbor to shard index 4","contentTopicToShardIndex","Fri Jul 11 16:01:58 GMT 2025","passed","Fri Jul 11 16:01:58 GMT 2025","","","",""
"","0","should dial peers from store when no connections remain","ConnectionLimiter","Fri Jul 11 16:02:14 GMT 2025","passed","Fri Jul 11 16:02:14 GMT 2025","","onDisconnectedEvent","",""
"","1","should throw an error for non-numeric shard: /waku/2/rs/1/\","pubsubTopicToSingleShardInfo with various invalid formats","Fri Jul 11 16:01:58 GMT 2025","passed","Fri Jul 11 16:01:58 GMT 2025","","","",""
"","0","udp ip6 address","Multiaddr from fields","Fri Jul 11 16:02:04 GMT 2025","passed","Fri Jul 11 16:02:04 GMT 2025","","","",""
"","0","should handle corrupted shard info gracefully","ShardReader","Fri Jul 11 16:02:14 GMT 2025","passed","Fri Jul 11 16:02:14 GMT 2025","","error handling","",""
"","0","should skip peer when already connected","Dialer","Fri Jul 11 16:02:14 GMT 2025","passed","Fri Jul 11 16:02:14 GMT 2025","","dial","",""
"","1","should start all internal components","ConnectionManager","Fri Jul 11 16:02:14 GMT 2025","passed","Fri Jul 11 16:02:14 GMT 2025","","start","",""
"","1","should be able to encode the field with only LIGHTPUSH set to true","ENR waku2 codec","Fri Jul 11 16:02:04 GMT 2025","passed","Fri Jul 11 16:02:04 GMT 2025","","Encoding","",""
"","0","should throw an error for invalid PubsubTopic format: /incorrect/format","pubsubTopicToSingleShardInfo with various invalid formats","Fri Jul 11 16:01:58 GMT 2025","passed","Fri Jul 11 16:01:58 GMT 2025","","","",""
"","0","should return false when peer is not found","ShardReader","Fri Jul 11 16:02:14 GMT 2025","passed","Fri Jul 11 16:02:14 GMT 2025","","isPeerOnTopic","",""
"","0","should be safe to call multiple times","Dialer","Fri Jul 11 16:02:14 GMT 2025","passed","Fri Jul 11 16:02:14 GMT 2025","","stop","",""
"","0","should be delivered immediately if received","MessageChannel","Fri Jul 11 16:02:58 GMT 2025","passed","Fri Jul 11 16:02:58 GMT 2025","","Ephemeral messages","",""
"","0","should handle dial errors gracefully","DiscoveryDialer","Fri Jul 11 16:02:14 GMT 2025","passed","Fri Jul 11 16:02:14 GMT 2025","","peer discovery handling","",""
"","0","should dispatch network event when browser goes online","NetworkMonitor","Fri Jul 11 16:02:13 GMT 2025","passed","Fri Jul 11 16:02:13 GMT 2025","","browser online/offline events","",""
"","1","should retry failed tasks","RetryManager","Fri Jul 11 16:02:43 GMT 2025","passed","Fri Jul 11 16:02:43 GMT 2025","","","",""
"","0","should be safe to call multiple times","ConnectionManager","Fri Jul 11 16:02:14 GMT 2025","passed","Fri Jul 11 16:02:14 GMT 2025","","start","",""
"","1","should return false when pubsub topic parsing fails","ShardReader","Fri Jul 11 16:02:14 GMT 2025","passed","Fri Jul 11 16:02:14 GMT 2025","","isPeerOnTopic","",""
"","0","pre and post cipher","Waku Encryption","Fri Jul 11 16:02:33 GMT 2025","passed","Fri Jul 11 16:02:33 GMT 2025","","","",""
"","13","should create KeepAliveManager with required options","KeepAliveManager","Fri Jul 11 16:02:14 GMT 2025","passed","Fri Jul 11 16:02:14 GMT 2025","","constructor","",""
"","0","should decode valid enr with tcp successfully","ENR","Fri Jul 11 16:02:04 GMT 2025","passed","Fri Jul 11 16:02:04 GMT 2025","","Txt codec","",""
"","0","should handle shardReader errors","ConnectionManager","Fri Jul 11 16:02:14 GMT 2025","passed","Fri Jul 11 16:02:14 GMT 2025","","isPeerOnTopic","",""
"","1","should clear dial history on stop","Dialer","Fri Jul 11 16:02:14 GMT 2025","passed","Fri Jul 11 16:02:14 GMT 2025","","stop","",""
"","1","should handle renewPeer for a non-existent or disconnected peer gracefully","PeerManager","Fri Jul 11 16:02:44 GMT 2025","passed","Fri Jul 11 16:02:44 GMT 2025","","","",""
"","1","should encode/decode to text encoding","ENR","Fri Jul 11 16:02:04 GMT 2025","passed","Fri Jul 11 16:02:04 GMT 2025","","Static tests","",""
"","1","should not fail to stop the service if it was not started","Local Storage Discovery","Fri Jul 11 16:02:26 GMT 2025","passed","Fri Jul 11 16:02:26 GMT 2025","interface-peer-discovery compliance tests","Compliance Tests","",""
"","0","should add event listeners to globalThis","NetworkMonitor","Fri Jul 11 16:02:13 GMT 2025","passed","Fri Jul 11 16:02:13 GMT 2025","","start","",""
"","0","should handle corrupted local storage data gracefully","Local Storage Discovery","Fri Jul 11 16:02:26 GMT 2025","passed","Fri Jul 11 16:02:26 GMT 2025","","Unit Tests","",""
"","1","should delegate to networkMonitor.isConnected()","ConnectionManager","Fri Jul 11 16:02:14 GMT 2025","passed","Fri Jul 11 16:02:14 GMT 2025","","isConnected","",""
"","0","handles different networkShards values correctly","contentTopicsByPubsubTopic","Fri Jul 11 16:01:58 GMT 2025","passed","Fri Jul 11 16:01:58 GMT 2025","","","",""
"","1","should throw an error for non-numeric shard: /waku/2/rs/1/x","pubsubTopicToSingleShardInfo with various invalid formats","Fri Jul 11 16:01:58 GMT 2025","passed","Fri Jul 11 16:01:58 GMT 2025","","","",""
"","0","ENRTree (tree): should error if DNS tree entry is mis-prefixed","ENRTree","Fri Jul 11 16:02:22 GMT 2025","passed","Fri Jul 11 16:02:22 GMT 2025","","","",""
"","1","should deliver messages after dependencies are met","MessageChannel","Fri Jul 11 16:02:58 GMT 2025","passed","Fri Jul 11 16:02:58 GMT 2025","","Sweeping incoming buffer","",""
"","9","should handle peer store errors gracefully","ConnectionLimiter","Fri Jul 11 16:02:14 GMT 2025","passed","Fri Jul 11 16:02:14 GMT 2025","","hasMoreThanMaxBootstrapConnections","",""
"","1","should be able to decode the field with only RELAY set to true","ENR waku2 codec","Fri Jul 11 16:02:04 GMT 2025","passed","Fri Jul 11 16:02:04 GMT 2025","","Decoding","",""
"","1","should be delivered but not added to local log or bloom filter","MessageChannel","Fri Jul 11 16:02:58 GMT 2025","passed","Fri Jul 11 16:02:58 GMT 2025","","Sync messages","",""
"","0","should handle multiple peers with different shard configurations","Dialer","Fri Jul 11 16:02:14 GMT 2025","passed","Fri Jul 11 16:02:14 GMT 2025","","integration","",""
"","0","should create all internal components","ConnectionManager","Fri Jul 11 16:02:14 GMT 2025","passed","Fri Jul 11 16:02:14 GMT 2025","","constructor","",""
"","0","throws on content topic with empty topic name field","ensureValidContentTopic","Fri Jul 11 16:01:58 GMT 2025","passed","Fri Jul 11 16:01:58 GMT 2025","","","",""
"","0","should not be added to outgoing buffer, bloom filter, or local log","MessageChannel","Fri Jul 11 16:02:58 GMT 2025","passed","Fri Jul 11 16:02:58 GMT 2025","","Sync messages","",""
"","0","should handle peer disconnect event when no connections remain","NetworkMonitor","Fri Jul 11 16:02:13 GMT 2025","passed","Fri Jul 11 16:02:13 GMT 2025","","peer connection events","",""
"","0","should correctly map /app/20/sometopic/someencoding to shard index 7","contentTopicToShardIndex","Fri Jul 11 16:01:58 GMT 2025","passed","Fri Jul 11 16:01:58 GMT 2025","","","",""
"","0","should correctly map /app/20/sometopic/someencoding to shard index 0 with networkShards 1","contentTopicToShardIndex","Fri Jul 11 16:01:58 GMT 2025","passed","Fri Jul 11 16:01:58 GMT 2025","","","",""
"","0","should get / set UDP multiaddr","ENR","Fri Jul 11 16:02:04 GMT 2025","passed","Fri Jul 11 16:02:04 GMT 2025","","Multiaddr getters and setters","",""
"","1","should throw an error for invalid PubsubTopic format: /waku/2/rs","pubsubTopicToSingleShardInfo with various invalid formats","Fri Jul 11 16:01:58 GMT 2025","passed","Fri Jul 11 16:01:58 GMT 2025","","","",""
"","0","should create ConnectionManager with required options","ConnectionManager","Fri Jul 11 16:02:14 GMT 2025","passed","Fri Jul 11 16:02:14 GMT 2025","","constructor","",""
"","0","Encoder throws on empty string content topic","Ensures content topic is defined","Fri Jul 11 16:02:32 GMT 2025","passed","Fri Jul 11 16:02:32 GMT 2025","","","",""
"","0","should add event listener for peer:discovery","DiscoveryDialer","Fri Jul 11 16:02:14 GMT 2025","passed","Fri Jul 11 16:02:14 GMT 2025","","start","",""
"","3","should clear all timers","KeepAliveManager","Fri Jul 11 16:02:14 GMT 2025","passed","Fri Jul 11 16:02:14 GMT 2025","","stop","",""
"","0","isConnected should return false after all peers disconnect","Connection state","Fri Jul 11 16:03:33 GMT 2025","passed","Fri Jul 11 16:03:33 GMT 2025","","","",""
"","0","should update ack status of messages in outgoing buffer","MessageChannel","Fri Jul 11 16:02:58 GMT 2025","passed","Fri Jul 11 16:02:58 GMT 2025","","Sync messages","",""
"","4","returns a subset of values when wanted number is lesser than available values","Discovery","Fri Jul 11 16:02:22 GMT 2025","passed","Fri Jul 11 16:02:22 GMT 2025","","","",""
"","0","should skip updating peer store if peer has same addresses","DiscoveryDialer","Fri Jul 11 16:02:14 GMT 2025","passed","Fri Jul 11 16:02:14 GMT 2025","","updatePeerStore","",""
"","0","should emit `waku:online` event only when first peer is connected","Connection state","Fri Jul 11 16:03:33 GMT 2025","passed","Fri Jul 11 16:03:33 GMT 2025","","","",""
"","0","can start and stop the service","DNS Discovery: Compliance Test","Fri Jul 11 16:03:18 GMT 2025","passed","Fri Jul 11 16:03:18 GMT 2025","","interface-peer-discovery compliance tests","",""
"","1","should hash ""hello"" with n=5 and maxValue=1000 correctly","hashN","Fri Jul 11 16:02:53 GMT 2025","passed","Fri Jul 11 16:02:53 GMT 2025","","","",""
"","0","topics with same application and version share the same shard","contentTopicToShardIndex","Fri Jul 11 16:01:58 GMT 2025","passed","Fri Jul 11 16:01:58 GMT 2025","","","",""
"","0","should hash ""Lorem ipsum dolor sit amet"" with n=5 and maxValue=10000 correctly","hashN","Fri Jul 11 16:02:53 GMT 2025","passed","Fri Jul 11 16:02:53 GMT 2025","","","",""
"","0","should do nothing if peer is not a bootstrap peer","ConnectionLimiter","Fri Jul 11 16:02:14 GMT 2025","passed","Fri Jul 11 16:02:14 GMT 2025","","onConnectedEvent","",""
"","0","should save new peer to store","DiscoveryDialer","Fri Jul 11 16:02:14 GMT 2025","passed","Fri Jul 11 16:02:14 GMT 2025","","updatePeerStore","",""
"","0","should handle high bootstrap limit correctly","ConnectionLimiter","Fri Jul 11 16:02:14 GMT 2025","passed","Fri Jul 11 16:02:14 GMT 2025","","integration tests","",""
"","0","should return available peers with correct protocol and pubsub topic","PeerManager","Fri Jul 11 16:02:44 GMT 2025","passed","Fri Jul 11 16:02:44 GMT 2025","","","",""
"","0","should retrieve 3 multiaddrs for test.waku.nodes.status.im","DNS Node Discovery [live data]","Fri Jul 11 16:02:22 GMT 2025","skipped","Fri Jul 11 16:02:22 GMT 2025","","","",""
"","1","should return the correct m/n for k = 7, targetError = 0.001","Probabilities","Fri Jul 11 16:02:53 GMT 2025","passed","Fri Jul 11 16:02:53 GMT 2025","","","",""
"","0","should throw an error for non-numeric clusterId: /waku/2/rs/y/1","pubsubTopicToSingleShardInfo with various invalid formats","Fri Jul 11 16:01:58 GMT 2025","passed","Fri Jul 11 16:01:58 GMT 2025","","","",""
"","1","should successfully stop","Filter SDK","Fri Jul 11 16:02:44 GMT 2025","passed","Fri Jul 11 16:02:44 GMT 2025","","","",""
"","0","should hash """" with n=0 and maxValue=100 correctly","hashN","Fri Jul 11 16:02:53 GMT 2025","passed","Fri Jul 11 16:02:53 GMT 2025","","","",""
"","0","should create dialer with libp2p and shardReader","Dialer","Fri Jul 11 16:02:14 GMT 2025","passed","Fri Jul 11 16:02:14 GMT 2025","","constructor","",""
"","0","should hang up with PeerId and return true on success","ConnectionManager","Fri Jul 11 16:02:14 GMT 2025","passed","Fri Jul 11 16:02:14 GMT 2025","","hangUp","",""
"","1","should correctly encode and decode relay shards using rsv format (Bit Vector)","Relay Shard codec","Fri Jul 11 16:01:58 GMT 2025","passed","Fri Jul 11 16:01:58 GMT 2025","","","",""
"","0","Meta field set when metaSetter is specified","Waku Message version 0","Fri Jul 11 16:02:15 GMT 2025","passed","Fri Jul 11 16:02:15 GMT 2025","","","",""
"","0","recovers when dns.resolve returns empty","DNS Node Discovery","Fri Jul 11 16:02:22 GMT 2025","passed","Fri Jul 11 16:02:22 GMT 2025","","","",""
"","0","Round trip binary encryption [symmetric, signature]","Symmetric Encryption","Fri Jul 11 16:02:32 GMT 2025","passed","Fri Jul 11 16:02:32 GMT 2025","","","",""
"","5","should not dial peers from store when browser is not connected","ConnectionLimiter","Fri Jul 11 16:02:14 GMT 2025","passed","Fri Jul 11 16:02:14 GMT 2025","","onWakuConnectionEvent","",""
"","0","retrieves all peers (3) when branch entries are composed of multiple strings","DNS Node Discovery w/ capabilities","Fri Jul 11 16:02:22 GMT 2025","passed","Fri Jul 11 16:02:22 GMT 2025","","","",""
"","1","ignores unrecognized TXT record formats","DNS Node Discovery","Fri Jul 11 16:02:22 GMT 2025","passed","Fri Jul 11 16:02:22 GMT 2025","","","",""
"","0","should be empty after removing the only subscription","Filter Subscription","Fri Jul 11 16:02:44 GMT 2025","passed","Fri Jul 11 16:02:44 GMT 2025","","","",""
"","0","should discard bootstrap peers when has more than 1 (default limit)","Connection Limiter","Fri Jul 11 16:03:44 GMT 2025","passed","Fri Jul 11 16:03:44 GMT 2025","","","",""
"","0","should remove event listeners from globalThis","NetworkMonitor","Fri Jul 11 16:02:13 GMT 2025","passed","Fri Jul 11 16:02:13 GMT 2025","","stop","",""
"","0","should hash ""test123"" with n=5 and maxValue=100 correctly","hashN","Fri Jul 11 16:02:53 GMT 2025","passed","Fri Jul 11 16:02:53 GMT 2025","","","",""
"","0","should hash ""!@#$%^&*()"" with n=0 and maxValue=100 correctly","hashN","Fri Jul 11 16:02:53 GMT 2025","passed","Fri Jul 11 16:02:53 GMT 2025","","","",""
"","1","A test","This","Fri Jul 11 16:03:21 GMT 2025","passed","Fri Jul 11 16:03:21 GMT 2025","","Is","",""
"","1","Round trip binary encryption [symmetric, no signature]","Symmetric Encryption","Fri Jul 11 16:02:32 GMT 2025","passed","Fri Jul 11 16:02:32 GMT 2025","","","",""
"","0","should only return 1 node with relay and store capability","DNS Node Discovery w/ capabilities","Fri Jul 11 16:02:22 GMT 2025","passed","Fri Jul 11 16:02:22 GMT 2025","","","",""
"","1","should be able to decode the field with only FILTER set to true","ENR waku2 codec","Fri Jul 11 16:02:04 GMT 2025","passed","Fri Jul 11 16:02:04 GMT 2025","","Decoding","",""
"","0","should be able to dial TLS multiaddrs","Dialing","Fri Jul 11 16:04:36 GMT 2025","passed","Fri Jul 11 16:04:36 GMT 2025","","","",""
"","0","should be safe to call multiple times","ConnectionLimiter","Fri Jul 11 16:02:14 GMT 2025","passed","Fri Jul 11 16:02:14 GMT 2025","","start","",""
"","0","should set default options when no config provided","ConnectionManager","Fri Jul 11 16:02:14 GMT 2025","passed","Fri Jul 11 16:02:14 GMT 2025","","constructor","",""
"","4","returns all values when wanted number matches available values","Discovery","Fri Jul 11 16:02:22 GMT 2025","passed","Fri Jul 11 16:02:22 GMT 2025","","","",""
"","1","should hash ""hello"" with n=0 and maxValue=1000 correctly","hashN","Fri Jul 11 16:02:53 GMT 2025","passed","Fri Jul 11 16:02:53 GMT 2025","","","",""
"","0","throws on content topic with generation field greater than 0","ensureValidContentTopic","Fri Jul 11 16:01:58 GMT 2025","passed","Fri Jul 11 16:01:58 GMT 2025","","","",""
"","0","should handle mixed peer types with bootstrap limiting","ConnectionLimiter","Fri Jul 11 16:02:14 GMT 2025","passed","Fri Jul 11 16:02:14 GMT 2025","","integration tests","",""
"","0","should extract SingleShardInfo from a valid PubsubTopic","pubsubTopicToSingleShardInfo with various invalid formats","Fri Jul 11 16:01:58 GMT 2025","passed","Fri Jul 11 16:01:58 GMT 2025","","","",""
"","0","should hash ""Lorem ipsum dolor sit amet"" with n=5 and maxValue=1000 correctly","hashN","Fri Jul 11 16:02:53 GMT 2025","passed","Fri Jul 11 16:02:53 GMT 2025","","","",""
"","1","should return false when navigator.onLine is false","NetworkMonitor","Fri Jul 11 16:02:13 GMT 2025","passed","Fri Jul 11 16:02:13 GMT 2025","","isConnected","",""
"","0","should serialize and deserialize correctly","BloomFilter","Fri Jul 11 16:02:56 GMT 2025","passed","Fri Jul 11 16:02:56 GMT 2025","","","",""
"","1","Encoder throws on empty string content topic","Ensures content topic is defined","Fri Jul 11 16:02:15 GMT 2025","passed","Fri Jul 11 16:02:15 GMT 2025","","","",""
"","1","should be safe to call multiple times","DiscoveryDialer","Fri Jul 11 16:02:14 GMT 2025","passed","Fri Jul 11 16:02:14 GMT 2025","","start","",""
"","0","should properly create location multiaddrs - udp","ENR","Fri Jul 11 16:02:04 GMT 2025","passed","Fri Jul 11 16:02:04 GMT 2025","","Location multiaddr","",""
"","1","should select older connection if present","selectOpenConnection","Fri Jul 11 16:02:14 GMT 2025","passed","Fri Jul 11 16:02:14 GMT 2025","","","",""
"","0","should remove event listeners","ConnectionLimiter","Fri Jul 11 16:02:14 GMT 2025","passed","Fri Jul 11 16:02:14 GMT 2025","","stop","",""
"","0","should return only peers supporting the requested protocol and pubsub topic","PeerManager","Fri Jul 11 16:02:44 GMT 2025","passed","Fri Jul 11 16:02:44 GMT 2025","","","",""
"","0","should throw error - no id","ENR","Fri Jul 11 16:02:04 GMT 2025","passed","Fri Jul 11 16:02:04 GMT 2025","","Verify","",""
"","0","should dial peer when on same shard","Dialer","Fri Jul 11 16:02:14 GMT 2025","passed","Fri Jul 11 16:02:14 GMT 2025","","dial","",""
"","0","non connected peers","Peer Exchange Query","Fri Jul 11 16:03:23 GMT 2025","skipped","Fri Jul 11 16:03:23 GMT 2025","","","",""
"","0","should successfully unsubscribe from an existing subscription","Filter SDK","Fri Jul 11 16:02:44 GMT 2025","passed","Fri Jul 11 16:02:44 GMT 2025","","","",""
"","0","should handle general insertion and lookup correctly","BloomFilter with special patterns","Fri Jul 11 16:02:56 GMT 2025","passed","Fri Jul 11 16:02:56 GMT 2025","","","",""
"","0","should return PeerId when Multiaddr input is provided","mapToPeerId","Fri Jul 11 16:02:14 GMT 2025","passed","Fri Jul 11 16:02:14 GMT 2025","","","",""
"","0","should not fail to start the service if it is already started","Local Storage Discovery","Fri Jul 11 16:02:26 GMT 2025","passed","Fri Jul 11 16:02:26 GMT 2025","interface-peer-discovery compliance tests","Compliance Tests","",""
"","1","should handle all zero keep alive options","KeepAliveManager","Fri Jul 11 16:02:14 GMT 2025","passed","Fri Jul 11 16:02:14 GMT 2025","","edge cases","",""
"","1","messageHashStr produces consistent results for the same input","messageHash and messageHashStr","Fri Jul 11 16:02:14 GMT 2025","passed","Fri Jul 11 16:02:14 GMT 2025","","","",""
"","1","should not change state when connections remain after disconnect","NetworkMonitor","Fri Jul 11 16:02:13 GMT 2025","passed","Fri Jul 11 16:02:13 GMT 2025","","peer connection events","",""
"","0","should dial all peers on dial","Dialing","Fri Jul 11 16:04:36 GMT 2025","passed","Fri Jul 11 16:04:36 GMT 2025","","","",""
"","0","should throw an error for non-numeric shard: /waku/2/rs/1/","pubsubTopicToSingleShardInfo with various invalid formats","Fri Jul 11 16:01:58 GMT 2025","passed","Fri Jul 11 16:01:58 GMT 2025","","","",""
"","1","should not create ping timers when pingKeepAlive = 0","KeepAliveManager","Fri Jul 11 16:02:14 GMT 2025","passed","Fri Jul 11 16:02:14 GMT 2025","","ping timer management","",""
"","0","should handle full lifecycle (start -> events -> stop)","ConnectionLimiter","Fri Jul 11 16:02:14 GMT 2025","passed","Fri Jul 11 16:02:14 GMT 2025","","integration tests","",""
"","0","Waku message hash computation (message is IProtoMessage with version)","Message Hash: RFC Test Vectors","Fri Jul 11 16:02:14 GMT 2025","passed","Fri Jul 11 16:02:14 GMT 2025","","","",""
"","1","should stop ping timers on peer disconnect","KeepAliveManager","Fri Jul 11 16:02:14 GMT 2025","passed","Fri Jul 11 16:02:14 GMT 2025","","peer disconnect event handling","",""
"","0","should properly create location multiaddrs - udp4","ENR","Fri Jul 11 16:02:04 GMT 2025","passed","Fri Jul 11 16:02:04 GMT 2025","","Location multiaddr","",""
"","1","should start and stop interval correctly","RetryManager","Fri Jul 11 16:02:43 GMT 2025","passed","Fri Jul 11 16:02:43 GMT 2025","","","",""
"","0","throws on content topic with empty application field","ensureValidContentTopic","Fri Jul 11 16:01:58 GMT 2025","passed","Fri Jul 11 16:01:58 GMT 2025","","","",""
