"DESCRIPTION","DURATION IN MS","NAME","PARENT SUITE","START TIME","STATUS","STOP TIME","SUB SUITE","SUITE","TEST CLASS","TEST METHOD"
"","0","should encode/decode to text encoding","ENR","Sun Apr 13 20:25:56 GMT 2025","passed","Sun Apr 13 20:25:56 GMT 2025","","Static tests","",""
"","0","should transition to SufficientlyHealthy with multiple compatible peers","HealthIndicator","Sun Apr 13 20:26:27 GMT 2025","passed","Sun Apr 13 20:26:27 GMT 2025","","","",""
"","1","should not allow unachievable error rate","Probabilities","Sun Apr 13 20:26:35 GMT 2025","passed","Sun Apr 13 20:26:35 GMT 2025","","","",""
"","0","should deliver messages after dependencies are met","MessageChannel","Sun Apr 13 20:26:36 GMT 2025","passed","Sun Apr 13 20:26:36 GMT 2025","","Sweeping incoming buffer","",""
"","0","Fails to push message with large meta","Waku Light Push: Multiple Nodes: Strict Check: false","Sun Apr 13 20:36:29 GMT 2025","passed","Sun Apr 13 20:36:29 GMT 2025","","","",""
"","0","same cluster, different shard: nodes connect","Metadata Protocol","Sun Apr 13 20:27:08 GMT 2025","passed","Sun Apr 13 20:27:08 GMT 2025","","connections","",""
"","0","should throw an error for non-numeric clusterId: /waku/2/rs/ /1","pubsubTopicToSingleShardInfo with various invalid formats","Sun Apr 13 20:25:47 GMT 2025","passed","Sun Apr 13 20:25:47 GMT 2025","","","",""
"","0","should handle general insertion and lookup correctly","BloomFilter with special patterns","Sun Apr 13 20:26:37 GMT 2025","passed","Sun Apr 13 20:26:37 GMT 2025","","","",""
"","0","should hash ""Lorem ipsum dolor sit amet"" with n=2 and maxValue=100 correctly","hashN","Sun Apr 13 20:26:35 GMT 2025","passed","Sun Apr 13 20:26:35 GMT 2025","","","",""
"","1","can start the service","Peer Exchange","Sun Apr 13 20:27:40 GMT 2025","passed","Sun Apr 13 20:27:40 GMT 2025","interface-peer-discovery compliance tests","Compliance Test","",""
"","0","should attach causal history and bloom filter to each message","MessageChannel","Sun Apr 13 20:26:36 GMT 2025","passed","Sun Apr 13 20:26:36 GMT 2025","","sending a message ","",""
"","1","udp ip6 address","Multiaddr from fields","Sun Apr 13 20:25:55 GMT 2025","passed","Sun Apr 13 20:25:55 GMT 2025","","","",""
"","0","Should update shard info","Peer Exchange Continuous Discovery","Sun Apr 13 20:27:09 GMT 2025","passed","Sun Apr 13 20:27:09 GMT 2025","","","",""
"","1","should throw an error for empty SingleShardInfos array","singleShardInfosToShardInfo","Sun Apr 13 20:25:47 GMT 2025","passed","Sun Apr 13 20:25:47 GMT 2025","","","",""
"","1","should not receive a peer event after stop","Local Storage Discovery","Sun Apr 13 20:26:13 GMT 2025","passed","Sun Apr 13 20:26:13 GMT 2025","interface-peer-discovery compliance tests","Compliance Tests","",""
"","0","should handle connection events","PeerManager","Sun Apr 13 20:26:27 GMT 2025","passed","Sun Apr 13 20:26:27 GMT 2025","","","",""
"","0","should retry failed tasks","RetryManager","Sun Apr 13 20:26:27 GMT 2025","passed","Sun Apr 13 20:26:27 GMT 2025","","","",""
"","0","Waku message hash computation (message is IDecodedMessage)","RFC Test Vectors","Sun Apr 13 20:25:50 GMT 2025","passed","Sun Apr 13 20:25:50 GMT 2025","","","",""
"","1","handles different clusterIds correctly","contentTopicsByPubsubTopic","Sun Apr 13 20:25:47 GMT 2025","passed","Sun Apr 13 20:25:47 GMT 2025","","","",""
"","4","Query Generator  - false","Waku Store, order","Sun Apr 13 20:28:24 GMT 2025","passed","Sun Apr 13 20:28:24 GMT 2025","","","",""
"","0","should hash """" with n=5 and maxValue=1000 correctly","hashN","Sun Apr 13 20:26:35 GMT 2025","passed","Sun Apr 13 20:26:35 GMT 2025","","","",""
"","0","should hash ""Lorem ipsum dolor sit amet"" with n=5 and maxValue=1000 correctly","hashN","Sun Apr 13 20:26:35 GMT 2025","passed","Sun Apr 13 20:26:35 GMT 2025","","","",""
"","0","should set field with all protocols disabled","ENR","Sun Apr 13 20:25:56 GMT 2025","passed","Sun Apr 13 20:25:56 GMT 2025","","waku2 key round trip","",""
"","0","Symmetric encrypt & Decrypt","Waku Encryption","Sun Apr 13 20:26:19 GMT 2025","passed","Sun Apr 13 20:26:19 GMT 2025","","","",""
"","0","should request peer renewal on specific errors","RetryManager","Sun Apr 13 20:26:27 GMT 2025","passed","Sun Apr 13 20:26:27 GMT 2025","","","",""
"","0","Passing a valid cursor at 110 index when there are 120 messages","Waku Store, cursor","Sun Apr 13 20:27:54 GMT 2025","passed","Sun Apr 13 20:27:54 GMT 2025","","","",""
"","1","should be able to decode the field with only RELAY set to true","ENR waku2 codec","Sun Apr 13 20:25:55 GMT 2025","passed","Sun Apr 13 20:25:55 GMT 2025","","Decoding","",""
"","1","ENRTree (root): should error if DNS root entry is mis-prefixed","ENRTree","Sun Apr 13 20:26:09 GMT 2025","passed","Sun Apr 13 20:26:09 GMT 2025","","","",""
"","0","should be able to encode the field with RELAY and FILTER protocols set to true","ENR waku2 codec","Sun Apr 13 20:25:55 GMT 2025","passed","Sun Apr 13 20:25:55 GMT 2025","","Encoding","",""
"","1","can start the service","DNS Discovery: Compliance Test","Sun Apr 13 20:26:57 GMT 2025","passed","Sun Apr 13 20:26:57 GMT 2025","","interface-peer-discovery compliance tests","",""
"","0","should track probabilistic acknowledgements of messages received in bloom filter","MessageChannel","Sun Apr 13 20:26:36 GMT 2025","passed","Sun Apr 13 20:26:36 GMT 2025","","reviewing ack status","",""
"","0","Push message with content topic containing emoji","Waku Light Push: Multiple Nodes: Strict Check: true","Sun Apr 13 20:36:29 GMT 2025","passed","Sun Apr 13 20:36:29 GMT 2025","","","",""
"","0","topics with same application and version share the same shard","contentTopicToShardIndex","Sun Apr 13 20:25:47 GMT 2025","passed","Sun Apr 13 20:25:47 GMT 2025","","","",""
"","0","ENRTree (root): should error if DNS root entry signature is invalid","ENRTree","Sun Apr 13 20:26:09 GMT 2025","passed","Sun Apr 13 20:26:09 GMT 2025","","","",""
"","0","Push message with content topic containing XML","Waku Light Push: Multiple Nodes: Strict Check: true","Sun Apr 13 20:36:29 GMT 2025","passed","Sun Apr 13 20:36:29 GMT 2025","","","",""
"","0","more peers than existing","Peer Exchange Query","Sun Apr 13 20:27:13 GMT 2025","skipped","Sun Apr 13 20:27:13 GMT 2025","","","",""
"","0","Push message with content topic containing SQL Injection","Waku Light Push: Multiple Nodes: Strict Check: true","Sun Apr 13 20:36:29 GMT 2025","passed","Sun Apr 13 20:36:29 GMT 2025","","","",""
"","0","random static sharding 6 - Cluster ID: 867, Shard ID: 877","Static Sharding: Running Nodes","Sun Apr 13 20:29:25 GMT 2025","passed","Sun Apr 13 20:29:25 GMT 2025","","","",""
"","0","Promise Callback  - false","Waku Store, order","Sun Apr 13 20:28:24 GMT 2025","passed","Sun Apr 13 20:28:24 GMT 2025","","","",""
"","0","random static sharding 7 - Cluster ID: 546, Shard ID: 797","Static Sharding: Running Nodes","Sun Apr 13 20:29:25 GMT 2025","passed","Sun Apr 13 20:29:25 GMT 2025","","","",""
"","2","should emit `peer:discovery:bootstrap` event when a peer is discovered","Events","Sun Apr 13 20:26:53 GMT 2025","passed","Sun Apr 13 20:26:53 GMT 2025","","peer:discovery","",""
"","0","should handle corrupted local storage data gracefully","Local Storage Discovery","Sun Apr 13 20:26:13 GMT 2025","passed","Sun Apr 13 20:26:13 GMT 2025","","Unit Tests","",""
"","0","Push message with content topic containing Chinese","Waku Light Push: Multiple Nodes: Strict Check: false","Sun Apr 13 20:36:29 GMT 2025","passed","Sun Apr 13 20:36:29 GMT 2025","","","",""
"","0","Query generator for multiple messages","Waku Store, general","Sun Apr 13 20:28:42 GMT 2025","passed","Sun Apr 13 20:28:42 GMT 2025","","","",""
"","0","groups multiple content topics into the same pubsub topic when they share the same shard index","contentTopicsByPubsubTopic","Sun Apr 13 20:25:47 GMT 2025","passed","Sun Apr 13 20:25:47 GMT 2025","","","",""
"","0","Push 30 different messages","Waku Light Push: Multiple Nodes: Strict Check: true","Sun Apr 13 20:36:29 GMT 2025","skipped","Sun Apr 13 20:36:29 GMT 2025","","","",""
"","0","should throw an error for non-numeric clusterId: /waku/2/rs/$/1","pubsubTopicToSingleShardInfo with various invalid formats","Sun Apr 13 20:25:47 GMT 2025","passed","Sun Apr 13 20:25:47 GMT 2025","","","",""
"","0","Push message with content topic containing long","Waku Light Push: Multiple Nodes: Strict Check: true","Sun Apr 13 20:36:29 GMT 2025","passed","Sun Apr 13 20:36:29 GMT 2025","","","",""
"","0","should throw an error for an unconfigured topic","ensurePubsubTopicIsConfigured","Sun Apr 13 20:25:47 GMT 2025","passed","Sun Apr 13 20:25:47 GMT 2025","","","",""
"","2","should hash ""hello"" with n=2 and maxValue=1000 correctly","hashN","Sun Apr 13 20:26:35 GMT 2025","passed","Sun Apr 13 20:26:35 GMT 2025","","","",""
"","0","should not receive a peer event before start","DNS Discovery: Compliance Test","Sun Apr 13 20:26:57 GMT 2025","passed","Sun Apr 13 20:26:57 GMT 2025","","interface-peer-discovery compliance tests","",""
"","0","should be called at least once on all `peer:discovery` events","Dials","Sun Apr 13 20:27:00 GMT 2025","passed","Sun Apr 13 20:27:00 GMT 2025","","attemptDial method","",""
"","0","should hash ""test123"" with n=5 and maxValue=10000 correctly","hashN","Sun Apr 13 20:26:35 GMT 2025","passed","Sun Apr 13 20:26:35 GMT 2025","","","",""
"","1","should update lamport timestamp if greater than current timestamp and dependencies are met","MessageChannel","Sun Apr 13 20:26:36 GMT 2025","passed","Sun Apr 13 20:26:36 GMT 2025","","receiving a message","",""
"","0","should throw an error for SingleShardInfos with different clusterIds","singleShardInfosToShardInfo","Sun Apr 13 20:25:47 GMT 2025","passed","Sun Apr 13 20:25:47 GMT 2025","","","",""
"","1","should correctly map /app/29/sometopic/someencoding to shard index 6","contentTopicToShardIndex","Sun Apr 13 20:25:47 GMT 2025","passed","Sun Apr 13 20:25:47 GMT 2025","","","",""
"","0","using a protocol with unconfigured pubsub topic should fail","Static Sharding: Running Nodes","Sun Apr 13 20:29:25 GMT 2025","passed","Sun Apr 13 20:29:25 GMT 2025","","Others","",""
"","0","retrieves all peers (2) when cannot fulfill all requirements","DNS Node Discovery w/ capabilities","Sun Apr 13 20:26:09 GMT 2025","passed","Sun Apr 13 20:26:09 GMT 2025","","","",""
"","0","should set field with only LIGHTPUSH enabled","ENR","Sun Apr 13 20:25:56 GMT 2025","passed","Sun Apr 13 20:25:56 GMT 2025","","waku2 key round trip","",""
"","1","Push message with content topic containing Arabic","Waku Light Push: Multiple Nodes: Strict Check: false","Sun Apr 13 20:36:29 GMT 2025","passed","Sun Apr 13 20:36:29 GMT 2025","","","",""
"","1","Push message with content topic containing numeric","Waku Light Push: Multiple Nodes: Strict Check: false","Sun Apr 13 20:36:29 GMT 2025","passed","Sun Apr 13 20:36:29 GMT 2025","","","",""
"","0","Push message equal or less that 1MB","Waku Light Push: Multiple Nodes: Strict Check: false","Sun Apr 13 20:36:29 GMT 2025","passed","Sun Apr 13 20:36:29 GMT 2025","","","",""
"","1","msgTime: -19000 ms from now, startTime: -19000, endTime: -18000","Waku Store, time filter","Sun Apr 13 20:28:44 GMT 2025","passed","Sun Apr 13 20:28:44 GMT 2025","","","",""
"","0","should hash ""Lorem ipsum dolor sit amet"" with n=0 and maxValue=10000 correctly","hashN","Sun Apr 13 20:26:35 GMT 2025","passed","Sun Apr 13 20:26:35 GMT 2025","","","",""
"","0","can start and stop the service","DNS Discovery: Compliance Test","Sun Apr 13 20:26:57 GMT 2025","passed","Sun Apr 13 20:26:57 GMT 2025","","interface-peer-discovery compliance tests","",""
"","0","random auto sharding 9 - Cluster ID: 10, Content Topic: /app64/3/topic165/test.js","Autosharding: Running Nodes","Sun Apr 13 20:28:58 GMT 2025","passed","Sun Apr 13 20:28:58 GMT 2025","","","",""
"","1","Fields are not dropped","to proto message","Sun Apr 13 20:26:01 GMT 2025","passed","Sun Apr 13 20:26:01 GMT 2025","","","",""
"","0","should be able to encode the field with only RELAY set to true","ENR waku2 codec","Sun Apr 13 20:25:55 GMT 2025","passed","Sun Apr 13 20:25:55 GMT 2025","","Encoding","",""
"","0","Push message with short payload","Waku Light Push: Multiple Nodes: Strict Check: true","Sun Apr 13 20:36:29 GMT 2025","passed","Sun Apr 13 20:36:29 GMT 2025","","","",""
"","0","isConnected return false after peer stops","Connection state","Sun Apr 13 20:27:13 GMT 2025","passed","Sun Apr 13 20:27:13 GMT 2025","","","",""
"","0","handles multiple messages","Util: toAsyncIterator: Filter","Sun Apr 13 20:28:38 GMT 2025","passed","Sun Apr 13 20:28:38 GMT 2025","","","",""
"","0","isConnected between 2 js-waku relay nodes","Connection state","Sun Apr 13 20:27:13 GMT 2025","passed","Sun Apr 13 20:27:13 GMT 2025","","","",""
"","0","Push message with short payload","Waku Light Push: Multiple Nodes: Strict Check: false","Sun Apr 13 20:36:29 GMT 2025","passed","Sun Apr 13 20:36:29 GMT 2025","","","",""
"","1","should return the pubsub topic directly if a string is provided","determinePubsubTopic","Sun Apr 13 20:25:47 GMT 2025","passed","Sun Apr 13 20:25:47 GMT 2025","","","",""
"","0","should reject if WakuNode is not started","waitForRemotePeer","Sun Apr 13 20:26:28 GMT 2025","passed","Sun Apr 13 20:26:28 GMT 2025","","","",""
"","1","should correctly encode and decode relay shards using rsv format (Bit Vector)","Relay Shard codec","Sun Apr 13 20:25:47 GMT 2025","passed","Sun Apr 13 20:25:47 GMT 2025","","","",""
"","1","should hash ""test123"" with n=1 and maxValue=1000 correctly","hashN","Sun Apr 13 20:26:35 GMT 2025","passed","Sun Apr 13 20:26:35 GMT 2025","","","",""
"","0","Push message with content topic containing shell command","Waku Light Push: Multiple Nodes: Strict Check: true","Sun Apr 13 20:36:29 GMT 2025","passed","Sun Apr 13 20:36:29 GMT 2025","","","",""
"","0","should throw error - no public key","ENR","Sun Apr 13 20:25:56 GMT 2025","passed","Sun Apr 13 20:25:56 GMT 2025","","Verify","",""
"","0","should throw an error for invalid PubsubTopic format: /waku/2/rs/1/2/extra","pubsubTopicToSingleShardInfo with various invalid formats","Sun Apr 13 20:25:47 GMT 2025","passed","Sun Apr 13 20:25:47 GMT 2025","","","",""
"","0","should be able to decode the field with only FILTER set to true","ENR waku2 codec","Sun Apr 13 20:25:55 GMT 2025","passed","Sun Apr 13 20:25:55 GMT 2025","","Decoding","",""
"","0","handles different networkShards values correctly","contentTopicsByPubsubTopic","Sun Apr 13 20:25:47 GMT 2025","passed","Sun Apr 13 20:25:47 GMT 2025","","","",""
"","1","should map different content topics to different pubsub topics based on shard index","contentTopicToPubsubTopic","Sun Apr 13 20:25:47 GMT 2025","passed","Sun Apr 13 20:25:47 GMT 2025","","","",""
"","1","should throw an error for non-numeric shard: /waku/2/rs/1/ ","pubsubTopicToSingleShardInfo with various invalid formats","Sun Apr 13 20:25:47 GMT 2025","passed","Sun Apr 13 20:25:47 GMT 2025","","","",""
"","0","Query with Promise Callback, Wrong PubsubTopic","Waku Store, error handling","Sun Apr 13 20:28:07 GMT 2025","passed","Sun Apr 13 20:28:07 GMT 2025","","","",""
"","1","Push message with custom timestamp: 1713817614513","Waku Light Push: Multiple Nodes: Strict Check: false","Sun Apr 13 20:36:29 GMT 2025","passed","Sun Apr 13 20:36:29 GMT 2025","","","",""
"","0","Passing page size 0 when there are 110 messages","Waku Store, page size","Sun Apr 13 20:28:33 GMT 2025","passed","Sun Apr 13 20:28:33 GMT 2025","","","",""
"","1","passes more than one ENR URLs and attempts connection","DNS Node Discovery [live data]","Sun Apr 13 20:26:57 GMT 2025","skipped","Sun Apr 13 20:26:57 GMT 2025","","","",""
"","0","Subscribe and receive messages on 2 different pubsubtopics","Waku Light Push (Autosharding): Multiple PubsubTopics","Sun Apr 13 20:27:15 GMT 2025","passed","Sun Apr 13 20:27:15 GMT 2025","","","",""
"","0","addEventListener with wrong event","Public methods","Sun Apr 13 20:27:33 GMT 2025","passed","Sun Apr 13 20:27:33 GMT 2025","","","",""
"","0","handles empty contentTopics array correctly","ensureShardingConfigured","Sun Apr 13 20:25:47 GMT 2025","passed","Sun Apr 13 20:25:47 GMT 2025","","","",""
"","1","Promise Callback  - true","Waku Store, order","Sun Apr 13 20:28:24 GMT 2025","passed","Sun Apr 13 20:28:24 GMT 2025","","","",""
"","0","Push message with content topic containing numeric","Waku Light Push: Multiple Nodes: Strict Check: true","Sun Apr 13 20:36:29 GMT 2025","passed","Sun Apr 13 20:36:29 GMT 2025","","","",""
"","0","Push message with content topic containing Script","Waku Light Push: Multiple Nodes: Strict Check: true","Sun Apr 13 20:36:29 GMT 2025","passed","Sun Apr 13 20:36:29 GMT 2025","","","",""
"","1","can start the service","Local Storage Discovery","Sun Apr 13 20:26:13 GMT 2025","passed","Sun Apr 13 20:26:13 GMT 2025","interface-peer-discovery compliance tests","Compliance Tests","",""
"","0","Cluster ID 0 - Default/Global Cluster","Static Sharding: Running Nodes","Sun Apr 13 20:29:25 GMT 2025","passed","Sun Apr 13 20:29:25 GMT 2025","","","",""
"","1","should hash ""Lorem ipsum dolor sit amet"" with n=5 and maxValue=10000 correctly","hashN","Sun Apr 13 20:26:35 GMT 2025","passed","Sun Apr 13 20:26:35 GMT 2025","","","",""
"","0","Push message with content topic containing shell command","Waku Light Push: Multiple Nodes: Strict Check: false","Sun Apr 13 20:36:29 GMT 2025","passed","Sun Apr 13 20:36:29 GMT 2025","","","",""
"","1","should correctly map /0/statusim/1/community/cbor to shard index 4","contentTopicToShardIndex","Sun Apr 13 20:25:47 GMT 2025","passed","Sun Apr 13 20:25:47 GMT 2025","","","",""
"","0","msgTime: -19000 ms from now, startTime: -18999, endTime: -18996","Waku Store, time filter","Sun Apr 13 20:28:44 GMT 2025","passed","Sun Apr 13 20:28:44 GMT 2025","","","",""
"","0","Callback on promise","Waku Store, general","Sun Apr 13 20:28:42 GMT 2025","passed","Sun Apr 13 20:28:42 GMT 2025","","","",""
"","1","should emit events and trasition isConnected state when has peers or no peers","Events","Sun Apr 13 20:26:53 GMT 2025","passed","Sun Apr 13 20:26:53 GMT 2025","","waku:connection","",""
"","0","should hash ""hello"" with n=0 and maxValue=100 correctly","hashN","Sun Apr 13 20:26:35 GMT 2025","passed","Sun Apr 13 20:26:35 GMT 2025","","","",""
"","0","it tolerates circular branch references","DNS Node Discovery","Sun Apr 13 20:26:09 GMT 2025","passed","Sun Apr 13 20:26:09 GMT 2025","","","",""
"","0","Passing page size 19 when there are 20 messages","Waku Store, page size","Sun Apr 13 20:28:33 GMT 2025","passed","Sun Apr 13 20:28:33 GMT 2025","","","",""
"","0","Push message with SQL Injection payload","Waku Light Push: Multiple Nodes: Strict Check: true","Sun Apr 13 20:36:29 GMT 2025","passed","Sun Apr 13 20:36:29 GMT 2025","","","",""
"","0","Push message with content topic containing Basic HTML tag","Waku Light Push: Multiple Nodes: Strict Check: false","Sun Apr 13 20:36:29 GMT 2025","passed","Sun Apr 13 20:36:29 GMT 2025","","","",""
"","0","ignores unrecognized TXT record formats","DNS Node Discovery","Sun Apr 13 20:26:09 GMT 2025","passed","Sun Apr 13 20:26:09 GMT 2025","","","",""
"","0","should hash """" with n=1 and maxValue=1000 correctly","hashN","Sun Apr 13 20:26:35 GMT 2025","passed","Sun Apr 13 20:26:35 GMT 2025","","","",""
"","1","should properly start and stop event listening","HealthIndicator","Sun Apr 13 20:26:27 GMT 2025","passed","Sun Apr 13 20:26:27 GMT 2025","","","",""
"","1","Relay","ENR Interop: ServiceNode","Sun Apr 13 20:26:58 GMT 2025","passed","Sun Apr 13 20:26:58 GMT 2025","","","",""
"","0","should hash ""hello"" with n=1 and maxValue=10000 correctly","hashN","Sun Apr 13 20:26:35 GMT 2025","passed","Sun Apr 13 20:26:35 GMT 2025","","","",""
"","0","Default pageSize","Waku Store, page size","Sun Apr 13 20:28:33 GMT 2025","passed","Sun Apr 13 20:28:33 GMT 2025","","","",""
"","1","Push message with unicode special characters payload","Waku Light Push: Multiple Nodes: Strict Check: true","Sun Apr 13 20:36:29 GMT 2025","passed","Sun Apr 13 20:36:29 GMT 2025","","","",""
"","1","can start and stop the service","Peer Exchange","Sun Apr 13 20:27:40 GMT 2025","passed","Sun Apr 13 20:27:40 GMT 2025","interface-peer-discovery compliance tests","Compliance Test","",""
"","1","Asymmetric encrypt & decrypt","Waku Encryption","Sun Apr 13 20:26:19 GMT 2025","passed","Sun Apr 13 20:26:19 GMT 2025","","","",""
"","0","PeerStore has remote peer's shard info after successful connection","Metadata Protocol","Sun Apr 13 20:27:08 GMT 2025","passed","Sun Apr 13 20:27:08 GMT 2025","","","",""
"","0","connected peers and dial","Peer Exchange Query","Sun Apr 13 20:27:13 GMT 2025","skipped","Sun Apr 13 20:27:13 GMT 2025","","","",""
"","1","Passing a valid cursor at 10 index when there are 40 messages","Waku Store, cursor","Sun Apr 13 20:27:54 GMT 2025","passed","Sun Apr 13 20:27:54 GMT 2025","","","",""
"","1","should throw an error for non-numeric clusterId: /waku/2/rs//1","pubsubTopicToSingleShardInfo with various invalid formats","Sun Apr 13 20:25:47 GMT 2025","passed","Sun Apr 13 20:25:47 GMT 2025","","","",""
"","0","should throw an error for non-numeric shard: /waku/2/rs/1/-","pubsubTopicToSingleShardInfo with various invalid formats","Sun Apr 13 20:25:47 GMT 2025","passed","Sun Apr 13 20:25:47 GMT 2025","","","",""
"","0","Push message with XML payload","Waku Light Push: Multiple Nodes: Strict Check: false","Sun Apr 13 20:36:29 GMT 2025","passed","Sun Apr 13 20:36:29 GMT 2025","","","",""
"","0","Push message with custom timestamp: 1744579614513","Waku Light Push: Multiple Nodes: Strict Check: false","Sun Apr 13 20:36:29 GMT 2025","passed","Sun Apr 13 20:36:29 GMT 2025","","","",""
"","1","should properly create peer info with all multiaddrs","ENR","Sun Apr 13 20:25:56 GMT 2025","passed","Sun Apr 13 20:25:56 GMT 2025","","Location multiaddr","",""
"","1","Query Generator, Wrong PubsubTopic","Waku Store, error handling","Sun Apr 13 20:28:07 GMT 2025","passed","Sun Apr 13 20:28:07 GMT 2025","","","",""
"","0","random static sharding 10 - Cluster ID: 289, Shard ID: 648","Static Sharding: Running Nodes","Sun Apr 13 20:29:25 GMT 2025","passed","Sun Apr 13 20:29:25 GMT 2025","","","",""
"","0","Push message with content topic containing unicode special characters","Waku Light Push: Multiple Nodes: Strict Check: true","Sun Apr 13 20:36:29 GMT 2025","passed","Sun Apr 13 20:36:29 GMT 2025","","","",""
"","1","should throw an error for invalid PubsubTopic format: /waku/2/rs","pubsubTopicToSingleShardInfo with various invalid formats","Sun Apr 13 20:25:47 GMT 2025","passed","Sun Apr 13 20:25:47 GMT 2025","","","",""
"","1","Push message with content topic containing Script","Waku Light Push: Multiple Nodes: Strict Check: false","Sun Apr 13 20:36:29 GMT 2025","passed","Sun Apr 13 20:36:29 GMT 2025","","","",""
"","0","should not fail to stop the service if it was not started","Local Storage Discovery","Sun Apr 13 20:26:13 GMT 2025","passed","Sun Apr 13 20:26:13 GMT 2025","interface-peer-discovery compliance tests","Compliance Tests","",""
"","0","ENRTree (branch): should error if DNS branch entry is mis-prefixed","ENRTree","Sun Apr 13 20:26:09 GMT 2025","passed","Sun Apr 13 20:26:09 GMT 2025","","","",""
"","1","isConnected should return true after first peer connects","Connection state","Sun Apr 13 20:27:13 GMT 2025","passed","Sun Apr 13 20:27:13 GMT 2025","","","",""
"","0","should create a new stream if no existing for protocol found","StreamManager","Sun Apr 13 20:26:02 GMT 2025","passed","Sun Apr 13 20:26:02 GMT 2025","","","",""
"","0","Push message with content topic containing Chinese","Waku Light Push: Multiple Nodes: Strict Check: true","Sun Apr 13 20:36:29 GMT 2025","passed","Sun Apr 13 20:36:29 GMT 2025","","","",""
"","0","should extract SingleShardInfo from a valid PubsubTopic","pubsubTopicToSingleShardInfo with various invalid formats","Sun Apr 13 20:25:47 GMT 2025","passed","Sun Apr 13 20:25:47 GMT 2025","","","",""
"","0","should get / set UDP multiaddr","ENR","Sun Apr 13 20:25:56 GMT 2025","passed","Sun Apr 13 20:25:56 GMT 2025","","Multiaddr getters and setters","",""
"","0","Push message with emoji payload","Waku Light Push: Multiple Nodes: Strict Check: true","Sun Apr 13 20:36:29 GMT 2025","passed","Sun Apr 13 20:36:29 GMT 2025","","","",""
"","0","random static sharding 4 - Cluster ID: 236, Shard ID: 589","Static Sharding: Running Nodes","Sun Apr 13 20:29:25 GMT 2025","passed","Sun Apr 13 20:29:25 GMT 2025","","","",""
"","0","Push message with SQL Injection payload","Waku Light Push: Multiple Nodes: Strict Check: false","Sun Apr 13 20:36:29 GMT 2025","passed","Sun Apr 13 20:36:29 GMT 2025","","","",""
"","0","should fall back to default pubsub topic when pubsubTopicShardInfo is not provided","determinePubsubTopic","Sun Apr 13 20:25:47 GMT 2025","passed","Sun Apr 13 20:25:47 GMT 2025","","","",""
"","0","should correctly map a content topic to a pubsub topic for different network shard sizes","contentTopicToPubsubTopic","Sun Apr 13 20:25:47 GMT 2025","passed","Sun Apr 13 20:25:47 GMT 2025","","","",""
"","0","Push message with content topic containing JSON","Waku Light Push: Multiple Nodes: Strict Check: false","Sun Apr 13 20:36:29 GMT 2025","passed","Sun Apr 13 20:36:29 GMT 2025","","","",""
"","3","different cluster, same shard: nodes don't connect","Metadata Protocol","Sun Apr 13 20:27:08 GMT 2025","passed","Sun Apr 13 20:27:08 GMT 2025","","connections","",""
"","0","Ordered Callback sorting by timestamp while page direction is true","Waku Store, sorting","Sun Apr 13 20:28:31 GMT 2025","passed","Sun Apr 13 20:28:31 GMT 2025","","","",""
"","0","Push message with content topic containing SQL Injection","Waku Light Push: Multiple Nodes: Strict Check: false","Sun Apr 13 20:36:29 GMT 2025","passed","Sun Apr 13 20:36:29 GMT 2025","","","",""
"","0","should correctly map /myapp/1/latest/proto to shard index 0","contentTopicToShardIndex","Sun Apr 13 20:25:47 GMT 2025","passed","Sun Apr 13 20:25:47 GMT 2025","","","",""
"","0","Push message with Russian payload","Waku Light Push: Multiple Nodes: Strict Check: false","Sun Apr 13 20:36:29 GMT 2025","passed","Sun Apr 13 20:36:29 GMT 2025","","","",""
"","1","should throw an error for non-numeric clusterId: /waku/2/rs/!/1","pubsubTopicToSingleShardInfo with various invalid formats","Sun Apr 13 20:25:47 GMT 2025","passed","Sun Apr 13 20:25:47 GMT 2025","","","",""
"","0","Query generator for 2000 messages","Waku Store, general","Sun Apr 13 20:28:42 GMT 2025","passed","Sun Apr 13 20:28:42 GMT 2025","","","",""
"","0","should throw error - invalid id","ENR","Sun Apr 13 20:25:56 GMT 2025","passed","Sun Apr 13 20:25:56 GMT 2025","","Verify","",""
"","0","Push message with Chinese payload","Waku Light Push: Multiple Nodes: Strict Check: false","Sun Apr 13 20:36:29 GMT 2025","passed","Sun Apr 13 20:36:29 GMT 2025","","","",""
"","0","should be able to decode the field with only LIGHTPUSH set to true","ENR waku2 codec","Sun Apr 13 20:25:55 GMT 2025","passed","Sun Apr 13 20:25:55 GMT 2025","","Decoding","",""
"","1","non connected peers","Peer Exchange Query","Sun Apr 13 20:27:13 GMT 2025","skipped","Sun Apr 13 20:27:13 GMT 2025","","","",""
"","1","should be able to encode the field with only FILTER set to true","ENR waku2 codec","Sun Apr 13 20:25:55 GMT 2025","passed","Sun Apr 13 20:25:55 GMT 2025","","Encoding","",""
"","0","Relay + Store","ENR","Sun Apr 13 20:25:56 GMT 2025","passed","Sun Apr 13 20:25:56 GMT 2025","","Waku2 key: decode","",""
"","1","A test","This","Sun Apr 13 20:26:58 GMT 2025","passed","Sun Apr 13 20:26:58 GMT 2025","","Is","",""
"","0","Privacy Node - default protocol","Wait for remote peer","Sun Apr 13 20:28:53 GMT 2025","passed","Sun Apr 13 20:28:53 GMT 2025","","","",""
"","0","Query with Ordered Callback, Wrong PubsubTopic","Waku Store, error handling","Sun Apr 13 20:28:07 GMT 2025","passed","Sun Apr 13 20:28:07 GMT 2025","","","",""
"","1","returns a subset of values when wanted number is lesser than available values","Discovery","Sun Apr 13 20:26:08 GMT 2025","passed","Sun Apr 13 20:26:08 GMT 2025","","","",""
"","0","should load peers from local storage and dispatch events","Local Storage Discovery","Sun Apr 13 20:26:13 GMT 2025","passed","Sun Apr 13 20:26:13 GMT 2025","","Unit Tests","",""
"","0","Push message with rate limit","Waku Light Push: Multiple Nodes: Strict Check: false","Sun Apr 13 20:36:29 GMT 2025","passed","Sun Apr 13 20:36:29 GMT 2025","","","",""
"","0","msgTime: -19000 ms from now, startTime: -19002, endTime: -19001","Waku Store, time filter","Sun Apr 13 20:28:44 GMT 2025","passed","Sun Apr 13 20:28:44 GMT 2025","","","",""
"","1","1 Store, 2 relays, 2 fetches","Fetch nodes until capabilities are fulfilled","Sun Apr 13 20:26:09 GMT 2025","passed","Sun Apr 13 20:26:09 GMT 2025","","","",""
"","1","Timestamp too far from node time: 40000 ms from now","Waku Store, time filter","Sun Apr 13 20:28:44 GMT 2025","passed","Sun Apr 13 20:28:44 GMT 2025","","","",""
"","1","Ordered Callback - false","Waku Store, order","Sun Apr 13 20:28:24 GMT 2025","passed","Sun Apr 13 20:28:24 GMT 2025","","","",""
"","1","should hash ""test123"" with n=2 and maxValue=100 correctly","hashN","Sun Apr 13 20:26:35 GMT 2025","passed","Sun Apr 13 20:26:35 GMT 2025","","","",""
"","0","should set field with only STORE enabled","ENR","Sun Apr 13 20:25:56 GMT 2025","passed","Sun Apr 13 20:25:56 GMT 2025","","waku2 key round trip","",""
"","0","should add and remove event listeners correctly","Local Storage Discovery","Sun Apr 13 20:26:13 GMT 2025","passed","Sun Apr 13 20:26:13 GMT 2025","","Unit Tests","",""
"","0","Query Generator, No message returned","Waku Store, error handling","Sun Apr 13 20:28:07 GMT 2025","passed","Sun Apr 13 20:28:07 GMT 2025","","","",""
"","1","should hash """" with n=1 and maxValue=100 correctly","hashN","Sun Apr 13 20:26:35 GMT 2025","passed","Sun Apr 13 20:26:35 GMT 2025","","","",""
"","0","should properly create location multiaddrs - udp","ENR","Sun Apr 13 20:25:56 GMT 2025","passed","Sun Apr 13 20:25:56 GMT 2025","","Location multiaddr","",""
"","2","unsubscribes","Util: toAsyncIterator: Filter","Sun Apr 13 20:28:38 GMT 2025","passed","Sun Apr 13 20:28:38 GMT 2025","","","",""
"","1","A test","This","Sun Apr 13 20:26:58 GMT 2025","passed","Sun Apr 13 20:26:58 GMT 2025","","Is also","",""
"","0","should return different streams if requested simultaniously","StreamManager","Sun Apr 13 20:26:02 GMT 2025","passed","Sun Apr 13 20:26:02 GMT 2025","","","",""
"","1","should only return 1 node with relay and store capability","DNS Node Discovery w/ capabilities","Sun Apr 13 20:26:09 GMT 2025","passed","Sun Apr 13 20:26:09 GMT 2025","","","",""
"","1","throws on content topic with empty application field","ensureValidContentTopic","Sun Apr 13 20:25:47 GMT 2025","passed","Sun Apr 13 20:25:47 GMT 2025","","","",""
"","0","should throw an error for missing sharding configuration","ensureShardingConfigured","Sun Apr 13 20:25:47 GMT 2025","passed","Sun Apr 13 20:25:47 GMT 2025","","","",""
"","0","should return false when shard is not included in network shards","IWaku utils","Sun Apr 13 20:26:27 GMT 2025","passed","Sun Apr 13 20:26:27 GMT 2025","","isShardCompatible","",""
"","0","should aggregate SingleShardInfos into a ShardInfo","singleShardInfosToShardInfo","Sun Apr 13 20:25:47 GMT 2025","passed","Sun Apr 13 20:25:47 GMT 2025","","","",""
"","0","should throw if no connection provided","StreamManager","Sun Apr 13 20:26:02 GMT 2025","passed","Sun Apr 13 20:26:02 GMT 2025","","","",""
"","2","should hash ""!@#$%^&*()"" with n=1 and maxValue=1000 correctly","hashN","Sun Apr 13 20:26:35 GMT 2025","passed","Sun Apr 13 20:26:35 GMT 2025","","","",""
"","1","throws on content topic with empty topic name field","ensureValidContentTopic","Sun Apr 13 20:25:47 GMT 2025","passed","Sun Apr 13 20:25:47 GMT 2025","","","",""
"","0","should return valid sharding parameters for content topics autosharding","ensureShardingConfigured","Sun Apr 13 20:25:47 GMT 2025","passed","Sun Apr 13 20:25:47 GMT 2025","","","",""
"","0","Query with Ordered Callback, No Decoder","Waku Store, error handling","Sun Apr 13 20:28:07 GMT 2025","passed","Sun Apr 13 20:28:07 GMT 2025","","","",""
"","1","should throw an error for missing required configuration","shardInfoToPubsubTopics","Sun Apr 13 20:25:47 GMT 2025","passed","Sun Apr 13 20:25:47 GMT 2025","","","",""
"","1","ENRTree (tree): should error if DNS tree entry is mis-prefixed","ENRTree","Sun Apr 13 20:26:09 GMT 2025","passed","Sun Apr 13 20:26:09 GMT 2025","","","",""
"","1","returns all values when wanted number matches available values","Discovery","Sun Apr 13 20:26:08 GMT 2025","passed","Sun Apr 13 20:26:08 GMT 2025","","","",""
"","1","ENRTree (root): should parse and verify and DNS root entry","ENRTree","Sun Apr 13 20:26:09 GMT 2025","passed","Sun Apr 13 20:26:09 GMT 2025","","","",""
"","0","dispatchEvent via connectionManager","Public methods","Sun Apr 13 20:27:33 GMT 2025","passed","Sun Apr 13 20:27:33 GMT 2025","","","",""
"","0","peerDiscovery without wakuPeerExchangeDiscovery","Peer Exchange","Sun Apr 13 20:28:04 GMT 2025","passed","Sun Apr 13 20:28:04 GMT 2025","","","",""
"","1","should be able to encode the field with ALL protocols set to true","ENR waku2 codec","Sun Apr 13 20:25:55 GMT 2025","passed","Sun Apr 13 20:25:55 GMT 2025","","Encoding","",""
"","1","start node with empty content topic","Autosharding: Running Nodes","Sun Apr 13 20:28:58 GMT 2025","passed","Sun Apr 13 20:28:58 GMT 2025","","","",""
"","0","should be able to decode the field with RELAY and FILTER protocols set to true","ENR waku2 codec","Sun Apr 13 20:25:55 GMT 2025","passed","Sun Apr 13 20:25:55 GMT 2025","","Decoding","",""
"","0","Generator, 2 nwaku nodes each with different pubsubtopics","Waku Store (Autosharding), custom pubsub topic","Sun Apr 13 20:28:18 GMT 2025","skipped","Sun Apr 13 20:28:18 GMT 2025","","","",""
"","4","Ordered Callback - true","Waku Store, order","Sun Apr 13 20:28:24 GMT 2025","passed","Sun Apr 13 20:28:24 GMT 2025","","","",""
"","0","should hash ""hello"" with n=2 and maxValue=10000 correctly","hashN","Sun Apr 13 20:26:35 GMT 2025","passed","Sun Apr 13 20:26:35 GMT 2025","","","",""
"","0","should not be added to outgoing buffer, bloom filter, or local log","MessageChannel","Sun Apr 13 20:26:36 GMT 2025","passed","Sun Apr 13 20:26:36 GMT 2025","","Sync messages","",""
"","0","receiving a ping from a peer does not overwrite shard info","Metadata Protocol","Sun Apr 13 20:27:08 GMT 2025","passed","Sun Apr 13 20:27:08 GMT 2025","","","",""
"","1","should emit `peer:discovery:peer-exchange` event when a peer is discovered","Events","Sun Apr 13 20:26:53 GMT 2025","passed","Sun Apr 13 20:26:53 GMT 2025","","peer:discovery","",""
"","0","msgTime: 19000 ms from now, startTime: 18990, endTime: 19010","Waku Store, time filter","Sun Apr 13 20:28:44 GMT 2025","passed","Sun Apr 13 20:28:44 GMT 2025","","","",""
"","2","Light push messages to 2 nwaku nodes each with different pubsubtopics","Waku Light Push (Autosharding): Multiple PubsubTopics","Sun Apr 13 20:27:15 GMT 2025","passed","Sun Apr 13 20:27:15 GMT 2025","","","",""
"","0","should reject on timeout if it was set","waitForRemotePeer","Sun Apr 13 20:26:28 GMT 2025","passed","Sun Apr 13 20:26:28 GMT 2025","","","",""
"","1","Correctly serialized arguments","nwaku","Sun Apr 13 20:27:02 GMT 2025","passed","Sun Apr 13 20:27:02 GMT 2025","","","",""
"","0","msgTime: -19000 ms from now, startTime: -19010, endTime: -18990","Waku Store, time filter","Sun Apr 13 20:28:44 GMT 2025","passed","Sun Apr 13 20:28:44 GMT 2025","","","",""
"","0","should respect max attempts limit","RetryManager","Sun Apr 13 20:26:27 GMT 2025","passed","Sun Apr 13 20:26:27 GMT 2025","","","",""
"","1","creates an iterator","Util: toAsyncIterator: Filter","Sun Apr 13 20:28:38 GMT 2025","passed","Sun Apr 13 20:28:38 GMT 2025","","","",""
"","0","Passing page size 11 when there are 10 messages","Waku Store, page size","Sun Apr 13 20:28:33 GMT 2025","passed","Sun Apr 13 20:28:33 GMT 2025","","","",""
"","0","should process tasks in queue","RetryManager","Sun Apr 13 20:26:27 GMT 2025","passed","Sun Apr 13 20:26:27 GMT 2025","","","",""
"","0","Push message with custom timestamp: 1744572414513","Waku Light Push: Multiple Nodes: Strict Check: false","Sun Apr 13 20:36:29 GMT 2025","passed","Sun Apr 13 20:36:29 GMT 2025","","","",""
"","0","should throw an error for non-numeric shard: /waku/2/rs/1/","pubsubTopicToSingleShardInfo with various invalid formats","Sun Apr 13 20:25:47 GMT 2025","passed","Sun Apr 13 20:25:47 GMT 2025","","","",""
"","0","Push message with JSON payload","Waku Light Push: Multiple Nodes: Strict Check: true","Sun Apr 13 20:36:29 GMT 2025","passed","Sun Apr 13 20:36:29 GMT 2025","","","",""
"","0","should return the correct m/n for k = 2, targetError = 0.1","Probabilities","Sun Apr 13 20:26:35 GMT 2025","passed","Sun Apr 13 20:26:35 GMT 2025","","","",""
"","1","Generator, 2 nwaku nodes each with different pubsubtopics","Waku Store (named sharding), custom pubsub topic","Sun Apr 13 20:28:18 GMT 2025","passed","Sun Apr 13 20:28:18 GMT 2025","","","",""
"","1","Passing page size 10 when there are 10 messages","Waku Store, page size","Sun Apr 13 20:28:33 GMT 2025","passed","Sun Apr 13 20:28:33 GMT 2025","","","",""
"","0","Generator, 2 different pubsubtopics","Waku Store (Autosharding), custom pubsub topic","Sun Apr 13 20:28:18 GMT 2025","skipped","Sun Apr 13 20:28:18 GMT 2025","","","",""
"","0","should add to incoming buffer if dependencies are not met","MessageChannel","Sun Apr 13 20:26:36 GMT 2025","passed","Sun Apr 13 20:26:36 GMT 2025","","receiving a message","",""
"","1","should hash ""Lorem ipsum dolor sit amet"" with n=5 and maxValue=100 correctly","hashN","Sun Apr 13 20:26:35 GMT 2025","passed","Sun Apr 13 20:26:35 GMT 2025","","","",""
"","5","should correctly map /waku/2/content/test.js to shard index 1","contentTopicToShardIndex","Sun Apr 13 20:25:47 GMT 2025","passed","Sun Apr 13 20:25:47 GMT 2025","","","",""
"","0","should throw an error for non-numeric clusterId: /waku/2/rs/-/1","pubsubTopicToSingleShardInfo with various invalid formats","Sun Apr 13 20:25:47 GMT 2025","passed","Sun Apr 13 20:25:47 GMT 2025","","","",""
"","0","Timestamp too far from node time: -20000 ms from now","Waku Store, time filter","Sun Apr 13 20:28:44 GMT 2025","passed","Sun Apr 13 20:28:44 GMT 2025","","","",""
"","0","should correctly encode and decode relay shards using rs format (Index List)","Relay Shard codec","Sun Apr 13 20:25:47 GMT 2025","passed","Sun Apr 13 20:25:47 GMT 2025","","","",""
"","0","should hash ""!@#$%^&*()"" with n=5 and maxValue=100 correctly","hashN","Sun Apr 13 20:26:35 GMT 2025","passed","Sun Apr 13 20:26:35 GMT 2025","","","",""
"","1","should decode valid enr successfully","ENR","Sun Apr 13 20:25:56 GMT 2025","passed","Sun Apr 13 20:25:56 GMT 2025","","Txt codec","",""
"","1","random auto sharding 2 - Cluster ID: 10, Content Topic: /app8/1/topic632/proto","Autosharding: Running Nodes","Sun Apr 13 20:28:58 GMT 2025","passed","Sun Apr 13 20:28:58 GMT 2025","","","",""
"","0","should correctly map /app/20/sometopic/someencoding to shard index 7","contentTopicToShardIndex","Sun Apr 13 20:25:47 GMT 2025","passed","Sun Apr 13 20:25:47 GMT 2025","","","",""
"","0","Passing page size 110 when there are 120 messages","Waku Store, page size","Sun Apr 13 20:28:33 GMT 2025","passed","Sun Apr 13 20:28:33 GMT 2025","","","",""
"","1","should initialize with default number of peers","PeerManager","Sun Apr 13 20:26:27 GMT 2025","passed","Sun Apr 13 20:26:27 GMT 2025","","","",""
"","1","should emit a peer event after start","Peer Exchange","Sun Apr 13 20:27:40 GMT 2025","passed","Sun Apr 13 20:27:40 GMT 2025","interface-peer-discovery compliance tests","Compliance Test","",""
"","0","random auto sharding 6 - Cluster ID: 10, Content Topic: /app31/4/topic813/utf8","Autosharding: Running Nodes","Sun Apr 13 20:28:58 GMT 2025","passed","Sun Apr 13 20:28:58 GMT 2025","","","",""
"","0","Push message with Arabic payload","Waku Light Push: Multiple Nodes: Strict Check: true","Sun Apr 13 20:36:29 GMT 2025","passed","Sun Apr 13 20:36:29 GMT 2025","","","",""
"","2","tcp ip4 address","Multiaddr from fields","Sun Apr 13 20:25:55 GMT 2025","passed","Sun Apr 13 20:25:55 GMT 2025","","","",""
"","0","using a protocol with unconfigured pubsub topic should fail","Autosharding: Running Nodes","Sun Apr 13 20:28:58 GMT 2025","passed","Sun Apr 13 20:28:58 GMT 2025","","","",""
"","1","Push message with unicode special characters payload","Waku Light Push: Multiple Nodes: Strict Check: false","Sun Apr 13 20:36:29 GMT 2025","passed","Sun Apr 13 20:36:29 GMT 2025","","","",""
"","1","should hash ""!@#$%^&*()"" with n=2 and maxValue=1000 correctly","hashN","Sun Apr 13 20:26:35 GMT 2025","passed","Sun Apr 13 20:26:35 GMT 2025","","","",""
"","0","Fails to push message bigger that 1MB","Waku Light Push: Multiple Nodes: Strict Check: true","Sun Apr 13 20:36:29 GMT 2025","passed","Sun Apr 13 20:36:29 GMT 2025","","","",""
"","0","should decode valid ENR with multiaddrs successfully [shared test vector]","ENR","Sun Apr 13 20:25:56 GMT 2025","passed","Sun Apr 13 20:25:56 GMT 2025","","Txt codec","",""
"","0","should hash ""!@#$%^&*()"" with n=0 and maxValue=1000 correctly","hashN","Sun Apr 13 20:26:35 GMT 2025","passed","Sun Apr 13 20:26:35 GMT 2025","","","",""
"","1","shard 0","Static Sharding: Running Nodes","Sun Apr 13 20:29:25 GMT 2025","passed","Sun Apr 13 20:29:25 GMT 2025","","","",""
"","1","should reject if Relay is requested but not mounted","waitForRemotePeer","Sun Apr 13 20:26:28 GMT 2025","passed","Sun Apr 13 20:26:28 GMT 2025","","","",""
"","0","should only return 1 node with relay capability","DNS Node Discovery w/ capabilities","Sun Apr 13 20:26:09 GMT 2025","passed","Sun Apr 13 20:26:09 GMT 2025","","","",""
"","1","should not fail to start the service if it is already started","Peer Exchange","Sun Apr 13 20:27:40 GMT 2025","passed","Sun Apr 13 20:27:40 GMT 2025","interface-peer-discovery compliance tests","Compliance Test","",""
"","1","caches peers it previously fetched","DNS Node Discovery","Sun Apr 13 20:26:09 GMT 2025","passed","Sun Apr 13 20:26:09 GMT 2025","","","",""
"","0","Generator, custom pubsub topic","Waku Store (Autosharding), custom pubsub topic","Sun Apr 13 20:28:18 GMT 2025","skipped","Sun Apr 13 20:28:18 GMT 2025","","","",""
"","1","should increase lamport timestamp","MessageChannel","Sun Apr 13 20:26:36 GMT 2025","passed","Sun Apr 13 20:26:36 GMT 2025","","sending a message ","",""
"","0","getPeersByDiscovery","Public methods","Sun Apr 13 20:27:33 GMT 2025","passed","Sun Apr 13 20:27:33 GMT 2025","","","",""
"","0","should hash ""Lorem ipsum dolor sit amet"" with n=0 and maxValue=1000 correctly","hashN","Sun Apr 13 20:26:35 GMT 2025","passed","Sun Apr 13 20:26:35 GMT 2025","","","",""
"","0","should hash """" with n=2 and maxValue=10000 correctly","hashN","Sun Apr 13 20:26:35 GMT 2025","passed","Sun Apr 13 20:26:35 GMT 2025","","","",""
"","0","Query Generator, Multiple PubsubTopics","Waku Store, error handling","Sun Apr 13 20:28:07 GMT 2025","passed","Sun Apr 13 20:28:07 GMT 2025","","","",""
"","0","should return a calculated topic if SingleShardInfo is provided","determinePubsubTopic","Sun Apr 13 20:25:47 GMT 2025","passed","Sun Apr 13 20:25:47 GMT 2025","","","",""
"","0","Cluster ID 0 - Default/Global Cluster","Autosharding: Running Nodes","Sun Apr 13 20:28:58 GMT 2025","passed","Sun Apr 13 20:28:58 GMT 2025","","","",""
"","1","Push message with Arabic payload","Waku Light Push: Multiple Nodes: Strict Check: false","Sun Apr 13 20:36:29 GMT 2025","passed","Sun Apr 13 20:36:29 GMT 2025","","","",""
"","1","ENRTree (root): should error if DNS root entry is malformed","ENRTree","Sun Apr 13 20:26:09 GMT 2025","passed","Sun Apr 13 20:26:09 GMT 2025","","","",""
"","0","Passing cursor with wrong pubsubTopic","Waku Store, cursor","Sun Apr 13 20:27:54 GMT 2025","passed","Sun Apr 13 20:27:54 GMT 2025","","","",""
"","1","should correctly map /toychat/2/huilong/proto to shard index 3","contentTopicToShardIndex","Sun Apr 13 20:25:47 GMT 2025","passed","Sun Apr 13 20:25:47 GMT 2025","","","",""
"","1","Query generator for multiple messages with multiple decoders","Waku Store, general","Sun Apr 13 20:28:42 GMT 2025","passed","Sun Apr 13 20:28:42 GMT 2025","","","",""
"","0","should transition to Unhealthy when no connections","HealthIndicator","Sun Apr 13 20:26:27 GMT 2025","passed","Sun Apr 13 20:26:27 GMT 2025","","","",""
"","0","1 Relay, 1 Filter, gives up","Fetch nodes until capabilities are fulfilled","Sun Apr 13 20:26:09 GMT 2025","passed","Sun Apr 13 20:26:09 GMT 2025","","","",""
"","1","should wait for Store peer to be connected","waitForRemotePeer","Sun Apr 13 20:26:28 GMT 2025","passed","Sun Apr 13 20:26:28 GMT 2025","","","",""
"","3","should encode/decode to RLP encoding","ENR","Sun Apr 13 20:25:56 GMT 2025","passed","Sun Apr 13 20:25:56 GMT 2025","","Static tests","",""
"","0","should not receive a peer event before start","Local Storage Discovery","Sun Apr 13 20:26:13 GMT 2025","passed","Sun Apr 13 20:26:13 GMT 2025","interface-peer-discovery compliance tests","Compliance Tests","",""
"","0","isConnected should return false after all peers disconnect","Connection state","Sun Apr 13 20:27:13 GMT 2025","passed","Sun Apr 13 20:27:13 GMT 2025","","","",""
"","0","Push message with special chars payload","Waku Light Push: Multiple Nodes: Strict Check: true","Sun Apr 13 20:36:29 GMT 2025","passed","Sun Apr 13 20:36:29 GMT 2025","","","",""
"","0","random auto sharding 3 - Cluster ID: 10, Content Topic: /app74/8/topic282/json","Autosharding: Running Nodes","Sun Apr 13 20:28:58 GMT 2025","passed","Sun Apr 13 20:28:58 GMT 2025","","","",""
"","1","configure the node with multiple pubsub topics","Static Sharding: Running Nodes","Sun Apr 13 20:29:25 GMT 2025","passed","Sun Apr 13 20:29:25 GMT 2025","","Others","",""
"","0","should hash ""test123"" with n=5 and maxValue=1000 correctly","hashN","Sun Apr 13 20:26:35 GMT 2025","passed","Sun Apr 13 20:26:35 GMT 2025","","","",""
"","0","should not fail to stop the service if it was not started","Peer Exchange","Sun Apr 13 20:27:40 GMT 2025","passed","Sun Apr 13 20:27:40 GMT 2025","interface-peer-discovery compliance tests","Compliance Test","",""
"","0","Push message with content topic containing Basic HTML tag","Waku Light Push: Multiple Nodes: Strict Check: true","Sun Apr 13 20:36:29 GMT 2025","passed","Sun Apr 13 20:36:29 GMT 2025","","","",""
"","0","should initialize with custom number of peers","PeerManager","Sun Apr 13 20:26:27 GMT 2025","passed","Sun Apr 13 20:26:27 GMT 2025","","","",""
"","0","should correctly map /app/22/sometopic/someencoding to shard index 2","contentTopicToShardIndex","Sun Apr 13 20:25:47 GMT 2025","passed","Sun Apr 13 20:25:47 GMT 2025","","","",""
"","0","Push message with emoji payload","Waku Light Push: Multiple Nodes: Strict Check: false","Sun Apr 13 20:36:29 GMT 2025","passed","Sun Apr 13 20:36:29 GMT 2025","","","",""
"","0","should properly create location multiaddrs - tcp4","ENR","Sun Apr 13 20:25:56 GMT 2025","passed","Sun Apr 13 20:25:56 GMT 2025","","Location multiaddr","",""
"","0","random static sharding 8 - Cluster ID: 502, Shard ID: 22","Static Sharding: Running Nodes","Sun Apr 13 20:29:25 GMT 2025","passed","Sun Apr 13 20:29:25 GMT 2025","","","",""
"","0","should set field with all protocols enabled","ENR","Sun Apr 13 20:25:56 GMT 2025","passed","Sun Apr 13 20:25:56 GMT 2025","","waku2 key round trip","",""
"","0","should start and stop interval correctly","RetryManager","Sun Apr 13 20:26:27 GMT 2025","passed","Sun Apr 13 20:26:27 GMT 2025","","","",""
"","1","Filter","Wait for remote peer","Sun Apr 13 20:28:53 GMT 2025","passed","Sun Apr 13 20:28:53 GMT 2025","","","",""
"","1","retrieves a single peer","DNS Node Discovery","Sun Apr 13 20:26:09 GMT 2025","passed","Sun Apr 13 20:26:09 GMT 2025","","","",""
"","0","should throw error - no public key","ENR","Sun Apr 13 20:25:56 GMT 2025","passed","Sun Apr 13 20:25:56 GMT 2025","","Txt codec","",""
"","1","should throw an error for invalid PubsubTopic format: /waku/1/rs/1/2","pubsubTopicToSingleShardInfo with various invalid formats","Sun Apr 13 20:25:47 GMT 2025","passed","Sun Apr 13 20:25:47 GMT 2025","","","",""
"","0","should properly compute the node id","ENR","Sun Apr 13 20:25:56 GMT 2025","passed","Sun Apr 13 20:25:56 GMT 2025","","Static tests","",""
"","0","should hash """" with n=0 and maxValue=10000 correctly","hashN","Sun Apr 13 20:26:35 GMT 2025","passed","Sun Apr 13 20:26:35 GMT 2025","","","",""
"","1","should hash """" with n=1 and maxValue=10000 correctly","hashN","Sun Apr 13 20:26:35 GMT 2025","passed","Sun Apr 13 20:26:35 GMT 2025","","","",""
"","0","Reusing cursor across nodes","Waku Store, cursor","Sun Apr 13 20:27:54 GMT 2025","passed","Sun Apr 13 20:27:54 GMT 2025","","","",""
"","1","Push message with custom timestamp: 1713817614512","Waku Light Push: Multiple Nodes: Strict Check: true","Sun Apr 13 20:36:29 GMT 2025","passed","Sun Apr 13 20:36:29 GMT 2025","","","",""
"","0","should reject if LightPush is requested but not mounted","waitForRemotePeer","Sun Apr 13 20:26:28 GMT 2025","passed","Sun Apr 13 20:26:28 GMT 2025","","","",""
"","0","should push the message to the outgoing buffer","MessageChannel","Sun Apr 13 20:26:36 GMT 2025","passed","Sun Apr 13 20:26:36 GMT 2025","","sending a message ","",""
"","1","should reject if Filter is requested but not mounted","waitForRemotePeer","Sun Apr 13 20:26:28 GMT 2025","passed","Sun Apr 13 20:26:28 GMT 2025","","","",""
"","0","Push message with content topic containing special chars","Waku Light Push: Multiple Nodes: Strict Check: true","Sun Apr 13 20:36:29 GMT 2025","passed","Sun Apr 13 20:36:29 GMT 2025","","","",""
"","0","Push message with content topic containing short","Waku Light Push: Multiple Nodes: Strict Check: false","Sun Apr 13 20:36:29 GMT 2025","passed","Sun Apr 13 20:36:29 GMT 2025","","","",""
"","0","Light Node - default protocols","Wait for remote peer","Sun Apr 13 20:28:53 GMT 2025","passed","Sun Apr 13 20:28:53 GMT 2025","","","",""
"","0","returns all values when wanted number is greater than available values","Discovery","Sun Apr 13 20:26:08 GMT 2025","passed","Sun Apr 13 20:26:08 GMT 2025","","","",""
"","1","Push message with numeric payload","Waku Light Push: Multiple Nodes: Strict Check: false","Sun Apr 13 20:36:29 GMT 2025","passed","Sun Apr 13 20:36:29 GMT 2025","","","",""
"","1","should process correctly when SingleShardInfo has no clusterId but has a shard","determinePubsubTopic","Sun Apr 13 20:25:47 GMT 2025","passed","Sun Apr 13 20:25:47 GMT 2025","","","",""
"","1","should update peers in local storage on 'peer:identify' event","Local Storage Discovery","Sun Apr 13 20:26:13 GMT 2025","passed","Sun Apr 13 20:26:13 GMT 2025","","Unit Tests","",""
"","0","should emit `waku:offline` event only when all peers disconnect","Connection state","Sun Apr 13 20:27:13 GMT 2025","passed","Sun Apr 13 20:27:13 GMT 2025","","","",""
"","0","should properly create location multiaddrs - tcp6","ENR","Sun Apr 13 20:25:56 GMT 2025","passed","Sun Apr 13 20:25:56 GMT 2025","","Location multiaddr","",""
"","1","Query with Promise Callback, No message returned","Waku Store, error handling","Sun Apr 13 20:28:07 GMT 2025","passed","Sun Apr 13 20:28:07 GMT 2025","","","",""
"","1","random static sharding 5 - Cluster ID: 416, Shard ID: 364","Static Sharding: Running Nodes","Sun Apr 13 20:29:25 GMT 2025","passed","Sun Apr 13 20:29:25 GMT 2025","","","",""
"","0","Push message with content topic containing special chars","Waku Light Push: Multiple Nodes: Strict Check: false","Sun Apr 13 20:36:29 GMT 2025","passed","Sun Apr 13 20:36:29 GMT 2025","","","",""
"","0","should be able to decode the field with only STORE set to true","ENR waku2 codec","Sun Apr 13 20:25:55 GMT 2025","passed","Sun Apr 13 20:25:55 GMT 2025","","Decoding","",""
"","0","Passing invalid cursor","Waku Store, cursor","Sun Apr 13 20:27:54 GMT 2025","passed","Sun Apr 13 20:27:54 GMT 2025","","","",""
"","0","should throw an error for non-numeric clusterId: /waku/2/rs/\/1","pubsubTopicToSingleShardInfo with various invalid formats","Sun Apr 13 20:25:47 GMT 2025","passed","Sun Apr 13 20:25:47 GMT 2025","","","",""
"","0","should return the correct m/n for k = 7, targetError = 0.001","Probabilities","Sun Apr 13 20:26:35 GMT 2025","passed","Sun Apr 13 20:26:35 GMT 2025","","","",""
"","0","Query with Ordered Callback, Multiple PubsubTopics","Waku Store, error handling","Sun Apr 13 20:28:07 GMT 2025","passed","Sun Apr 13 20:28:07 GMT 2025","","","",""
"","0","should hash ""!@#$%^&*()"" with n=5 and maxValue=1000 correctly","hashN","Sun Apr 13 20:26:35 GMT 2025","passed","Sun Apr 13 20:26:35 GMT 2025","","","",""
"","0","should hash ""!@#$%^&*()"" with n=5 and maxValue=10000 correctly","hashN","Sun Apr 13 20:26:35 GMT 2025","passed","Sun Apr 13 20:26:35 GMT 2025","","","",""
"","1","Push message with Script payload","Waku Light Push: Multiple Nodes: Strict Check: false","Sun Apr 13 20:36:29 GMT 2025","passed","Sun Apr 13 20:36:29 GMT 2025","","","",""
"","0","should convert content topics to PubsubTopics for autosharding","shardInfoToPubsubTopics","Sun Apr 13 20:25:47 GMT 2025","passed","Sun Apr 13 20:25:47 GMT 2025","","","",""
"","0","Push message with long payload","Waku Light Push: Multiple Nodes: Strict Check: false","Sun Apr 13 20:36:29 GMT 2025","passed","Sun Apr 13 20:36:29 GMT 2025","","","",""
"","1","Push message with Chinese payload","Waku Light Push: Multiple Nodes: Strict Check: true","Sun Apr 13 20:36:29 GMT 2025","passed","Sun Apr 13 20:36:29 GMT 2025","","","",""
"","0","should be called for bootstrap peers","Dials","Sun Apr 13 20:27:00 GMT 2025","passed","Sun Apr 13 20:27:00 GMT 2025","For bootstrap peers","dialPeer method","",""
"","0","LightPush","Wait for remote peer","Sun Apr 13 20:28:53 GMT 2025","passed","Sun Apr 13 20:28:53 GMT 2025","","","",""
"","0","should hash ""Lorem ipsum dolor sit amet"" with n=0 and maxValue=100 correctly","hashN","Sun Apr 13 20:26:35 GMT 2025","passed","Sun Apr 13 20:26:35 GMT 2025","","","",""
"","0","should correctly map /statusim/1/community/cbor to shard index 4","contentTopicToShardIndex","Sun Apr 13 20:25:47 GMT 2025","passed","Sun Apr 13 20:25:47 GMT 2025","","","",""
"","1","should return usable stream attached to connection","StreamManager","Sun Apr 13 20:26:02 GMT 2025","passed","Sun Apr 13 20:26:02 GMT 2025","","","",""
"","0","should get / set TCP multiaddr","ENR","Sun Apr 13 20:25:56 GMT 2025","passed","Sun Apr 13 20:25:56 GMT 2025","","Multiaddr getters and setters","",""
"","0","should remove messages without delivering if timeout is exceeded","MessageChannel","Sun Apr 13 20:26:36 GMT 2025","passed","Sun Apr 13 20:26:36 GMT 2025","","Sweeping incoming buffer","",""
"","0","Push message with content topic containing escaped characters","Waku Light Push: Multiple Nodes: Strict Check: false","Sun Apr 13 20:36:29 GMT 2025","passed","Sun Apr 13 20:36:29 GMT 2025","","","",""
"","0","Push message with content topic containing Arabic","Waku Light Push: Multiple Nodes: Strict Check: true","Sun Apr 13 20:36:29 GMT 2025","passed","Sun Apr 13 20:36:29 GMT 2025","","","",""
"","1","peer:update - should not schedule stream creation IF protocol hit AND stream found on connection","StreamManager","Sun Apr 13 20:26:02 GMT 2025","passed","Sun Apr 13 20:26:02 GMT 2025","","","",""
"","0","should hash """" with n=0 and maxValue=100 correctly","hashN","Sun Apr 13 20:26:35 GMT 2025","passed","Sun Apr 13 20:26:35 GMT 2025","","","",""
"","1","should hash ""!@#$%^&*()"" with n=2 and maxValue=100 correctly","hashN","Sun Apr 13 20:26:35 GMT 2025","passed","Sun Apr 13 20:26:35 GMT 2025","","","",""
"","0","should throw an error if shards are undefined for static sharding","shardInfoToPubsubTopics","Sun Apr 13 20:25:47 GMT 2025","passed","Sun Apr 13 20:25:47 GMT 2025","","","",""
"","0","should hash ""hello"" with n=2 and maxValue=100 correctly","hashN","Sun Apr 13 20:26:35 GMT 2025","passed","Sun Apr 13 20:26:35 GMT 2025","","","",""
"","0","should increase lamport timestamp","MessageChannel","Sun Apr 13 20:26:36 GMT 2025","passed","Sun Apr 13 20:26:36 GMT 2025","","receiving a message","",""
"","0","stop","Public methods","Sun Apr 13 20:27:33 GMT 2025","passed","Sun Apr 13 20:27:33 GMT 2025","","","",""
"","0","should update ack status of messages in outgoing buffer","MessageChannel","Sun Apr 13 20:26:36 GMT 2025","passed","Sun Apr 13 20:26:36 GMT 2025","","Sync messages","",""
"","1","Waku message hash computation (no timestamp)","RFC Test Vectors","Sun Apr 13 20:25:50 GMT 2025","passed","Sun Apr 13 20:25:50 GMT 2025","","","",""
"","0","should serialize and deserialize correctly","BloomFilter","Sun Apr 13 20:26:37 GMT 2025","passed","Sun Apr 13 20:26:37 GMT 2025","","","",""
"","0","should throw an error for invalid PubsubTopic format: /waku/2/r/1/2","pubsubTopicToSingleShardInfo with various invalid formats","Sun Apr 13 20:25:47 GMT 2025","passed","Sun Apr 13 20:25:47 GMT 2025","","","",""
"","1","Wrong topic","Autosharding: Running Nodes","Sun Apr 13 20:28:58 GMT 2025","passed","Sun Apr 13 20:28:58 GMT 2025","","","",""
"","1","should be sent with empty content","MessageChannel","Sun Apr 13 20:26:36 GMT 2025","passed","Sun Apr 13 20:26:36 GMT 2025","","Sync messages","",""
"","1","should throw an error for non-numeric shard: /waku/2/rs/1/\","pubsubTopicToSingleShardInfo with various invalid formats","Sun Apr 13 20:25:47 GMT 2025","passed","Sun Apr 13 20:25:47 GMT 2025","","","",""
"","0","px service nodes not subscribed to the shard should not be dialed","Static Sharding: Peer Management","Sun Apr 13 20:28:15 GMT 2025","passed","Sun Apr 13 20:28:15 GMT 2025","","Peer Exchange","",""
"","0","Sample","ENR multiaddrs codec","Sun Apr 13 20:25:55 GMT 2025","passed","Sun Apr 13 20:25:55 GMT 2025","","","",""
"","0","ENRTree (tree): should parse a DNS tree entry","ENRTree","Sun Apr 13 20:26:09 GMT 2025","passed","Sun Apr 13 20:26:09 GMT 2025","","","",""
"","0","Push message with escaped characters payload","Waku Light Push: Multiple Nodes: Strict Check: false","Sun Apr 13 20:36:29 GMT 2025","passed","Sun Apr 13 20:36:29 GMT 2025","","","",""
"","0","Push message with Script payload","Waku Light Push: Multiple Nodes: Strict Check: true","Sun Apr 13 20:36:29 GMT 2025","passed","Sun Apr 13 20:36:29 GMT 2025","","","",""
"","1","Passing page size 1 when there are 4 messages","Waku Store, page size","Sun Apr 13 20:28:33 GMT 2025","passed","Sun Apr 13 20:28:33 GMT 2025","","","",""
"","1","Push message equal or less that 1MB","Waku Light Push: Multiple Nodes: Strict Check: true","Sun Apr 13 20:36:29 GMT 2025","passed","Sun Apr 13 20:36:29 GMT 2025","","","",""
"","1","throws on content topic with non-number generation field","ensureValidContentTopic","Sun Apr 13 20:25:47 GMT 2025","passed","Sun Apr 13 20:25:47 GMT 2025","","","",""
"","0","should hash ""test123"" with n=2 and maxValue=1000 correctly","hashN","Sun Apr 13 20:26:35 GMT 2025","passed","Sun Apr 13 20:26:35 GMT 2025","","","",""
"","0","should throw an error for non-numeric shard: /waku/2/rs/1/$","pubsubTopicToSingleShardInfo with various invalid formats","Sun Apr 13 20:25:47 GMT 2025","passed","Sun Apr 13 20:25:47 GMT 2025","","","",""
"","0","1 Relay, 1 fetch","Fetch nodes until capabilities are fulfilled","Sun Apr 13 20:26:09 GMT 2025","passed","Sun Apr 13 20:26:09 GMT 2025","","","",""
"","1","Store - dialed first","Wait for remote peer","Sun Apr 13 20:28:53 GMT 2025","passed","Sun Apr 13 20:28:53 GMT 2025","","","",""
"","0","should throw an error for non-numeric shard: /waku/2/rs/1/y","pubsubTopicToSingleShardInfo with various invalid formats","Sun Apr 13 20:25:47 GMT 2025","passed","Sun Apr 13 20:25:47 GMT 2025","","","",""
"","1","Generator, custom pubsub topic","Waku Store, custom pubsub topic","Sun Apr 13 20:28:18 GMT 2025","passed","Sun Apr 13 20:28:18 GMT 2025","","","",""
"","0","Push message with special chars payload","Waku Light Push: Multiple Nodes: Strict Check: false","Sun Apr 13 20:36:29 GMT 2025","passed","Sun Apr 13 20:36:29 GMT 2025","","","",""
"","5","should hash ""hello"" with n=0 and maxValue=1000 correctly","hashN","Sun Apr 13 20:26:35 GMT 2025","passed","Sun Apr 13 20:26:35 GMT 2025","","","",""
"","0","Push message with content topic containing XML","Waku Light Push: Multiple Nodes: Strict Check: false","Sun Apr 13 20:36:29 GMT 2025","passed","Sun Apr 13 20:36:29 GMT 2025","","","",""
"","0","should hash ""Lorem ipsum dolor sit amet"" with n=1 and maxValue=100 correctly","hashN","Sun Apr 13 20:26:35 GMT 2025","passed","Sun Apr 13 20:26:35 GMT 2025","","","",""
"","1","Waku message hash computation (meta size of 12 bytes)","RFC Test Vectors","Sun Apr 13 20:25:50 GMT 2025","passed","Sun Apr 13 20:25:50 GMT 2025","","","",""
"","0","Generator, 2 different pubsubtopics","Waku Store, custom pubsub topic","Sun Apr 13 20:28:18 GMT 2025","passed","Sun Apr 13 20:28:18 GMT 2025","","","",""
"","0","should mark all messages in causal history as acknowledged","MessageChannel","Sun Apr 13 20:26:36 GMT 2025","passed","Sun Apr 13 20:26:36 GMT 2025","","reviewing ack status","",""
"","1","does not throw on valid cases","ensureValidContentTopic","Sun Apr 13 20:25:47 GMT 2025","passed","Sun Apr 13 20:25:47 GMT 2025","","","",""
"","0","should throw an error for non-numeric clusterId: /waku/2/rs/y/1","pubsubTopicToSingleShardInfo with various invalid formats","Sun Apr 13 20:25:47 GMT 2025","passed","Sun Apr 13 20:25:47 GMT 2025","","","",""
"","1","All","ENR Interop: ServiceNode","Sun Apr 13 20:26:58 GMT 2025","passed","Sun Apr 13 20:26:58 GMT 2025","","","",""
"","0","should use DNS peer discovery with light client","DNS Node Discovery [live data]","Sun Apr 13 20:26:57 GMT 2025","skipped","Sun Apr 13 20:26:57 GMT 2025","","","",""
"","1","should be able to decode the field with STORE and LIGHTPUSH protocols set to true","ENR waku2 codec","Sun Apr 13 20:25:55 GMT 2025","passed","Sun Apr 13 20:25:55 GMT 2025","","Decoding","",""
"","0","should hash ""!@#$%^&*()"" with n=0 and maxValue=100 correctly","hashN","Sun Apr 13 20:26:35 GMT 2025","passed","Sun Apr 13 20:26:35 GMT 2025","","","",""
"","1","should throw an error for non-numeric shard: /waku/2/rs/1/x","pubsubTopicToSingleShardInfo with various invalid formats","Sun Apr 13 20:25:47 GMT 2025","passed","Sun Apr 13 20:25:47 GMT 2025","","","",""
"","0","should properly create location multiaddrs - udp4","ENR","Sun Apr 13 20:25:56 GMT 2025","passed","Sun Apr 13 20:25:56 GMT 2025","","Location multiaddr","",""
"","0","Push message with content topic containing short","Waku Light Push: Multiple Nodes: Strict Check: true","Sun Apr 13 20:36:29 GMT 2025","passed","Sun Apr 13 20:36:29 GMT 2025","","","",""
"","1","addEventListener with correct event","Public methods","Sun Apr 13 20:27:33 GMT 2025","passed","Sun Apr 13 20:27:33 GMT 2025","","","",""
"","0","configure the node with multiple content topics","Autosharding: Running Nodes","Sun Apr 13 20:28:58 GMT 2025","passed","Sun Apr 13 20:28:58 GMT 2025","","","",""
"","1","Query with Ordered Callback, No message returned","Waku Store, error handling","Sun Apr 13 20:28:07 GMT 2025","passed","Sun Apr 13 20:28:07 GMT 2025","","","",""
"","11","should hash ""test123"" with n=0 and maxValue=10000 correctly","hashN","Sun Apr 13 20:26:35 GMT 2025","passed","Sun Apr 13 20:26:35 GMT 2025","","","",""
"","1","returns only open connection if one present","selectOpenConnection","Sun Apr 13 20:26:01 GMT 2025","passed","Sun Apr 13 20:26:01 GMT 2025","","","",""
"","0","should not throw an error for a single configured topic","ensurePubsubTopicIsConfigured","Sun Apr 13 20:25:47 GMT 2025","passed","Sun Apr 13 20:25:47 GMT 2025","","","",""
"","0","Callback on promise, aborts when callback returns true","Waku Store, general","Sun Apr 13 20:28:42 GMT 2025","passed","Sun Apr 13 20:28:42 GMT 2025","","","",""
"","0","should maintain desired error rate","BloomFilter","Sun Apr 13 20:26:37 GMT 2025","passed","Sun Apr 13 20:26:37 GMT 2025","","","",""
"","0","Throws when trying to push message with empty payload","Waku Light Push: Multiple Nodes: Strict Check: true","Sun Apr 13 20:36:29 GMT 2025","passed","Sun Apr 13 20:36:29 GMT 2025","","","",""
"","0","should get locked peers","PeerManager","Sun Apr 13 20:26:27 GMT 2025","passed","Sun Apr 13 20:26:27 GMT 2025","","","",""
"","0","should set field with only FILTER enabled","ENR","Sun Apr 13 20:25:56 GMT 2025","passed","Sun Apr 13 20:25:56 GMT 2025","","waku2 key round trip","",""
"","0","should request renew when peer disconnects","PeerManager","Sun Apr 13 20:26:27 GMT 2025","passed","Sun Apr 13 20:26:27 GMT 2025","","","",""
"","0","should be able to decode the field with ALL protocols set to false","ENR waku2 codec","Sun Apr 13 20:25:55 GMT 2025","passed","Sun Apr 13 20:25:55 GMT 2025","","Decoding","",""
"","0","wrong wakuPeerExchangeDiscovery pubsub topic","Peer Exchange","Sun Apr 13 20:28:04 GMT 2025","skipped","Sun Apr 13 20:28:04 GMT 2025","","","",""
"","1","Push message with meta","Waku Light Push: Multiple Nodes: Strict Check: true","Sun Apr 13 20:36:29 GMT 2025","passed","Sun Apr 13 20:36:29 GMT 2025","","","",""
"","0","Push message with Basic HTML tag payload","Waku Light Push: Multiple Nodes: Strict Check: true","Sun Apr 13 20:36:29 GMT 2025","passed","Sun Apr 13 20:36:29 GMT 2025","","","",""
"","0","should return Multiaddr when Multiaddr input is provided","IWaku utils","Sun Apr 13 20:26:27 GMT 2025","passed","Sun Apr 13 20:26:27 GMT 2025","","mapToPeerIdOrMultiaddr","",""
"","1","Generator, 2 different pubsubtopics","Waku Store (named sharding), custom pubsub topic","Sun Apr 13 20:28:18 GMT 2025","passed","Sun Apr 13 20:28:18 GMT 2025","","","",""
"","1","should hash ""!@#$%^&*()"" with n=2 and maxValue=10000 correctly","hashN","Sun Apr 13 20:26:35 GMT 2025","passed","Sun Apr 13 20:26:35 GMT 2025","","","",""
"","1","Relay + Store","ENR Interop: ServiceNode","Sun Apr 13 20:26:58 GMT 2025","passed","Sun Apr 13 20:26:58 GMT 2025","","","",""
"","0","should derive a pubsub topic using contentTopic when SingleShardInfo only contains clusterId","determinePubsubTopic","Sun Apr 13 20:25:47 GMT 2025","passed","Sun Apr 13 20:25:47 GMT 2025","","","",""
"","0","Push message with content topic containing JSON","Waku Light Push: Multiple Nodes: Strict Check: true","Sun Apr 13 20:36:29 GMT 2025","passed","Sun Apr 13 20:36:29 GMT 2025","","","",""
"","0","Passing a valid cursor at 0 index when there are 20 messages","Waku Store, cursor","Sun Apr 13 20:27:54 GMT 2025","passed","Sun Apr 13 20:27:54 GMT 2025","","","",""
"","0","Store - dialed after - with timeout","Wait for remote peer","Sun Apr 13 20:28:53 GMT 2025","passed","Sun Apr 13 20:28:53 GMT 2025","","","",""
"","1","should not receive a peer event after stop","DNS Discovery: Compliance Test","Sun Apr 13 20:26:57 GMT 2025","passed","Sun Apr 13 20:26:57 GMT 2025","","interface-peer-discovery compliance tests","",""
"","1","should return the correct m/n for k = 7, targetError = 0.01","Probabilities","Sun Apr 13 20:26:35 GMT 2025","passed","Sun Apr 13 20:26:35 GMT 2025","","","",""
"","0","should hash ""!@#$%^&*()"" with n=1 and maxValue=10000 correctly","hashN","Sun Apr 13 20:26:35 GMT 2025","passed","Sun Apr 13 20:26:35 GMT 2025","","","",""
"","8","should use shardsUnderCluster when provided","IWaku utils","Sun Apr 13 20:26:27 GMT 2025","passed","Sun Apr 13 20:26:27 GMT 2025","","decoderParamsToShardInfo","",""
"","0","throws on content topic with generation field greater than 0","ensureValidContentTopic","Sun Apr 13 20:25:47 GMT 2025","passed","Sun Apr 13 20:25:47 GMT 2025","","","",""
"","0","should emit a peer event after start","Local Storage Discovery","Sun Apr 13 20:26:13 GMT 2025","passed","Sun Apr 13 20:26:13 GMT 2025","interface-peer-discovery compliance tests","Compliance Tests","",""
"","0","peer:update - should do nothing if another protocol hit","StreamManager","Sun Apr 13 20:26:02 GMT 2025","passed","Sun Apr 13 20:26:02 GMT 2025","","","",""
"","0","1 Store, 2 fetches","Fetch nodes until capabilities are fulfilled","Sun Apr 13 20:26:09 GMT 2025","passed","Sun Apr 13 20:26:09 GMT 2025","","","",""
"","0","listenerCount","Public methods","Sun Apr 13 20:27:33 GMT 2025","passed","Sun Apr 13 20:27:33 GMT 2025","","","",""
"","0","Passing page size 3 when there are 20 messages","Waku Store, page size","Sun Apr 13 20:28:33 GMT 2025","passed","Sun Apr 13 20:28:33 GMT 2025","","","",""
"","0","should wait for Filter peer to be connected","waitForRemotePeer","Sun Apr 13 20:26:28 GMT 2025","passed","Sun Apr 13 20:26:28 GMT 2025","","","",""
"","0","should hash ""test123"" with n=2 and maxValue=10000 correctly","hashN","Sun Apr 13 20:26:35 GMT 2025","passed","Sun Apr 13 20:26:35 GMT 2025","","","",""
"","0","Push message with custom timestamp: 1744572414512","Waku Light Push: Multiple Nodes: Strict Check: true","Sun Apr 13 20:36:29 GMT 2025","passed","Sun Apr 13 20:36:29 GMT 2025","","","",""
"","1","removeEventListener with correct event","Public methods","Sun Apr 13 20:27:33 GMT 2025","passed","Sun Apr 13 20:27:33 GMT 2025","","","",""
"","0","Query Generator, No Decoder","Waku Store, error handling","Sun Apr 13 20:28:07 GMT 2025","passed","Sun Apr 13 20:28:07 GMT 2025","","","",""
"","0","peer:update - should schedule stream creation IF protocol hit AND no stream found on connection","StreamManager","Sun Apr 13 20:26:02 GMT 2025","passed","Sun Apr 13 20:26:02 GMT 2025","","","",""
"","1","should be able to encode the field with STORE and LIGHTPUSH protocols set to true","ENR waku2 codec","Sun Apr 13 20:25:55 GMT 2025","passed","Sun Apr 13 20:25:55 GMT 2025","","Encoding","",""
"","0","should call waitForPeer on Relay","waitForRemotePeer","Sun Apr 13 20:26:28 GMT 2025","passed","Sun Apr 13 20:26:28 GMT 2025","","","",""
"","0","msgTime: -19000 ms from now, startTime: -18990, endTime: -19010","Waku Store, time filter","Sun Apr 13 20:28:44 GMT 2025","passed","Sun Apr 13 20:28:44 GMT 2025","","","",""
"","1","random auto sharding 4 - Cluster ID: 10, Content Topic: /app88/5/topic348/utf8","Autosharding: Running Nodes","Sun Apr 13 20:28:58 GMT 2025","passed","Sun Apr 13 20:28:58 GMT 2025","","","",""
"","0","should handle clusterId, application and version for autosharding with cluster iD 1","shardInfoToPubsubTopics","Sun Apr 13 20:25:47 GMT 2025","passed","Sun Apr 13 20:25:47 GMT 2025","","","",""
"","0","Push message with Basic HTML tag payload","Waku Light Push: Multiple Nodes: Strict Check: false","Sun Apr 13 20:36:29 GMT 2025","passed","Sun Apr 13 20:36:29 GMT 2025","","","",""
"","0","should be able to encode the field with only STORE set to true","ENR waku2 codec","Sun Apr 13 20:25:55 GMT 2025","passed","Sun Apr 13 20:25:55 GMT 2025","","Encoding","",""
"","0","random auto sharding 8 - Cluster ID: 10, Content Topic: /app71/9/topic178/xml","Autosharding: Running Nodes","Sun Apr 13 20:28:58 GMT 2025","passed","Sun Apr 13 20:28:58 GMT 2025","","","",""
"","0","should partition messages based on acknowledgement status","MessageChannel","Sun Apr 13 20:26:36 GMT 2025","passed","Sun Apr 13 20:26:36 GMT 2025","","Sweeping outgoing buffer","",""
"","1","should not be called more than DEFAULT_MAX_BOOTSTRAP_PEERS_ALLOWED times for bootstrap peers","Dials","Sun Apr 13 20:27:00 GMT 2025","passed","Sun Apr 13 20:27:00 GMT 2025","For bootstrap peers","dialPeer method","",""
"","0","should be delivered but not added to local log or bloom filter","MessageChannel","Sun Apr 13 20:26:36 GMT 2025","passed","Sun Apr 13 20:26:36 GMT 2025","","Sync messages","",""
"","1","new peer added after a peer was already found","Peer Exchange","Sun Apr 13 20:28:04 GMT 2025","skipped","Sun Apr 13 20:28:04 GMT 2025","","","",""
"","1","should not throw an error when the topic is within a list of configured topics","ensurePubsubTopicIsConfigured","Sun Apr 13 20:25:47 GMT 2025","passed","Sun Apr 13 20:25:47 GMT 2025","","","",""
"","0","throws on content topic with empty encoding field","ensureValidContentTopic","Sun Apr 13 20:25:47 GMT 2025","passed","Sun Apr 13 20:25:47 GMT 2025","","","",""
"","0","should return false","ENR","Sun Apr 13 20:25:56 GMT 2025","passed","Sun Apr 13 20:25:56 GMT 2025","","Verify","",""
"","0","Query Generator  - true","Waku Store, order","Sun Apr 13 20:28:24 GMT 2025","passed","Sun Apr 13 20:28:24 GMT 2025","","","",""
"","0","Fails to push message bigger that 1MB","Waku Light Push: Multiple Nodes: Strict Check: false","Sun Apr 13 20:36:29 GMT 2025","passed","Sun Apr 13 20:36:29 GMT 2025","","","",""
"","1","Sign & Recover","Waku Encryption","Sun Apr 13 20:26:19 GMT 2025","passed","Sun Apr 13 20:26:19 GMT 2025","","","",""
"","1","should check connected peers if present and suitable","waitForRemotePeer","Sun Apr 13 20:26:28 GMT 2025","passed","Sun Apr 13 20:26:28 GMT 2025","","","",""
"","0","should hash ""Lorem ipsum dolor sit amet"" with n=1 and maxValue=10000 correctly","hashN","Sun Apr 13 20:26:35 GMT 2025","passed","Sun Apr 13 20:26:35 GMT 2025","","","",""
"","0","should properly create location multiaddrs - udp6","ENR","Sun Apr 13 20:25:56 GMT 2025","passed","Sun Apr 13 20:25:56 GMT 2025","","Location multiaddr","",""
"","0","should return valid sharding parameters for static sharding","ensureShardingConfigured","Sun Apr 13 20:25:47 GMT 2025","passed","Sun Apr 13 20:25:47 GMT 2025","","","",""
"","0","Push message with content topic containing emoji","Waku Light Push: Multiple Nodes: Strict Check: false","Sun Apr 13 20:36:29 GMT 2025","passed","Sun Apr 13 20:36:29 GMT 2025","","","",""
"","0","same cluster, same shard: nodes connect","Metadata Protocol","Sun Apr 13 20:27:08 GMT 2025","passed","Sun Apr 13 20:27:08 GMT 2025","","connections","",""
"","2","should not allow k > 12","Probabilities","Sun Apr 13 20:26:35 GMT 2025","passed","Sun Apr 13 20:26:35 GMT 2025","","","",""
"","0","should return true when clusterId matches and shard is included in network shards","IWaku utils","Sun Apr 13 20:26:27 GMT 2025","passed","Sun Apr 13 20:26:27 GMT 2025","","isShardCompatible","",""
"","0","should check false positive rate","BloomFilter with special patterns","Sun Apr 13 20:26:37 GMT 2025","passed","Sun Apr 13 20:26:37 GMT 2025","","","",""
"","1","should hash ""test123"" with n=1 and maxValue=10000 correctly","hashN","Sun Apr 13 20:26:35 GMT 2025","passed","Sun Apr 13 20:26:35 GMT 2025","","","",""
"","0","should use provided shard info when available","IWaku utils","Sun Apr 13 20:26:27 GMT 2025","passed","Sun Apr 13 20:26:27 GMT 2025","","decoderParamsToShardInfo","",""
"","1","should be able to encode the field with ALL protocols set to false","ENR waku2 codec","Sun Apr 13 20:25:55 GMT 2025","passed","Sun Apr 13 20:25:55 GMT 2025","","Encoding","",""
"","0","px service nodes not subscribed to the shard should not be dialed","Autosharding: Peer Management","Sun Apr 13 20:28:15 GMT 2025","passed","Sun Apr 13 20:28:15 GMT 2025","","Peer Exchange","",""
"","1","should handle clusterId, application and version for autosharding with cluster iD 0","shardInfoToPubsubTopics","Sun Apr 13 20:25:47 GMT 2025","passed","Sun Apr 13 20:25:47 GMT 2025","","","",""
"","1","Query with Promise Callback, Multiple PubsubTopics","Waku Store, error handling","Sun Apr 13 20:28:07 GMT 2025","passed","Sun Apr 13 20:28:07 GMT 2025","","","",""
"","0","should calculate shard index from content topic when shard is not provided","IWaku utils","Sun Apr 13 20:26:27 GMT 2025","passed","Sun Apr 13 20:26:27 GMT 2025","","decoderParamsToShardInfo","",""
"","0","throws on content topic with too few or too many fields","ensureValidContentTopic","Sun Apr 13 20:25:47 GMT 2025","passed","Sun Apr 13 20:25:47 GMT 2025","","","",""
"","0","should emit `waku:online` event only when first peer is connected","Connection state","Sun Apr 13 20:27:13 GMT 2025","passed","Sun Apr 13 20:27:13 GMT 2025","","","",""
"","0","should not receive a peer event after stop","Peer Exchange","Sun Apr 13 20:27:40 GMT 2025","passed","Sun Apr 13 20:27:40 GMT 2025","interface-peer-discovery compliance tests","Compliance Test","",""
"","1","should select older connection if present","selectOpenConnection","Sun Apr 13 20:26:01 GMT 2025","passed","Sun Apr 13 20:26:01 GMT 2025","","","",""
"","2","Init the array if not present","pushOrInitMapSet","Sun Apr 13 20:25:47 GMT 2025","passed","Sun Apr 13 20:25:47 GMT 2025","","","",""
"","0","Push message with XML payload","Waku Light Push: Multiple Nodes: Strict Check: true","Sun Apr 13 20:36:29 GMT 2025","passed","Sun Apr 13 20:36:29 GMT 2025","","","",""
"","0","should be able to decode the field with ALL protocols set to true","ENR waku2 codec","Sun Apr 13 20:25:55 GMT 2025","passed","Sun Apr 13 20:25:55 GMT 2025","","Decoding","",""
"","0","should insert message id into causal history","MessageChannel","Sun Apr 13 20:26:36 GMT 2025","passed","Sun Apr 13 20:26:36 GMT 2025","","sending a message ","",""
"","0","Query with Promise Callback, No Decoder","Waku Store, error handling","Sun Apr 13 20:28:07 GMT 2025","passed","Sun Apr 13 20:28:07 GMT 2025","","","",""
"","0","should hash ""Lorem ipsum dolor sit amet"" with n=1 and maxValue=1000 correctly","hashN","Sun Apr 13 20:26:35 GMT 2025","passed","Sun Apr 13 20:26:35 GMT 2025","","","",""
"","0","should decode valid enr with tcp successfully","ENR","Sun Apr 13 20:25:56 GMT 2025","passed","Sun Apr 13 20:25:56 GMT 2025","","Txt codec","",""
"","0","removeEventListener with wrong event","Public methods","Sun Apr 13 20:27:33 GMT 2025","passed","Sun Apr 13 20:27:33 GMT 2025","","","",""
"","0","should return unique PubsubTopics for static sharding","shardInfoToPubsubTopics","Sun Apr 13 20:25:47 GMT 2025","passed","Sun Apr 13 20:25:47 GMT 2025","","","",""
"","0","random auto sharding 10 - Cluster ID: 10, Content Topic: /app58/3/topic935/test.js","Autosharding: Running Nodes","Sun Apr 13 20:28:58 GMT 2025","passed","Sun Apr 13 20:28:58 GMT 2025","","","",""
"","1","Query Generator sorting by timestamp while page direction is false","Waku Store, sorting","Sun Apr 13 20:28:31 GMT 2025","passed","Sun Apr 13 20:28:31 GMT 2025","","","",""
"","1","Query Generator sorting by timestamp while page direction is true","Waku Store, sorting","Sun Apr 13 20:28:31 GMT 2025","passed","Sun Apr 13 20:28:31 GMT 2025","","","",""
"","0","Push 30 different messages","Waku Light Push: Multiple Nodes: Strict Check: false","Sun Apr 13 20:36:29 GMT 2025","skipped","Sun Apr 13 20:36:29 GMT 2025","","","",""
"","1","should not fail to start the service if it is already started","Local Storage Discovery","Sun Apr 13 20:26:13 GMT 2025","passed","Sun Apr 13 20:26:13 GMT 2025","interface-peer-discovery compliance tests","Compliance Tests","",""
"","0","should hash ""hello"" with n=1 and maxValue=1000 correctly","hashN","Sun Apr 13 20:26:35 GMT 2025","passed","Sun Apr 13 20:26:35 GMT 2025","","","",""
"","0","should be online or offline if network state changed","Events","Sun Apr 13 20:26:53 GMT 2025","passed","Sun Apr 13 20:26:53 GMT 2025","","waku:connection","",""
"","0","should hash """" with n=2 and maxValue=100 correctly","hashN","Sun Apr 13 20:26:35 GMT 2025","passed","Sun Apr 13 20:26:35 GMT 2025","","","",""
"","1","should hash ""!@#$%^&*()"" with n=0 and maxValue=10000 correctly","hashN","Sun Apr 13 20:26:35 GMT 2025","passed","Sun Apr 13 20:26:35 GMT 2025","","","",""
"","0","Waku message hash computation (meta attribute not present)","RFC Test Vectors","Sun Apr 13 20:25:50 GMT 2025","passed","Sun Apr 13 20:25:50 GMT 2025","","","",""
"","0","should hash ""test123"" with n=1 and maxValue=100 correctly","hashN","Sun Apr 13 20:26:35 GMT 2025","passed","Sun Apr 13 20:26:35 GMT 2025","","","",""
"","5","should return PeerId when PeerId is provided","IWaku utils","Sun Apr 13 20:26:27 GMT 2025","passed","Sun Apr 13 20:26:27 GMT 2025","","mapToPeerIdOrMultiaddr","",""
"","0","should properly create location multiaddrs - tcp","ENR","Sun Apr 13 20:25:56 GMT 2025","passed","Sun Apr 13 20:25:56 GMT 2025","","Location multiaddr","",""
"","1","should handle task timeouts","RetryManager","Sun Apr 13 20:26:27 GMT 2025","passed","Sun Apr 13 20:26:27 GMT 2025","","","",""
"","0","ENRTree (branch): should parse and verify a single component DNS branch entry","ENRTree","Sun Apr 13 20:26:09 GMT 2025","passed","Sun Apr 13 20:26:09 GMT 2025","","","",""
"","0","Ordered Callback sorting by timestamp while page direction is false","Waku Store, sorting","Sun Apr 13 20:28:31 GMT 2025","passed","Sun Apr 13 20:28:31 GMT 2025","","","",""
"","0","pre and post cipher","Waku Encryption","Sun Apr 13 20:26:19 GMT 2025","passed","Sun Apr 13 20:26:19 GMT 2025","","","",""
"","1","Ordered callback, aborts when callback returns true","Waku Store, general","Sun Apr 13 20:28:42 GMT 2025","passed","Sun Apr 13 20:28:42 GMT 2025","","","",""
"","0","random static sharding 2 - Cluster ID: 663, Shard ID: 674","Static Sharding: Running Nodes","Sun Apr 13 20:29:25 GMT 2025","passed","Sun Apr 13 20:29:25 GMT 2025","","","",""
"","1","Passing a valid cursor at 2 index when there are 4 messages","Waku Store, cursor","Sun Apr 13 20:27:54 GMT 2025","passed","Sun Apr 13 20:27:54 GMT 2025","","","",""
"","1","should never report false negatives","BloomFilter","Sun Apr 13 20:26:37 GMT 2025","passed","Sun Apr 13 20:26:37 GMT 2025","","","",""
"","1","Push message with JSON payload","Waku Light Push: Multiple Nodes: Strict Check: false","Sun Apr 13 20:36:29 GMT 2025","passed","Sun Apr 13 20:36:29 GMT 2025","","","",""
"","1","should emit a peer event after start","DNS Discovery: Compliance Test","Sun Apr 13 20:26:57 GMT 2025","passed","Sun Apr 13 20:26:57 GMT 2025","","interface-peer-discovery compliance tests","",""
"","0","start node with empty shard should fail","Static Sharding: Running Nodes","Sun Apr 13 20:29:25 GMT 2025","passed","Sun Apr 13 20:29:25 GMT 2025","","Others","",""
"","0","Push message with numeric payload","Waku Light Push: Multiple Nodes: Strict Check: true","Sun Apr 13 20:36:29 GMT 2025","passed","Sun Apr 13 20:36:29 GMT 2025","","","",""
"","0","should retrieve 3 multiaddrs for test.waku.nodes.status.im","DNS Node Discovery [live data]","Sun Apr 13 20:26:09 GMT 2025","skipped","Sun Apr 13 20:26:09 GMT 2025","","","",""
"","2","should not receive a peer event before start","Peer Exchange","Sun Apr 13 20:27:40 GMT 2025","passed","Sun Apr 13 20:27:40 GMT 2025","interface-peer-discovery compliance tests","Compliance Test","",""
"","1","retrieves all peers (3) when branch entries are composed of multiple strings","DNS Node Discovery w/ capabilities","Sun Apr 13 20:26:09 GMT 2025","passed","Sun Apr 13 20:26:09 GMT 2025","","","",""
"","0","should use the provided clusterId for the pubsub topic","contentTopicToPubsubTopic","Sun Apr 13 20:25:47 GMT 2025","passed","Sun Apr 13 20:25:47 GMT 2025","","","",""
"","1","should hash """" with n=5 and maxValue=10000 correctly","hashN","Sun Apr 13 20:26:35 GMT 2025","passed","Sun Apr 13 20:26:35 GMT 2025","","","",""
"","0","should retrieve 3 multiaddrs for test.waku.nodes.status.im","DNS Node Discovery [live data]","Sun Apr 13 20:26:57 GMT 2025","skipped","Sun Apr 13 20:26:57 GMT 2025","","","",""
"","0","should correctly map a content topic to a pubsub topic","contentTopicToPubsubTopic","Sun Apr 13 20:25:47 GMT 2025","passed","Sun Apr 13 20:25:47 GMT 2025","","","",""
"","0","should correctly map /app/20/sometopic/someencoding to shard index 1 with networkShards 2","contentTopicToShardIndex","Sun Apr 13 20:25:47 GMT 2025","passed","Sun Apr 13 20:25:47 GMT 2025","","","",""
"","0","`waku:online` between 2 js-waku relay nodes","Connection state","Sun Apr 13 20:27:13 GMT 2025","passed","Sun Apr 13 20:27:13 GMT 2025","","","",""
"","0","should handle clusterId, application and version for autosharding with cluster iD 6","shardInfoToPubsubTopics","Sun Apr 13 20:25:47 GMT 2025","passed","Sun Apr 13 20:25:47 GMT 2025","","","",""
"","0","should be called for every peer with PEER_EXCHANGE tags","Dials","Sun Apr 13 20:27:00 GMT 2025","passed","Sun Apr 13 20:27:00 GMT 2025","For peer-exchange peers","dialPeer method","",""
"","7","Query generator for multiple messages with different message text format","Waku Store, general","Sun Apr 13 20:28:42 GMT 2025","passed","Sun Apr 13 20:28:42 GMT 2025","","","",""
"","0","should correctly map /app/27/sometopic/someencoding to shard index 5","contentTopicToShardIndex","Sun Apr 13 20:25:47 GMT 2025","passed","Sun Apr 13 20:25:47 GMT 2025","","","",""
"","0","should hash ""!@#$%^&*()"" with n=1 and maxValue=100 correctly","hashN","Sun Apr 13 20:26:35 GMT 2025","passed","Sun Apr 13 20:26:35 GMT 2025","","","",""
"","0","should maintain proper timestamps if all messages received","MessageChannel","Sun Apr 13 20:26:36 GMT 2025","passed","Sun Apr 13 20:26:36 GMT 2025","","receiving a message","",""
"","1","should hash ""hello"" with n=5 and maxValue=100 correctly","hashN","Sun Apr 13 20:26:35 GMT 2025","passed","Sun Apr 13 20:26:35 GMT 2025","","","",""
"","0","Generator, with asymmetric & symmetric encrypted messages","Waku Store, general","Sun Apr 13 20:28:42 GMT 2025","passed","Sun Apr 13 20:28:42 GMT 2025","","","",""
"","0","should throw an error for non-numeric shard: /waku/2/rs/1/!","pubsubTopicToSingleShardInfo with various invalid formats","Sun Apr 13 20:25:47 GMT 2025","passed","Sun Apr 13 20:25:47 GMT 2025","","","",""
"","0","should hash """" with n=0 and maxValue=1000 correctly","hashN","Sun Apr 13 20:26:35 GMT 2025","passed","Sun Apr 13 20:26:35 GMT 2025","","","",""
"","1","Generator, 2 nwaku nodes each with different pubsubtopics","Waku Store, custom pubsub topic","Sun Apr 13 20:28:18 GMT 2025","passed","Sun Apr 13 20:28:18 GMT 2025","","","",""
"","0","should not fail to start the service if it is already started","DNS Discovery: Compliance Test","Sun Apr 13 20:26:57 GMT 2025","passed","Sun Apr 13 20:26:57 GMT 2025","","interface-peer-discovery compliance tests","",""
"","0","should convert a SingleShardInfo object to the correct PubsubTopic","singleShardInfoToPubsubTopic","Sun Apr 13 20:25:47 GMT 2025","passed","Sun Apr 13 20:25:47 GMT 2025","","","",""
"","1","Push to array if already present","pushOrInitMapSet","Sun Apr 13 20:25:47 GMT 2025","passed","Sun Apr 13 20:25:47 GMT 2025","","","",""
"","0","should add received messages to bloom filter","MessageChannel","Sun Apr 13 20:26:36 GMT 2025","passed","Sun Apr 13 20:26:36 GMT 2025","","receiving a message","",""
"","1","should insert elements correctly","BloomFilter","Sun Apr 13 20:26:37 GMT 2025","passed","Sun Apr 13 20:26:37 GMT 2025","","","",""
"","2","should be able to encode the field with only LIGHTPUSH set to true","ENR waku2 codec","Sun Apr 13 20:25:55 GMT 2025","passed","Sun Apr 13 20:25:55 GMT 2025","","Encoding","",""
"","7","should hash ""hello"" with n=1 and maxValue=100 correctly","hashN","Sun Apr 13 20:26:35 GMT 2025","passed","Sun Apr 13 20:26:35 GMT 2025","","","",""
"","0","random auto sharding 5 - Cluster ID: 10, Content Topic: /app84/1/topic905/utf8","Autosharding: Running Nodes","Sun Apr 13 20:28:58 GMT 2025","passed","Sun Apr 13 20:28:58 GMT 2025","","","",""
"","0","random static sharding 9 - Cluster ID: 117, Shard ID: 409","Static Sharding: Running Nodes","Sun Apr 13 20:29:25 GMT 2025","passed","Sun Apr 13 20:29:25 GMT 2025","","","",""
"","0","throws on empty content topic","ensureValidContentTopic","Sun Apr 13 20:25:47 GMT 2025","passed","Sun Apr 13 20:25:47 GMT 2025","","","",""
"","1","returns nothing if no connections present","selectOpenConnection","Sun Apr 13 20:26:01 GMT 2025","passed","Sun Apr 13 20:26:01 GMT 2025","","","",""
"","0","should reject if Store is requested but not mounted","waitForRemotePeer","Sun Apr 13 20:26:28 GMT 2025","passed","Sun Apr 13 20:26:28 GMT 2025","","","",""
"","0","Push message with content topic containing unicode special characters","Waku Light Push: Multiple Nodes: Strict Check: false","Sun Apr 13 20:36:29 GMT 2025","passed","Sun Apr 13 20:36:29 GMT 2025","","","",""
"","1","Push message with meta","Waku Light Push: Multiple Nodes: Strict Check: false","Sun Apr 13 20:36:29 GMT 2025","passed","Sun Apr 13 20:36:29 GMT 2025","","","",""
"","0","handles empty shards array correctly","ensureShardingConfigured","Sun Apr 13 20:25:47 GMT 2025","passed","Sun Apr 13 20:25:47 GMT 2025","","","",""
"","0","should initialize bloom filter with correct parameters","BloomFilter","Sun Apr 13 20:26:37 GMT 2025","passed","Sun Apr 13 20:26:37 GMT 2025","","","",""
"","0","random static sharding 3 - Cluster ID: 21, Shard ID: 77","Static Sharding: Running Nodes","Sun Apr 13 20:29:25 GMT 2025","passed","Sun Apr 13 20:29:25 GMT 2025","","","",""
"","1","less peers than existing","Peer Exchange Query","Sun Apr 13 20:27:13 GMT 2025","skipped","Sun Apr 13 20:27:13 GMT 2025","","","",""
"","0","should wait for LightPush peer to be connected","waitForRemotePeer","Sun Apr 13 20:26:28 GMT 2025","passed","Sun Apr 13 20:26:28 GMT 2025","","","",""
"","0","Push message with content topic containing long","Waku Light Push: Multiple Nodes: Strict Check: false","Sun Apr 13 20:36:29 GMT 2025","passed","Sun Apr 13 20:36:29 GMT 2025","","","",""
"","0","Push message with shell command payload","Waku Light Push: Multiple Nodes: Strict Check: false","Sun Apr 13 20:36:29 GMT 2025","passed","Sun Apr 13 20:36:29 GMT 2025","","","",""
"","1","random static sharding 1 - Cluster ID: 248, Shard ID: 300","Static Sharding: Running Nodes","Sun Apr 13 20:29:25 GMT 2025","passed","Sun Apr 13 20:29:25 GMT 2025","","","",""
"","0","should correctly map /app/20/sometopic/someencoding to shard index 15 with networkShards 16","contentTopicToShardIndex","Sun Apr 13 20:25:47 GMT 2025","passed","Sun Apr 13 20:25:47 GMT 2025","","","",""
"","0","should set field with only RELAY enabled","ENR","Sun Apr 13 20:25:56 GMT 2025","passed","Sun Apr 13 20:25:56 GMT 2025","","waku2 key round trip","",""
"","0","Passing a valid cursor at 19 index when there are 20 messages","Waku Store, cursor","Sun Apr 13 20:27:54 GMT 2025","passed","Sun Apr 13 20:27:54 GMT 2025","","","",""
"","0","should hash ""hello"" with n=0 and maxValue=10000 correctly","hashN","Sun Apr 13 20:26:35 GMT 2025","passed","Sun Apr 13 20:26:35 GMT 2025","","","",""
"","1","can start and stop the service","Local Storage Discovery","Sun Apr 13 20:26:13 GMT 2025","passed","Sun Apr 13 20:26:13 GMT 2025","interface-peer-discovery compliance tests","Compliance Tests","",""
"","1","Push message with content topic containing escaped characters","Waku Light Push: Multiple Nodes: Strict Check: true","Sun Apr 13 20:36:29 GMT 2025","passed","Sun Apr 13 20:36:29 GMT 2025","","","",""
"","0","Push message with Russian payload","Waku Light Push: Multiple Nodes: Strict Check: true","Sun Apr 13 20:36:29 GMT 2025","passed","Sun Apr 13 20:36:29 GMT 2025","","","",""
"","0","ignores domain fetching errors","DNS Node Discovery","Sun Apr 13 20:26:09 GMT 2025","passed","Sun Apr 13 20:26:09 GMT 2025","","","",""
"","0","should return false when clusterId doesn't match","IWaku utils","Sun Apr 13 20:26:27 GMT 2025","passed","Sun Apr 13 20:26:27 GMT 2025","","isShardCompatible","",""
"","0","Throws when trying to push message with empty payload","Waku Light Push: Multiple Nodes: Strict Check: false","Sun Apr 13 20:36:29 GMT 2025","passed","Sun Apr 13 20:36:29 GMT 2025","","","",""
"","0","should only return 1 node with store capability","DNS Node Discovery w/ capabilities","Sun Apr 13 20:26:09 GMT 2025","passed","Sun Apr 13 20:26:09 GMT 2025","","","",""
"","1","can dial TLS multiaddrs","multiaddr: dialing","Sun Apr 13 20:27:02 GMT 2025","passed","Sun Apr 13 20:27:02 GMT 2025","","","",""
"","1","should handle special patterns correctly","BloomFilter with special patterns","Sun Apr 13 20:26:37 GMT 2025","passed","Sun Apr 13 20:26:37 GMT 2025","","","",""
"","0","random auto sharding 1 - Cluster ID: 10, Content Topic: /app5/7/topic952/json","Autosharding: Running Nodes","Sun Apr 13 20:28:58 GMT 2025","passed","Sun Apr 13 20:28:58 GMT 2025","","","",""
"","1","Relay - dialed first","Wait for remote peer","Sun Apr 13 20:28:53 GMT 2025","passed","Sun Apr 13 20:28:53 GMT 2025","","","",""
"","0","Push message with custom timestamp: 1744579614512","Waku Light Push: Multiple Nodes: Strict Check: true","Sun Apr 13 20:36:29 GMT 2025","passed","Sun Apr 13 20:36:29 GMT 2025","","","",""
"","0","should throw an error for invalid PubsubTopic format: /incorrect/format","pubsubTopicToSingleShardInfo with various invalid formats","Sun Apr 13 20:25:47 GMT 2025","passed","Sun Apr 13 20:25:47 GMT 2025","","","",""
"","0","should correctly map /app/20/sometopic/someencoding to shard index 0 with networkShards 1","contentTopicToShardIndex","Sun Apr 13 20:25:47 GMT 2025","passed","Sun Apr 13 20:25:47 GMT 2025","","","",""
"","1","safeDispatchEvent","Public methods","Sun Apr 13 20:27:33 GMT 2025","passed","Sun Apr 13 20:27:33 GMT 2025","","","",""
"","0","Push message with content topic containing Russian","Waku Light Push: Multiple Nodes: Strict Check: false","Sun Apr 13 20:36:29 GMT 2025","passed","Sun Apr 13 20:36:29 GMT 2025","","","",""
"","1","should emit `peer:connected:bootstrap` event when a peer is connected","Events","Sun Apr 13 20:26:53 GMT 2025","passed","Sun Apr 13 20:26:53 GMT 2025","","peer:connect","",""
"","0","should throw an error for non-numeric clusterId: /waku/2/rs/x/1","pubsubTopicToSingleShardInfo with various invalid formats","Sun Apr 13 20:25:47 GMT 2025","passed","Sun Apr 13 20:25:47 GMT 2025","","","",""
"","0","throws an error for improperly formatted content topics","contentTopicsByPubsubTopic","Sun Apr 13 20:25:47 GMT 2025","passed","Sun Apr 13 20:25:47 GMT 2025","","","",""
"","3","should return no connections if no open connection provided","selectOpenConnection","Sun Apr 13 20:26:01 GMT 2025","passed","Sun Apr 13 20:26:01 GMT 2025","","","",""
"","0","should return empty list for no shard","shardInfoToPubsubTopics","Sun Apr 13 20:25:47 GMT 2025","passed","Sun Apr 13 20:25:47 GMT 2025","","","",""
"","0","Waku message hash computation (meta size of 64 bytes)","RFC Test Vectors","Sun Apr 13 20:25:50 GMT 2025","passed","Sun Apr 13 20:25:50 GMT 2025","","","",""
"","0","should correctly map /0/toychat/2/huilong/proto to shard index 3","contentTopicToShardIndex","Sun Apr 13 20:25:47 GMT 2025","passed","Sun Apr 13 20:25:47 GMT 2025","","","",""
"","0","should hash """" with n=5 and maxValue=100 correctly","hashN","Sun Apr 13 20:26:35 GMT 2025","passed","Sun Apr 13 20:26:35 GMT 2025","","","",""
"","0","should hash ""Lorem ipsum dolor sit amet"" with n=2 and maxValue=10000 correctly","hashN","Sun Apr 13 20:26:35 GMT 2025","passed","Sun Apr 13 20:26:35 GMT 2025","","","",""
"","0","Push message with escaped characters payload","Waku Light Push: Multiple Nodes: Strict Check: true","Sun Apr 13 20:36:29 GMT 2025","passed","Sun Apr 13 20:36:29 GMT 2025","","","",""
"","0","should throw an error for insufficient data","Relay Shard codec","Sun Apr 13 20:25:47 GMT 2025","passed","Sun Apr 13 20:25:47 GMT 2025","","","",""
"","1","should retrieve 3 multiaddrs for sandbox.waku.nodes.status.im","DNS Node Discovery [live data]","Sun Apr 13 20:26:09 GMT 2025","skipped","Sun Apr 13 20:26:09 GMT 2025","","","",""
"","1","Push message with long payload","Waku Light Push: Multiple Nodes: Strict Check: true","Sun Apr 13 20:36:29 GMT 2025","passed","Sun Apr 13 20:36:29 GMT 2025","","","",""
"","1","Should update multiaddrs","Peer Exchange Continuous Discovery","Sun Apr 13 20:27:09 GMT 2025","passed","Sun Apr 13 20:27:09 GMT 2025","","","",""
"","1","should hash ""Lorem ipsum dolor sit amet"" with n=2 and maxValue=1000 correctly","hashN","Sun Apr 13 20:26:35 GMT 2025","passed","Sun Apr 13 20:26:35 GMT 2025","","","",""
"","0","Push message with shell command payload","Waku Light Push: Multiple Nodes: Strict Check: true","Sun Apr 13 20:36:29 GMT 2025","passed","Sun Apr 13 20:36:29 GMT 2025","","","",""
"","0","groups content topics by expected pubsub topic","contentTopicsByPubsubTopic","Sun Apr 13 20:25:47 GMT 2025","passed","Sun Apr 13 20:25:47 GMT 2025","","","",""
"","0","all px service nodes subscribed to the shard topic should be dialed","Static Sharding: Peer Management","Sun Apr 13 20:28:15 GMT 2025","passed","Sun Apr 13 20:28:15 GMT 2025","","Peer Exchange","",""
"","1","should transition to MinimallyHealthy with one compatible peer","HealthIndicator","Sun Apr 13 20:26:27 GMT 2025","passed","Sun Apr 13 20:26:27 GMT 2025","","","",""
"","0","Generator, custom pubsub topic","Waku Store (named sharding), custom pubsub topic","Sun Apr 13 20:28:18 GMT 2025","passed","Sun Apr 13 20:28:18 GMT 2025","","","",""
"","1","should hash """" with n=2 and maxValue=1000 correctly","hashN","Sun Apr 13 20:26:35 GMT 2025","passed","Sun Apr 13 20:26:35 GMT 2025","","","",""
"","0","Push message with rate limit","Waku Light Push: Multiple Nodes: Strict Check: true","Sun Apr 13 20:36:29 GMT 2025","passed","Sun Apr 13 20:36:29 GMT 2025","","","",""
"","0","ENRTree (tree): should error if DNS tree entry is misformatted","ENRTree","Sun Apr 13 20:26:09 GMT 2025","passed","Sun Apr 13 20:26:09 GMT 2025","","","",""
"","1","should not fail to stop the service if it was not started","DNS Discovery: Compliance Test","Sun Apr 13 20:26:57 GMT 2025","passed","Sun Apr 13 20:26:57 GMT 2025","","interface-peer-discovery compliance tests","",""
"","0","should throw error - no id","ENR","Sun Apr 13 20:25:56 GMT 2025","passed","Sun Apr 13 20:25:56 GMT 2025","","Verify","",""
"","0","should use network config clusterId when shard info clusterId is not provided","IWaku utils","Sun Apr 13 20:26:27 GMT 2025","passed","Sun Apr 13 20:26:27 GMT 2025","","decoderParamsToShardInfo","",""
"","0","all px service nodes subscribed to the shard topic should be dialed","Autosharding: Peer Management","Sun Apr 13 20:28:15 GMT 2025","passed","Sun Apr 13 20:28:15 GMT 2025","","Peer Exchange","",""
"","0","Non TWN Cluster","Autosharding: Running Nodes","Sun Apr 13 20:28:58 GMT 2025","passed","Sun Apr 13 20:28:58 GMT 2025","","","",""
"","0","should detect messages with missing dependencies","MessageChannel","Sun Apr 13 20:26:36 GMT 2025","passed","Sun Apr 13 20:26:36 GMT 2025","","Sweeping incoming buffer","",""
"","0","should handle a minimal index list","Relay Shard codec","Sun Apr 13 20:25:47 GMT 2025","passed","Sun Apr 13 20:25:47 GMT 2025","","","",""
"","0","Waku message hash computation (payload length 0)","RFC Test Vectors","Sun Apr 13 20:25:50 GMT 2025","passed","Sun Apr 13 20:25:50 GMT 2025","","","",""
"","0","should hash ""test123"" with n=0 and maxValue=1000 correctly","hashN","Sun Apr 13 20:26:35 GMT 2025","passed","Sun Apr 13 20:26:35 GMT 2025","","","",""
"","1","recovers when dns.resolve returns empty","DNS Node Discovery","Sun Apr 13 20:26:09 GMT 2025","passed","Sun Apr 13 20:26:09 GMT 2025","","","",""
"","1","Push message with content topic containing Russian","Waku Light Push: Multiple Nodes: Strict Check: true","Sun Apr 13 20:36:29 GMT 2025","passed","Sun Apr 13 20:36:29 GMT 2025","","","",""
"","0","Query generator for multiple messages with different content topic format","Waku Store, general","Sun Apr 13 20:28:42 GMT 2025","passed","Sun Apr 13 20:28:42 GMT 2025","","","",""
"","0","getPeersByDiscovery","Peer Exchange","Sun Apr 13 20:28:04 GMT 2025","passed","Sun Apr 13 20:28:04 GMT 2025","","","",""
"","0","should hash ""hello"" with n=5 and maxValue=1000 correctly","hashN","Sun Apr 13 20:26:35 GMT 2025","passed","Sun Apr 13 20:26:35 GMT 2025","","","",""
"","0","should hash ""test123"" with n=5 and maxValue=100 correctly","hashN","Sun Apr 13 20:26:35 GMT 2025","passed","Sun Apr 13 20:26:35 GMT 2025","","","",""
"","0","should emit `peer:connected:peer-exchange` event when a peer is connected","Events","Sun Apr 13 20:26:53 GMT 2025","passed","Sun Apr 13 20:26:53 GMT 2025","","peer:connect","",""
"","0","should hash ""test123"" with n=0 and maxValue=100 correctly","hashN","Sun Apr 13 20:26:35 GMT 2025","passed","Sun Apr 13 20:26:35 GMT 2025","","","",""
"","1","different cluster, different shard: nodes don't connect","Metadata Protocol","Sun Apr 13 20:27:08 GMT 2025","passed","Sun Apr 13 20:27:08 GMT 2025","","connections","",""
"","0","Fails to push message with large meta","Waku Light Push: Multiple Nodes: Strict Check: true","Sun Apr 13 20:36:29 GMT 2025","passed","Sun Apr 13 20:36:29 GMT 2025","","","",""
"","0","should throw error - no id","ENR","Sun Apr 13 20:25:56 GMT 2025","passed","Sun Apr 13 20:25:56 GMT 2025","","Txt codec","",""
"","1","random auto sharding 7 - Cluster ID: 10, Content Topic: /app95/9/topic617/test.js","Autosharding: Running Nodes","Sun Apr 13 20:28:58 GMT 2025","passed","Sun Apr 13 20:28:58 GMT 2025","","","",""
"","0","Relay - times out","Wait for remote peer","Sun Apr 13 20:28:53 GMT 2025","passed","Sun Apr 13 20:28:53 GMT 2025","","","",""
"","1","should initialize with Unhealthy status","HealthIndicator","Sun Apr 13 20:26:27 GMT 2025","passed","Sun Apr 13 20:26:27 GMT 2025","","","",""
"","1","should hash ""hello"" with n=5 and maxValue=10000 correctly","hashN","Sun Apr 13 20:26:35 GMT 2025","passed","Sun Apr 13 20:26:35 GMT 2025","","","",""
"","1","through manual discovery","multiaddr: dialing","Sun Apr 13 20:27:02 GMT 2025","passed","Sun Apr 13 20:27:02 GMT 2025","","does not attempt the same peer discovered multiple times more than once","",""
"","0","should insert message into bloom filter","MessageChannel","Sun Apr 13 20:26:36 GMT 2025","passed","Sun Apr 13 20:26:36 GMT 2025","","sending a message ","",""
"","0","should be called for peers with PEER_EXCHANGE tags","Dials","Sun Apr 13 20:27:00 GMT 2025","passed","Sun Apr 13 20:27:00 GMT 2025","For peer-exchange peers","dialPeer method","",""
"","0","should encodeTxt and decodeTxt","ENR","Sun Apr 13 20:25:56 GMT 2025","passed","Sun Apr 13 20:25:56 GMT 2025","","Txt codec","",""
"","1","Passing a valid cursor at 19 index when there are 50 messages","Waku Store, cursor","Sun Apr 13 20:27:54 GMT 2025","passed","Sun Apr 13 20:27:54 GMT 2025","","","",""
"","0","Relay - dialed after","Wait for remote peer","Sun Apr 13 20:28:53 GMT 2025","passed","Sun Apr 13 20:28:53 GMT 2025","","","",""
"","0","msgTime: -19000 ms from now, startTime: -20000, endTime: -19000","Waku Store, time filter","Sun Apr 13 20:28:44 GMT 2025","passed","Sun Apr 13 20:28:44 GMT 2025","","","",""
"","0","throws on content topic with empty version field","ensureValidContentTopic","Sun Apr 13 20:25:47 GMT 2025","passed","Sun Apr 13 20:25:47 GMT 2025","","","",""
