"DESCRIPTION","DURATION IN MS","NAME","PARENT SUITE","START TIME","STATUS","STOP TIME","SUB SUITE","SUITE","TEST CLASS","TEST METHOD"
"","0","should fail to send if pubsub topics are misconfigured","LightPush SDK","Tue Dec 17 18:07:56 GMT 2024","passed","Tue Dec 17 18:07:56 GMT 2024","","","",""
"","1","numPeers=2 -- returns total 2 peers, with max 1 bootstrap peers","getPeers","Tue Dec 17 18:09:47 GMT 2024","passed","Tue Dec 17 18:09:47 GMT 2024","maxBootstrapPeers=1","getPeers with varying maxBootstrapPeers","",""
"","0","numPeers=3 -- returns total 3 peers, with max 2 bootstrap peers","getPeers","Tue Dec 17 18:09:47 GMT 2024","passed","Tue Dec 17 18:09:47 GMT 2024","maxBootstrapPeers=2","getPeers with varying maxBootstrapPeers","",""
"","1","Unsubscribe topics the node is not subscribed to","Waku Filter V2: Unsubscribe: Multiple Nodes: Strict Checking: false","Tue Dec 17 18:10:46 GMT 2024","passed","Tue Dec 17 18:10:46 GMT 2024","","","",""
"","1","Check received message containing Basic HTML tag","Waku Filter V2: FilterPush","Tue Dec 17 18:10:19 GMT 2024","passed","Tue Dec 17 18:10:19 GMT 2024","","","",""
"","0","should throw an error for invalid PubsubTopic format: /incorrect/format","pubsubTopicToSingleShardInfo with various invalid formats","Tue Dec 17 18:07:16 GMT 2024","passed","Tue Dec 17 18:07:16 GMT 2024","","","",""
"","0","should throw error - no public key","ENR","Tue Dec 17 18:07:24 GMT 2024","passed","Tue Dec 17 18:07:24 GMT 2024","","Txt codec","",""
"","0","should throw an error for SingleShardInfos with different clusterIds","singleShardInfosToShardInfo","Tue Dec 17 18:07:16 GMT 2024","passed","Tue Dec 17 18:07:16 GMT 2024","","","",""
"","0","can start and stop the service","DNS Discovery: Compliance Test","Tue Dec 17 18:08:27 GMT 2024","passed","Tue Dec 17 18:08:27 GMT 2024","","interface-peer-discovery compliance tests","",""
"","0","n1 and n2 uses a custom pubsub, n3 uses the default pubsub","Waku Relay, multiple pubsub topics","Tue Dec 17 18:12:25 GMT 2024","passed","Tue Dec 17 18:12:25 GMT 2024","","","",""
"","1","should be able to decode the field with ALL protocols set to true","ENR waku2 codec","Tue Dec 17 18:07:24 GMT 2024","passed","Tue Dec 17 18:07:24 GMT 2024","","Decoding","",""
"","1","Push message with short payload","Waku Light Push: Single Node","Tue Dec 17 18:12:20 GMT 2024","passed","Tue Dec 17 18:12:20 GMT 2024","","","",""
"","0","Ping on peer without subscriptions","Waku Filter V2: Ping: Multiple Nodes: Strict Checking: true","Tue Dec 17 18:09:01 GMT 2024","passed","Tue Dec 17 18:09:01 GMT 2024","","","",""
"","0","Push message with numeric payload","Waku Light Push: Multiple Nodes: Strict Check: true","Tue Dec 17 18:12:34 GMT 2024","passed","Tue Dec 17 18:12:34 GMT 2024","","","",""
"","0","Subscribe and receive messages on 2 different pubsubtopics","Waku Filter V2 (Autosharding): Multiple PubsubTopics","Tue Dec 17 18:09:04 GMT 2024","passed","Tue Dec 17 18:09:04 GMT 2024","","","",""
"","1","Should fail to subscribe with decoder with wrong pubsubTopic","Waku Filter V2 (Autosharding): Multiple PubsubTopics","Tue Dec 17 18:09:04 GMT 2024","passed","Tue Dec 17 18:09:04 GMT 2024","","","",""
"","1","Subscribe to topic containing Russian and receive message","Waku Filter V2: Subscribe: Multiple Service Nodes: Strict Check mode: true","Tue Dec 17 18:13:45 GMT 2024","passed","Tue Dec 17 18:13:45 GMT 2024","","","",""
"","0","Fails to publish message with wrong content topic","Waku Relay, Publish","Tue Dec 17 18:12:33 GMT 2024","passed","Tue Dec 17 18:12:33 GMT 2024","","","",""
"","0","Subscribe to topic containing Russian and publish message","Waku Relay, Subscribe","Tue Dec 17 18:12:43 GMT 2024","passed","Tue Dec 17 18:12:43 GMT 2024","","","",""
"","1","should return one bootstrap peer, and all non-boostrap peers, when numPeers is 0 & maxBootstrap is 1","filterPeersByDiscovery function","Tue Dec 17 18:07:32 GMT 2024","passed","Tue Dec 17 18:07:32 GMT 2024","","","",""
"","1","numPeers=0 -- returns all peers including all non-bootstrap with maxBootstrapPeers: 1","getPeers","Tue Dec 17 18:09:47 GMT 2024","passed","Tue Dec 17 18:09:47 GMT 2024","maxBootstrapPeers=1","getPeers with varying maxBootstrapPeers","",""
"","0","Subscribe and receive 2 messages on the same topic","Waku Filter V2: Subscribe: Multiple Service Nodes: Strict Check mode: false","Tue Dec 17 18:13:45 GMT 2024","passed","Tue Dec 17 18:13:45 GMT 2024","","","",""
"","0","should retrieve 3 multiaddrs for test.waku.nodes.status.im","DNS Node Discovery [live data]","Tue Dec 17 18:08:27 GMT 2024","skipped","Tue Dec 17 18:08:27 GMT 2024","","","",""
"","0","Check message with non string payload is not received","Waku Filter V2: FilterPush","Tue Dec 17 18:10:19 GMT 2024","passed","Tue Dec 17 18:10:19 GMT 2024","","","",""
"","0","Push message with content topic containing Chinese","Waku Light Push: Single Node","Tue Dec 17 18:12:20 GMT 2024","passed","Tue Dec 17 18:12:20 GMT 2024","","","",""
"","0","random static sharding 10 - Cluster ID: 772, Shard ID: 570","Static Sharding: Running Nodes","Tue Dec 17 18:13:13 GMT 2024","passed","Tue Dec 17 18:13:13 GMT 2024","","Different clusters and shards","",""
"","0","Unsubscribe 2 topics - node subscribed to 2 topics","Waku Filter V2: Unsubscribe","Tue Dec 17 18:09:33 GMT 2024","passed","Tue Dec 17 18:09:33 GMT 2024","","","",""
"","0","Check message with no payload is not received","Waku Filter V2: FilterPush: Multiple Nodes: Strict Checking: true","Tue Dec 17 18:12:16 GMT 2024","passed","Tue Dec 17 18:12:16 GMT 2024","","","",""
"","1","Subscribe to topic containing escaped characters and publish message","Waku Relay, Subscribe","Tue Dec 17 18:12:43 GMT 2024","passed","Tue Dec 17 18:12:43 GMT 2024","","","",""
"","0","should return unique PubsubTopics for static sharding","shardInfoToPubsubTopics","Tue Dec 17 18:07:16 GMT 2024","passed","Tue Dec 17 18:07:16 GMT 2024","","","",""
"","0","Check received message containing escaped characters","Waku Filter V2: FilterPush: Multiple Nodes: Strict Checking: false","Tue Dec 17 18:12:16 GMT 2024","passed","Tue Dec 17 18:12:16 GMT 2024","","","",""
"","1","Push message with custom timestamp: 1734455419613","Waku Light Push: Single Node","Tue Dec 17 18:12:20 GMT 2024","passed","Tue Dec 17 18:12:20 GMT 2024","","","",""
"","1","Ephemeral field is preserved - symmetric encryption","Waku Message Ephemeral field","Tue Dec 17 18:08:24 GMT 2024","passed","Tue Dec 17 18:08:24 GMT 2024","","","",""
"","0","through manual discovery","multiaddr: dialing","Tue Dec 17 18:11:16 GMT 2024","passed","Tue Dec 17 18:11:16 GMT 2024","","does not attempt the same peer discovered multiple times more than once","",""
"","0","ENRTree (branch): should error if DNS branch entry is mis-prefixed","ENRTree","Tue Dec 17 18:07:39 GMT 2024","passed","Tue Dec 17 18:07:39 GMT 2024","","","",""
"","0","Push message with Script payload","Waku Light Push: Multiple Nodes: Strict Check: true","Tue Dec 17 18:12:34 GMT 2024","passed","Tue Dec 17 18:12:34 GMT 2024","","","",""
"","0","Passing page size 1 when there are 4 messages","Waku Store, page size","Tue Dec 17 18:13:43 GMT 2024","passed","Tue Dec 17 18:13:43 GMT 2024","","","",""
"","0","Subscribe to topic containing long and receive message","Waku Filter V2: Subscribe: Single Service Node","Tue Dec 17 18:10:48 GMT 2024","passed","Tue Dec 17 18:10:48 GMT 2024","","","",""
"","1","Check received message containing escaped characters","Waku Filter V2: FilterPush: Multiple Nodes: Strict Checking: true","Tue Dec 17 18:12:16 GMT 2024","passed","Tue Dec 17 18:12:16 GMT 2024","","","",""
"","0","Check message with invalid timestamp is not received","Waku Filter V2: FilterPush: Multiple Nodes: Strict Checking: false","Tue Dec 17 18:12:16 GMT 2024","passed","Tue Dec 17 18:12:16 GMT 2024","","","",""
"","0","should set field with all protocols enabled","ENR","Tue Dec 17 18:07:24 GMT 2024","passed","Tue Dec 17 18:07:24 GMT 2024","","waku2 key round trip","",""
"","0","Push message with Russian payload","Waku Light Push: Multiple Nodes: Strict Check: true","Tue Dec 17 18:12:34 GMT 2024","passed","Tue Dec 17 18:12:34 GMT 2024","","","",""
"","1","should encode/decode to RLP encoding","ENR","Tue Dec 17 18:07:24 GMT 2024","passed","Tue Dec 17 18:07:24 GMT 2024","","Static tests","",""
"","0","should wait for LightPush peer to be connected","waitForRemotePeer","Tue Dec 17 18:07:56 GMT 2024","passed","Tue Dec 17 18:07:56 GMT 2024","","","",""
"","1","ignores unrecognized TXT record formats","DNS Node Discovery","Tue Dec 17 18:07:40 GMT 2024","passed","Tue Dec 17 18:07:40 GMT 2024","","","",""
"","0","numPeers=3 -- returns total 3 peers, with max 6 bootstrap peers","getPeers","Tue Dec 17 18:09:47 GMT 2024","passed","Tue Dec 17 18:09:47 GMT 2024","maxBootstrapPeers=6","getPeers with varying maxBootstrapPeers","",""
"","0","LightPush with 3 connections","Health Manager","Tue Dec 17 18:09:48 GMT 2024","skipped","Tue Dec 17 18:09:48 GMT 2024","","Should update the health status for protocols","",""
"","0","Push message with custom timestamp: 1703700588691","Waku Light Push: Multiple Nodes: Strict Check: true","Tue Dec 17 18:12:34 GMT 2024","passed","Tue Dec 17 18:12:34 GMT 2024","","","",""
"","0","Push message with content topic containing Russian","Waku Light Push: Multiple Nodes: Strict Check: true","Tue Dec 17 18:12:34 GMT 2024","passed","Tue Dec 17 18:12:34 GMT 2024","","","",""
"","0","isConnected between 2 js-waku relay nodes","Connection state","Tue Dec 17 18:08:52 GMT 2024","passed","Tue Dec 17 18:08:52 GMT 2024","","","",""
"","0","should log when no additional peers are found","PeerManager","Tue Dec 17 18:07:57 GMT 2024","passed","Tue Dec 17 18:07:57 GMT 2024","","findAndAddPeers","",""
"","0","Encoder throws on undefined content topic","Ensures content topic is defined","Tue Dec 17 18:07:50 GMT 2024","passed","Tue Dec 17 18:07:50 GMT 2024","","","",""
"","1","Push message with content topic containing XML","Waku Light Push: Single Node","Tue Dec 17 18:12:20 GMT 2024","passed","Tue Dec 17 18:12:20 GMT 2024","","","",""
"","0","Push message with content topic containing numeric","Waku Light Push: Multiple Nodes: Strict Check: true","Tue Dec 17 18:12:34 GMT 2024","passed","Tue Dec 17 18:12:34 GMT 2024","","","",""
"","0","Push message with long payload","Waku Light Push: Single Node","Tue Dec 17 18:12:20 GMT 2024","passed","Tue Dec 17 18:12:20 GMT 2024","","","",""
"","0","Check publish message containing Russian","Waku Relay, Publish","Tue Dec 17 18:12:33 GMT 2024","passed","Tue Dec 17 18:12:33 GMT 2024","","","",""
"","1","Relay + Store","ENR","Tue Dec 17 18:07:24 GMT 2024","passed","Tue Dec 17 18:07:24 GMT 2024","","Waku2 key: decode","",""
"","1","numPeers=0 -- returns all peers including all non-bootstrap with maxBootstrapPeers: 6","getPeers","Tue Dec 17 18:09:47 GMT 2024","passed","Tue Dec 17 18:09:47 GMT 2024","maxBootstrapPeers=6","getPeers with varying maxBootstrapPeers","",""
"","0","Overlapping topic subscription","Waku Filter V2: Subscribe: Single Service Node","Tue Dec 17 18:10:48 GMT 2024","passed","Tue Dec 17 18:10:48 GMT 2024","","","",""
"","1","Subscribe and receive messages on 2 different content topics","Waku Filter V2: Subscribe: Single Service Node","Tue Dec 17 18:10:48 GMT 2024","passed","Tue Dec 17 18:10:48 GMT 2024","","","",""
"","1","should correctly map /myapp/1/latest/proto to shard index 0","contentTopicToShardIndex","Tue Dec 17 18:07:16 GMT 2024","passed","Tue Dec 17 18:07:16 GMT 2024","","","",""
"","0","Unsubscribe 1 topic - node subscribed to 2 topics","Waku Filter V2: Unsubscribe: Multiple Nodes: Strict Checking: true","Tue Dec 17 18:10:46 GMT 2024","passed","Tue Dec 17 18:10:46 GMT 2024","","","",""
"","0","Check publish message containing long","Waku Relay, Publish","Tue Dec 17 18:12:33 GMT 2024","passed","Tue Dec 17 18:12:33 GMT 2024","","","",""
"","1","Waku message hash computation (meta size of 12 bytes)","RFC Test Vectors","Tue Dec 17 18:07:18 GMT 2024","passed","Tue Dec 17 18:07:18 GMT 2024","","","",""
"","0","should throw an error for empty SingleShardInfos array","singleShardInfosToShardInfo","Tue Dec 17 18:07:16 GMT 2024","passed","Tue Dec 17 18:07:16 GMT 2024","","","",""
"","0","Check message on other pubsub topic is not received","Waku Filter V2: FilterPush: Multiple Nodes: Strict Checking: true","Tue Dec 17 18:12:16 GMT 2024","passed","Tue Dec 17 18:12:16 GMT 2024","","","",""
"","1","Check received message containing special chars","Waku Filter V2: FilterPush: Multiple Nodes: Strict Checking: false","Tue Dec 17 18:12:16 GMT 2024","passed","Tue Dec 17 18:12:16 GMT 2024","","","",""
"","1","Ping succeeds for all connected peers","Waku Filter: Peer Management: E2E","Tue Dec 17 18:09:45 GMT 2024","passed","Tue Dec 17 18:09:45 GMT 2024","","","",""
"","0","Subscribe to topic containing Script and receive message","Waku Filter V2: Subscribe: Single Service Node","Tue Dec 17 18:10:48 GMT 2024","passed","Tue Dec 17 18:10:48 GMT 2024","","","",""
"","0","Default pageSize","Waku Store, page size","Tue Dec 17 18:13:43 GMT 2024","passed","Tue Dec 17 18:13:43 GMT 2024","","","",""
"","0","should return valid sharding parameters for content topics autosharding","ensureShardingConfigured","Tue Dec 17 18:07:16 GMT 2024","passed","Tue Dec 17 18:07:16 GMT 2024","","","",""
"","1","A test","This","Tue Dec 17 18:10:48 GMT 2024","passed","Tue Dec 17 18:10:48 GMT 2024","","Is","",""
"","2","should emit a peer event after start","Peer Exchange","Tue Dec 17 18:12:51 GMT 2024","passed","Tue Dec 17 18:12:51 GMT 2024","interface-peer-discovery compliance tests","Compliance Test","",""
"","2","Push message with emoji payload","Waku Light Push: Multiple Nodes: Strict Check: true","Tue Dec 17 18:12:34 GMT 2024","passed","Tue Dec 17 18:12:34 GMT 2024","","","",""
"","1","should properly create location multiaddrs - tcp4","ENR","Tue Dec 17 18:07:24 GMT 2024","passed","Tue Dec 17 18:07:24 GMT 2024","","Location multiaddr","",""
"","0","Query generator for multiple messages with different content topic format","Waku Store, general","Tue Dec 17 18:13:44 GMT 2024","passed","Tue Dec 17 18:13:44 GMT 2024","","","",""
"","0","Check received message with timestamp: 1949153314000 ","Waku Filter V2: FilterPush: Multiple Nodes: Strict Checking: true","Tue Dec 17 18:12:16 GMT 2024","passed","Tue Dec 17 18:12:16 GMT 2024","","","",""
"","0","Subscribe one by one to 100 topics and publish messages","Waku Relay, Subscribe","Tue Dec 17 18:12:43 GMT 2024","passed","Tue Dec 17 18:12:43 GMT 2024","","","",""
"","0","Subscribe and receive messages from 2 nwaku nodes each with different pubsubtopics","Waku Filter V2 (Named sharding): Multiple PubsubTopics","Tue Dec 17 18:09:04 GMT 2024","passed","Tue Dec 17 18:09:04 GMT 2024","","","",""
"","1","should be able to encode the field with only FILTER set to true","ENR waku2 codec","Tue Dec 17 18:07:24 GMT 2024","passed","Tue Dec 17 18:07:24 GMT 2024","","Encoding","",""
"","0","Push message with unicode special characters payload","Waku Light Push: Single Node","Tue Dec 17 18:12:20 GMT 2024","passed","Tue Dec 17 18:12:20 GMT 2024","","","",""
"","1","Filter with 0 connections","Health Manager","Tue Dec 17 18:09:48 GMT 2024","skipped","Tue Dec 17 18:09:48 GMT 2024","","Should update the health status for protocols","",""
"","0","Check message on other pubsub topic is not received","Waku Filter V2: FilterPush","Tue Dec 17 18:10:19 GMT 2024","passed","Tue Dec 17 18:10:19 GMT 2024","","","",""
"","0","random static sharding 7 - Cluster ID: 191, Shard ID: 589","Static Sharding: Running Nodes","Tue Dec 17 18:13:13 GMT 2024","passed","Tue Dec 17 18:13:13 GMT 2024","","Different clusters and shards","",""
"","0","Subscribe to topic containing short and receive message","Waku Filter V2: Subscribe: Multiple Service Nodes: Strict Check mode: false","Tue Dec 17 18:13:45 GMT 2024","passed","Tue Dec 17 18:13:45 GMT 2024","","","",""
"","3","ENRTree (branch): should parse and verify a single component DNS branch entry","ENRTree","Tue Dec 17 18:07:39 GMT 2024","passed","Tue Dec 17 18:07:39 GMT 2024","","","",""
"","0","Relay - dialed first","Wait for remote peer","Tue Dec 17 18:14:00 GMT 2024","passed","Tue Dec 17 18:14:00 GMT 2024","","","",""
"","1","should not be called more than DEFAULT_MAX_BOOTSTRAP_PEERS_ALLOWED times for bootstrap peers","Dials","Tue Dec 17 18:08:23 GMT 2024","passed","Tue Dec 17 18:08:23 GMT 2024","For bootstrap peers","dialPeer method","",""
"","1","Check publish message containing SQL Injection","Waku Relay, Publish","Tue Dec 17 18:12:33 GMT 2024","passed","Tue Dec 17 18:12:33 GMT 2024","","","",""
"","1","should correctly map /statusim/1/community/cbor to shard index 4","contentTopicToShardIndex","Tue Dec 17 18:07:16 GMT 2024","passed","Tue Dec 17 18:07:16 GMT 2024","","","",""
"","0","should not fail to stop the service if it was not started","Peer Exchange","Tue Dec 17 18:12:51 GMT 2024","passed","Tue Dec 17 18:12:51 GMT 2024","interface-peer-discovery compliance tests","Compliance Test","",""
"","0","should correctly map /0/statusim/1/community/cbor to shard index 4","contentTopicToShardIndex","Tue Dec 17 18:07:16 GMT 2024","passed","Tue Dec 17 18:07:16 GMT 2024","","","",""
"","0","Push message with meta","Waku Light Push: Multiple Nodes: Strict Check: true","Tue Dec 17 18:12:34 GMT 2024","passed","Tue Dec 17 18:12:34 GMT 2024","","","",""
"","1","should be able to decode the field with only FILTER set to true","ENR waku2 codec","Tue Dec 17 18:07:24 GMT 2024","passed","Tue Dec 17 18:07:24 GMT 2024","","Decoding","",""
"","3","Relay + Store","ENR Interop: ServiceNode","Tue Dec 17 18:08:25 GMT 2024","passed","Tue Dec 17 18:08:25 GMT 2024","","","",""
"","0","Ordered Callback sorting by timestamp while page direction is true","Waku Store, sorting","Tue Dec 17 18:13:37 GMT 2024","passed","Tue Dec 17 18:13:37 GMT 2024","","","",""
"","1","All","ENR Interop: ServiceNode","Tue Dec 17 18:08:25 GMT 2024","passed","Tue Dec 17 18:08:25 GMT 2024","","","",""
"","0","getPeersByDiscovery","Public methods","Tue Dec 17 18:08:56 GMT 2024","passed","Tue Dec 17 18:08:56 GMT 2024","","","",""
"","0","3 nodes on /waku/2/rs/7/1 topic","Waku Relay (Autosharding), multiple pubsub topics","Tue Dec 17 18:12:25 GMT 2024","passed","Tue Dec 17 18:12:25 GMT 2024","","","",""
"","1","Subscribe to topic containing long and receive message","Waku Filter V2: Subscribe: Multiple Service Nodes: Strict Check mode: true","Tue Dec 17 18:13:45 GMT 2024","passed","Tue Dec 17 18:13:45 GMT 2024","","","",""
"","0","numPeers=4 -- returns total 4 peers, with max 1 bootstrap peers","getPeers","Tue Dec 17 18:09:47 GMT 2024","passed","Tue Dec 17 18:09:47 GMT 2024","maxBootstrapPeers=1","getPeers with varying maxBootstrapPeers","",""
"","1","Check message with non string payload is not received","Waku Filter V2: FilterPush: Multiple Nodes: Strict Checking: false","Tue Dec 17 18:12:16 GMT 2024","passed","Tue Dec 17 18:12:16 GMT 2024","","","",""
"","0","should emit `waku:offline` event only when all peers disconnect","Connection state","Tue Dec 17 18:08:52 GMT 2024","passed","Tue Dec 17 18:08:52 GMT 2024","","","",""
"","0","Check message received after jswaku node is restarted","Waku Filter V2: FilterPush","Tue Dec 17 18:10:19 GMT 2024","skipped","Tue Dec 17 18:10:19 GMT 2024","","","",""
"","2","should emit `peer:discovery:bootstrap` event when a peer is discovered","Events","Tue Dec 17 18:08:16 GMT 2024","passed","Tue Dec 17 18:08:16 GMT 2024","","peer:discovery","",""
"","0","Check received message with timestamp: 1649153314 ","Waku Filter V2: FilterPush","Tue Dec 17 18:10:19 GMT 2024","passed","Tue Dec 17 18:10:19 GMT 2024","","","",""
"","0","3 nodes on /waku/2/rs/3/2 topic","Waku Relay, multiple pubsub topics","Tue Dec 17 18:12:25 GMT 2024","passed","Tue Dec 17 18:12:25 GMT 2024","","","",""
"","0","Add multiple subscription objects on single nwaku node","Waku Filter V2: Subscribe: Single Service Node","Tue Dec 17 18:10:48 GMT 2024","passed","Tue Dec 17 18:10:48 GMT 2024","","","",""
"","1","should send to specified number of peers of used peers","LightPush SDK","Tue Dec 17 18:07:56 GMT 2024","passed","Tue Dec 17 18:07:56 GMT 2024","","","",""
"","0","Subscribe and receive messages via waku relay post","Waku Filter V2: Subscribe: Multiple Service Nodes: Strict Check mode: false","Tue Dec 17 18:13:45 GMT 2024","passed","Tue Dec 17 18:13:45 GMT 2024","","","",""
"","0","Check received message containing Russian","Waku Filter V2: FilterPush","Tue Dec 17 18:10:19 GMT 2024","passed","Tue Dec 17 18:10:19 GMT 2024","","","",""
"","0","should correctly encode and decode relay shards using rsv format (Bit Vector)","Relay Shard codec","Tue Dec 17 18:07:16 GMT 2024","passed","Tue Dec 17 18:07:16 GMT 2024","","","",""
"","0","Query Generator, No message returned","Waku Store, error handling","Tue Dec 17 18:13:20 GMT 2024","passed","Tue Dec 17 18:13:20 GMT 2024","","","",""
"","0","topics with same application and version share the same shard","contentTopicToShardIndex","Tue Dec 17 18:07:16 GMT 2024","passed","Tue Dec 17 18:07:16 GMT 2024","","","",""
"","1","should not fail to start the service if it is already started","Local Storage Discovery","Tue Dec 17 18:07:44 GMT 2024","passed","Tue Dec 17 18:07:44 GMT 2024","interface-peer-discovery compliance tests","Compliance Tests","",""
"","1","Check publish message containing numeric","Waku Relay, Publish","Tue Dec 17 18:12:33 GMT 2024","passed","Tue Dec 17 18:12:33 GMT 2024","","","",""
"","0","Subscribe to topic containing XML and receive message","Waku Filter V2: Subscribe: Multiple Service Nodes: Strict Check mode: false","Tue Dec 17 18:13:45 GMT 2024","passed","Tue Dec 17 18:13:45 GMT 2024","","","",""
"","0","Unsubscribe 1 topic - node subscribed to 2 topics","Waku Filter V2: Unsubscribe: Multiple Nodes: Strict Checking: false","Tue Dec 17 18:10:46 GMT 2024","passed","Tue Dec 17 18:10:46 GMT 2024","","","",""
"","0","should not fail to stop the service if it was not started","DNS Discovery: Compliance Test","Tue Dec 17 18:08:27 GMT 2024","passed","Tue Dec 17 18:08:27 GMT 2024","","interface-peer-discovery compliance tests","",""
"","0","Fails to push message with large meta","Waku Light Push: Multiple Nodes: Strict Check: true","Tue Dec 17 18:12:34 GMT 2024","passed","Tue Dec 17 18:12:34 GMT 2024","","","",""
"","1","Push message equal or less that 1MB","Waku Light Push: Single Node","Tue Dec 17 18:12:20 GMT 2024","passed","Tue Dec 17 18:12:20 GMT 2024","","","",""
"","0","should throw an error for invalid PubsubTopic format: /waku/2/rs","pubsubTopicToSingleShardInfo with various invalid formats","Tue Dec 17 18:07:16 GMT 2024","passed","Tue Dec 17 18:07:16 GMT 2024","","","",""
"","0","Publish message with custom timestamp: Tue Dec 17 2024 19:12:26 GMT+0000 (Coordinated Universal Time)","Waku Relay, Publish","Tue Dec 17 18:12:33 GMT 2024","passed","Tue Dec 17 18:12:33 GMT 2024","","","",""
"","0","Encoder throws on empty string content topic","Ensures content topic is defined","Tue Dec 17 18:07:51 GMT 2024","passed","Tue Dec 17 18:07:51 GMT 2024","","","",""
"","0","Check received message containing Chinese","Waku Filter V2: FilterPush: Multiple Nodes: Strict Checking: true","Tue Dec 17 18:12:16 GMT 2024","passed","Tue Dec 17 18:12:16 GMT 2024","","","",""
"","1","stop","Public methods","Tue Dec 17 18:08:56 GMT 2024","passed","Tue Dec 17 18:08:56 GMT 2024","","","",""
"","1","Ephemeral field is preserved - encoder v0","Waku Message Ephemeral field","Tue Dec 17 18:08:24 GMT 2024","passed","Tue Dec 17 18:08:24 GMT 2024","","","",""
"","1","Reopen subscription with peer with lost subscription","Waku Filter V2: Ping","Tue Dec 17 18:09:04 GMT 2024","passed","Tue Dec 17 18:09:04 GMT 2024","","","",""
"","0","should return usable stream attached to connection","StreamManager","Tue Dec 17 18:07:32 GMT 2024","passed","Tue Dec 17 18:07:32 GMT 2024","","","",""
"","0","Check received message containing shell command","Waku Filter V2: FilterPush: Multiple Nodes: Strict Checking: true","Tue Dec 17 18:12:16 GMT 2024","passed","Tue Dec 17 18:12:16 GMT 2024","","","",""
"","1","throws on content topic with generation field greater than 0","ensureValidContentTopic","Tue Dec 17 18:07:16 GMT 2024","passed","Tue Dec 17 18:07:16 GMT 2024","","","",""
"","2","Subscribe to topic containing Arabic and receive message","Waku Filter V2: Subscribe: Single Service Node","Tue Dec 17 18:10:48 GMT 2024","passed","Tue Dec 17 18:10:48 GMT 2024","","","",""
"","0","Subscribe to topic containing SQL Injection and receive message","Waku Filter V2: Subscribe: Multiple Service Nodes: Strict Check mode: true","Tue Dec 17 18:13:45 GMT 2024","passed","Tue Dec 17 18:13:45 GMT 2024","","","",""
"","0","random static sharding 5 - Cluster ID: 422, Shard ID: 271","Static Sharding: Running Nodes","Tue Dec 17 18:13:13 GMT 2024","passed","Tue Dec 17 18:13:13 GMT 2024","","Different clusters and shards","",""
"","4","Fields are not dropped","to proto message","Tue Dec 17 18:07:31 GMT 2024","passed","Tue Dec 17 18:07:31 GMT 2024","","","",""
"","0","Encoder throws on empty string content topic","Ensures content topic is defined","Tue Dec 17 18:07:50 GMT 2024","passed","Tue Dec 17 18:07:50 GMT 2024","","","",""
"","0","should correctly map /app/20/sometopic/someencoding to shard index 7","contentTopicToShardIndex","Tue Dec 17 18:07:16 GMT 2024","passed","Tue Dec 17 18:07:16 GMT 2024","","","",""
"","0","Generator, 2 different pubsubtopics","Waku Store, custom pubsub topic","Tue Dec 17 18:13:35 GMT 2024","passed","Tue Dec 17 18:13:35 GMT 2024","","","",""
"","0","should properly create location multiaddrs - udp4","ENR","Tue Dec 17 18:07:24 GMT 2024","passed","Tue Dec 17 18:07:24 GMT 2024","","Location multiaddr","",""
"","0","Publishes to nwaku","Waku Relay, Interop","Tue Dec 17 18:12:32 GMT 2024","passed","Tue Dec 17 18:12:32 GMT 2024","","","",""
"","0","Passing page size 3 when there are 20 messages","Waku Store, page size","Tue Dec 17 18:13:43 GMT 2024","passed","Tue Dec 17 18:13:43 GMT 2024","","","",""
"","1","Subscribe to topic containing emoji and receive message","Waku Filter V2: Subscribe: Single Service Node","Tue Dec 17 18:10:48 GMT 2024","passed","Tue Dec 17 18:10:48 GMT 2024","","","",""
"","0","3 nodes on /waku/2/rs/7/0 topic","Waku Relay (Autosharding), multiple pubsub topics","Tue Dec 17 18:12:25 GMT 2024","passed","Tue Dec 17 18:12:25 GMT 2024","","","",""
"","0","should not add existing peers","PeerManager","Tue Dec 17 18:07:57 GMT 2024","passed","Tue Dec 17 18:07:57 GMT 2024","","findAndAddPeers","",""
"","0","msgTime: -19000 ms from now, startTime: -18990, endTime: -19010","Waku Store, time filter","Tue Dec 17 18:13:56 GMT 2024","passed","Tue Dec 17 18:13:56 GMT 2024","","","",""
"","1","Subscribe to topic containing Script and receive message","Waku Filter V2: Subscribe: Multiple Service Nodes: Strict Check mode: false","Tue Dec 17 18:13:45 GMT 2024","passed","Tue Dec 17 18:13:45 GMT 2024","","","",""
"","1","Fails to publish message with wrong pubsubtopic","Waku Relay, Publish","Tue Dec 17 18:12:33 GMT 2024","passed","Tue Dec 17 18:12:33 GMT 2024","","","",""
"","0","Should fail to subscribe with decoder with wrong pubsubTopic","Waku Filter V2 (Named sharding): Multiple PubsubTopics","Tue Dec 17 18:09:04 GMT 2024","passed","Tue Dec 17 18:09:04 GMT 2024","","","",""
"","2","Query with Ordered Callback, Wrong PubsubTopic","Waku Store, error handling","Tue Dec 17 18:13:20 GMT 2024","passed","Tue Dec 17 18:13:20 GMT 2024","","","",""
"","0","less peers than existing","Peer Exchange Query","Tue Dec 17 18:12:16 GMT 2024","skipped","Tue Dec 17 18:12:16 GMT 2024","","","",""
"","0","Unsubscribe topics the node is not subscribed to","Waku Filter V2: Unsubscribe","Tue Dec 17 18:09:33 GMT 2024","passed","Tue Dec 17 18:09:33 GMT 2024","","","",""
"","1","should throw an error for non-numeric shard: /waku/2/rs/1/-","pubsubTopicToSingleShardInfo with various invalid formats","Tue Dec 17 18:07:16 GMT 2024","passed","Tue Dec 17 18:07:16 GMT 2024","","","",""
"","0","ENRTree (root): should error if DNS root entry signature is invalid","ENRTree","Tue Dec 17 18:07:39 GMT 2024","passed","Tue Dec 17 18:07:39 GMT 2024","","","",""
"","1","Filter with 2 connections","Health Manager","Tue Dec 17 18:09:48 GMT 2024","skipped","Tue Dec 17 18:09:48 GMT 2024","","Should update the health status for protocols","",""
"","3","Check received message containing SQL Injection","Waku Filter V2: FilterPush: Multiple Nodes: Strict Checking: true","Tue Dec 17 18:12:16 GMT 2024","passed","Tue Dec 17 18:12:16 GMT 2024","","","",""
"","0","Check message with invalid timestamp is not received","Waku Filter V2: FilterPush","Tue Dec 17 18:10:19 GMT 2024","passed","Tue Dec 17 18:10:19 GMT 2024","","","",""
"","1","Check message received after nwaku node is restarted","Waku Filter V2: FilterPush: Multiple Nodes: Strict Checking: false","Tue Dec 17 18:12:16 GMT 2024","skipped","Tue Dec 17 18:12:16 GMT 2024","","","",""
"","0","should set field with all protocols disabled","ENR","Tue Dec 17 18:07:24 GMT 2024","passed","Tue Dec 17 18:07:24 GMT 2024","","waku2 key round trip","",""
"","0","should throw an error for non-numeric clusterId: /waku/2/rs//1","pubsubTopicToSingleShardInfo with various invalid formats","Tue Dec 17 18:07:16 GMT 2024","passed","Tue Dec 17 18:07:16 GMT 2024","","","",""
"","0","should load peers from local storage and dispatch events","Local Storage Discovery","Tue Dec 17 18:07:44 GMT 2024","passed","Tue Dec 17 18:07:44 GMT 2024","","Unit Tests","",""
"","1","Query with Ordered Callback, No Decoder","Waku Store, error handling","Tue Dec 17 18:13:20 GMT 2024","passed","Tue Dec 17 18:13:20 GMT 2024","","","",""
"","0","LightPush with 1 connections","Health Manager","Tue Dec 17 18:09:48 GMT 2024","skipped","Tue Dec 17 18:09:48 GMT 2024","","Should update the health status for protocols","",""
"","1","should be able to encode the field with ALL protocols set to false","ENR waku2 codec","Tue Dec 17 18:07:24 GMT 2024","passed","Tue Dec 17 18:07:24 GMT 2024","","Encoding","",""
"","0","unsubscribes","Util: toAsyncIterator: Filter","Tue Dec 17 18:13:44 GMT 2024","passed","Tue Dec 17 18:13:44 GMT 2024","","","",""
"","1","random auto sharding 4 - Cluster ID: 10, Content Topic: /app20/4/topic358/xml","Autosharding: Running Nodes","Tue Dec 17 18:13:03 GMT 2024","passed","Tue Dec 17 18:13:03 GMT 2024","","Different clusters and topics","",""
"","0","retrieves all peers (2) when cannot fulfill all requirements","DNS Node Discovery w/ capabilities","Tue Dec 17 18:07:40 GMT 2024","passed","Tue Dec 17 18:07:40 GMT 2024","","","",""
"","0","Check message with no content topic is not received","Waku Filter V2: FilterPush","Tue Dec 17 18:10:19 GMT 2024","passed","Tue Dec 17 18:10:19 GMT 2024","","","",""
"","0","Subscribe to topic containing Arabic and publish message","Waku Relay, Subscribe","Tue Dec 17 18:12:43 GMT 2024","passed","Tue Dec 17 18:12:43 GMT 2024","","","",""
"","0","Renews subscription after lossing a connection","Waku Filter V2: Subscribe: Multiple Service Nodes: Strict Check mode: true","Tue Dec 17 18:13:45 GMT 2024","passed","Tue Dec 17 18:13:45 GMT 2024","","","",""
"","1","should aggregate SingleShardInfos into a ShardInfo","singleShardInfosToShardInfo","Tue Dec 17 18:07:16 GMT 2024","passed","Tue Dec 17 18:07:16 GMT 2024","","","",""
"","0","Subscribe to topic containing emoji and receive message","Waku Filter V2: Subscribe: Multiple Service Nodes: Strict Check mode: false","Tue Dec 17 18:13:45 GMT 2024","passed","Tue Dec 17 18:13:45 GMT 2024","","","",""
"","1","shard 0","Static Sharding: Running Nodes","Tue Dec 17 18:13:13 GMT 2024","passed","Tue Dec 17 18:13:13 GMT 2024","","Different clusters and shards","",""
"","0","Push message with content topic containing JSON","Waku Light Push: Single Node","Tue Dec 17 18:12:20 GMT 2024","passed","Tue Dec 17 18:12:20 GMT 2024","","","",""
"","1","Push message on custom pubsubTopic","Waku Light Push (Autosharding): Multiple PubsubTopics","Tue Dec 17 18:11:17 GMT 2024","passed","Tue Dec 17 18:11:17 GMT 2024","","","",""
"","0","Subscribe to topic containing XML and receive message","Waku Filter V2: Subscribe: Multiple Service Nodes: Strict Check mode: true","Tue Dec 17 18:13:45 GMT 2024","passed","Tue Dec 17 18:13:45 GMT 2024","","","",""
"","0","should be able to decode the field with ALL protocols set to false","ENR waku2 codec","Tue Dec 17 18:07:24 GMT 2024","passed","Tue Dec 17 18:07:24 GMT 2024","","Decoding","",""
"","0","Store - dialed first","Wait for remote peer","Tue Dec 17 18:14:00 GMT 2024","passed","Tue Dec 17 18:14:00 GMT 2024","","","",""
"","1","Subscribe and receive messages from 2 nwaku nodes each with different pubsubtopics","Waku Filter V2: Multiple PubsubTopics","Tue Dec 17 18:09:04 GMT 2024","passed","Tue Dec 17 18:09:04 GMT 2024","","","",""
"","0","Subscribe to topic containing emoji and publish message","Waku Relay, Subscribe","Tue Dec 17 18:12:43 GMT 2024","passed","Tue Dec 17 18:12:43 GMT 2024","","","",""
"","1","isConnected should return true after first peer connects","Connection state","Tue Dec 17 18:08:52 GMT 2024","passed","Tue Dec 17 18:08:52 GMT 2024","","","",""
"","0","Subscribe to topic containing numeric and receive message","Waku Filter V2: Subscribe: Multiple Service Nodes: Strict Check mode: false","Tue Dec 17 18:13:45 GMT 2024","passed","Tue Dec 17 18:13:45 GMT 2024","","","",""
"","0","LightPush: 0 peers, Filter: 3 peers","Node Health Status Matrix Tests","Tue Dec 17 18:09:48 GMT 2024","skipped","Tue Dec 17 18:09:48 GMT 2024","","","",""
"","0","handles different networkShards values correctly","contentTopicsByPubsubTopic","Tue Dec 17 18:07:16 GMT 2024","passed","Tue Dec 17 18:07:16 GMT 2024","","","",""
"","0","Unsubscribes all - node subscribed to 10 topics","Waku Filter V2: Unsubscribe: Multiple Nodes: Strict Checking: true","Tue Dec 17 18:10:46 GMT 2024","passed","Tue Dec 17 18:10:46 GMT 2024","","","",""
"","1","Push message with content topic containing unicode special characters","Waku Light Push: Single Node","Tue Dec 17 18:12:20 GMT 2024","passed","Tue Dec 17 18:12:20 GMT 2024","","","",""
"","4","numPeers=2 -- returns total 2 peers, with max 3 bootstrap peers","getPeers","Tue Dec 17 18:09:47 GMT 2024","passed","Tue Dec 17 18:09:47 GMT 2024","maxBootstrapPeers=3","getPeers with varying maxBootstrapPeers","",""
"","0","Push message with unicode special characters payload","Waku Light Push: Multiple Nodes: Strict Check: true","Tue Dec 17 18:12:34 GMT 2024","passed","Tue Dec 17 18:12:34 GMT 2024","","","",""
"","0","Check message received after nwaku node is restarted","Waku Filter V2: FilterPush: Multiple Nodes: Strict Checking: true","Tue Dec 17 18:12:16 GMT 2024","skipped","Tue Dec 17 18:12:16 GMT 2024","","","",""
"","0","Push message with content topic containing shell command","Waku Light Push: Single Node","Tue Dec 17 18:12:20 GMT 2024","passed","Tue Dec 17 18:12:20 GMT 2024","","","",""
"","1","Overlapping topic subscription","Waku Filter V2: Subscribe: Multiple Service Nodes: Strict Check mode: true","Tue Dec 17 18:13:45 GMT 2024","passed","Tue Dec 17 18:13:45 GMT 2024","","","",""
"","1","Subscribe and receive symmetrically encrypted messages via lightPush","Waku Filter V2: Subscribe: Multiple Service Nodes: Strict Check mode: false","Tue Dec 17 18:13:45 GMT 2024","passed","Tue Dec 17 18:13:45 GMT 2024","","","",""
"","0","should not receive a peer event after stop","Peer Exchange","Tue Dec 17 18:12:51 GMT 2024","passed","Tue Dec 17 18:12:51 GMT 2024","interface-peer-discovery compliance tests","Compliance Test","",""
"","1","Push message with Chinese payload","Waku Light Push: Single Node","Tue Dec 17 18:12:20 GMT 2024","passed","Tue Dec 17 18:12:20 GMT 2024","","","",""
"","1","Passing a valid cursor at 110 index when there are 120 messages","Waku Store, cursor","Tue Dec 17 18:13:06 GMT 2024","passed","Tue Dec 17 18:13:06 GMT 2024","","","",""
"","0","caches peers it previously fetched","DNS Node Discovery","Tue Dec 17 18:07:40 GMT 2024","passed","Tue Dec 17 18:07:40 GMT 2024","","","",""
"","0","Subscribe to topic containing Basic HTML tag and publish message","Waku Relay, Subscribe","Tue Dec 17 18:12:43 GMT 2024","passed","Tue Dec 17 18:12:43 GMT 2024","","","",""
"","0","numPeers=0 -- returns all peers including all non-bootstrap with maxBootstrapPeers: 2","getPeers","Tue Dec 17 18:09:47 GMT 2024","passed","Tue Dec 17 18:09:47 GMT 2024","maxBootstrapPeers=2","getPeers with varying maxBootstrapPeers","",""
"","0","Decoder throws on undefined content topic","Ensures content topic is defined","Tue Dec 17 18:07:32 GMT 2024","passed","Tue Dec 17 18:07:32 GMT 2024","","","",""
"","1","Filter","Wait for remote peer","Tue Dec 17 18:14:00 GMT 2024","passed","Tue Dec 17 18:14:00 GMT 2024","","","",""
"","0","should set field with only RELAY enabled","ENR","Tue Dec 17 18:07:24 GMT 2024","passed","Tue Dec 17 18:07:24 GMT 2024","","waku2 key round trip","",""
"","1","connects to nwaku","Waku Dial [node only]","Tue Dec 17 18:13:52 GMT 2024","passed","Tue Dec 17 18:13:52 GMT 2024","","Interop: ServiceNode","",""
"","0","Subscribe to topic containing Russian and receive message","Waku Filter V2: Subscribe: Multiple Service Nodes: Strict Check mode: false","Tue Dec 17 18:13:45 GMT 2024","passed","Tue Dec 17 18:13:45 GMT 2024","","","",""
"","0","Round trip binary encryption [ecies, signature]","Ecies Encryption","Tue Dec 17 18:07:51 GMT 2024","passed","Tue Dec 17 18:07:51 GMT 2024","","","",""
"","0","Error when try to subscribe to more than 101 topics (new limit)","Waku Filter V2: Subscribe: Multiple Service Nodes: Strict Check mode: false","Tue Dec 17 18:13:45 GMT 2024","passed","Tue Dec 17 18:13:45 GMT 2024","","","",""
"","0","Push message with content topic containing emoji","Waku Light Push: Multiple Nodes: Strict Check: true","Tue Dec 17 18:12:34 GMT 2024","passed","Tue Dec 17 18:12:34 GMT 2024","","","",""
"","1","Push message with SQL Injection payload","Waku Light Push: Single Node","Tue Dec 17 18:12:20 GMT 2024","passed","Tue Dec 17 18:12:20 GMT 2024","","","",""
"","0","Subscribe and receive messages via waku relay post","Waku Filter V2: Subscribe: Multiple Service Nodes: Strict Check mode: true","Tue Dec 17 18:13:45 GMT 2024","passed","Tue Dec 17 18:13:45 GMT 2024","","","",""
"","0","Renews subscription after lossing a connection","Waku Filter V2: Subscribe: Multiple Service Nodes: Strict Check mode: false","Tue Dec 17 18:13:45 GMT 2024","passed","Tue Dec 17 18:13:45 GMT 2024","","","",""
"","1","Query with Ordered Callback, Multiple PubsubTopics","Waku Store, error handling","Tue Dec 17 18:13:20 GMT 2024","passed","Tue Dec 17 18:13:20 GMT 2024","","","",""
"","0","LightPush: 0 peers, Filter: 1 peers","Node Health Status Matrix Tests","Tue Dec 17 18:09:48 GMT 2024","skipped","Tue Dec 17 18:09:48 GMT 2024","","","",""
"","1","Check message with invalid timestamp is not received","Waku Filter V2: FilterPush: Multiple Nodes: Strict Checking: true","Tue Dec 17 18:12:16 GMT 2024","passed","Tue Dec 17 18:12:16 GMT 2024","","","",""
"","0","Query Generator, Wrong PubsubTopic","Waku Store, error handling","Tue Dec 17 18:13:20 GMT 2024","passed","Tue Dec 17 18:13:20 GMT 2024","","","",""
"","0","Check message received after jswaku node is restarted","Waku Filter V2: FilterPush: Multiple Nodes: Strict Checking: true","Tue Dec 17 18:12:16 GMT 2024","skipped","Tue Dec 17 18:12:16 GMT 2024","","","",""
"","0","Ordered callback, aborts when callback returns true","Waku Store, general","Tue Dec 17 18:13:44 GMT 2024","passed","Tue Dec 17 18:13:44 GMT 2024","","","",""
"","1","Push message with Basic HTML tag payload","Waku Light Push: Multiple Nodes: Strict Check: true","Tue Dec 17 18:12:34 GMT 2024","passed","Tue Dec 17 18:12:34 GMT 2024","","","",""
"","2","Push 30 different messages","Waku Light Push: Multiple Nodes: Strict Check: true","Tue Dec 17 18:12:34 GMT 2024","passed","Tue Dec 17 18:12:34 GMT 2024","","","",""
"","0","should correctly map /app/20/sometopic/someencoding to shard index 0 with networkShards 1","contentTopicToShardIndex","Tue Dec 17 18:07:16 GMT 2024","passed","Tue Dec 17 18:07:16 GMT 2024","","","",""
"","0","Reusing cursor across nodes","Waku Store, cursor","Tue Dec 17 18:13:06 GMT 2024","passed","Tue Dec 17 18:13:06 GMT 2024","","","",""
"","1","using a protocol with unconfigured pubsub topic should fail","Autosharding: Running Nodes","Tue Dec 17 18:13:03 GMT 2024","passed","Tue Dec 17 18:13:03 GMT 2024","","Others","",""
"","0","numPeers=1 -- returns one bootstrap peer ","getPeers","Tue Dec 17 18:09:47 GMT 2024","passed","Tue Dec 17 18:09:47 GMT 2024","maxBootstrapPeers=7","getPeers with varying maxBootstrapPeers","",""
"","0","LightPush: 1 peers, Filter: 3 peers","Node Health Status Matrix Tests","Tue Dec 17 18:09:48 GMT 2024","skipped","Tue Dec 17 18:09:48 GMT 2024","","","",""
"","1","numPeers=1 -- returns one bootstrap peer ","getPeers","Tue Dec 17 18:09:47 GMT 2024","passed","Tue Dec 17 18:09:47 GMT 2024","maxBootstrapPeers=3","getPeers with varying maxBootstrapPeers","",""
"","3","returns only open connection if one present","selectOpenConnection","Tue Dec 17 18:07:31 GMT 2024","passed","Tue Dec 17 18:07:31 GMT 2024","","","",""
"","0","should not receive a peer event after stop","Local Storage Discovery","Tue Dec 17 18:07:44 GMT 2024","passed","Tue Dec 17 18:07:44 GMT 2024","interface-peer-discovery compliance tests","Compliance Tests","",""
"","2","Passing a valid cursor at 19 index when there are 50 messages","Waku Store, cursor","Tue Dec 17 18:13:06 GMT 2024","passed","Tue Dec 17 18:13:06 GMT 2024","","","",""
"","1","should only return 1 node with relay capability","DNS Node Discovery w/ capabilities","Tue Dec 17 18:07:40 GMT 2024","passed","Tue Dec 17 18:07:40 GMT 2024","","","",""
"","0","Subscribe and receive messages on 2 different content topics","Waku Filter V2: Subscribe: Multiple Service Nodes: Strict Check mode: false","Tue Dec 17 18:13:45 GMT 2024","passed","Tue Dec 17 18:13:45 GMT 2024","","","",""
"","0","1 Relay, 1 Filter, gives up","Fetch nodes until capabilities are fulfilled","Tue Dec 17 18:07:40 GMT 2024","passed","Tue Dec 17 18:07:40 GMT 2024","","","",""
"","0","Overlapping topic subscription","Waku Relay, Subscribe","Tue Dec 17 18:12:43 GMT 2024","skipped","Tue Dec 17 18:12:43 GMT 2024","","","",""
"","0","Check received message containing long","Waku Filter V2: FilterPush: Multiple Nodes: Strict Checking: true","Tue Dec 17 18:12:16 GMT 2024","passed","Tue Dec 17 18:12:16 GMT 2024","","","",""
"","0","Publish message with large meta","Waku Relay, Publish","Tue Dec 17 18:12:33 GMT 2024","passed","Tue Dec 17 18:12:33 GMT 2024","","","",""
"","0","should decode valid ENR with multiaddrs successfully [shared test vector]","ENR","Tue Dec 17 18:07:24 GMT 2024","passed","Tue Dec 17 18:07:24 GMT 2024","","Txt codec","",""
"","0","Subscribe to topic containing escaped characters and receive message","Waku Filter V2: Subscribe: Single Service Node","Tue Dec 17 18:10:48 GMT 2024","passed","Tue Dec 17 18:10:48 GMT 2024","","","",""
"","0","should return only bootstrap peers up to maxBootstrapPeers","filterPeersByDiscovery function","Tue Dec 17 18:07:32 GMT 2024","passed","Tue Dec 17 18:07:32 GMT 2024","","","",""
"","2","Subscribe to topic containing XML and publish message","Waku Relay, Subscribe","Tue Dec 17 18:12:43 GMT 2024","passed","Tue Dec 17 18:12:43 GMT 2024","","","",""
"","0","Check received message containing Arabic","Waku Filter V2: FilterPush: Multiple Nodes: Strict Checking: true","Tue Dec 17 18:12:16 GMT 2024","passed","Tue Dec 17 18:12:16 GMT 2024","","","",""
"","0","msgTime: -19000 ms from now, startTime: -19010, endTime: -18990","Waku Store, time filter","Tue Dec 17 18:13:56 GMT 2024","passed","Tue Dec 17 18:13:56 GMT 2024","","","",""
"","0","should return all non-bootstrap peers and no bootstrap peer when numPeers is 0 and maxBootstrapPeers is 0","filterPeersByDiscovery function","Tue Dec 17 18:07:32 GMT 2024","passed","Tue Dec 17 18:07:32 GMT 2024","","","",""
"","0","Check received message containing long","Waku Filter V2: FilterPush","Tue Dec 17 18:10:19 GMT 2024","passed","Tue Dec 17 18:10:19 GMT 2024","","","",""
"","0","numPeers=4 -- returns total 4 peers, with max 3 bootstrap peers","getPeers","Tue Dec 17 18:09:47 GMT 2024","passed","Tue Dec 17 18:09:47 GMT 2024","maxBootstrapPeers=3","getPeers with varying maxBootstrapPeers","",""
"","0","should return the pubsub topic directly if a string is provided","determinePubsubTopic","Tue Dec 17 18:07:16 GMT 2024","passed","Tue Dec 17 18:07:16 GMT 2024","","","",""
"","0","should handle clusterId, application and version for autosharding with cluster iD 1","shardInfoToPubsubTopics","Tue Dec 17 18:07:16 GMT 2024","passed","Tue Dec 17 18:07:16 GMT 2024","","","",""
"","1","Check received message containing XML","Waku Filter V2: FilterPush: Multiple Nodes: Strict Checking: false","Tue Dec 17 18:12:16 GMT 2024","passed","Tue Dec 17 18:12:16 GMT 2024","","","",""
"","0","should return different streams if requested simultaniously","StreamManager","Tue Dec 17 18:07:32 GMT 2024","passed","Tue Dec 17 18:07:32 GMT 2024","","","",""
"","1","msgTime: -19000 ms from now, startTime: -18999, endTime: -18996","Waku Store, time filter","Tue Dec 17 18:13:56 GMT 2024","passed","Tue Dec 17 18:13:56 GMT 2024","","","",""
"","0","udp ip6 address","Multiaddr from fields","Tue Dec 17 18:07:24 GMT 2024","passed","Tue Dec 17 18:07:24 GMT 2024","","","",""
"","1","Subscribe to topic containing Chinese and publish message","Waku Relay, Subscribe","Tue Dec 17 18:12:43 GMT 2024","passed","Tue Dec 17 18:12:43 GMT 2024","","","",""
"","0","should set field with only FILTER enabled","ENR","Tue Dec 17 18:07:24 GMT 2024","passed","Tue Dec 17 18:07:24 GMT 2024","","waku2 key round trip","",""
"","0","throws on content topic with non-number generation field","ensureValidContentTopic","Tue Dec 17 18:07:16 GMT 2024","passed","Tue Dec 17 18:07:16 GMT 2024","","","",""
"","1","should reject if WakuNode is not started","waitForRemotePeer","Tue Dec 17 18:07:56 GMT 2024","passed","Tue Dec 17 18:07:56 GMT 2024","","","",""
"","0","numPeers=0 -- returns all peers including all non-bootstrap with maxBootstrapPeers: 7","getPeers","Tue Dec 17 18:09:47 GMT 2024","passed","Tue Dec 17 18:09:47 GMT 2024","maxBootstrapPeers=7","getPeers with varying maxBootstrapPeers","",""
"","1","Subscribe and receive 2 messages on the same topic","Waku Filter V2: Subscribe: Multiple Service Nodes: Strict Check mode: true","Tue Dec 17 18:13:45 GMT 2024","passed","Tue Dec 17 18:13:45 GMT 2024","","","",""
"","0","should reject if Filter is requested but not mounted","waitForRemotePeer","Tue Dec 17 18:07:56 GMT 2024","passed","Tue Dec 17 18:07:56 GMT 2024","","","",""
"","0","LightPush: 3 peers, Filter: 0 peers","Node Health Status Matrix Tests","Tue Dec 17 18:09:48 GMT 2024","skipped","Tue Dec 17 18:09:48 GMT 2024","","","",""
"","1","ENRTree (tree): should error if DNS tree entry is misformatted","ENRTree","Tue Dec 17 18:07:39 GMT 2024","passed","Tue Dec 17 18:07:39 GMT 2024","","","",""
"","0","random static sharding 4 - Cluster ID: 821, Shard ID: 943","Static Sharding: Running Nodes","Tue Dec 17 18:13:13 GMT 2024","passed","Tue Dec 17 18:13:13 GMT 2024","","Different clusters and shards","",""
"","0","Fails to push message bigger that 1MB","Waku Light Push: Single Node","Tue Dec 17 18:12:20 GMT 2024","passed","Tue Dec 17 18:12:20 GMT 2024","","","",""
"","0","1 Store, 2 relays, 2 fetches","Fetch nodes until capabilities are fulfilled","Tue Dec 17 18:07:40 GMT 2024","passed","Tue Dec 17 18:07:40 GMT 2024","","","",""
"","1","should not receive a peer event after stop","DNS Discovery: Compliance Test","Tue Dec 17 18:08:27 GMT 2024","passed","Tue Dec 17 18:08:27 GMT 2024","","interface-peer-discovery compliance tests","",""
"","1","Sign & Recover","Waku Encryption","Tue Dec 17 18:07:50 GMT 2024","passed","Tue Dec 17 18:07:50 GMT 2024","","","",""
"","0","uses static shard pubsub topic instead of autosharding when set","Sets sharding configuration correctly","Tue Dec 17 18:07:32 GMT 2024","passed","Tue Dec 17 18:07:32 GMT 2024","","","",""
"","0","Check received message containing shell command","Waku Filter V2: FilterPush: Multiple Nodes: Strict Checking: false","Tue Dec 17 18:12:16 GMT 2024","passed","Tue Dec 17 18:12:16 GMT 2024","","","",""
"","1","Query Generator sorting by timestamp while page direction is true","Waku Store, sorting","Tue Dec 17 18:13:37 GMT 2024","passed","Tue Dec 17 18:13:37 GMT 2024","","","",""
"","1","should not throw an error for a single configured topic","ensurePubsubTopicIsConfigured","Tue Dec 17 18:07:16 GMT 2024","passed","Tue Dec 17 18:07:16 GMT 2024","","","",""
"","0","random auto sharding 9 - Cluster ID: 10, Content Topic: /app71/1/topic305/test.js","Autosharding: Running Nodes","Tue Dec 17 18:13:03 GMT 2024","passed","Tue Dec 17 18:13:03 GMT 2024","","Different clusters and topics","",""
"","1","Push message with emoji payload","Waku Light Push: Single Node","Tue Dec 17 18:12:20 GMT 2024","passed","Tue Dec 17 18:12:20 GMT 2024","","","",""
"","2","Check publish message containing Arabic","Waku Relay, Publish","Tue Dec 17 18:12:33 GMT 2024","passed","Tue Dec 17 18:12:33 GMT 2024","","","",""
"","0","should decode valid enr successfully","ENR","Tue Dec 17 18:07:24 GMT 2024","passed","Tue Dec 17 18:07:24 GMT 2024","","Txt codec","",""
"","1","Relay","ENR Interop: ServiceNode","Tue Dec 17 18:08:25 GMT 2024","passed","Tue Dec 17 18:08:25 GMT 2024","","","",""
"","0","Subscribe and receives messages on 20 topics","Waku Filter V2: Subscribe: Multiple Service Nodes: Strict Check mode: false","Tue Dec 17 18:13:45 GMT 2024","passed","Tue Dec 17 18:13:45 GMT 2024","","","",""
"","1","should use the provided clusterId for the pubsub topic","contentTopicToPubsubTopic","Tue Dec 17 18:07:16 GMT 2024","passed","Tue Dec 17 18:07:16 GMT 2024","","","",""
"","0","Push message with Basic HTML tag payload","Waku Light Push: Single Node","Tue Dec 17 18:12:20 GMT 2024","passed","Tue Dec 17 18:12:20 GMT 2024","","","",""
"","0","Check received message containing XML","Waku Filter V2: FilterPush: Multiple Nodes: Strict Checking: true","Tue Dec 17 18:12:16 GMT 2024","passed","Tue Dec 17 18:12:16 GMT 2024","","","",""
"","0","Push message with rate limit","Waku Light Push: Single Node","Tue Dec 17 18:12:20 GMT 2024","passed","Tue Dec 17 18:12:20 GMT 2024","","","",""
"","1","start node with empty shard should fail","Static Sharding: Running Nodes","Tue Dec 17 18:13:13 GMT 2024","passed","Tue Dec 17 18:13:13 GMT 2024","","Others","",""
"","2","Passing a valid cursor at 2 index when there are 4 messages","Waku Store, cursor","Tue Dec 17 18:13:06 GMT 2024","passed","Tue Dec 17 18:13:06 GMT 2024","","","",""
"","1","Check received message containing emoji","Waku Filter V2: FilterPush: Multiple Nodes: Strict Checking: true","Tue Dec 17 18:12:16 GMT 2024","passed","Tue Dec 17 18:12:16 GMT 2024","","","",""
"","1","LightPush: 2 peers, Filter: 2 peers","Node Health Status Matrix Tests","Tue Dec 17 18:09:48 GMT 2024","skipped","Tue Dec 17 18:09:48 GMT 2024","","","",""
"","0","Check received message with timestamp: 1649153314 ","Waku Filter V2: FilterPush: Multiple Nodes: Strict Checking: true","Tue Dec 17 18:12:16 GMT 2024","passed","Tue Dec 17 18:12:16 GMT 2024","","","",""
"","0","Generator, custom pubsub topic","Waku Store, custom pubsub topic","Tue Dec 17 18:13:35 GMT 2024","passed","Tue Dec 17 18:13:35 GMT 2024","","","",""
"","0","Unsubscribes all - node subscribed to 10 topics","Waku Filter V2: Unsubscribe: Multiple Nodes: Strict Checking: false","Tue Dec 17 18:10:46 GMT 2024","passed","Tue Dec 17 18:10:46 GMT 2024","","","",""
"","0","groups multiple content topics into the same pubsub topic when they share the same shard index","contentTopicsByPubsubTopic","Tue Dec 17 18:07:16 GMT 2024","passed","Tue Dec 17 18:07:16 GMT 2024","","","",""
"","0","Subscribe to topic containing unicode special characters and receive message","Waku Filter V2: Subscribe: Multiple Service Nodes: Strict Check mode: true","Tue Dec 17 18:13:45 GMT 2024","passed","Tue Dec 17 18:13:45 GMT 2024","","","",""
"","0","Subscribe to topic containing unicode special characters and publish message","Waku Relay, Subscribe","Tue Dec 17 18:12:43 GMT 2024","passed","Tue Dec 17 18:12:43 GMT 2024","","","",""
"","0","Push message with shell command payload","Waku Light Push: Multiple Nodes: Strict Check: true","Tue Dec 17 18:12:34 GMT 2024","passed","Tue Dec 17 18:12:34 GMT 2024","","","",""
"","0","should properly create location multiaddrs - udp6","ENR","Tue Dec 17 18:07:24 GMT 2024","passed","Tue Dec 17 18:07:24 GMT 2024","","Location multiaddr","",""
"","0","should throw error - invalid id","ENR","Tue Dec 17 18:07:24 GMT 2024","passed","Tue Dec 17 18:07:24 GMT 2024","","Verify","",""
"","0","Refresh subscription","Waku Relay, Subscribe","Tue Dec 17 18:12:43 GMT 2024","skipped","Tue Dec 17 18:12:43 GMT 2024","","","",""
"","0","Check received message with timestamp: 1949153314000 ","Waku Filter V2: FilterPush","Tue Dec 17 18:10:19 GMT 2024","passed","Tue Dec 17 18:10:19 GMT 2024","","","",""
"","0","random static sharding 3 - Cluster ID: 350, Shard ID: 465","Static Sharding: Running Nodes","Tue Dec 17 18:13:13 GMT 2024","passed","Tue Dec 17 18:13:13 GMT 2024","","Different clusters and shards","",""
"","0","Generator, 2 different pubsubtopics","Waku Store (Autosharding), custom pubsub topic","Tue Dec 17 18:13:35 GMT 2024","passed","Tue Dec 17 18:13:35 GMT 2024","","","",""
"","0","Passing page size 11 when there are 10 messages","Waku Store, page size","Tue Dec 17 18:13:43 GMT 2024","passed","Tue Dec 17 18:13:43 GMT 2024","","","",""
"","1","ENRTree (root): should error if DNS root entry is mis-prefixed","ENRTree","Tue Dec 17 18:07:39 GMT 2024","passed","Tue Dec 17 18:07:39 GMT 2024","","","",""
"","0","Check received message with timestamp: 1734458895316 ","Waku Filter V2: FilterPush","Tue Dec 17 18:10:19 GMT 2024","passed","Tue Dec 17 18:10:19 GMT 2024","","","",""
"","1","Unsubscribe 1 topic - node subscribed to 1 topic","Waku Filter V2: Unsubscribe","Tue Dec 17 18:09:33 GMT 2024","passed","Tue Dec 17 18:09:33 GMT 2024","","","",""
"","0","Fails to push message with empty content topic","Waku Light Push: Single Node","Tue Dec 17 18:12:20 GMT 2024","passed","Tue Dec 17 18:12:20 GMT 2024","","","",""
"","0","handles multiple messages","Util: toAsyncIterator: Filter","Tue Dec 17 18:13:44 GMT 2024","passed","Tue Dec 17 18:13:44 GMT 2024","","","",""
"","1","Query Generator  - false","Waku Store, order","Tue Dec 17 18:13:27 GMT 2024","passed","Tue Dec 17 18:13:27 GMT 2024","","","",""
"","1","Check publish message containing emoji","Waku Relay, Publish","Tue Dec 17 18:12:33 GMT 2024","passed","Tue Dec 17 18:12:33 GMT 2024","","","",""
"","0","Check received message with timestamp: 1949153314000 ","Waku Filter V2: FilterPush: Multiple Nodes: Strict Checking: false","Tue Dec 17 18:12:16 GMT 2024","passed","Tue Dec 17 18:12:16 GMT 2024","","","",""
"","1","Check publish message containing Script","Waku Relay, Publish","Tue Dec 17 18:12:33 GMT 2024","passed","Tue Dec 17 18:12:33 GMT 2024","","","",""
"","0","Check meta is set [symmetric]","Symmetric Encryption","Tue Dec 17 18:07:50 GMT 2024","passed","Tue Dec 17 18:07:50 GMT 2024","","","",""
"","1","Check received message containing special chars","Waku Filter V2: FilterPush: Multiple Nodes: Strict Checking: true","Tue Dec 17 18:12:16 GMT 2024","passed","Tue Dec 17 18:12:16 GMT 2024","","","",""
"","0","Check message received after nwaku node is restarted","Waku Filter V2: FilterPush","Tue Dec 17 18:10:19 GMT 2024","skipped","Tue Dec 17 18:10:19 GMT 2024","","","",""
"","2","Query with Promise Callback, Multiple PubsubTopics","Waku Store, error handling","Tue Dec 17 18:13:20 GMT 2024","passed","Tue Dec 17 18:13:20 GMT 2024","","","",""
"","0","throws on content topic with empty encoding field","ensureValidContentTopic","Tue Dec 17 18:07:16 GMT 2024","passed","Tue Dec 17 18:07:16 GMT 2024","","","",""
"","0","should only return 1 node with relay and store capability","DNS Node Discovery w/ capabilities","Tue Dec 17 18:07:40 GMT 2024","passed","Tue Dec 17 18:07:40 GMT 2024","","","",""
"","0","Generator, 2 nwaku nodes each with different pubsubtopics","Waku Store (named sharding), custom pubsub topic","Tue Dec 17 18:13:35 GMT 2024","passed","Tue Dec 17 18:13:35 GMT 2024","","","",""
"","0","peer:update - should not schedule stream creation IF protocol hit AND stream found on connection","StreamManager","Tue Dec 17 18:07:32 GMT 2024","passed","Tue Dec 17 18:07:32 GMT 2024","","","",""
"","1","Check received message with timestamp: 1649153314 ","Waku Filter V2: FilterPush: Multiple Nodes: Strict Checking: false","Tue Dec 17 18:12:16 GMT 2024","passed","Tue Dec 17 18:12:16 GMT 2024","","","",""
"","0","Subscribe to topic containing JSON and publish message","Waku Relay, Subscribe","Tue Dec 17 18:12:43 GMT 2024","passed","Tue Dec 17 18:12:43 GMT 2024","","","",""
"","0","msgTime: 19000 ms from now, startTime: 18990, endTime: 19010","Waku Store, time filter","Tue Dec 17 18:13:56 GMT 2024","passed","Tue Dec 17 18:13:56 GMT 2024","","","",""
"","0","Passing page size 19 when there are 20 messages","Waku Store, page size","Tue Dec 17 18:13:43 GMT 2024","passed","Tue Dec 17 18:13:43 GMT 2024","","","",""
"","0","Subscribe to topic containing special chars and publish message","Waku Relay, Subscribe","Tue Dec 17 18:12:43 GMT 2024","passed","Tue Dec 17 18:12:43 GMT 2024","","","",""
"","0","Ping on unsubscribed peer","Waku Filter V2: Ping: Multiple Nodes: Strict Checking: false","Tue Dec 17 18:09:01 GMT 2024","passed","Tue Dec 17 18:09:01 GMT 2024","","","",""
"","0","msgTime: -19000 ms from now, startTime: -19002, endTime: -19001","Waku Store, time filter","Tue Dec 17 18:13:56 GMT 2024","passed","Tue Dec 17 18:13:56 GMT 2024","","","",""
"","0","throws an error for improperly formatted content topics","contentTopicsByPubsubTopic","Tue Dec 17 18:07:16 GMT 2024","passed","Tue Dec 17 18:07:16 GMT 2024","","","",""
"","0","LightPush with 0 connections","Health Manager","Tue Dec 17 18:09:48 GMT 2024","skipped","Tue Dec 17 18:09:48 GMT 2024","","Should update the health status for protocols","",""
"","0","should correctly map /toychat/2/huilong/proto to shard index 3","contentTopicToShardIndex","Tue Dec 17 18:07:16 GMT 2024","passed","Tue Dec 17 18:07:16 GMT 2024","","","",""
"","0","Check received message containing emoji","Waku Filter V2: FilterPush","Tue Dec 17 18:10:19 GMT 2024","passed","Tue Dec 17 18:10:19 GMT 2024","","","",""
"","0","Light push messages to 2 nwaku nodes each with different pubsubtopics","Waku Light Push (Autosharding): Multiple PubsubTopics","Tue Dec 17 18:11:17 GMT 2024","passed","Tue Dec 17 18:11:17 GMT 2024","","","",""
"","0","Push message with short payload","Waku Light Push: Multiple Nodes: Strict Check: true","Tue Dec 17 18:12:34 GMT 2024","passed","Tue Dec 17 18:12:34 GMT 2024","","","",""
"","0","Waku message hash computation (payload length 0)","RFC Test Vectors","Tue Dec 17 18:07:18 GMT 2024","passed","Tue Dec 17 18:07:18 GMT 2024","","","",""
"","1","should be called at least once on all `peer:discovery` events","Dials","Tue Dec 17 18:08:23 GMT 2024","passed","Tue Dec 17 18:08:23 GMT 2024","","attemptDial method","",""
"","1","Round trip binary encryption [ecies, no signature]","Ecies Encryption","Tue Dec 17 18:07:51 GMT 2024","passed","Tue Dec 17 18:07:51 GMT 2024","","","",""
"","0","Push message with content topic containing Arabic","Waku Light Push: Single Node","Tue Dec 17 18:12:20 GMT 2024","passed","Tue Dec 17 18:12:20 GMT 2024","","","",""
"","1","random static sharding 8 - Cluster ID: 929, Shard ID: 783","Static Sharding: Running Nodes","Tue Dec 17 18:13:13 GMT 2024","passed","Tue Dec 17 18:13:13 GMT 2024","","Different clusters and shards","",""
"","0","Check received message containing Script","Waku Filter V2: FilterPush: Multiple Nodes: Strict Checking: false","Tue Dec 17 18:12:16 GMT 2024","passed","Tue Dec 17 18:12:16 GMT 2024","","","",""
"","0","LightPush: 2 peers, Filter: 1 peers","Node Health Status Matrix Tests","Tue Dec 17 18:09:48 GMT 2024","skipped","Tue Dec 17 18:09:48 GMT 2024","","","",""
"","1","Subscribe to topic containing Script and publish message","Waku Relay, Subscribe","Tue Dec 17 18:12:43 GMT 2024","passed","Tue Dec 17 18:12:43 GMT 2024","","","",""
"","0","Check received message with timestamp: 1734458895487 ","Waku Filter V2: FilterPush: Multiple Nodes: Strict Checking: true","Tue Dec 17 18:12:16 GMT 2024","passed","Tue Dec 17 18:12:16 GMT 2024","","","",""
"","0","should return valid sharding parameters for static sharding","ensureShardingConfigured","Tue Dec 17 18:07:16 GMT 2024","passed","Tue Dec 17 18:07:16 GMT 2024","","","",""
"","0","Subscribe and receives messages on 20 topics","Waku Filter V2: Subscribe: Single Service Node","Tue Dec 17 18:10:48 GMT 2024","passed","Tue Dec 17 18:10:48 GMT 2024","","","",""
"","0","should not receive a peer event before start","DNS Discovery: Compliance Test","Tue Dec 17 18:08:27 GMT 2024","passed","Tue Dec 17 18:08:27 GMT 2024","","interface-peer-discovery compliance tests","",""
"","1","Subscribe to topic containing numeric and receive message","Waku Filter V2: Subscribe: Single Service Node","Tue Dec 17 18:10:48 GMT 2024","passed","Tue Dec 17 18:10:48 GMT 2024","","","",""
"","0","peer:update - should schedule stream creation IF protocol hit AND no stream found on connection","StreamManager","Tue Dec 17 18:07:32 GMT 2024","passed","Tue Dec 17 18:07:32 GMT 2024","","","",""
"","3","Callback on promise","Waku Store, general","Tue Dec 17 18:13:44 GMT 2024","passed","Tue Dec 17 18:13:44 GMT 2024","","","",""
"","0","random auto sharding 10 - Cluster ID: 10, Content Topic: /app12/8/topic185/proto","Autosharding: Running Nodes","Tue Dec 17 18:13:03 GMT 2024","passed","Tue Dec 17 18:13:03 GMT 2024","","Different clusters and topics","",""
"","0","Subscribe to topic containing Chinese and receive message","Waku Filter V2: Subscribe: Multiple Service Nodes: Strict Check mode: false","Tue Dec 17 18:13:45 GMT 2024","passed","Tue Dec 17 18:13:45 GMT 2024","","","",""
"","3","numPeers=2 -- returns total 2 peers, with max 2 bootstrap peers","getPeers","Tue Dec 17 18:09:47 GMT 2024","passed","Tue Dec 17 18:09:47 GMT 2024","maxBootstrapPeers=2","getPeers with varying maxBootstrapPeers","",""
"","0","Push message on custom pubsubTopic","Waku Light Push (named sharding): Multiple PubsubTopics","Tue Dec 17 18:11:17 GMT 2024","passed","Tue Dec 17 18:11:17 GMT 2024","","","",""
"","0","should throw an error for non-numeric shard: /waku/2/rs/1/$","pubsubTopicToSingleShardInfo with various invalid formats","Tue Dec 17 18:07:16 GMT 2024","passed","Tue Dec 17 18:07:16 GMT 2024","","","",""
"","1","should emit `peer:connected:bootstrap` event when a peer is connected","Events","Tue Dec 17 18:08:16 GMT 2024","passed","Tue Dec 17 18:08:16 GMT 2024","","peer:connect","",""
"","0","should select older connection if present","selectOpenConnection","Tue Dec 17 18:07:31 GMT 2024","passed","Tue Dec 17 18:07:31 GMT 2024","","","",""
"","0","Subscribe to topic containing JSON and receive message","Waku Filter V2: Subscribe: Multiple Service Nodes: Strict Check mode: false","Tue Dec 17 18:13:45 GMT 2024","passed","Tue Dec 17 18:13:45 GMT 2024","","","",""
"","0","Push message with content topic containing JSON","Waku Light Push: Multiple Nodes: Strict Check: true","Tue Dec 17 18:12:34 GMT 2024","passed","Tue Dec 17 18:12:34 GMT 2024","","","",""
"","3","numPeers=3 -- returns total 3 peers, with max 3 bootstrap peers","getPeers","Tue Dec 17 18:09:47 GMT 2024","passed","Tue Dec 17 18:09:47 GMT 2024","maxBootstrapPeers=3","getPeers with varying maxBootstrapPeers","",""
"","0","Push message with Script payload","Waku Light Push: Single Node","Tue Dec 17 18:12:20 GMT 2024","passed","Tue Dec 17 18:12:20 GMT 2024","","","",""
"","0","should add a peer","PeerManager","Tue Dec 17 18:07:57 GMT 2024","passed","Tue Dec 17 18:07:57 GMT 2024","","addPeer","",""
"","0","Passing a valid cursor at 19 index when there are 20 messages","Waku Store, cursor","Tue Dec 17 18:13:06 GMT 2024","passed","Tue Dec 17 18:13:06 GMT 2024","","","",""
"","1","throws on content topic with too few or too many fields","ensureValidContentTopic","Tue Dec 17 18:07:16 GMT 2024","passed","Tue Dec 17 18:07:16 GMT 2024","","","",""
"","0","should retry on failure if specified","LightPush SDK","Tue Dec 17 18:07:56 GMT 2024","passed","Tue Dec 17 18:07:56 GMT 2024","","","",""
"","1","Subscribe and publish message","Waku Relay, Subscribe","Tue Dec 17 18:12:43 GMT 2024","passed","Tue Dec 17 18:12:43 GMT 2024","","","",""
"","0","should remove a peer","PeerManager","Tue Dec 17 18:07:57 GMT 2024","passed","Tue Dec 17 18:07:57 GMT 2024","","removePeer","",""
"","0","Push 30 different messages","Waku Light Push: Single Node","Tue Dec 17 18:12:20 GMT 2024","passed","Tue Dec 17 18:12:20 GMT 2024","","","",""
"","0","Generator, with asymmetric & symmetric encrypted messages","Waku Store, general","Tue Dec 17 18:13:44 GMT 2024","passed","Tue Dec 17 18:13:44 GMT 2024","","","",""
"","0","Passing page size 0 when there are 110 messages","Waku Store, page size","Tue Dec 17 18:13:43 GMT 2024","passed","Tue Dec 17 18:13:43 GMT 2024","","","",""
"","1","Check publish message containing unicode special characters","Waku Relay, Publish","Tue Dec 17 18:12:33 GMT 2024","passed","Tue Dec 17 18:12:33 GMT 2024","","","",""
"","0","Check meta is set [ecies]","Ecies Encryption","Tue Dec 17 18:07:51 GMT 2024","passed","Tue Dec 17 18:07:51 GMT 2024","","","",""
"","0","Check message with no payload is not received","Waku Filter V2: FilterPush","Tue Dec 17 18:10:19 GMT 2024","passed","Tue Dec 17 18:10:19 GMT 2024","","","",""
"","1","can start and stop the service","Local Storage Discovery","Tue Dec 17 18:07:44 GMT 2024","passed","Tue Dec 17 18:07:44 GMT 2024","interface-peer-discovery compliance tests","Compliance Tests","",""
"","0","Js publishes, other Js receives","Waku Relay, Interop","Tue Dec 17 18:12:32 GMT 2024","passed","Tue Dec 17 18:12:32 GMT 2024","","","",""
"","0","Timestamp too far from node time: 40000 ms from now","Waku Store, time filter","Tue Dec 17 18:13:56 GMT 2024","passed","Tue Dec 17 18:13:56 GMT 2024","","","",""
"","0","Promise Callback  - true","Waku Store, order","Tue Dec 17 18:13:27 GMT 2024","passed","Tue Dec 17 18:13:27 GMT 2024","","","",""
"","2","Fails to push message with large meta","Waku Light Push: Single Node","Tue Dec 17 18:12:20 GMT 2024","passed","Tue Dec 17 18:12:20 GMT 2024","","","",""
"","1","Throws when trying to push message with empty payload","Waku Light Push: Single Node","Tue Dec 17 18:12:20 GMT 2024","passed","Tue Dec 17 18:12:20 GMT 2024","","","",""
"","0","should remove the specified number of excess peers","PeerManager","Tue Dec 17 18:07:57 GMT 2024","passed","Tue Dec 17 18:07:57 GMT 2024","","removeExcessPeers","",""
"","1","should not fail to start the service if it is already started","Peer Exchange","Tue Dec 17 18:12:51 GMT 2024","passed","Tue Dec 17 18:12:51 GMT 2024","interface-peer-discovery compliance tests","Compliance Test","",""
"","0","should reject if Relay is requested but not mounted","waitForRemotePeer","Tue Dec 17 18:07:56 GMT 2024","passed","Tue Dec 17 18:07:56 GMT 2024","","","",""
"","0","Throws when trying to push message with empty payload","Waku Light Push: Multiple Nodes: Strict Check: true","Tue Dec 17 18:12:34 GMT 2024","passed","Tue Dec 17 18:12:34 GMT 2024","","","",""
"","0","px service nodes not subscribed to the shard should not be dialed","Autosharding: Peer Management","Tue Dec 17 18:15:00 GMT 2024","passed","Tue Dec 17 18:15:00 GMT 2024","","Peer Exchange","",""
"","1","should throw error - no public key","ENR","Tue Dec 17 18:07:24 GMT 2024","passed","Tue Dec 17 18:07:24 GMT 2024","","Verify","",""
"","0","Push message with content topic containing long","Waku Light Push: Multiple Nodes: Strict Check: true","Tue Dec 17 18:12:34 GMT 2024","passed","Tue Dec 17 18:12:34 GMT 2024","","","",""
"","1","Subscribe to topic containing numeric and publish message","Waku Relay, Subscribe","Tue Dec 17 18:12:43 GMT 2024","passed","Tue Dec 17 18:12:43 GMT 2024","","","",""
"","0","random auto sharding 1 - Cluster ID: 10, Content Topic: /app93/8/topic67/utf8","Autosharding: Running Nodes","Tue Dec 17 18:13:03 GMT 2024","passed","Tue Dec 17 18:13:03 GMT 2024","","Different clusters and topics","",""
"","0","Subscribe to topic containing JSON and receive message","Waku Filter V2: Subscribe: Multiple Service Nodes: Strict Check mode: true","Tue Dec 17 18:13:45 GMT 2024","passed","Tue Dec 17 18:13:45 GMT 2024","","","",""
"","0","should throw error - no id","ENR","Tue Dec 17 18:07:24 GMT 2024","passed","Tue Dec 17 18:07:24 GMT 2024","","Verify","",""
"","3","Unsubscribe topics the node is not subscribed to","Waku Filter V2: Unsubscribe: Multiple Nodes: Strict Checking: true","Tue Dec 17 18:10:46 GMT 2024","passed","Tue Dec 17 18:10:46 GMT 2024","","","",""
"","2","listenerCount","Public methods","Tue Dec 17 18:08:56 GMT 2024","passed","Tue Dec 17 18:08:56 GMT 2024","","","",""
"","0","should correctly map /app/20/sometopic/someencoding to shard index 15 with networkShards 16","contentTopicToShardIndex","Tue Dec 17 18:07:16 GMT 2024","passed","Tue Dec 17 18:07:16 GMT 2024","","","",""
"","0","Query Generator, No Decoder","Waku Store, error handling","Tue Dec 17 18:13:20 GMT 2024","passed","Tue Dec 17 18:13:20 GMT 2024","","","",""
"","0","Publish without waiting for remote peer","Waku Relay, Subscribe","Tue Dec 17 18:12:43 GMT 2024","passed","Tue Dec 17 18:12:43 GMT 2024","","","",""
"","0","Ephemeral field is preserved - asymmetric encryption","Waku Message Ephemeral field","Tue Dec 17 18:08:24 GMT 2024","passed","Tue Dec 17 18:08:24 GMT 2024","","","",""
"","0","Passing a valid cursor at 10 index when there are 40 messages","Waku Store, cursor","Tue Dec 17 18:13:06 GMT 2024","passed","Tue Dec 17 18:13:06 GMT 2024","","","",""
"","0","should properly create location multiaddrs - tcp","ENR","Tue Dec 17 18:07:24 GMT 2024","passed","Tue Dec 17 18:07:24 GMT 2024","","Location multiaddr","",""
"","1","should throw an error for non-numeric clusterId: /waku/2/rs/!/1","pubsubTopicToSingleShardInfo with various invalid formats","Tue Dec 17 18:07:16 GMT 2024","passed","Tue Dec 17 18:07:16 GMT 2024","","","",""
"","0","Round trip binary encryption [symmetric, signature]","Symmetric Encryption","Tue Dec 17 18:07:50 GMT 2024","passed","Tue Dec 17 18:07:50 GMT 2024","","","",""
"","0","random auto sharding 3 - Cluster ID: 10, Content Topic: /app98/3/topic339/xml","Autosharding: Running Nodes","Tue Dec 17 18:13:03 GMT 2024","passed","Tue Dec 17 18:13:03 GMT 2024","","Different clusters and topics","",""
"","0","Renews peer on consistent ping failures","Waku Filter: Peer Management: E2E","Tue Dec 17 18:09:45 GMT 2024","passed","Tue Dec 17 18:09:45 GMT 2024","","","",""
"","0","Subscribe to topic containing short and receive message","Waku Filter V2: Subscribe: Multiple Service Nodes: Strict Check mode: true","Tue Dec 17 18:13:45 GMT 2024","passed","Tue Dec 17 18:13:45 GMT 2024","","","",""
"","2","Subscribe and receive messages on 2 different pubsubtopics","Waku Filter V2: Multiple PubsubTopics","Tue Dec 17 18:09:04 GMT 2024","passed","Tue Dec 17 18:09:04 GMT 2024","","","",""
"","1","Reopen subscription with peer with lost subscription","Waku Filter V2: Ping: Multiple Nodes: Strict Checking: true","Tue Dec 17 18:09:01 GMT 2024","passed","Tue Dec 17 18:09:01 GMT 2024","","","",""
"","1","Push message with content topic containing Russian","Waku Light Push: Single Node","Tue Dec 17 18:12:20 GMT 2024","passed","Tue Dec 17 18:12:20 GMT 2024","","","",""
"","0","Publish message with rate limit","Waku Relay, Publish","Tue Dec 17 18:12:33 GMT 2024","passed","Tue Dec 17 18:12:33 GMT 2024","","","",""
"","1","should throw an error for non-numeric clusterId: /waku/2/rs/ /1","pubsubTopicToSingleShardInfo with various invalid formats","Tue Dec 17 18:07:16 GMT 2024","passed","Tue Dec 17 18:07:16 GMT 2024","","","",""
"","0","msgTime: -19000 ms from now, startTime: -20000, endTime: -19000","Waku Store, time filter","Tue Dec 17 18:13:56 GMT 2024","passed","Tue Dec 17 18:13:56 GMT 2024","","","",""
"","0","Publish message with custom timestamp: Wed Dec 27 2023 18:12:26 GMT+0000 (Coordinated Universal Time)","Waku Relay, Publish","Tue Dec 17 18:12:33 GMT 2024","passed","Tue Dec 17 18:12:33 GMT 2024","","","",""
"","0","should map different content topics to different pubsub topics based on shard index","contentTopicToPubsubTopic","Tue Dec 17 18:07:16 GMT 2024","passed","Tue Dec 17 18:07:16 GMT 2024","","","",""
"","1","Check received message with timestamp: 1734458895487000000 ","Waku Filter V2: FilterPush: Multiple Nodes: Strict Checking: false","Tue Dec 17 18:12:16 GMT 2024","passed","Tue Dec 17 18:12:16 GMT 2024","","","",""
"","1","Correctly serialized arguments","nwaku","Tue Dec 17 18:11:16 GMT 2024","passed","Tue Dec 17 18:11:16 GMT 2024","","","",""
"","0","Check publish message containing escaped characters","Waku Relay, Publish","Tue Dec 17 18:12:33 GMT 2024","passed","Tue Dec 17 18:12:33 GMT 2024","","","",""
"","1","Subscribe and receive messages from multiple nwaku nodes","Waku Filter V2: Subscribe: Single Service Node","Tue Dec 17 18:10:48 GMT 2024","passed","Tue Dec 17 18:10:48 GMT 2024","","","",""
"","0","should convert a SingleShardInfo object to the correct PubsubTopic","singleShardInfoToPubsubTopic","Tue Dec 17 18:07:16 GMT 2024","passed","Tue Dec 17 18:07:16 GMT 2024","","","",""
"","0","should return false","ENR","Tue Dec 17 18:07:24 GMT 2024","passed","Tue Dec 17 18:07:24 GMT 2024","","Verify","",""
"","0","should throw an error for non-numeric clusterId: /waku/2/rs/$/1","pubsubTopicToSingleShardInfo with various invalid formats","Tue Dec 17 18:07:16 GMT 2024","passed","Tue Dec 17 18:07:16 GMT 2024","","","",""
"","0","start node with empty content topic","Autosharding: Running Nodes","Tue Dec 17 18:13:03 GMT 2024","passed","Tue Dec 17 18:13:03 GMT 2024","","Others","",""
"","2","should be able to encode the field with ALL protocols set to true","ENR waku2 codec","Tue Dec 17 18:07:24 GMT 2024","passed","Tue Dec 17 18:07:24 GMT 2024","","Encoding","",""
"","0","addEventListener with wrong event","Public methods","Tue Dec 17 18:08:56 GMT 2024","passed","Tue Dec 17 18:08:56 GMT 2024","","","",""
"","0","returns all values when wanted number is greater than available values","Discovery","Tue Dec 17 18:07:38 GMT 2024","passed","Tue Dec 17 18:07:38 GMT 2024","","","",""
"","0","Subscribe to 100 topics (new limit) at once and receives messages","Waku Filter V2: Subscribe: Single Service Node","Tue Dec 17 18:10:48 GMT 2024","passed","Tue Dec 17 18:10:48 GMT 2024","","","",""
"","0","Push message with content topic containing XML","Waku Light Push: Multiple Nodes: Strict Check: true","Tue Dec 17 18:12:34 GMT 2024","passed","Tue Dec 17 18:12:34 GMT 2024","","","",""
"","6","returns nothing if no connections present","selectOpenConnection","Tue Dec 17 18:07:31 GMT 2024","passed","Tue Dec 17 18:07:31 GMT 2024","","","",""
"","0","Push message with content topic containing Chinese","Waku Light Push: Multiple Nodes: Strict Check: true","Tue Dec 17 18:12:34 GMT 2024","passed","Tue Dec 17 18:12:34 GMT 2024","","","",""
"","0","Subscribe and receive messages via lightPush","Waku Filter V2: Subscribe: Multiple Service Nodes: Strict Check mode: false","Tue Dec 17 18:13:45 GMT 2024","passed","Tue Dec 17 18:13:45 GMT 2024","","","",""
"","0","Waku message hash computation (meta size of 64 bytes)","RFC Test Vectors","Tue Dec 17 18:07:18 GMT 2024","passed","Tue Dec 17 18:07:18 GMT 2024","","","",""
"","1","Query with Promise Callback, No message returned","Waku Store, error handling","Tue Dec 17 18:13:20 GMT 2024","passed","Tue Dec 17 18:13:20 GMT 2024","","","",""
"","0","Subscribe to topic containing SQL Injection and receive message","Waku Filter V2: Subscribe: Multiple Service Nodes: Strict Check mode: false","Tue Dec 17 18:13:45 GMT 2024","passed","Tue Dec 17 18:13:45 GMT 2024","","","",""
"","1","Filter with 1 connections","Health Manager","Tue Dec 17 18:09:48 GMT 2024","skipped","Tue Dec 17 18:09:48 GMT 2024","","Should update the health status for protocols","",""
"","0","Check received message containing escaped characters","Waku Filter V2: FilterPush","Tue Dec 17 18:10:19 GMT 2024","passed","Tue Dec 17 18:10:19 GMT 2024","","","",""
"","1","Fails to push message with empty content topic","Waku Light Push: Multiple Nodes: Strict Check: true","Tue Dec 17 18:12:34 GMT 2024","passed","Tue Dec 17 18:12:34 GMT 2024","","","",""
"","0","Push message equal or less that 1MB","Waku Light Push: Multiple Nodes: Strict Check: true","Tue Dec 17 18:12:34 GMT 2024","passed","Tue Dec 17 18:12:34 GMT 2024","","","",""
"","2","returns all values when wanted number matches available values","Discovery","Tue Dec 17 18:07:38 GMT 2024","passed","Tue Dec 17 18:07:38 GMT 2024","","","",""
"","0","Add multiple subscription objects on single nwaku node","Waku Filter V2: Subscribe: Multiple Service Nodes: Strict Check mode: false","Tue Dec 17 18:13:45 GMT 2024","passed","Tue Dec 17 18:13:45 GMT 2024","","","",""
"","1","should be able to decode the field with only RELAY set to true","ENR waku2 codec","Tue Dec 17 18:07:24 GMT 2024","passed","Tue Dec 17 18:07:24 GMT 2024","","Decoding","",""
"","0","does not throw on valid cases","ensureValidContentTopic","Tue Dec 17 18:07:16 GMT 2024","passed","Tue Dec 17 18:07:16 GMT 2024","","","",""
"","1","Generator, custom pubsub topic","Waku Store (Autosharding), custom pubsub topic","Tue Dec 17 18:13:35 GMT 2024","passed","Tue Dec 17 18:13:35 GMT 2024","","","",""
"","0","Ordered Callback - false","Waku Store, order","Tue Dec 17 18:13:27 GMT 2024","passed","Tue Dec 17 18:13:27 GMT 2024","","","",""
"","0","Check received message containing numeric","Waku Filter V2: FilterPush: Multiple Nodes: Strict Checking: true","Tue Dec 17 18:12:16 GMT 2024","passed","Tue Dec 17 18:12:16 GMT 2024","","","",""
"","1","random static sharding 9 - Cluster ID: 136, Shard ID: 458","Static Sharding: Running Nodes","Tue Dec 17 18:13:13 GMT 2024","passed","Tue Dec 17 18:13:13 GMT 2024","","Different clusters and shards","",""
"","1","Check received message containing Arabic","Waku Filter V2: FilterPush: Multiple Nodes: Strict Checking: false","Tue Dec 17 18:12:16 GMT 2024","passed","Tue Dec 17 18:12:16 GMT 2024","","","",""
"","0","Check received message containing Script","Waku Filter V2: FilterPush: Multiple Nodes: Strict Checking: true","Tue Dec 17 18:12:16 GMT 2024","passed","Tue Dec 17 18:12:16 GMT 2024","","","",""
"","0","Check message on other pubsub topic is not received","Waku Filter V2: FilterPush: Multiple Nodes: Strict Checking: false","Tue Dec 17 18:12:16 GMT 2024","passed","Tue Dec 17 18:12:16 GMT 2024","","","",""
"","0","pre and post cipher","Waku Encryption","Tue Dec 17 18:07:50 GMT 2024","passed","Tue Dec 17 18:07:50 GMT 2024","","","",""
"","0","Subscribe and receive messages via waku relay post","Waku Filter V2: Subscribe: Single Service Node","Tue Dec 17 18:10:48 GMT 2024","passed","Tue Dec 17 18:10:48 GMT 2024","","","",""
"","0","should extract SingleShardInfo from a valid PubsubTopic","pubsubTopicToSingleShardInfo with various invalid formats","Tue Dec 17 18:07:16 GMT 2024","passed","Tue Dec 17 18:07:16 GMT 2024","","","",""
"","1","Check message with non string payload is not received","Waku Filter V2: FilterPush: Multiple Nodes: Strict Checking: true","Tue Dec 17 18:12:16 GMT 2024","passed","Tue Dec 17 18:12:16 GMT 2024","","","",""
"","0","Subscribe and receive symmetrically encrypted messages via lightPush","Waku Filter V2: Subscribe: Multiple Service Nodes: Strict Check mode: true","Tue Dec 17 18:13:45 GMT 2024","passed","Tue Dec 17 18:13:45 GMT 2024","","","",""
"","1","Subscribe to topic containing Russian and receive message","Waku Filter V2: Subscribe: Single Service Node","Tue Dec 17 18:10:48 GMT 2024","passed","Tue Dec 17 18:10:48 GMT 2024","","","",""
"","1","Ping on peer without subscriptions","Waku Filter V2: Ping: Multiple Nodes: Strict Checking: false","Tue Dec 17 18:09:01 GMT 2024","passed","Tue Dec 17 18:09:01 GMT 2024","","","",""
"","0","Query with Promise Callback, Wrong PubsubTopic","Waku Store, error handling","Tue Dec 17 18:13:20 GMT 2024","passed","Tue Dec 17 18:13:20 GMT 2024","","","",""
"","0","Check received message containing JSON","Waku Filter V2: FilterPush","Tue Dec 17 18:10:19 GMT 2024","passed","Tue Dec 17 18:10:19 GMT 2024","","","",""
"","0","should find and add new peers","PeerManager","Tue Dec 17 18:07:57 GMT 2024","passed","Tue Dec 17 18:07:57 GMT 2024","","findAndAddPeers","",""
"","0","Subscribe to topic containing numeric and receive message","Waku Filter V2: Subscribe: Multiple Service Nodes: Strict Check mode: true","Tue Dec 17 18:13:45 GMT 2024","passed","Tue Dec 17 18:13:45 GMT 2024","","","",""
"","0","Subscribe and receive messages on 2 different pubsubtopics","Waku Light Push : Multiple PubsubTopics","Tue Dec 17 18:11:17 GMT 2024","passed","Tue Dec 17 18:11:17 GMT 2024","","","",""
"","0","should return false when no peers exist","PeerManager","Tue Dec 17 18:07:57 GMT 2024","passed","Tue Dec 17 18:07:57 GMT 2024","","hasPeers","",""
"","1","should throw an error for missing sharding configuration","ensureShardingConfigured","Tue Dec 17 18:07:16 GMT 2024","passed","Tue Dec 17 18:07:16 GMT 2024","","","",""
"","0","new peer added after a peer was already found","Peer Exchange","Tue Dec 17 18:12:38 GMT 2024","skipped","Tue Dec 17 18:12:38 GMT 2024","","","",""
"","0","Subscribe to 100 topics (new limit) at once and receives messages","Waku Filter V2: Subscribe: Multiple Service Nodes: Strict Check mode: false","Tue Dec 17 18:13:45 GMT 2024","passed","Tue Dec 17 18:13:45 GMT 2024","","","",""
"","1","connected peers and dial","Peer Exchange Query","Tue Dec 17 18:12:16 GMT 2024","skipped","Tue Dec 17 18:12:16 GMT 2024","","","",""
"","0","Filter with 3 connections","Health Manager","Tue Dec 17 18:09:48 GMT 2024","skipped","Tue Dec 17 18:09:48 GMT 2024","","Should update the health status for protocols","",""
"","0","should throw an error for an unconfigured topic","ensurePubsubTopicIsConfigured","Tue Dec 17 18:07:16 GMT 2024","passed","Tue Dec 17 18:07:16 GMT 2024","","","",""
"","1","Round trip binary encryption [symmetric, no signature]","Symmetric Encryption","Tue Dec 17 18:07:50 GMT 2024","passed","Tue Dec 17 18:07:50 GMT 2024","","","",""
"","0","should get / set UDP multiaddr","ENR","Tue Dec 17 18:07:24 GMT 2024","passed","Tue Dec 17 18:07:24 GMT 2024","","Multiaddr getters and setters","",""
"","0","Check received message containing special chars","Waku Filter V2: FilterPush","Tue Dec 17 18:10:19 GMT 2024","passed","Tue Dec 17 18:10:19 GMT 2024","","","",""
"","0","Query generator for multiple messages with different message text format","Waku Store, general","Tue Dec 17 18:13:44 GMT 2024","passed","Tue Dec 17 18:13:44 GMT 2024","","","",""
"","1","Check received message containing unicode special characters","Waku Filter V2: FilterPush","Tue Dec 17 18:10:19 GMT 2024","passed","Tue Dec 17 18:10:19 GMT 2024","","","",""
"","0","should throw an error for non-numeric shard: /waku/2/rs/1/y","pubsubTopicToSingleShardInfo with various invalid formats","Tue Dec 17 18:07:16 GMT 2024","passed","Tue Dec 17 18:07:16 GMT 2024","","","",""
"","1","Unsubscribes all - node subscribed to 1 topic","Waku Filter V2: Unsubscribe: Multiple Nodes: Strict Checking: false","Tue Dec 17 18:10:46 GMT 2024","passed","Tue Dec 17 18:10:46 GMT 2024","","","",""
"","1","should be able to decode the field with RELAY and FILTER protocols set to true","ENR waku2 codec","Tue Dec 17 18:07:24 GMT 2024","passed","Tue Dec 17 18:07:24 GMT 2024","","Decoding","",""
"","0","Subscribe and publish messages on 2 different content topics","Waku Relay, Subscribe","Tue Dec 17 18:12:43 GMT 2024","passed","Tue Dec 17 18:12:43 GMT 2024","","","",""
"","0","Check received message containing emoji","Waku Filter V2: FilterPush: Multiple Nodes: Strict Checking: false","Tue Dec 17 18:12:16 GMT 2024","passed","Tue Dec 17 18:12:16 GMT 2024","","","",""
"","0","Overlapping topic subscription","Waku Filter V2: Subscribe: Multiple Service Nodes: Strict Check mode: false","Tue Dec 17 18:13:45 GMT 2024","passed","Tue Dec 17 18:13:45 GMT 2024","","","",""
"","0","should reject on timeout if it was set","waitForRemotePeer","Tue Dec 17 18:07:56 GMT 2024","passed","Tue Dec 17 18:07:56 GMT 2024","","","",""
"","1","Check received message containing shell command","Waku Filter V2: FilterPush","Tue Dec 17 18:10:19 GMT 2024","passed","Tue Dec 17 18:10:19 GMT 2024","","","",""
"","0","should process correctly when SingleShardInfo has no clusterId but has a shard","determinePubsubTopic","Tue Dec 17 18:07:16 GMT 2024","passed","Tue Dec 17 18:07:16 GMT 2024","","","",""
"","1","Number of peers are maintained correctly","Waku Filter: Peer Management: E2E","Tue Dec 17 18:09:45 GMT 2024","passed","Tue Dec 17 18:09:45 GMT 2024","","","",""
"","1","different cluster, same shard: nodes don't connect","Metadata Protocol","Tue Dec 17 18:11:12 GMT 2024","passed","Tue Dec 17 18:11:12 GMT 2024","","connections","",""
"","2","should return the correct number of peers based on numPeers and maxBootstrapPeers","getPeers","Tue Dec 17 18:09:47 GMT 2024","passed","Tue Dec 17 18:09:47 GMT 2024","","getPeers property-based tests","",""
"","0","passes more than one ENR URLs and attempts connection","DNS Node Discovery [live data]","Tue Dec 17 18:08:27 GMT 2024","skipped","Tue Dec 17 18:08:27 GMT 2024","","","",""
"","1","Subscribe to topic containing shell command and receive message","Waku Filter V2: Subscribe: Single Service Node","Tue Dec 17 18:10:48 GMT 2024","passed","Tue Dec 17 18:10:48 GMT 2024","","","",""
"","0","Push message with SQL Injection payload","Waku Light Push: Multiple Nodes: Strict Check: true","Tue Dec 17 18:12:34 GMT 2024","passed","Tue Dec 17 18:12:34 GMT 2024","","","",""
"","0","Check publish message containing Chinese","Waku Relay, Publish","Tue Dec 17 18:12:33 GMT 2024","passed","Tue Dec 17 18:12:33 GMT 2024","","","",""
"","0","Subscribe to topic containing unicode special characters and receive message","Waku Filter V2: Subscribe: Multiple Service Nodes: Strict Check mode: false","Tue Dec 17 18:13:45 GMT 2024","passed","Tue Dec 17 18:13:45 GMT 2024","","","",""
"","0","Fails to publish message with size larger than 1 MB","Waku Relay, Publish","Tue Dec 17 18:12:33 GMT 2024","passed","Tue Dec 17 18:12:33 GMT 2024","","","",""
"","0","Push message with meta","Waku Light Push: Single Node","Tue Dec 17 18:12:20 GMT 2024","passed","Tue Dec 17 18:12:20 GMT 2024","","","",""
"","2","Check received message containing SQL Injection","Waku Filter V2: FilterPush","Tue Dec 17 18:10:19 GMT 2024","passed","Tue Dec 17 18:10:19 GMT 2024","","","",""
"","1","should be able to encode the field with STORE and LIGHTPUSH protocols set to true","ENR waku2 codec","Tue Dec 17 18:07:24 GMT 2024","passed","Tue Dec 17 18:07:24 GMT 2024","","Encoding","",""
"","0","tcp ip4 address","Multiaddr from fields","Tue Dec 17 18:07:24 GMT 2024","passed","Tue Dec 17 18:07:24 GMT 2024","","","",""
"","0","should throw an error for non-numeric clusterId: /waku/2/rs/y/1","pubsubTopicToSingleShardInfo with various invalid formats","Tue Dec 17 18:07:16 GMT 2024","passed","Tue Dec 17 18:07:16 GMT 2024","","","",""
"","2","Ping on peer without subscriptions","Waku Filter V2: Ping","Tue Dec 17 18:09:04 GMT 2024","passed","Tue Dec 17 18:09:04 GMT 2024","","","",""
"","0","Error when try to subscribe to more than 101 topics (new limit)","Waku Filter V2: Subscribe: Multiple Service Nodes: Strict Check mode: true","Tue Dec 17 18:13:45 GMT 2024","passed","Tue Dec 17 18:13:45 GMT 2024","","","",""
"","0","Push message with Chinese payload","Waku Light Push: Multiple Nodes: Strict Check: true","Tue Dec 17 18:12:34 GMT 2024","passed","Tue Dec 17 18:12:34 GMT 2024","","","",""
"","1","Ordered Callback - true","Waku Store, order","Tue Dec 17 18:13:27 GMT 2024","passed","Tue Dec 17 18:13:27 GMT 2024","","","",""
"","1","should wait for Filter peer to be connected","waitForRemotePeer","Tue Dec 17 18:07:56 GMT 2024","passed","Tue Dec 17 18:07:56 GMT 2024","","","",""
"","0","Push message with content topic containing Arabic","Waku Light Push: Multiple Nodes: Strict Check: true","Tue Dec 17 18:12:34 GMT 2024","passed","Tue Dec 17 18:12:34 GMT 2024","","","",""
"","0","Subscribe and receive messages on 2 different pubsubtopics","Waku Light Push (Autosharding): Multiple PubsubTopics","Tue Dec 17 18:11:17 GMT 2024","passed","Tue Dec 17 18:11:17 GMT 2024","","","",""
"","0","LightPush: 1 peers, Filter: 2 peers","Node Health Status Matrix Tests","Tue Dec 17 18:09:48 GMT 2024","skipped","Tue Dec 17 18:09:48 GMT 2024","","","",""
"","0","Waku message hash computation (meta attribute not present)","RFC Test Vectors","Tue Dec 17 18:07:18 GMT 2024","passed","Tue Dec 17 18:07:18 GMT 2024","","","",""
"","0","Ping fails for unsubscribed peers","Waku Filter: Peer Management: E2E","Tue Dec 17 18:09:45 GMT 2024","passed","Tue Dec 17 18:09:45 GMT 2024","","","",""
"","1","Generator, 2 nwaku nodes each with different pubsubtopics","Waku Store (Autosharding), custom pubsub topic","Tue Dec 17 18:13:35 GMT 2024","passed","Tue Dec 17 18:13:35 GMT 2024","","","",""
"","0","Light Node - default protocols","Wait for remote peer","Tue Dec 17 18:14:00 GMT 2024","passed","Tue Dec 17 18:14:00 GMT 2024","","","",""
"","0","same cluster, same shard: nodes connect","Metadata Protocol","Tue Dec 17 18:11:12 GMT 2024","passed","Tue Dec 17 18:11:12 GMT 2024","","connections","",""
"","1","Check received message containing numeric","Waku Filter V2: FilterPush","Tue Dec 17 18:10:19 GMT 2024","passed","Tue Dec 17 18:10:19 GMT 2024","","","",""
"","1","Passing a valid cursor at 0 index when there are 20 messages","Waku Store, cursor","Tue Dec 17 18:13:06 GMT 2024","passed","Tue Dec 17 18:13:06 GMT 2024","","","",""
"","0","Ping on unsubscribed peer","Waku Filter V2: Ping","Tue Dec 17 18:09:04 GMT 2024","passed","Tue Dec 17 18:09:04 GMT 2024","","","",""
"","1","Subscribe and publish 10000 messages on the same topic","Waku Relay, Subscribe","Tue Dec 17 18:12:43 GMT 2024","passed","Tue Dec 17 18:12:43 GMT 2024","","","",""
"","0","Subscribe to topic containing SQL Injection and publish message","Waku Relay, Subscribe","Tue Dec 17 18:12:43 GMT 2024","passed","Tue Dec 17 18:12:43 GMT 2024","","","",""
"","0","groups content topics by expected pubsub topic","contentTopicsByPubsubTopic","Tue Dec 17 18:07:16 GMT 2024","passed","Tue Dec 17 18:07:16 GMT 2024","","","",""
"","1","creates an iterator","Util: toAsyncIterator: Filter","Tue Dec 17 18:13:44 GMT 2024","passed","Tue Dec 17 18:13:44 GMT 2024","","","",""
"","0","Subscribe and receive messages on 2 different pubsubtopics","Waku Light Push (named sharding): Multiple PubsubTopics","Tue Dec 17 18:11:17 GMT 2024","passed","Tue Dec 17 18:11:17 GMT 2024","","","",""
"","0","Renews peer for Filter on peer:disconnect event","Waku Filter: Peer Management: E2E","Tue Dec 17 18:09:45 GMT 2024","passed","Tue Dec 17 18:09:45 GMT 2024","","","",""
"","0","Query Generator  - true","Waku Store, order","Tue Dec 17 18:13:27 GMT 2024","passed","Tue Dec 17 18:13:27 GMT 2024","","","",""
"","0","ENRTree (root): should error if DNS root entry is malformed","ENRTree","Tue Dec 17 18:07:39 GMT 2024","passed","Tue Dec 17 18:07:39 GMT 2024","","","",""
"","0","Check received message containing long","Waku Filter V2: FilterPush: Multiple Nodes: Strict Checking: false","Tue Dec 17 18:12:16 GMT 2024","passed","Tue Dec 17 18:12:16 GMT 2024","","","",""
"","0","Subscribe at once to 10000 topics and publish messages","Waku Relay, Subscribe","Tue Dec 17 18:12:43 GMT 2024","passed","Tue Dec 17 18:12:43 GMT 2024","","","",""
"","0","random auto sharding 8 - Cluster ID: 10, Content Topic: /app68/8/topic19/json","Autosharding: Running Nodes","Tue Dec 17 18:13:03 GMT 2024","passed","Tue Dec 17 18:13:03 GMT 2024","","Different clusters and topics","",""
"","1","numPeers=3 -- returns total 3 peers, with max 7 bootstrap peers","getPeers","Tue Dec 17 18:09:47 GMT 2024","passed","Tue Dec 17 18:09:47 GMT 2024","maxBootstrapPeers=7","getPeers with varying maxBootstrapPeers","",""
"","0","Unsubscribe 1 topic - node subscribed to 2 topics","Waku Filter V2: Unsubscribe","Tue Dec 17 18:09:33 GMT 2024","passed","Tue Dec 17 18:09:33 GMT 2024","","","",""
"","0","Refresh subscription","Waku Filter V2: Subscribe: Multiple Service Nodes: Strict Check mode: true","Tue Dec 17 18:13:45 GMT 2024","passed","Tue Dec 17 18:13:45 GMT 2024","","","",""
"","0","removeEventListener with correct event","Public methods","Tue Dec 17 18:08:56 GMT 2024","passed","Tue Dec 17 18:08:56 GMT 2024","","","",""
"","1","should not receive a peer event before start","Local Storage Discovery","Tue Dec 17 18:07:44 GMT 2024","passed","Tue Dec 17 18:07:44 GMT 2024","interface-peer-discovery compliance tests","Compliance Tests","",""
"","1","Subscribe to topic containing Chinese and receive message","Waku Filter V2: Subscribe: Single Service Node","Tue Dec 17 18:10:48 GMT 2024","passed","Tue Dec 17 18:10:48 GMT 2024","","","",""
"","0","addEventListener with correct event","Public methods","Tue Dec 17 18:08:56 GMT 2024","passed","Tue Dec 17 18:08:56 GMT 2024","","","",""
"","0","Light push messages to 2 nwaku nodes each with different pubsubtopics","Waku Light Push : Multiple PubsubTopics","Tue Dec 17 18:11:17 GMT 2024","passed","Tue Dec 17 18:11:17 GMT 2024","","","",""
"","0","Subscribe to topic containing special chars and receive message","Waku Filter V2: Subscribe: Single Service Node","Tue Dec 17 18:10:48 GMT 2024","passed","Tue Dec 17 18:10:48 GMT 2024","","","",""
"","0","Promise Callback  - false","Waku Store, order","Tue Dec 17 18:13:27 GMT 2024","passed","Tue Dec 17 18:13:27 GMT 2024","","","",""
"","2","nwaku subscribes","Waku Relay, Interop","Tue Dec 17 18:12:32 GMT 2024","passed","Tue Dec 17 18:12:32 GMT 2024","","","",""
"","0","Subscribe and receive ecies encrypted messages via lightPush","Waku Filter V2: Subscribe: Single Service Node","Tue Dec 17 18:10:48 GMT 2024","passed","Tue Dec 17 18:10:48 GMT 2024","","","",""
"","0","Subscribe and receive ecies encrypted messages via lightPush","Waku Filter V2: Subscribe: Multiple Service Nodes: Strict Check mode: true","Tue Dec 17 18:13:45 GMT 2024","passed","Tue Dec 17 18:13:45 GMT 2024","","","",""
"","1","Check received message containing Arabic","Waku Filter V2: FilterPush","Tue Dec 17 18:10:19 GMT 2024","passed","Tue Dec 17 18:10:19 GMT 2024","","","",""
"","2","should be able to encode the field with only RELAY set to true","ENR waku2 codec","Tue Dec 17 18:07:24 GMT 2024","passed","Tue Dec 17 18:07:24 GMT 2024","","Encoding","",""
"","0","should emit `peer:connected:peer-exchange` event when a peer is connected","Events","Tue Dec 17 18:08:16 GMT 2024","passed","Tue Dec 17 18:08:16 GMT 2024","","peer:connect","",""
"","5","Light push messages to 2 nwaku nodes each with different pubsubtopics","Waku Light Push (named sharding): Multiple PubsubTopics","Tue Dec 17 18:11:17 GMT 2024","passed","Tue Dec 17 18:11:17 GMT 2024","","","",""
"","1","Mutual subscription","Waku Relay, Subscribe","Tue Dec 17 18:12:43 GMT 2024","passed","Tue Dec 17 18:12:43 GMT 2024","","","",""
"","0","Cluster ID 0 - Default/Global Cluster","Static Sharding: Running Nodes","Tue Dec 17 18:13:13 GMT 2024","passed","Tue Dec 17 18:13:13 GMT 2024","","Different clusters and shards","",""
"","0","Decoder throws on undefined content topic","Ensures content topic is defined","Tue Dec 17 18:07:50 GMT 2024","passed","Tue Dec 17 18:07:50 GMT 2024","","","",""
"","1","LightPush: 0 peers, Filter: 2 peers","Node Health Status Matrix Tests","Tue Dec 17 18:09:48 GMT 2024","skipped","Tue Dec 17 18:09:48 GMT 2024","","","",""
"","1","Keep-alive pings maintain the connection","Waku Filter: Peer Management: E2E","Tue Dec 17 18:09:45 GMT 2024","passed","Tue Dec 17 18:09:45 GMT 2024","","","",""
"","1","same cluster, different shard: nodes connect","Metadata Protocol","Tue Dec 17 18:11:12 GMT 2024","passed","Tue Dec 17 18:11:12 GMT 2024","","connections","",""
"","2","Push message with custom timestamp: 1703700619613","Waku Light Push: Single Node","Tue Dec 17 18:12:20 GMT 2024","passed","Tue Dec 17 18:12:20 GMT 2024","","","",""
"","1","Nwaku publishes","Waku Relay, Interop","Tue Dec 17 18:12:32 GMT 2024","passed","Tue Dec 17 18:12:32 GMT 2024","","","",""
"","1","Check message with no pubsub topic is not received","Waku Filter V2: FilterPush","Tue Dec 17 18:10:19 GMT 2024","passed","Tue Dec 17 18:10:19 GMT 2024","","","",""
"","0","Check received message containing short","Waku Filter V2: FilterPush: Multiple Nodes: Strict Checking: false","Tue Dec 17 18:12:16 GMT 2024","passed","Tue Dec 17 18:12:16 GMT 2024","","","",""
"","1","Nodes with multiple pubsub topic","Waku Relay (Autosharding), multiple pubsub topics","Tue Dec 17 18:12:25 GMT 2024","passed","Tue Dec 17 18:12:25 GMT 2024","","","",""
"","2","Passing cursor with wrong pubsubTopic","Waku Store, cursor","Tue Dec 17 18:13:06 GMT 2024","passed","Tue Dec 17 18:13:06 GMT 2024","","","",""
"","1","Subscribe to topic containing short and publish message","Waku Relay, Subscribe","Tue Dec 17 18:12:43 GMT 2024","passed","Tue Dec 17 18:12:43 GMT 2024","","","",""
"","1","Passing page size 110 when there are 120 messages","Waku Store, page size","Tue Dec 17 18:13:43 GMT 2024","passed","Tue Dec 17 18:13:43 GMT 2024","","","",""
"","0","Check message with no content topic is not received","Waku Filter V2: FilterPush: Multiple Nodes: Strict Checking: false","Tue Dec 17 18:12:16 GMT 2024","passed","Tue Dec 17 18:12:16 GMT 2024","","","",""
"","1","Check publish message containing Basic HTML tag","Waku Relay, Publish","Tue Dec 17 18:12:33 GMT 2024","passed","Tue Dec 17 18:12:33 GMT 2024","","","",""
"","0","Generator, custom pubsub topic","Waku Store (named sharding), custom pubsub topic","Tue Dec 17 18:13:35 GMT 2024","passed","Tue Dec 17 18:13:35 GMT 2024","","","",""
"","1","Tracks peer failures correctly","Waku Filter: Peer Management: E2E","Tue Dec 17 18:09:45 GMT 2024","passed","Tue Dec 17 18:09:45 GMT 2024","","","",""
"","2","should not fail to start the service if it is already started","DNS Discovery: Compliance Test","Tue Dec 17 18:08:27 GMT 2024","passed","Tue Dec 17 18:08:27 GMT 2024","","interface-peer-discovery compliance tests","",""
"","1","should return empty list for no shard","shardInfoToPubsubTopics","Tue Dec 17 18:07:16 GMT 2024","passed","Tue Dec 17 18:07:16 GMT 2024","","","",""
"","1","numPeers=3 -- returns total 3 peers, with max 5 bootstrap peers","getPeers","Tue Dec 17 18:09:47 GMT 2024","passed","Tue Dec 17 18:09:47 GMT 2024","maxBootstrapPeers=5","getPeers with varying maxBootstrapPeers","",""
"","0","Rejects garbage","Message Validator","Tue Dec 17 18:08:00 GMT 2024","passed","Tue Dec 17 18:08:00 GMT 2024","","","",""
"","0","dispatchEvent via connectionManager","Public methods","Tue Dec 17 18:08:56 GMT 2024","passed","Tue Dec 17 18:08:56 GMT 2024","","","",""
"","0","numPeers=3 -- returns total 3 peers, with max 1 bootstrap peers","getPeers","Tue Dec 17 18:09:47 GMT 2024","passed","Tue Dec 17 18:09:47 GMT 2024","maxBootstrapPeers=1","getPeers with varying maxBootstrapPeers","",""
"","0","Ping on subscribed peer","Waku Filter V2: Ping: Multiple Nodes: Strict Checking: true","Tue Dec 17 18:09:01 GMT 2024","passed","Tue Dec 17 18:09:01 GMT 2024","","","",""
"","0","Push message with JSON payload","Waku Light Push: Multiple Nodes: Strict Check: true","Tue Dec 17 18:12:34 GMT 2024","passed","Tue Dec 17 18:12:34 GMT 2024","","","",""
"","0","should add and remove event listeners correctly","Local Storage Discovery","Tue Dec 17 18:07:44 GMT 2024","passed","Tue Dec 17 18:07:44 GMT 2024","","Unit Tests","",""
"","0","should not throw an error when the topic is within a list of configured topics","ensurePubsubTopicIsConfigured","Tue Dec 17 18:07:16 GMT 2024","passed","Tue Dec 17 18:07:16 GMT 2024","","","",""
"","1","Error when try to subscribe to more than 101 topics (new limit)","Waku Filter V2: Subscribe: Single Service Node","Tue Dec 17 18:10:48 GMT 2024","passed","Tue Dec 17 18:10:48 GMT 2024","","","",""
"","0","Push message with escaped characters payload","Waku Light Push: Multiple Nodes: Strict Check: true","Tue Dec 17 18:12:34 GMT 2024","passed","Tue Dec 17 18:12:34 GMT 2024","","","",""
"","0","should be able to decode the field with only LIGHTPUSH set to true","ENR waku2 codec","Tue Dec 17 18:07:24 GMT 2024","passed","Tue Dec 17 18:07:24 GMT 2024","","Decoding","",""
"","1","can dial TLS multiaddrs","multiaddr: dialing","Tue Dec 17 18:11:16 GMT 2024","passed","Tue Dec 17 18:11:16 GMT 2024","","","",""
"","1","Subscribe to topic containing Chinese and receive message","Waku Filter V2: Subscribe: Multiple Service Nodes: Strict Check mode: true","Tue Dec 17 18:13:45 GMT 2024","passed","Tue Dec 17 18:13:45 GMT 2024","","","",""
"","0","Subscribe to topic containing unicode special characters and receive message","Waku Filter V2: Subscribe: Single Service Node","Tue Dec 17 18:10:48 GMT 2024","passed","Tue Dec 17 18:10:48 GMT 2024","","","",""
"","1","Push message with special chars payload","Waku Light Push: Multiple Nodes: Strict Check: true","Tue Dec 17 18:12:34 GMT 2024","passed","Tue Dec 17 18:12:34 GMT 2024","","","",""
"","0","Unsubscribe 1 topic - node subscribed to 1 topic","Waku Filter V2: Unsubscribe: Multiple Nodes: Strict Checking: true","Tue Dec 17 18:10:46 GMT 2024","passed","Tue Dec 17 18:10:46 GMT 2024","","","",""
"","0","Check message with no payload is not received","Waku Filter V2: FilterPush: Multiple Nodes: Strict Checking: false","Tue Dec 17 18:12:16 GMT 2024","passed","Tue Dec 17 18:12:16 GMT 2024","","","",""
"","0","Decoder throws on empty string content topic","Ensures content topic is defined","Tue Dec 17 18:07:32 GMT 2024","passed","Tue Dec 17 18:07:32 GMT 2024","","","",""
"","1","LightPush: 3 peers, Filter: 1 peers","Node Health Status Matrix Tests","Tue Dec 17 18:09:48 GMT 2024","skipped","Tue Dec 17 18:09:48 GMT 2024","","","",""
"","0","removeEventListener with wrong event","Public methods","Tue Dec 17 18:08:56 GMT 2024","passed","Tue Dec 17 18:08:56 GMT 2024","","","",""
"","0","Check received message containing short","Waku Filter V2: FilterPush: Multiple Nodes: Strict Checking: true","Tue Dec 17 18:12:16 GMT 2024","passed","Tue Dec 17 18:12:16 GMT 2024","","","",""
"","0","Subscribe to topic containing shell command and receive message","Waku Filter V2: Subscribe: Multiple Service Nodes: Strict Check mode: false","Tue Dec 17 18:13:45 GMT 2024","passed","Tue Dec 17 18:13:45 GMT 2024","","","",""
"","0","Passing an array","Waku Dial [node only]","Tue Dec 17 18:13:52 GMT 2024","passed","Tue Dec 17 18:13:52 GMT 2024","","Bootstrap","",""
"","1","Push message with content topic containing emoji","Waku Light Push: Single Node","Tue Dec 17 18:12:20 GMT 2024","passed","Tue Dec 17 18:12:20 GMT 2024","","","",""
"","1","Subscribe to topic containing JSON and receive message","Waku Filter V2: Subscribe: Single Service Node","Tue Dec 17 18:10:48 GMT 2024","passed","Tue Dec 17 18:10:48 GMT 2024","","","",""
"","0","Add multiple subscription objects on single nwaku node","Waku Filter V2: Subscribe: Multiple Service Nodes: Strict Check mode: true","Tue Dec 17 18:13:45 GMT 2024","passed","Tue Dec 17 18:13:45 GMT 2024","","","",""
"","1","Unsubscribe 2 topics - node subscribed to 2 topics","Waku Filter V2: Unsubscribe: Multiple Nodes: Strict Checking: true","Tue Dec 17 18:10:46 GMT 2024","passed","Tue Dec 17 18:10:46 GMT 2024","","","",""
"","0","Subscribe and receive ecies encrypted messages via lightPush","Waku Filter V2: Subscribe: Multiple Service Nodes: Strict Check mode: false","Tue Dec 17 18:13:45 GMT 2024","passed","Tue Dec 17 18:13:45 GMT 2024","","","",""
"","1","should properly create location multiaddrs - udp","ENR","Tue Dec 17 18:07:24 GMT 2024","passed","Tue Dec 17 18:07:24 GMT 2024","","Location multiaddr","",""
"","0","Subscribe to topic containing Basic HTML tag and receive message","Waku Filter V2: Subscribe: Multiple Service Nodes: Strict Check mode: true","Tue Dec 17 18:13:45 GMT 2024","passed","Tue Dec 17 18:13:45 GMT 2024","","","",""
"","0","Check received message containing unicode special characters","Waku Filter V2: FilterPush: Multiple Nodes: Strict Checking: true","Tue Dec 17 18:12:16 GMT 2024","passed","Tue Dec 17 18:12:16 GMT 2024","","","",""
"","0","Subscribe to 100 topics (new limit) at once and receives messages","Waku Filter V2: Subscribe: Multiple Service Nodes: Strict Check mode: true","Tue Dec 17 18:13:45 GMT 2024","passed","Tue Dec 17 18:13:45 GMT 2024","","","",""
"","1","Using a function","Waku Dial [node only]","Tue Dec 17 18:13:52 GMT 2024","passed","Tue Dec 17 18:13:52 GMT 2024","","Bootstrap","",""
"","0","Maintains correct number of peers after multiple subscribe/unsubscribe cycles","Waku Filter: Peer Management: E2E","Tue Dec 17 18:09:45 GMT 2024","passed","Tue Dec 17 18:09:45 GMT 2024","","","",""
"","0","random auto sharding 2 - Cluster ID: 10, Content Topic: /app53/5/topic633/test.js","Autosharding: Running Nodes","Tue Dec 17 18:13:03 GMT 2024","passed","Tue Dec 17 18:13:03 GMT 2024","","Different clusters and topics","",""
"","1","Push to array if already present","pushOrInitMapSet","Tue Dec 17 18:07:15 GMT 2024","passed","Tue Dec 17 18:07:15 GMT 2024","","","",""
"","0","numPeers=1 -- returns one bootstrap peer ","getPeers","Tue Dec 17 18:09:47 GMT 2024","passed","Tue Dec 17 18:09:47 GMT 2024","maxBootstrapPeers=5","getPeers with varying maxBootstrapPeers","",""
"","0","Publish message with custom timestamp: Tue Dec 17 2024 17:12:26 GMT+0000 (Coordinated Universal Time)","Waku Relay, Publish","Tue Dec 17 18:12:33 GMT 2024","passed","Tue Dec 17 18:12:33 GMT 2024","","","",""
"","0","Refresh subscription","Waku Filter V2: Subscribe: Single Service Node","Tue Dec 17 18:10:48 GMT 2024","passed","Tue Dec 17 18:10:48 GMT 2024","","","",""
"","0","should create a new stream if no existing for protocol found","StreamManager","Tue Dec 17 18:07:32 GMT 2024","passed","Tue Dec 17 18:07:32 GMT 2024","","","",""
"","1","Asymmetric encrypt & decrypt","Waku Encryption","Tue Dec 17 18:07:50 GMT 2024","passed","Tue Dec 17 18:07:50 GMT 2024","","","",""
"","1","should be able to decode the field with only STORE set to true","ENR waku2 codec","Tue Dec 17 18:07:24 GMT 2024","passed","Tue Dec 17 18:07:24 GMT 2024","","Decoding","",""
"","0","should throw if no connection provided","StreamManager","Tue Dec 17 18:07:32 GMT 2024","passed","Tue Dec 17 18:07:32 GMT 2024","","","",""
"","1","handles different clusterIds correctly","contentTopicsByPubsubTopic","Tue Dec 17 18:07:16 GMT 2024","passed","Tue Dec 17 18:07:16 GMT 2024","","","",""
"","1","should throw an error for non-numeric shard: /waku/2/rs/1/\","pubsubTopicToSingleShardInfo with various invalid formats","Tue Dec 17 18:07:16 GMT 2024","passed","Tue Dec 17 18:07:16 GMT 2024","","","",""
"","1","Subscribe and receive messages on autosharded pubsubtopic","Waku Filter V2 (Autosharding): Multiple PubsubTopics","Tue Dec 17 18:09:04 GMT 2024","passed","Tue Dec 17 18:09:04 GMT 2024","","","",""
"","0","Push message with long payload","Waku Light Push: Multiple Nodes: Strict Check: true","Tue Dec 17 18:12:34 GMT 2024","passed","Tue Dec 17 18:12:34 GMT 2024","","","",""
"","1","Decoder throws on undefined content topic","Ensures content topic is defined","Tue Dec 17 18:07:51 GMT 2024","passed","Tue Dec 17 18:07:51 GMT 2024","","","",""
"","0","Delete observer","Waku Relay","Tue Dec 17 18:12:18 GMT 2024","passed","Tue Dec 17 18:12:18 GMT 2024","","","",""
"","0","Subscribe and receive messages on 2 different pubsubtopics","Waku Filter V2 (Named sharding): Multiple PubsubTopics","Tue Dec 17 18:09:04 GMT 2024","passed","Tue Dec 17 18:09:04 GMT 2024","","","",""
"","0","LightPush: 1 peers, Filter: 0 peers","Node Health Status Matrix Tests","Tue Dec 17 18:09:48 GMT 2024","skipped","Tue Dec 17 18:09:48 GMT 2024","","","",""
"","2","Check message with no content topic is not received","Waku Filter V2: FilterPush: Multiple Nodes: Strict Checking: true","Tue Dec 17 18:12:16 GMT 2024","passed","Tue Dec 17 18:12:16 GMT 2024","","","",""
"","0","Encoder throws on empty string content topic","Ensures content topic is defined","Tue Dec 17 18:07:32 GMT 2024","passed","Tue Dec 17 18:07:32 GMT 2024","","","",""
"","0","Decoder throws on empty string content topic","Ensures content topic is defined","Tue Dec 17 18:07:51 GMT 2024","passed","Tue Dec 17 18:07:51 GMT 2024","","","",""
"","1","Check received message containing Russian","Waku Filter V2: FilterPush: Multiple Nodes: Strict Checking: true","Tue Dec 17 18:12:16 GMT 2024","passed","Tue Dec 17 18:12:16 GMT 2024","","","",""
"","0","configure the node with multiple pubsub topics","Static Sharding: Running Nodes","Tue Dec 17 18:13:13 GMT 2024","passed","Tue Dec 17 18:13:13 GMT 2024","","Others","",""
"","0","Cluster ID 0 - Default/Global Cluster","Autosharding: Running Nodes","Tue Dec 17 18:13:03 GMT 2024","passed","Tue Dec 17 18:13:03 GMT 2024","","Different clusters and topics","",""
"","0","Refresh subscription","Waku Filter V2: Subscribe: Multiple Service Nodes: Strict Check mode: false","Tue Dec 17 18:13:45 GMT 2024","passed","Tue Dec 17 18:13:45 GMT 2024","","","",""
"","1","Push message with numeric payload","Waku Light Push: Single Node","Tue Dec 17 18:12:20 GMT 2024","passed","Tue Dec 17 18:12:20 GMT 2024","","","",""
"","0","should correctly map /0/toychat/2/huilong/proto to shard index 3","contentTopicToShardIndex","Tue Dec 17 18:07:16 GMT 2024","passed","Tue Dec 17 18:07:16 GMT 2024","","","",""
"","1","Check publish message containing XML","Waku Relay, Publish","Tue Dec 17 18:12:33 GMT 2024","passed","Tue Dec 17 18:12:33 GMT 2024","","","",""
"","1","Timestamp too far from node time: -20000 ms from now","Waku Store, time filter","Tue Dec 17 18:13:56 GMT 2024","passed","Tue Dec 17 18:13:56 GMT 2024","","","",""
"","0","non connected peers","Peer Exchange Query","Tue Dec 17 18:12:16 GMT 2024","skipped","Tue Dec 17 18:12:16 GMT 2024","","","",""
"","0","Subscribe to topic containing Arabic and receive message","Waku Filter V2: Subscribe: Multiple Service Nodes: Strict Check mode: true","Tue Dec 17 18:13:45 GMT 2024","passed","Tue Dec 17 18:13:45 GMT 2024","","","",""
"","1","Relay - dialed after","Wait for remote peer","Tue Dec 17 18:14:00 GMT 2024","passed","Tue Dec 17 18:14:00 GMT 2024","","","",""
"","0","retrieves a single peer","DNS Node Discovery","Tue Dec 17 18:07:40 GMT 2024","passed","Tue Dec 17 18:07:40 GMT 2024","","","",""
"","0","Publish message with custom timestamp: Sun Dec 17 1995 03:24:00 GMT+0000 (Coordinated Universal Time)","Waku Relay, Publish","Tue Dec 17 18:12:33 GMT 2024","passed","Tue Dec 17 18:12:33 GMT 2024","","","",""
"","0","Should update multiaddrs","Peer Exchange Continuous Discovery","Tue Dec 17 18:11:17 GMT 2024","passed","Tue Dec 17 18:11:17 GMT 2024","","","",""
"","0","should convert content topics to PubsubTopics for autosharding","shardInfoToPubsubTopics","Tue Dec 17 18:07:16 GMT 2024","passed","Tue Dec 17 18:07:16 GMT 2024","","","",""
"","0","Push message with content topic containing Basic HTML tag","Waku Light Push: Multiple Nodes: Strict Check: true","Tue Dec 17 18:12:34 GMT 2024","passed","Tue Dec 17 18:12:34 GMT 2024","","","",""
"","0","px service nodes not subscribed to the shard should not be dialed","Static Sharding: Peer Management","Tue Dec 17 18:15:00 GMT 2024","passed","Tue Dec 17 18:15:00 GMT 2024","","Peer Exchange","",""
"","1","should check connected peers if present and suitable","waitForRemotePeer","Tue Dec 17 18:07:56 GMT 2024","passed","Tue Dec 17 18:07:56 GMT 2024","","","",""
"","0","`waku:online` between 2 js-waku relay nodes","Connection state","Tue Dec 17 18:08:52 GMT 2024","passed","Tue Dec 17 18:08:52 GMT 2024","","","",""
"","0","returns a subset of values when wanted number is lesser than available values","Discovery","Tue Dec 17 18:07:38 GMT 2024","passed","Tue Dec 17 18:07:38 GMT 2024","","","",""
"","1","ENRTree (root): should parse and verify and DNS root entry","ENRTree","Tue Dec 17 18:07:39 GMT 2024","passed","Tue Dec 17 18:07:39 GMT 2024","","","",""
"","0","should get / set TCP multiaddr","ENR","Tue Dec 17 18:07:24 GMT 2024","passed","Tue Dec 17 18:07:24 GMT 2024","","Multiaddr getters and setters","",""
"","1","LightPush: 1 peers, Filter: 1 peers","Node Health Status Matrix Tests","Tue Dec 17 18:09:48 GMT 2024","skipped","Tue Dec 17 18:09:48 GMT 2024","","","",""
"","2","LightPush: 0 peers, Filter: 0 peers","Node Health Status Matrix Tests","Tue Dec 17 18:09:48 GMT 2024","skipped","Tue Dec 17 18:09:48 GMT 2024","","","",""
"","0","should return a calculated topic if SingleShardInfo is provided","determinePubsubTopic","Tue Dec 17 18:07:16 GMT 2024","passed","Tue Dec 17 18:07:16 GMT 2024","","","",""
"","1","should emit a peer event after start","DNS Discovery: Compliance Test","Tue Dec 17 18:08:27 GMT 2024","passed","Tue Dec 17 18:08:27 GMT 2024","","interface-peer-discovery compliance tests","",""
"","0","Callback on promise, aborts when callback returns true","Waku Store, general","Tue Dec 17 18:13:44 GMT 2024","passed","Tue Dec 17 18:13:44 GMT 2024","","","",""
"","0","Push message with content topic containing SQL Injection","Waku Light Push: Multiple Nodes: Strict Check: true","Tue Dec 17 18:12:34 GMT 2024","passed","Tue Dec 17 18:12:34 GMT 2024","","","",""
"","1","should be able to encode the field with only STORE set to true","ENR waku2 codec","Tue Dec 17 18:07:24 GMT 2024","passed","Tue Dec 17 18:07:24 GMT 2024","","Encoding","",""
"","1","isConnected return false after peer stops","Connection state","Tue Dec 17 18:08:52 GMT 2024","passed","Tue Dec 17 18:08:52 GMT 2024","","","",""
"","0","should call waitForPeer on Relay","waitForRemotePeer","Tue Dec 17 18:07:56 GMT 2024","passed","Tue Dec 17 18:07:56 GMT 2024","","","",""
"","0","Check received message containing Basic HTML tag","Waku Filter V2: FilterPush: Multiple Nodes: Strict Checking: true","Tue Dec 17 18:12:16 GMT 2024","passed","Tue Dec 17 18:12:16 GMT 2024","","","",""
"","0","Decoder throws on empty string content topic","Ensures content topic is defined","Tue Dec 17 18:07:50 GMT 2024","passed","Tue Dec 17 18:07:50 GMT 2024","","","",""
"","0","should correctly encode and decode relay shards using rs format (Index List)","Relay Shard codec","Tue Dec 17 18:07:16 GMT 2024","passed","Tue Dec 17 18:07:16 GMT 2024","","","",""
"","0","handles empty contentTopics array correctly","ensureShardingConfigured","Tue Dec 17 18:07:16 GMT 2024","passed","Tue Dec 17 18:07:16 GMT 2024","","","",""
"","0","Check message received after jswaku node is restarted","Waku Filter V2: FilterPush: Multiple Nodes: Strict Checking: false","Tue Dec 17 18:12:16 GMT 2024","skipped","Tue Dec 17 18:12:16 GMT 2024","","","",""
"","0","Push message with content topic containing unicode special characters","Waku Light Push: Multiple Nodes: Strict Check: true","Tue Dec 17 18:12:34 GMT 2024","passed","Tue Dec 17 18:12:34 GMT 2024","","","",""
"","0","Store - dialed after - with timeout","Wait for remote peer","Tue Dec 17 18:14:00 GMT 2024","passed","Tue Dec 17 18:14:00 GMT 2024","","","",""
"","0","Push message with content topic containing Script","Waku Light Push: Single Node","Tue Dec 17 18:12:20 GMT 2024","passed","Tue Dec 17 18:12:20 GMT 2024","","","",""
"","0","Check received message containing numeric","Waku Filter V2: FilterPush: Multiple Nodes: Strict Checking: false","Tue Dec 17 18:12:16 GMT 2024","passed","Tue Dec 17 18:12:16 GMT 2024","","","",""
"","0","using a protocol with unconfigured pubsub topic should fail","Static Sharding: Running Nodes","Tue Dec 17 18:13:13 GMT 2024","passed","Tue Dec 17 18:13:13 GMT 2024","","Others","",""
"","1","should correctly map /app/22/sometopic/someencoding to shard index 2","contentTopicToShardIndex","Tue Dec 17 18:07:16 GMT 2024","passed","Tue Dec 17 18:07:16 GMT 2024","","","",""
"","0","Unsubscribes all - node subscribed to 10 topics","Waku Filter V2: Unsubscribe","Tue Dec 17 18:09:33 GMT 2024","passed","Tue Dec 17 18:09:33 GMT 2024","","","",""
"","1","Subscribe and receive messages on custom pubsubtopic","Waku Filter V2: Multiple PubsubTopics","Tue Dec 17 18:09:04 GMT 2024","passed","Tue Dec 17 18:09:04 GMT 2024","","","",""
"","0","LightPush: 3 peers, Filter: 3 peers","Node Health Status Matrix Tests","Tue Dec 17 18:09:48 GMT 2024","skipped","Tue Dec 17 18:09:48 GMT 2024","","","",""
"","0","retrieves all peers (3) when branch entries are composed of multiple strings","DNS Node Discovery w/ capabilities","Tue Dec 17 18:07:40 GMT 2024","passed","Tue Dec 17 18:07:40 GMT 2024","","","",""
"","0","Subscribe and receives messages on 20 topics","Waku Filter V2: Subscribe: Multiple Service Nodes: Strict Check mode: true","Tue Dec 17 18:13:45 GMT 2024","passed","Tue Dec 17 18:13:45 GMT 2024","","","",""
"","1","1 Store, 2 fetches","Fetch nodes until capabilities are fulfilled","Tue Dec 17 18:07:40 GMT 2024","passed","Tue Dec 17 18:07:40 GMT 2024","","","",""
"","1","Accepts a valid Waku Message","Message Validator","Tue Dec 17 18:08:00 GMT 2024","passed","Tue Dec 17 18:08:00 GMT 2024","","","",""
"","1","random static sharding 2 - Cluster ID: 581, Shard ID: 199","Static Sharding: Running Nodes","Tue Dec 17 18:13:13 GMT 2024","passed","Tue Dec 17 18:13:13 GMT 2024","","Different clusters and shards","",""
"","1","should return all peers when numPeers is 0","filterPeersByDiscovery function","Tue Dec 17 18:07:32 GMT 2024","passed","Tue Dec 17 18:07:32 GMT 2024","","","",""
"","4","Query Generator, Multiple PubsubTopics","Waku Store, error handling","Tue Dec 17 18:13:20 GMT 2024","passed","Tue Dec 17 18:13:20 GMT 2024","","","",""
"","0","throws on content topic with empty application field","ensureValidContentTopic","Tue Dec 17 18:07:16 GMT 2024","passed","Tue Dec 17 18:07:16 GMT 2024","","","",""
"","1","numPeers=4 -- returns total 4 peers, with max 2 bootstrap peers","getPeers","Tue Dec 17 18:09:47 GMT 2024","passed","Tue Dec 17 18:09:47 GMT 2024","maxBootstrapPeers=2","getPeers with varying maxBootstrapPeers","",""
"","0","numPeers=0 -- returns all peers including all non-bootstrap with maxBootstrapPeers: 3","getPeers","Tue Dec 17 18:09:47 GMT 2024","passed","Tue Dec 17 18:09:47 GMT 2024","maxBootstrapPeers=3","getPeers with varying maxBootstrapPeers","",""
"","1","ENRTree (tree): should error if DNS tree entry is mis-prefixed","ENRTree","Tue Dec 17 18:07:39 GMT 2024","passed","Tue Dec 17 18:07:39 GMT 2024","","","",""
"","0","all px service nodes subscribed to the shard topic should be dialed","Autosharding: Peer Management","Tue Dec 17 18:15:00 GMT 2024","passed","Tue Dec 17 18:15:00 GMT 2024","","Peer Exchange","",""
"","1","Push message with content topic containing special chars","Waku Light Push: Multiple Nodes: Strict Check: true","Tue Dec 17 18:12:34 GMT 2024","passed","Tue Dec 17 18:12:34 GMT 2024","","","",""
"","0","should throw an error for invalid PubsubTopic format: /waku/1/rs/1/2","pubsubTopicToSingleShardInfo with various invalid formats","Tue Dec 17 18:07:16 GMT 2024","passed","Tue Dec 17 18:07:16 GMT 2024","","","",""
"","0","wrong wakuPeerExchangeDiscovery pubsub topic","Peer Exchange","Tue Dec 17 18:12:38 GMT 2024","skipped","Tue Dec 17 18:12:38 GMT 2024","","","",""
"","0","Subscribe and receive messages via lightPush","Waku Filter V2: Subscribe: Single Service Node","Tue Dec 17 18:10:48 GMT 2024","passed","Tue Dec 17 18:10:48 GMT 2024","","","",""
"","0","Generator, 2 different pubsubtopics","Waku Store (named sharding), custom pubsub topic","Tue Dec 17 18:13:35 GMT 2024","passed","Tue Dec 17 18:13:35 GMT 2024","","","",""
"","1","Query generator for multiple messages","Waku Store, general","Tue Dec 17 18:13:44 GMT 2024","passed","Tue Dec 17 18:13:44 GMT 2024","","","",""
"","0","ENRTree (tree): should parse a DNS tree entry","ENRTree","Tue Dec 17 18:07:39 GMT 2024","passed","Tue Dec 17 18:07:39 GMT 2024","","","",""
"","1","should emit `peer:discovery:peer-exchange` event when a peer is discovered","Events","Tue Dec 17 18:08:16 GMT 2024","passed","Tue Dec 17 18:08:16 GMT 2024","","peer:discovery","",""
"","0","recovers when dns.resolve returns empty","DNS Node Discovery","Tue Dec 17 18:07:40 GMT 2024","passed","Tue Dec 17 18:07:40 GMT 2024","","","",""
"","0","Subscribe to topic containing shell command and publish message","Waku Relay, Subscribe","Tue Dec 17 18:12:43 GMT 2024","passed","Tue Dec 17 18:12:43 GMT 2024","","","",""
"","2","getPeersByDiscovery","Peer Exchange","Tue Dec 17 18:12:38 GMT 2024","passed","Tue Dec 17 18:12:38 GMT 2024","","","",""
"","0","should fail to send if no connected peers found","LightPush SDK","Tue Dec 17 18:07:56 GMT 2024","passed","Tue Dec 17 18:07:56 GMT 2024","","","",""
"","0","Push message with special chars payload","Waku Light Push: Single Node","Tue Dec 17 18:12:20 GMT 2024","passed","Tue Dec 17 18:12:20 GMT 2024","","","",""
"","0","should throw an error for insufficient data","Relay Shard codec","Tue Dec 17 18:07:16 GMT 2024","passed","Tue Dec 17 18:07:16 GMT 2024","","","",""
"","0","should derive a pubsub topic using contentTopic when SingleShardInfo only contains clusterId","determinePubsubTopic","Tue Dec 17 18:07:16 GMT 2024","passed","Tue Dec 17 18:07:16 GMT 2024","","","",""
"","0","Subscribe to topic containing Basic HTML tag and receive message","Waku Filter V2: Subscribe: Multiple Service Nodes: Strict Check mode: false","Tue Dec 17 18:13:45 GMT 2024","passed","Tue Dec 17 18:13:45 GMT 2024","","","",""
"","1","Subscribe to topic containing short and receive message","Waku Filter V2: Subscribe: Single Service Node","Tue Dec 17 18:10:48 GMT 2024","passed","Tue Dec 17 18:10:48 GMT 2024","","","",""
"","0","Push message with Russian payload","Waku Light Push: Single Node","Tue Dec 17 18:12:20 GMT 2024","passed","Tue Dec 17 18:12:20 GMT 2024","","","",""
"","0","should update peers in local storage on 'peer:identify' event","Local Storage Discovery","Tue Dec 17 18:07:44 GMT 2024","passed","Tue Dec 17 18:07:44 GMT 2024","","Unit Tests","",""
"","0","Waku message hash computation (message is IDecodedMessage)","RFC Test Vectors","Tue Dec 17 18:07:18 GMT 2024","passed","Tue Dec 17 18:07:18 GMT 2024","","","",""
"","0","Encoder throws on undefined content topic","Ensures content topic is defined","Tue Dec 17 18:07:32 GMT 2024","passed","Tue Dec 17 18:07:32 GMT 2024","","","",""
"","0","Ping on subscribed peer","Waku Filter V2: Ping: Multiple Nodes: Strict Checking: false","Tue Dec 17 18:09:01 GMT 2024","passed","Tue Dec 17 18:09:01 GMT 2024","","","",""
"","0","Push message with content topic containing numeric","Waku Light Push: Single Node","Tue Dec 17 18:12:20 GMT 2024","passed","Tue Dec 17 18:12:20 GMT 2024","","","",""
"","1","should decode valid enr with tcp successfully","ENR","Tue Dec 17 18:07:24 GMT 2024","passed","Tue Dec 17 18:07:24 GMT 2024","","Txt codec","",""
"","1","should throw an error for invalid PubsubTopic format: /waku/2/r/1/2","pubsubTopicToSingleShardInfo with various invalid formats","Tue Dec 17 18:07:16 GMT 2024","passed","Tue Dec 17 18:07:16 GMT 2024","","","",""
"","0","Sample","ENR multiaddrs codec","Tue Dec 17 18:07:24 GMT 2024","passed","Tue Dec 17 18:07:24 GMT 2024","","","",""
"","0","should only return 1 node with store capability","DNS Node Discovery w/ capabilities","Tue Dec 17 18:07:40 GMT 2024","passed","Tue Dec 17 18:07:40 GMT 2024","","","",""
"","0","should set field with only STORE enabled","ENR","Tue Dec 17 18:07:24 GMT 2024","passed","Tue Dec 17 18:07:24 GMT 2024","","waku2 key round trip","",""
"","1","Ephemeral field set to true","Waku Message version 0","Tue Dec 17 18:07:32 GMT 2024","passed","Tue Dec 17 18:07:32 GMT 2024","","","",""
"","0","should handle clusterId, application and version for autosharding with cluster iD 6","shardInfoToPubsubTopics","Tue Dec 17 18:07:16 GMT 2024","passed","Tue Dec 17 18:07:16 GMT 2024","","","",""
"","2","numPeers=1 -- returns one bootstrap peer ","getPeers","Tue Dec 17 18:09:47 GMT 2024","passed","Tue Dec 17 18:09:47 GMT 2024","maxBootstrapPeers=1","getPeers with varying maxBootstrapPeers","",""
"","0","Push message with custom timestamp: 1734462619613","Waku Light Push: Single Node","Tue Dec 17 18:12:20 GMT 2024","passed","Tue Dec 17 18:12:20 GMT 2024","","","",""
"","0","should set field with only LIGHTPUSH enabled","ENR","Tue Dec 17 18:07:24 GMT 2024","passed","Tue Dec 17 18:07:24 GMT 2024","","waku2 key round trip","",""
"","1","Subscribe to topic containing special chars and receive message","Waku Filter V2: Subscribe: Multiple Service Nodes: Strict Check mode: true","Tue Dec 17 18:13:45 GMT 2024","passed","Tue Dec 17 18:13:45 GMT 2024","","","",""
"","0","ignores domain fetching errors","DNS Node Discovery","Tue Dec 17 18:07:40 GMT 2024","passed","Tue Dec 17 18:07:40 GMT 2024","","","",""
"","0","configure the node with multiple content topics","Autosharding: Running Nodes","Tue Dec 17 18:13:03 GMT 2024","passed","Tue Dec 17 18:13:03 GMT 2024","","Others","",""
"","0","Push message with escaped characters payload","Waku Light Push: Single Node","Tue Dec 17 18:12:20 GMT 2024","passed","Tue Dec 17 18:12:20 GMT 2024","","","",""
"","0","should correctly map /app/29/sometopic/someencoding to shard index 6","contentTopicToShardIndex","Tue Dec 17 18:07:16 GMT 2024","passed","Tue Dec 17 18:07:16 GMT 2024","","","",""
"","0","3 nodes on /waku/2/rs/3/1 topic","Waku Relay, multiple pubsub topics","Tue Dec 17 18:12:25 GMT 2024","passed","Tue Dec 17 18:12:25 GMT 2024","","","",""
"","0","should encode/decode to text encoding","ENR","Tue Dec 17 18:07:24 GMT 2024","passed","Tue Dec 17 18:07:24 GMT 2024","","Static tests","",""
"","0","isConnected should return false after all peers disconnect","Connection state","Tue Dec 17 18:08:52 GMT 2024","passed","Tue Dec 17 18:08:52 GMT 2024","","","",""
"","0","should correctly map /app/27/sometopic/someencoding to shard index 5","contentTopicToShardIndex","Tue Dec 17 18:07:16 GMT 2024","passed","Tue Dec 17 18:07:16 GMT 2024","","","",""
"","0","Check publish message after service node is restarted","Waku Relay, Publish","Tue Dec 17 18:12:33 GMT 2024","skipped","Tue Dec 17 18:12:33 GMT 2024","","","",""
"","1","Push message with content topic containing special chars","Waku Light Push: Single Node","Tue Dec 17 18:12:20 GMT 2024","passed","Tue Dec 17 18:12:20 GMT 2024","","","",""
"","1","it tolerates circular branch references","DNS Node Discovery","Tue Dec 17 18:07:40 GMT 2024","passed","Tue Dec 17 18:07:40 GMT 2024","","","",""
"","1","PeerStore has remote peer's shard info after successful connection","Metadata Protocol","Tue Dec 17 18:11:12 GMT 2024","passed","Tue Dec 17 18:11:12 GMT 2024","","","",""
"","0","Push message with content topic containing Basic HTML tag","Waku Light Push: Single Node","Tue Dec 17 18:12:20 GMT 2024","passed","Tue Dec 17 18:12:20 GMT 2024","","","",""
"","1","numPeers=3 -- returns total 3 peers, with max 4 bootstrap peers","getPeers","Tue Dec 17 18:09:47 GMT 2024","passed","Tue Dec 17 18:09:47 GMT 2024","maxBootstrapPeers=4","getPeers with varying maxBootstrapPeers","",""
"","1","should be able to encode the field with only LIGHTPUSH set to true","ENR waku2 codec","Tue Dec 17 18:07:24 GMT 2024","passed","Tue Dec 17 18:07:24 GMT 2024","","Encoding","",""
"","1","numPeers=4 -- returns total 4 peers, with max 6 bootstrap peers","getPeers","Tue Dec 17 18:09:47 GMT 2024","passed","Tue Dec 17 18:09:47 GMT 2024","maxBootstrapPeers=6","getPeers with varying maxBootstrapPeers","",""
"","0","Subscribe to topic containing shell command and receive message","Waku Filter V2: Subscribe: Multiple Service Nodes: Strict Check mode: true","Tue Dec 17 18:13:45 GMT 2024","passed","Tue Dec 17 18:13:45 GMT 2024","","","",""
"","1","should emit `waku:online` event only when first peer is connected","Connection state","Tue Dec 17 18:08:52 GMT 2024","passed","Tue Dec 17 18:08:52 GMT 2024","","","",""
"","0","should use DNS peer discovery with light client","DNS Node Discovery [live data]","Tue Dec 17 18:08:27 GMT 2024","skipped","Tue Dec 17 18:08:27 GMT 2024","","","",""
"","1","Subscribe to topic containing Script and receive message","Waku Filter V2: Subscribe: Multiple Service Nodes: Strict Check mode: true","Tue Dec 17 18:13:45 GMT 2024","passed","Tue Dec 17 18:13:45 GMT 2024","","","",""
"","1","Reopen subscription with peer with lost subscription","Waku Filter V2: Ping: Multiple Nodes: Strict Checking: false","Tue Dec 17 18:09:01 GMT 2024","passed","Tue Dec 17 18:09:01 GMT 2024","","","",""
"","1","can start the service","DNS Discovery: Compliance Test","Tue Dec 17 18:08:27 GMT 2024","passed","Tue Dec 17 18:08:27 GMT 2024","","interface-peer-discovery compliance tests","",""
"","0","more peers than existing","Peer Exchange Query","Tue Dec 17 18:12:16 GMT 2024","skipped","Tue Dec 17 18:12:16 GMT 2024","","","",""
"","0","Push message with content topic containing escaped characters","Waku Light Push: Single Node","Tue Dec 17 18:12:20 GMT 2024","passed","Tue Dec 17 18:12:20 GMT 2024","","","",""
"","0","numPeers=2 -- returns total 2 peers, with max 6 bootstrap peers","getPeers","Tue Dec 17 18:09:47 GMT 2024","passed","Tue Dec 17 18:09:47 GMT 2024","maxBootstrapPeers=6","getPeers with varying maxBootstrapPeers","",""
"","1","Push message with XML payload","Waku Light Push: Single Node","Tue Dec 17 18:12:20 GMT 2024","passed","Tue Dec 17 18:12:20 GMT 2024","","","",""
"","0","should throw an error for non-numeric clusterId: /waku/2/rs/-/1","pubsubTopicToSingleShardInfo with various invalid formats","Tue Dec 17 18:07:16 GMT 2024","passed","Tue Dec 17 18:07:16 GMT 2024","","","",""
"","0","Unsubscribes all - node subscribed to 1 topic","Waku Filter V2: Unsubscribe: Multiple Nodes: Strict Checking: true","Tue Dec 17 18:10:46 GMT 2024","passed","Tue Dec 17 18:10:46 GMT 2024","","","",""
"","0","random static sharding 6 - Cluster ID: 914, Shard ID: 31","Static Sharding: Running Nodes","Tue Dec 17 18:13:13 GMT 2024","passed","Tue Dec 17 18:13:13 GMT 2024","","Different clusters and shards","",""
"","0","Privacy Node - default protocol","Wait for remote peer","Tue Dec 17 18:14:00 GMT 2024","passed","Tue Dec 17 18:14:00 GMT 2024","","","",""
"","0","should throw error - no id","ENR","Tue Dec 17 18:07:24 GMT 2024","passed","Tue Dec 17 18:07:24 GMT 2024","","Txt codec","",""
"","1","Subscribe to topic containing XML and receive message","Waku Filter V2: Subscribe: Single Service Node","Tue Dec 17 18:10:48 GMT 2024","passed","Tue Dec 17 18:10:48 GMT 2024","","","",""
"","4","should correctly map /waku/2/content/test.js to shard index 1","contentTopicToShardIndex","Tue Dec 17 18:07:16 GMT 2024","passed","Tue Dec 17 18:07:16 GMT 2024","","","",""
"","0","should correctly map a content topic to a pubsub topic","contentTopicToPubsubTopic","Tue Dec 17 18:07:16 GMT 2024","passed","Tue Dec 17 18:07:16 GMT 2024","","","",""
"","0","should not receive a peer event before start","Peer Exchange","Tue Dec 17 18:12:51 GMT 2024","passed","Tue Dec 17 18:12:51 GMT 2024","interface-peer-discovery compliance tests","Compliance Test","",""
"","0","Check publish message after client node is restarted","Waku Relay, Publish","Tue Dec 17 18:12:33 GMT 2024","skipped","Tue Dec 17 18:12:33 GMT 2024","","","",""
"","1","numPeers=2 -- returns total 2 peers, with max 4 bootstrap peers","getPeers","Tue Dec 17 18:09:47 GMT 2024","passed","Tue Dec 17 18:09:47 GMT 2024","maxBootstrapPeers=4","getPeers with varying maxBootstrapPeers","",""
"","0","Push message with content topic containing Script","Waku Light Push: Multiple Nodes: Strict Check: true","Tue Dec 17 18:12:34 GMT 2024","passed","Tue Dec 17 18:12:34 GMT 2024","","","",""
"","0","throws on empty content topic","ensureValidContentTopic","Tue Dec 17 18:07:16 GMT 2024","passed","Tue Dec 17 18:07:16 GMT 2024","","","",""
"","1","should throw an error for non-numeric shard: /waku/2/rs/1/x","pubsubTopicToSingleShardInfo with various invalid formats","Tue Dec 17 18:07:16 GMT 2024","passed","Tue Dec 17 18:07:16 GMT 2024","","","",""
"","1","Should update shard info","Peer Exchange Continuous Discovery","Tue Dec 17 18:11:17 GMT 2024","passed","Tue Dec 17 18:11:17 GMT 2024","","","",""
"","1","Push message with Arabic payload","Waku Light Push: Multiple Nodes: Strict Check: true","Tue Dec 17 18:12:34 GMT 2024","passed","Tue Dec 17 18:12:34 GMT 2024","","","",""
"","1","Fails to push message bigger that 1MB","Waku Light Push: Multiple Nodes: Strict Check: true","Tue Dec 17 18:12:34 GMT 2024","passed","Tue Dec 17 18:12:34 GMT 2024","","","",""
"","0","Check received message with timestamp: 1734458895487 ","Waku Filter V2: FilterPush: Multiple Nodes: Strict Checking: false","Tue Dec 17 18:12:16 GMT 2024","passed","Tue Dec 17 18:12:16 GMT 2024","","","",""
"","0","Generator, 2 nwaku nodes each with different pubsubtopics","Waku Store, custom pubsub topic","Tue Dec 17 18:13:35 GMT 2024","passed","Tue Dec 17 18:13:35 GMT 2024","","","",""
"","0","Push message with JSON payload","Waku Light Push: Single Node","Tue Dec 17 18:12:20 GMT 2024","passed","Tue Dec 17 18:12:20 GMT 2024","","","",""
"","1","Query with Promise Callback, No Decoder","Waku Store, error handling","Tue Dec 17 18:13:20 GMT 2024","passed","Tue Dec 17 18:13:20 GMT 2024","","","",""
"","1","numPeers=4 -- returns total 4 peers, with max 7 bootstrap peers","getPeers","Tue Dec 17 18:09:47 GMT 2024","passed","Tue Dec 17 18:09:47 GMT 2024","maxBootstrapPeers=7","getPeers with varying maxBootstrapPeers","",""
"","1","should handle corrupted local storage data gracefully","Local Storage Discovery","Tue Dec 17 18:07:44 GMT 2024","passed","Tue Dec 17 18:07:44 GMT 2024","","Unit Tests","",""
"","1","Wrong topic","Autosharding: Running Nodes","Tue Dec 17 18:13:03 GMT 2024","passed","Tue Dec 17 18:13:03 GMT 2024","","Different clusters and topics","",""
"","0","should retrieve 3 multiaddrs for sandbox.waku.nodes.status.im","DNS Node Discovery [live data]","Tue Dec 17 18:07:40 GMT 2024","skipped","Tue Dec 17 18:07:40 GMT 2024","","","",""
"","0","Renews peer on consistent missed messages","Waku Filter: Peer Management: E2E","Tue Dec 17 18:09:45 GMT 2024","passed","Tue Dec 17 18:09:45 GMT 2024","","","",""
"","3","should return no connections if no open connection provided","selectOpenConnection","Tue Dec 17 18:07:31 GMT 2024","passed","Tue Dec 17 18:07:31 GMT 2024","","","",""
"","1","safeDispatchEvent","Public methods","Tue Dec 17 18:08:56 GMT 2024","passed","Tue Dec 17 18:08:56 GMT 2024","","","",""
"","0","Relay - times out","Wait for remote peer","Tue Dec 17 18:14:00 GMT 2024","passed","Tue Dec 17 18:14:00 GMT 2024","","","",""
"","0","Push message with rate limit","Waku Light Push: Multiple Nodes: Strict Check: true","Tue Dec 17 18:12:34 GMT 2024","passed","Tue Dec 17 18:12:34 GMT 2024","","","",""
"","0","Check received message containing XML","Waku Filter V2: FilterPush","Tue Dec 17 18:10:19 GMT 2024","passed","Tue Dec 17 18:10:19 GMT 2024","","","",""
"","1","Subscribe to topic containing emoji and receive message","Waku Filter V2: Subscribe: Multiple Service Nodes: Strict Check mode: true","Tue Dec 17 18:13:45 GMT 2024","passed","Tue Dec 17 18:13:45 GMT 2024","","","",""
"","1","Check received message containing JSON","Waku Filter V2: FilterPush: Multiple Nodes: Strict Checking: false","Tue Dec 17 18:12:16 GMT 2024","passed","Tue Dec 17 18:12:16 GMT 2024","","","",""
"","0","Check publish message containing special chars","Waku Relay, Publish","Tue Dec 17 18:12:33 GMT 2024","passed","Tue Dec 17 18:12:33 GMT 2024","","","",""
"","0","Check received message with timestamp: 1734458895487000000 ","Waku Filter V2: FilterPush: Multiple Nodes: Strict Checking: true","Tue Dec 17 18:12:16 GMT 2024","passed","Tue Dec 17 18:12:16 GMT 2024","","","",""
"","0","Check publish message containing shell command","Waku Relay, Publish","Tue Dec 17 18:12:33 GMT 2024","passed","Tue Dec 17 18:12:33 GMT 2024","","","",""
"","0","should emit a peer event after start","Local Storage Discovery","Tue Dec 17 18:07:44 GMT 2024","passed","Tue Dec 17 18:07:44 GMT 2024","interface-peer-discovery compliance tests","Compliance Tests","",""
"","0","Ping on subscribed peer","Waku Filter V2: Ping","Tue Dec 17 18:09:04 GMT 2024","passed","Tue Dec 17 18:09:04 GMT 2024","","","",""
"","4","should properly compute the node id","ENR","Tue Dec 17 18:07:24 GMT 2024","passed","Tue Dec 17 18:07:24 GMT 2024","","Static tests","",""
"","0","msgTime: -19000 ms from now, startTime: -19000, endTime: -18000","Waku Store, time filter","Tue Dec 17 18:13:56 GMT 2024","passed","Tue Dec 17 18:13:56 GMT 2024","","","",""
"","1","Subscribe to topic containing escaped characters and receive message","Waku Filter V2: Subscribe: Multiple Service Nodes: Strict Check mode: false","Tue Dec 17 18:13:45 GMT 2024","passed","Tue Dec 17 18:13:45 GMT 2024","","","",""
"","0","Push message with Arabic payload","Waku Light Push: Single Node","Tue Dec 17 18:12:20 GMT 2024","passed","Tue Dec 17 18:12:20 GMT 2024","","","",""
"","0","peer:update - should do nothing if another protocol hit","StreamManager","Tue Dec 17 18:07:32 GMT 2024","passed","Tue Dec 17 18:07:32 GMT 2024","","","",""
"","1","Check received message containing short","Waku Filter V2: FilterPush","Tue Dec 17 18:10:19 GMT 2024","passed","Tue Dec 17 18:10:19 GMT 2024","","","",""
"","1","should reject if LightPush is requested but not mounted","waitForRemotePeer","Tue Dec 17 18:07:56 GMT 2024","passed","Tue Dec 17 18:07:56 GMT 2024","","","",""
"","0","Symmetric encrypt & Decrypt","Waku Encryption","Tue Dec 17 18:07:50 GMT 2024","passed","Tue Dec 17 18:07:50 GMT 2024","","","",""
"","0","Push message with content topic containing short","Waku Light Push: Multiple Nodes: Strict Check: true","Tue Dec 17 18:12:34 GMT 2024","passed","Tue Dec 17 18:12:34 GMT 2024","","","",""
"","1","Check received message with timestamp: 1734458895316000000 ","Waku Filter V2: FilterPush","Tue Dec 17 18:10:19 GMT 2024","passed","Tue Dec 17 18:10:19 GMT 2024","","","",""
"","1","Check received message containing unicode special characters","Waku Filter V2: FilterPush: Multiple Nodes: Strict Checking: false","Tue Dec 17 18:12:16 GMT 2024","passed","Tue Dec 17 18:12:16 GMT 2024","","","",""
"","0","1 Relay, 1 fetch","Fetch nodes until capabilities are fulfilled","Tue Dec 17 18:07:40 GMT 2024","passed","Tue Dec 17 18:07:40 GMT 2024","","","",""
"","1","should return true when peers exist","PeerManager","Tue Dec 17 18:07:57 GMT 2024","passed","Tue Dec 17 18:07:57 GMT 2024","","hasPeers","",""
"","0","Subscribe to topic containing SQL Injection and receive message","Waku Filter V2: Subscribe: Single Service Node","Tue Dec 17 18:10:48 GMT 2024","passed","Tue Dec 17 18:10:48 GMT 2024","","","",""
"","0","Subscribe to topic containing Basic HTML tag and receive message","Waku Filter V2: Subscribe: Single Service Node","Tue Dec 17 18:10:48 GMT 2024","passed","Tue Dec 17 18:10:48 GMT 2024","","","",""
"","1","Check publish message containing short","Waku Relay, Publish","Tue Dec 17 18:12:33 GMT 2024","passed","Tue Dec 17 18:12:33 GMT 2024","","","",""
"","0","LightPush","Wait for remote peer","Tue Dec 17 18:14:00 GMT 2024","passed","Tue Dec 17 18:14:00 GMT 2024","","","",""
"","1","Passing invalid cursor","Waku Store, cursor","Tue Dec 17 18:13:06 GMT 2024","passed","Tue Dec 17 18:13:06 GMT 2024","","","",""
"","1","Passing page size 10 when there are 10 messages","Waku Store, page size","Tue Dec 17 18:13:43 GMT 2024","passed","Tue Dec 17 18:13:43 GMT 2024","","","",""
"","0","Subscribe to topic containing Arabic and receive message","Waku Filter V2: Subscribe: Multiple Service Nodes: Strict Check mode: false","Tue Dec 17 18:13:45 GMT 2024","passed","Tue Dec 17 18:13:45 GMT 2024","","","",""
"","0","Subscribe and receive symmetrically encrypted messages via lightPush","Waku Filter V2: Subscribe: Single Service Node","Tue Dec 17 18:10:48 GMT 2024","passed","Tue Dec 17 18:10:48 GMT 2024","","","",""
"","1","numPeers=0 -- returns all peers including all non-bootstrap with maxBootstrapPeers: 4","getPeers","Tue Dec 17 18:09:47 GMT 2024","passed","Tue Dec 17 18:09:47 GMT 2024","maxBootstrapPeers=4","getPeers with varying maxBootstrapPeers","",""
"","0","numPeers=4 -- returns total 4 peers, with max 4 bootstrap peers","getPeers","Tue Dec 17 18:09:47 GMT 2024","passed","Tue Dec 17 18:09:47 GMT 2024","maxBootstrapPeers=4","getPeers with varying maxBootstrapPeers","",""
"","1","should correctly map /app/20/sometopic/someencoding to shard index 1 with networkShards 2","contentTopicToShardIndex","Tue Dec 17 18:07:16 GMT 2024","passed","Tue Dec 17 18:07:16 GMT 2024","","","",""
"","1","Sets default value correctly","User Agent","Tue Dec 17 18:13:52 GMT 2024","passed","Tue Dec 17 18:13:52 GMT 2024","","","",""
"","0","numPeers=4 -- returns total 4 peers, with max 5 bootstrap peers","getPeers","Tue Dec 17 18:09:47 GMT 2024","passed","Tue Dec 17 18:09:47 GMT 2024","maxBootstrapPeers=5","getPeers with varying maxBootstrapPeers","",""
"","1","throws on content topic with empty topic name field","ensureValidContentTopic","Tue Dec 17 18:07:16 GMT 2024","passed","Tue Dec 17 18:07:16 GMT 2024","","","",""
"","0","should emit events and trasition isConnected state when has peers or no peers","Events","Tue Dec 17 18:08:16 GMT 2024","passed","Tue Dec 17 18:08:16 GMT 2024","","waku:connection","",""
"","0","Used by Waku Relay","Decryption Keys","Tue Dec 17 18:13:52 GMT 2024","passed","Tue Dec 17 18:13:52 GMT 2024","","","",""
"","0","handles empty shards array correctly","ensureShardingConfigured","Tue Dec 17 18:07:16 GMT 2024","passed","Tue Dec 17 18:07:16 GMT 2024","","","",""
"","0","Check received message containing JSON","Waku Filter V2: FilterPush: Multiple Nodes: Strict Checking: true","Tue Dec 17 18:12:16 GMT 2024","passed","Tue Dec 17 18:12:16 GMT 2024","","","",""
"","1","should wait for Store peer to be connected","waitForRemotePeer","Tue Dec 17 18:07:56 GMT 2024","passed","Tue Dec 17 18:07:56 GMT 2024","","","",""
"","2","Ordered Callback sorting by timestamp while page direction is false","Waku Store, sorting","Tue Dec 17 18:13:37 GMT 2024","passed","Tue Dec 17 18:13:37 GMT 2024","","","",""
"","0","random auto sharding 7 - Cluster ID: 10, Content Topic: /app61/7/topic161/xml","Autosharding: Running Nodes","Tue Dec 17 18:13:03 GMT 2024","passed","Tue Dec 17 18:13:03 GMT 2024","","Different clusters and topics","",""
"","0","should throw an error if shards are undefined for static sharding","shardInfoToPubsubTopics","Tue Dec 17 18:07:16 GMT 2024","passed","Tue Dec 17 18:07:16 GMT 2024","","","",""
"","0","Query generator for multiple messages with multiple decoders","Waku Store, general","Tue Dec 17 18:13:44 GMT 2024","passed","Tue Dec 17 18:13:44 GMT 2024","","","",""
"","1","Unsubscribes all - node subscribed to 1 topic","Waku Filter V2: Unsubscribe","Tue Dec 17 18:09:33 GMT 2024","passed","Tue Dec 17 18:09:33 GMT 2024","","","",""
"","0","should properly create peer info with all multiaddrs","ENR","Tue Dec 17 18:07:24 GMT 2024","passed","Tue Dec 17 18:07:24 GMT 2024","","Location multiaddr","",""
"","0","LightPush with 2 connections","Health Manager","Tue Dec 17 18:09:48 GMT 2024","skipped","Tue Dec 17 18:09:48 GMT 2024","","Should update the health status for protocols","",""
"","0","n1 and n2 uses a custom pubsub, n3 uses the default pubsub","Waku Relay (Autosharding), multiple pubsub topics","Tue Dec 17 18:12:25 GMT 2024","passed","Tue Dec 17 18:12:25 GMT 2024","","","",""
"","1","Waku message hash computation (no timestamp)","RFC Test Vectors","Tue Dec 17 18:07:18 GMT 2024","passed","Tue Dec 17 18:07:18 GMT 2024","","","",""
"","0","should throw an error for invalid PubsubTopic format: /waku/2/rs/1/2/extra","pubsubTopicToSingleShardInfo with various invalid formats","Tue Dec 17 18:07:16 GMT 2024","passed","Tue Dec 17 18:07:16 GMT 2024","","","",""
"","1","Query Generator sorting by timestamp while page direction is false","Waku Store, sorting","Tue Dec 17 18:13:37 GMT 2024","passed","Tue Dec 17 18:13:37 GMT 2024","","","",""
"","0","Fails to publish message with empty text","Waku Relay, Publish","Tue Dec 17 18:12:33 GMT 2024","passed","Tue Dec 17 18:12:33 GMT 2024","","","",""
"","0","should not fail to stop the service if it was not started","Local Storage Discovery","Tue Dec 17 18:07:44 GMT 2024","passed","Tue Dec 17 18:07:44 GMT 2024","interface-peer-discovery compliance tests","Compliance Tests","",""
"","0","Check received message containing Russian","Waku Filter V2: FilterPush: Multiple Nodes: Strict Checking: false","Tue Dec 17 18:12:16 GMT 2024","passed","Tue Dec 17 18:12:16 GMT 2024","","","",""
"","0","Subscribe to topic containing escaped characters and receive message","Waku Filter V2: Subscribe: Multiple Service Nodes: Strict Check mode: true","Tue Dec 17 18:13:45 GMT 2024","passed","Tue Dec 17 18:13:45 GMT 2024","","","",""
"","0","should throw an error for missing required configuration","shardInfoToPubsubTopics","Tue Dec 17 18:07:16 GMT 2024","passed","Tue Dec 17 18:07:16 GMT 2024","","","",""
"","0","Push message with content topic containing long","Waku Light Push: Single Node","Tue Dec 17 18:12:20 GMT 2024","passed","Tue Dec 17 18:12:20 GMT 2024","","","",""
"","0","Push message on custom pubsubTopic","Waku Light Push : Multiple PubsubTopics","Tue Dec 17 18:11:17 GMT 2024","passed","Tue Dec 17 18:11:17 GMT 2024","","","",""
"","1","Subscribe to topic containing special chars and receive message","Waku Filter V2: Subscribe: Multiple Service Nodes: Strict Check mode: false","Tue Dec 17 18:13:45 GMT 2024","passed","Tue Dec 17 18:13:45 GMT 2024","","","",""
"","0","Subscribe and receive messages via lightPush","Waku Filter V2: Subscribe: Multiple Service Nodes: Strict Check mode: true","Tue Dec 17 18:13:45 GMT 2024","passed","Tue Dec 17 18:13:45 GMT 2024","","","",""
"","0","should throw an error for non-numeric shard: /waku/2/rs/1/!","pubsubTopicToSingleShardInfo with various invalid formats","Tue Dec 17 18:07:16 GMT 2024","passed","Tue Dec 17 18:07:16 GMT 2024","","","",""
"","0","receiving a ping from a peer does not overwrite shard info","Metadata Protocol","Tue Dec 17 18:11:12 GMT 2024","passed","Tue Dec 17 18:11:12 GMT 2024","","","",""
"","0","should encodeTxt and decodeTxt","ENR","Tue Dec 17 18:07:24 GMT 2024","passed","Tue Dec 17 18:07:24 GMT 2024","","Txt codec","",""
"","1","can start the service","Peer Exchange","Tue Dec 17 18:12:51 GMT 2024","passed","Tue Dec 17 18:12:51 GMT 2024","interface-peer-discovery compliance tests","Compliance Test","",""
"","1","throws on content topic with empty version field","ensureValidContentTopic","Tue Dec 17 18:07:16 GMT 2024","passed","Tue Dec 17 18:07:16 GMT 2024","","","",""
"","0","Unsubscribe 2 topics - node subscribed to 2 topics","Waku Filter V2: Unsubscribe: Multiple Nodes: Strict Checking: false","Tue Dec 17 18:10:46 GMT 2024","passed","Tue Dec 17 18:10:46 GMT 2024","","","",""
"","0","Subscribe and receive 2 messages on the same topic","Waku Filter V2: Subscribe: Single Service Node","Tue Dec 17 18:10:48 GMT 2024","passed","Tue Dec 17 18:10:48 GMT 2024","","","",""
"","0","Ping on unsubscribed peer","Waku Filter V2: Ping: Multiple Nodes: Strict Checking: true","Tue Dec 17 18:09:01 GMT 2024","passed","Tue Dec 17 18:09:01 GMT 2024","","","",""
"","0","numPeers=1 -- returns one bootstrap peer ","getPeers","Tue Dec 17 18:09:47 GMT 2024","passed","Tue Dec 17 18:09:47 GMT 2024","maxBootstrapPeers=4","getPeers with varying maxBootstrapPeers","",""
"","1","Nodes with multiple pubsub topic","Waku Relay, multiple pubsub topics","Tue Dec 17 18:12:25 GMT 2024","passed","Tue Dec 17 18:12:25 GMT 2024","","","",""
"","1","Check received message containing SQL Injection","Waku Filter V2: FilterPush: Multiple Nodes: Strict Checking: false","Tue Dec 17 18:12:16 GMT 2024","passed","Tue Dec 17 18:12:16 GMT 2024","","","",""
"","0","should throw an error for non-numeric shard: /waku/2/rs/1/ ","pubsubTopicToSingleShardInfo with various invalid formats","Tue Dec 17 18:07:16 GMT 2024","passed","Tue Dec 17 18:07:16 GMT 2024","","","",""
"","0","should retrieve 3 multiaddrs for test.waku.nodes.status.im","DNS Node Discovery [live data]","Tue Dec 17 18:07:40 GMT 2024","skipped","Tue Dec 17 18:07:40 GMT 2024","","","",""
"","1","Check received message containing Chinese","Waku Filter V2: FilterPush","Tue Dec 17 18:10:19 GMT 2024","passed","Tue Dec 17 18:10:19 GMT 2024","","","",""
"","0","LightPush: 3 peers, Filter: 2 peers","Node Health Status Matrix Tests","Tue Dec 17 18:09:48 GMT 2024","skipped","Tue Dec 17 18:09:48 GMT 2024","","","",""
"","0","Subscribe and receive messages on custom pubsubtopic","Waku Filter V2 (Named sharding): Multiple PubsubTopics","Tue Dec 17 18:09:04 GMT 2024","passed","Tue Dec 17 18:09:04 GMT 2024","","","",""
"","0","Register correct protocols","Waku Relay, Subscribe","Tue Dec 17 18:12:43 GMT 2024","passed","Tue Dec 17 18:12:43 GMT 2024","","","",""
"","1","should be able to encode the field with RELAY and FILTER protocols set to true","ENR waku2 codec","Tue Dec 17 18:07:24 GMT 2024","passed","Tue Dec 17 18:07:24 GMT 2024","","Encoding","",""
"","0","should correctly map a content topic to a pubsub topic for different network shard sizes","contentTopicToPubsubTopic","Tue Dec 17 18:07:16 GMT 2024","passed","Tue Dec 17 18:07:16 GMT 2024","","","",""
"","0","numPeers=1 -- returns one bootstrap peer ","getPeers","Tue Dec 17 18:09:47 GMT 2024","passed","Tue Dec 17 18:09:47 GMT 2024","maxBootstrapPeers=6","getPeers with varying maxBootstrapPeers","",""
"","0","should throw an error for non-numeric clusterId: /waku/2/rs/\/1","pubsubTopicToSingleShardInfo with various invalid formats","Tue Dec 17 18:07:16 GMT 2024","passed","Tue Dec 17 18:07:16 GMT 2024","","","",""
"","1","Fails to publish duplicate message","Waku Relay, Publish","Tue Dec 17 18:12:33 GMT 2024","passed","Tue Dec 17 18:12:33 GMT 2024","","","",""
"","3","Subscribe and receive messages from 2 nwaku nodes each with different pubsubtopics","Waku Filter V2 (Autosharding): Multiple PubsubTopics","Tue Dec 17 18:09:04 GMT 2024","passed","Tue Dec 17 18:09:04 GMT 2024","","","",""
"","1","should handle clusterId, application and version for autosharding with cluster iD 0","shardInfoToPubsubTopics","Tue Dec 17 18:07:16 GMT 2024","passed","Tue Dec 17 18:07:16 GMT 2024","","","",""
"","1","should handle a minimal index list","Relay Shard codec","Tue Dec 17 18:07:16 GMT 2024","passed","Tue Dec 17 18:07:16 GMT 2024","","","",""
"","0","should be called for bootstrap peers","Dials","Tue Dec 17 18:08:23 GMT 2024","passed","Tue Dec 17 18:08:23 GMT 2024","For bootstrap peers","dialPeer method","",""
"","0","Round trip binary serialization","Waku Message version 0","Tue Dec 17 18:07:32 GMT 2024","passed","Tue Dec 17 18:07:32 GMT 2024","","","",""
"","7","Init the array if not present","pushOrInitMapSet","Tue Dec 17 18:07:15 GMT 2024","passed","Tue Dec 17 18:07:15 GMT 2024","","","",""
"","0","Non TWN Cluster","Autosharding: Running Nodes","Tue Dec 17 18:13:03 GMT 2024","passed","Tue Dec 17 18:13:03 GMT 2024","","Different clusters and topics","",""
"","0","Push message with content topic containing SQL Injection","Waku Light Push: Single Node","Tue Dec 17 18:12:20 GMT 2024","passed","Tue Dec 17 18:12:20 GMT 2024","","","",""
"","0","Push message with content topic containing shell command","Waku Light Push: Multiple Nodes: Strict Check: true","Tue Dec 17 18:12:34 GMT 2024","passed","Tue Dec 17 18:12:34 GMT 2024","","","",""
"","1","Does not throw an exception when node disconnects","Waku Dial [node only]","Tue Dec 17 18:13:52 GMT 2024","passed","Tue Dec 17 18:13:52 GMT 2024","","Interop: ServiceNode","",""
"","2","numPeers=1 -- returns one bootstrap peer ","getPeers","Tue Dec 17 18:09:47 GMT 2024","passed","Tue Dec 17 18:09:47 GMT 2024","maxBootstrapPeers=2","getPeers with varying maxBootstrapPeers","",""
"","0","should fall back to default pubsub topic when pubsubTopicShardInfo is not provided","determinePubsubTopic","Tue Dec 17 18:07:16 GMT 2024","passed","Tue Dec 17 18:07:16 GMT 2024","","","",""
"","2","numPeers=2 -- returns total 2 peers, with max 7 bootstrap peers","getPeers","Tue Dec 17 18:09:47 GMT 2024","passed","Tue Dec 17 18:09:47 GMT 2024","maxBootstrapPeers=7","getPeers with varying maxBootstrapPeers","",""
"","0","Push message with XML payload","Waku Light Push: Multiple Nodes: Strict Check: true","Tue Dec 17 18:12:34 GMT 2024","passed","Tue Dec 17 18:12:34 GMT 2024","","","",""
"","1","Query with Ordered Callback, No message returned","Waku Store, error handling","Tue Dec 17 18:13:20 GMT 2024","passed","Tue Dec 17 18:13:20 GMT 2024","","","",""
"","0","Ephemeral messages are not stored","Waku Message Ephemeral field","Tue Dec 17 18:08:24 GMT 2024","passed","Tue Dec 17 18:08:24 GMT 2024","","","",""
"","0","Encoder throws on undefined content topic","Ensures content topic is defined","Tue Dec 17 18:07:51 GMT 2024","passed","Tue Dec 17 18:07:51 GMT 2024","","","",""
"","0","LightPush: 2 peers, Filter: 3 peers","Node Health Status Matrix Tests","Tue Dec 17 18:09:48 GMT 2024","skipped","Tue Dec 17 18:09:48 GMT 2024","","","",""
"","0","can start and stop the service","Peer Exchange","Tue Dec 17 18:12:51 GMT 2024","passed","Tue Dec 17 18:12:51 GMT 2024","interface-peer-discovery compliance tests","Compliance Test","",""
"","0","numPeers=2 -- returns total 2 peers, with max 5 bootstrap peers","getPeers","Tue Dec 17 18:09:47 GMT 2024","passed","Tue Dec 17 18:09:47 GMT 2024","maxBootstrapPeers=5","getPeers with varying maxBootstrapPeers","",""
"","1","Subscribe to topic containing long and receive message","Waku Filter V2: Subscribe: Multiple Service Nodes: Strict Check mode: false","Tue Dec 17 18:13:45 GMT 2024","passed","Tue Dec 17 18:13:45 GMT 2024","","","",""
"","0","Check received message containing Chinese","Waku Filter V2: FilterPush: Multiple Nodes: Strict Checking: false","Tue Dec 17 18:12:16 GMT 2024","passed","Tue Dec 17 18:12:16 GMT 2024","","","",""
"","0","should be online or offline if network state changed","Events","Tue Dec 17 18:08:16 GMT 2024","passed","Tue Dec 17 18:08:16 GMT 2024","","waku:connection","",""
"","1","A test","This","Tue Dec 17 18:10:48 GMT 2024","passed","Tue Dec 17 18:10:48 GMT 2024","","Is also","",""
"","0","peerDiscovery without wakuPeerExchangeDiscovery","Peer Exchange","Tue Dec 17 18:12:38 GMT 2024","passed","Tue Dec 17 18:12:38 GMT 2024","","","",""
"","0","Unsubscribe 1 topic - node subscribed to 1 topic","Waku Filter V2: Unsubscribe: Multiple Nodes: Strict Checking: false","Tue Dec 17 18:10:46 GMT 2024","passed","Tue Dec 17 18:10:46 GMT 2024","","","",""
"","0","LightPush: 2 peers, Filter: 0 peers","Node Health Status Matrix Tests","Tue Dec 17 18:09:48 GMT 2024","skipped","Tue Dec 17 18:09:48 GMT 2024","","","",""
"","0","Meta field set when metaSetter is specified","Waku Message version 0","Tue Dec 17 18:07:32 GMT 2024","passed","Tue Dec 17 18:07:32 GMT 2024","","","",""
"","0","Check received message containing Basic HTML tag","Waku Filter V2: FilterPush: Multiple Nodes: Strict Checking: false","Tue Dec 17 18:12:16 GMT 2024","passed","Tue Dec 17 18:12:16 GMT 2024","","","",""
"","0","should return the correct number of peers","PeerManager","Tue Dec 17 18:07:57 GMT 2024","passed","Tue Dec 17 18:07:57 GMT 2024","","getPeerCount","",""
"","1","should be called for every peer with PEER_EXCHANGE tags","Dials","Tue Dec 17 18:08:23 GMT 2024","passed","Tue Dec 17 18:08:23 GMT 2024","For peer-exchange peers","dialPeer method","",""
"","0","Subscribe to topic containing long and publish message","Waku Relay, Subscribe","Tue Dec 17 18:12:43 GMT 2024","passed","Tue Dec 17 18:12:43 GMT 2024","","","",""
"","1","Push message with custom timestamp: 1734455388691","Waku Light Push: Multiple Nodes: Strict Check: true","Tue Dec 17 18:12:34 GMT 2024","passed","Tue Dec 17 18:12:34 GMT 2024","","","",""
"","0","random auto sharding 5 - Cluster ID: 10, Content Topic: /app64/10/topic907/proto","Autosharding: Running Nodes","Tue Dec 17 18:13:03 GMT 2024","passed","Tue Dec 17 18:13:03 GMT 2024","","Different clusters and topics","",""
"","0","Subscribe and receive messages on 2 different content topics","Waku Filter V2: Subscribe: Multiple Service Nodes: Strict Check mode: true","Tue Dec 17 18:13:45 GMT 2024","passed","Tue Dec 17 18:13:45 GMT 2024","","","",""
"","0","Push message with content topic containing short","Waku Light Push: Single Node","Tue Dec 17 18:12:20 GMT 2024","passed","Tue Dec 17 18:12:20 GMT 2024","","","",""
"","0","Query generator for 2000 messages","Waku Store, general","Tue Dec 17 18:13:44 GMT 2024","passed","Tue Dec 17 18:13:44 GMT 2024","","","",""
"","0","should be able to decode the field with STORE and LIGHTPUSH protocols set to true","ENR waku2 codec","Tue Dec 17 18:07:24 GMT 2024","passed","Tue Dec 17 18:07:24 GMT 2024","","Decoding","",""
"","0","Check publish message containing JSON","Waku Relay, Publish","Tue Dec 17 18:12:33 GMT 2024","passed","Tue Dec 17 18:12:33 GMT 2024","","","",""
"","1","random auto sharding 6 - Cluster ID: 10, Content Topic: /app50/2/topic318/xml","Autosharding: Running Nodes","Tue Dec 17 18:13:03 GMT 2024","passed","Tue Dec 17 18:13:03 GMT 2024","","Different clusters and topics","",""
"","0","should throw an error for non-numeric clusterId: /waku/2/rs/x/1","pubsubTopicToSingleShardInfo with various invalid formats","Tue Dec 17 18:07:16 GMT 2024","passed","Tue Dec 17 18:07:16 GMT 2024","","","",""
"","1","numPeers=0 -- returns all peers including all non-bootstrap with maxBootstrapPeers: 5","getPeers","Tue Dec 17 18:09:47 GMT 2024","passed","Tue Dec 17 18:09:47 GMT 2024","maxBootstrapPeers=5","getPeers with varying maxBootstrapPeers","",""
"","1","all px service nodes subscribed to the shard topic should be dialed","Static Sharding: Peer Management","Tue Dec 17 18:15:00 GMT 2024","passed","Tue Dec 17 18:15:00 GMT 2024","","Peer Exchange","",""
"","0","Decrypt messages","Waku Relay","Tue Dec 17 18:12:18 GMT 2024","passed","Tue Dec 17 18:12:18 GMT 2024","","","",""
"","0","Push message with custom timestamp: 1734462588691","Waku Light Push: Multiple Nodes: Strict Check: true","Tue Dec 17 18:12:34 GMT 2024","passed","Tue Dec 17 18:12:34 GMT 2024","","","",""
"","0","should be called for peers with PEER_EXCHANGE tags","Dials","Tue Dec 17 18:08:23 GMT 2024","passed","Tue Dec 17 18:08:23 GMT 2024","For peer-exchange peers","dialPeer method","",""
"","0","Check received message containing Script","Waku Filter V2: FilterPush","Tue Dec 17 18:10:19 GMT 2024","passed","Tue Dec 17 18:10:19 GMT 2024","","","",""
"","0","Push message with content topic containing escaped characters","Waku Light Push: Multiple Nodes: Strict Check: true","Tue Dec 17 18:12:34 GMT 2024","passed","Tue Dec 17 18:12:34 GMT 2024","","","",""
"","1","different cluster, different shard: nodes don't connect","Metadata Protocol","Tue Dec 17 18:11:12 GMT 2024","passed","Tue Dec 17 18:11:12 GMT 2024","","connections","",""
"","1","should reject if Store is requested but not mounted","waitForRemotePeer","Tue Dec 17 18:07:56 GMT 2024","passed","Tue Dec 17 18:07:56 GMT 2024","","","",""
"","0","should throw an error for non-numeric shard: /waku/2/rs/1/","pubsubTopicToSingleShardInfo with various invalid formats","Tue Dec 17 18:07:16 GMT 2024","passed","Tue Dec 17 18:07:16 GMT 2024","","","",""
"","0","random static sharding 1 - Cluster ID: 431, Shard ID: 581","Static Sharding: Running Nodes","Tue Dec 17 18:13:13 GMT 2024","passed","Tue Dec 17 18:13:13 GMT 2024","","Different clusters and shards","",""
"","1","can start the service","Local Storage Discovery","Tue Dec 17 18:07:44 GMT 2024","passed","Tue Dec 17 18:07:44 GMT 2024","interface-peer-discovery compliance tests","Compliance Tests","",""
"","0","should properly create location multiaddrs - tcp6","ENR","Tue Dec 17 18:07:24 GMT 2024","passed","Tue Dec 17 18:07:24 GMT 2024","","Location multiaddr","",""
"","1","Push message with shell command payload","Waku Light Push: Single Node","Tue Dec 17 18:12:20 GMT 2024","passed","Tue Dec 17 18:12:20 GMT 2024","","","",""
