"DESCRIPTION","DURATION IN MS","NAME","PARENT SUITE","START TIME","STATUS","STOP TIME","SUB SUITE","SUITE","TEST CLASS","TEST METHOD"
"","0","should retry on complete failure if specified","LightPush SDK","Wed Jul 16 23:59:57 GMT 2025","passed","Wed Jul 16 23:59:57 GMT 2025","","","",""
"","1","Mutual subscription","Waku Relay, Subscribe","Thu Jul 17 00:02:46 GMT 2025","passed","Thu Jul 17 00:02:46 GMT 2025","","","",""
"","0","should handle complete peer lifecycle","KeepAliveManager","Wed Jul 16 23:59:27 GMT 2025","passed","Wed Jul 16 23:59:27 GMT 2025","","integration","",""
"","4","Subscribe and receive messages on 2 different pubsubtopics","Waku Light Push (Autosharding): Multiple PubsubTopics","Thu Jul 17 00:01:27 GMT 2025","passed","Thu Jul 17 00:01:27 GMT 2025","","","",""
"","1","should handle peer store update failures gracefully","KeepAliveManager","Wed Jul 16 23:59:27 GMT 2025","passed","Wed Jul 16 23:59:27 GMT 2025","","ping timer management","",""
"","0","should prioritize bootstrap, then peer exchange, then local peers","ConnectionLimiter","Wed Jul 16 23:59:27 GMT 2025","passed","Wed Jul 16 23:59:27 GMT 2025","","dialPeersFromStore prioritization","",""
"","0","should mark all messages in causal history as acknowledged","MessageChannel","Thu Jul 17 00:00:11 GMT 2025","passed","Thu Jul 17 00:00:11 GMT 2025","","reviewing ack status","",""
"","0","Check received message containing JSON","Waku Filter: FilterPush: Multiple Nodes: Strict Checking: false","Thu Jul 17 00:05:21 GMT 2025","passed","Thu Jul 17 00:05:21 GMT 2025","","","",""
"","0","Push message with custom timestamp: 1752714048490","Waku Light Push: Multiple Nodes: Strict Check: true","Thu Jul 17 00:10:25 GMT 2025","passed","Thu Jul 17 00:10:25 GMT 2025","","","",""
"","1","Push message with content topic containing JSON","Waku Light Push: Multiple Nodes: Strict Check: true","Thu Jul 17 00:10:25 GMT 2025","passed","Thu Jul 17 00:10:25 GMT 2025","","","",""
"","0","should retry failed tasks","RetryManager","Wed Jul 16 23:59:55 GMT 2025","passed","Wed Jul 16 23:59:55 GMT 2025","","","",""
"","0","PeerStore has remote peer's shard info after successful connection","Metadata Protocol","Thu Jul 17 00:01:36 GMT 2025","passed","Thu Jul 17 00:01:36 GMT 2025","","","",""
"","2","should return PeerId when PeerId is provided","mapToPeerIdOrMultiaddr","Wed Jul 16 23:59:27 GMT 2025","passed","Wed Jul 16 23:59:27 GMT 2025","","","",""
"","1","Check publish message containing special chars","Waku Relay, Publish","Thu Jul 17 00:02:40 GMT 2025","passed","Thu Jul 17 00:02:40 GMT 2025","","","",""
"","0","Sign & Recover","Waku Encryption","Wed Jul 16 23:59:46 GMT 2025","passed","Wed Jul 16 23:59:46 GMT 2025","","","",""
"","0","Push message with JSON payload","Waku Light Push: Multiple Nodes: Strict Check: false","Thu Jul 17 00:10:25 GMT 2025","passed","Thu Jul 17 00:10:25 GMT 2025","","","",""
"","1","Query generator for multiple messages with multiple decoders","Waku Store, general","Thu Jul 17 00:04:44 GMT 2025","passed","Thu Jul 17 00:04:44 GMT 2025","","","",""
"","0","should remove event listener for peer:discovery","DiscoveryDialer","Wed Jul 16 23:59:26 GMT 2025","passed","Wed Jul 16 23:59:26 GMT 2025","","stop","",""
"","0","should support chaining for add method","TTLSet","Wed Jul 16 23:59:55 GMT 2025","passed","Wed Jul 16 23:59:55 GMT 2025","","","",""
"","1","Round trip binary serialization","Waku Message version 0","Wed Jul 16 23:59:28 GMT 2025","passed","Wed Jul 16 23:59:28 GMT 2025","","","",""
"","0","Push message with content topic containing Russian","Waku Light Push: Multiple Nodes: Strict Check: false","Thu Jul 17 00:10:25 GMT 2025","passed","Thu Jul 17 00:10:25 GMT 2025","","","",""
"","0","should handle case when globalThis is not available","NetworkMonitor","Wed Jul 16 23:59:26 GMT 2025","passed","Wed Jul 16 23:59:26 GMT 2025","","isConnected","",""
"","0","Relay - dialed first","Wait for remote peer","Thu Jul 17 00:04:58 GMT 2025","passed","Thu Jul 17 00:04:58 GMT 2025","","","",""
"","1","Subscribe to topic containing Script and publish message","Waku Relay, Subscribe","Thu Jul 17 00:02:46 GMT 2025","passed","Thu Jul 17 00:02:46 GMT 2025","","","",""
"","1","Subscribe to topic containing short and publish message","Waku Relay, Subscribe","Thu Jul 17 00:02:46 GMT 2025","passed","Thu Jul 17 00:02:46 GMT 2025","","","",""
"","0","should add to incoming buffer if dependencies are not met","MessageChannel","Thu Jul 17 00:00:11 GMT 2025","passed","Thu Jul 17 00:00:11 GMT 2025","","receiving a message","",""
"","0","Cluster ID 0 - Default/Global Cluster","Static Sharding: Running Nodes","Thu Jul 17 00:04:26 GMT 2025","passed","Thu Jul 17 00:04:26 GMT 2025","","","",""
"","1","Accepts a valid Waku Message","Message Validator","Thu Jul 17 00:00:00 GMT 2025","passed","Thu Jul 17 00:00:00 GMT 2025","","","",""
"","2","3 nodes on /waku/2/rs/7/1 topic","Waku Relay (Autosharding), multiple pubsub topics","Thu Jul 17 00:02:31 GMT 2025","passed","Thu Jul 17 00:02:31 GMT 2025","","","",""
"","0","Fields are not dropped","to proto message","Wed Jul 16 23:59:27 GMT 2025","passed","Wed Jul 16 23:59:27 GMT 2025","","","",""
"","3","px service nodes not subscribed to the shard should not be dialed","Autosharding: Peer Management","Thu Jul 17 00:03:46 GMT 2025","passed","Thu Jul 17 00:03:46 GMT 2025","","Peer Exchange","",""
"","1","should not create ping timers when pingKeepAlive = 0","KeepAliveManager","Wed Jul 16 23:59:27 GMT 2025","passed","Wed Jul 16 23:59:27 GMT 2025","","ping timer management","",""
"","0","Correctly serialized arguments","nwaku","Thu Jul 17 00:01:36 GMT 2025","passed","Thu Jul 17 00:01:36 GMT 2025","","","",""
"","0","Check publish message containing Chinese","Waku Relay, Publish","Thu Jul 17 00:02:40 GMT 2025","passed","Thu Jul 17 00:02:40 GMT 2025","","","",""
"","0","Push message with unicode special characters payload","Waku Light Push: Multiple Nodes: Strict Check: true","Thu Jul 17 00:10:25 GMT 2025","passed","Thu Jul 17 00:10:25 GMT 2025","","","",""
"","0","should unregister libp2p event listeners when stop is called","PeerManager","Wed Jul 16 23:59:57 GMT 2025","passed","Wed Jul 16 23:59:57 GMT 2025","","","",""
"","1","Check received message containing Script","Waku Filter: FilterPush: Multiple Nodes: Strict Checking: false","Thu Jul 17 00:05:21 GMT 2025","passed","Thu Jul 17 00:05:21 GMT 2025","","","",""
"","0","should hash ""Lorem ipsum dolor sit amet"" with n=2 and maxValue=100 correctly","hashN","Thu Jul 17 00:00:06 GMT 2025","passed","Thu Jul 17 00:00:06 GMT 2025","","","",""
"","1","Encoder throws on undefined content topic","Ensures content topic is defined","Wed Jul 16 23:59:28 GMT 2025","passed","Wed Jul 16 23:59:28 GMT 2025","","","",""
"","1","Subscribe and publish 10000 messages on the same topic","Waku Relay, Subscribe","Thu Jul 17 00:02:46 GMT 2025","passed","Thu Jul 17 00:02:46 GMT 2025","","","",""
"","0","should populate queue if has active dial","Dialer","Wed Jul 16 23:59:27 GMT 2025","passed","Wed Jul 16 23:59:27 GMT 2025","","dial","",""
"","0","throws on empty content topic","ensureValidContentTopic","Wed Jul 16 23:59:11 GMT 2025","passed","Wed Jul 16 23:59:11 GMT 2025","","","",""
"","0","should properly create location multiaddrs - udp4","ENR","Wed Jul 16 23:59:17 GMT 2025","passed","Wed Jul 16 23:59:17 GMT 2025","","Location multiaddr","",""
"","1","should correctly map /app/29/sometopic/someencoding to shard index 6","contentTopicToShardIndex","Wed Jul 16 23:59:11 GMT 2025","passed","Wed Jul 16 23:59:11 GMT 2025","","","",""
"","0","should correctly map a content topic to a pubsub topic for different network shard sizes","contentTopicToPubsubTopic","Wed Jul 16 23:59:11 GMT 2025","passed","Wed Jul 16 23:59:11 GMT 2025","","","",""
"","0","should return different streams if requested simultaniously","StreamManager","Wed Jul 16 23:59:27 GMT 2025","passed","Wed Jul 16 23:59:27 GMT 2025","","","",""
"","0","Push message with content topic containing escaped characters","Waku Light Push: Multiple Nodes: Strict Check: false","Thu Jul 17 00:10:25 GMT 2025","passed","Thu Jul 17 00:10:25 GMT 2025","","","",""
"","0","should hash ""!@#$%^&*()"" with n=1 and maxValue=10000 correctly","hashN","Thu Jul 17 00:00:06 GMT 2025","passed","Thu Jul 17 00:00:06 GMT 2025","","","",""
"","1","Generator, 2 nwaku nodes each with different pubsubtopics","Waku Store, custom pubsub topic","Thu Jul 17 00:04:29 GMT 2025","passed","Thu Jul 17 00:04:29 GMT 2025","","","",""
"","0","Subscribe to topic containing JSON and publish message","Waku Relay, Subscribe","Thu Jul 17 00:02:46 GMT 2025","passed","Thu Jul 17 00:02:46 GMT 2025","","","",""
"","1","should increase lamport timestamp","MessageChannel","Thu Jul 17 00:00:11 GMT 2025","passed","Thu Jul 17 00:00:11 GMT 2025","","sending a message ","",""
"","0","Refresh subscription","Waku Filter: Subscribe: Multiple Service Nodes: Strict Check mode: true","Thu Jul 17 00:08:44 GMT 2025","passed","Thu Jul 17 00:08:44 GMT 2025","","","",""
"","2","Push message with custom timestamp: 1721952048491","Waku Light Push: Multiple Nodes: Strict Check: false","Thu Jul 17 00:10:25 GMT 2025","passed","Thu Jul 17 00:10:25 GMT 2025","","","",""
"","1","Delete observer","Waku Relay","Thu Jul 17 00:02:16 GMT 2025","passed","Thu Jul 17 00:02:16 GMT 2025","","","",""
"","0","should not create multiple intervals when called multiple times","Dialer","Wed Jul 16 23:59:27 GMT 2025","passed","Wed Jul 16 23:59:27 GMT 2025","","start","",""
"","1","peerDiscovery without wakuPeerExchangeDiscovery","Peer Exchange","Thu Jul 17 00:02:51 GMT 2025","passed","Thu Jul 17 00:02:51 GMT 2025","","","",""
"","0","Passing a valid cursor at 0 index when there are 20 messages","Waku Store, cursor","Thu Jul 17 00:03:59 GMT 2025","passed","Thu Jul 17 00:03:59 GMT 2025","","","",""
"","0","Should fail to subscribe with decoder with wrong shard","Waku Filter: Subscribe: Multiple Service Nodes: Strict Check mode: true","Thu Jul 17 00:08:44 GMT 2025","passed","Thu Jul 17 00:08:44 GMT 2025","","","",""
"","0","Query with Ordered Callback, No message returned","Waku Store, error handling","Thu Jul 17 00:04:08 GMT 2025","passed","Thu Jul 17 00:04:08 GMT 2025","","","",""
"","1","Subscribe to topic containing Russian and receive message","Waku Filter: Subscribe: Multiple Service Nodes: Strict Check mode: false","Thu Jul 17 00:08:44 GMT 2025","passed","Thu Jul 17 00:08:44 GMT 2025","","","",""
"","0","should return true when peer is on the same network","ShardReader","Wed Jul 16 23:59:27 GMT 2025","passed","Wed Jul 16 23:59:27 GMT 2025","","isPeerOnNetwork","",""
"","0","Passing invalid cursor for nwaku > 0.35.1","Waku Store, cursor","Thu Jul 17 00:03:59 GMT 2025","skipped","Thu Jul 17 00:03:59 GMT 2025","","","",""
"","0","Push message with content topic containing long","Waku Light Push: Multiple Nodes: Strict Check: true","Thu Jul 17 00:10:25 GMT 2025","passed","Thu Jul 17 00:10:25 GMT 2025","","","",""
"","0","should create ShardReader with contentTopics network config","ShardReader","Wed Jul 16 23:59:27 GMT 2025","passed","Wed Jul 16 23:59:27 GMT 2025","","constructor","",""
"","0","groups content topics by expected pubsub topic","contentTopicsByPubsubTopic","Wed Jul 16 23:59:11 GMT 2025","passed","Wed Jul 16 23:59:11 GMT 2025","","","",""
"","4","should hash ""hello"" with n=1 and maxValue=100 correctly","hashN","Thu Jul 17 00:00:06 GMT 2025","passed","Thu Jul 17 00:00:06 GMT 2025","","","",""
"","2","Refresh subscription","Waku Relay, Subscribe","Thu Jul 17 00:02:46 GMT 2025","skipped","Thu Jul 17 00:02:46 GMT 2025","","","",""
"","0","Throws when trying to push message with empty payload","Waku Light Push: Multiple Nodes: Strict Check: true","Thu Jul 17 00:10:25 GMT 2025","passed","Thu Jul 17 00:10:25 GMT 2025","","","",""
"","2","should dial second nwaku node that was discovered","DiscoveryDialer","Thu Jul 17 00:00:27 GMT 2025","skipped","Thu Jul 17 00:00:27 GMT 2025","","","",""
"","0","Subscribe to topic containing Arabic and receive message","Waku Filter: Subscribe: Multiple Service Nodes: Strict Check mode: false","Thu Jul 17 00:08:44 GMT 2025","passed","Thu Jul 17 00:08:44 GMT 2025","","","",""
"","20","should return false when peer has no overlapping shards","ShardReader","Wed Jul 16 23:59:27 GMT 2025","passed","Wed Jul 16 23:59:27 GMT 2025","","isPeerOnNetwork","",""
"","1","A test","This","Thu Jul 17 00:01:27 GMT 2025","passed","Thu Jul 17 00:01:27 GMT 2025","","Is","",""
"","0","should properly start and stop event listening","HealthIndicator","Wed Jul 16 23:59:57 GMT 2025","passed","Wed Jul 16 23:59:57 GMT 2025","","","",""
"","0","should never report false negatives","BloomFilter","Thu Jul 17 00:00:08 GMT 2025","passed","Thu Jul 17 00:00:08 GMT 2025","","","",""
"","0","Check received message containing Chinese","Waku Filter: FilterPush: Multiple Nodes: Strict Checking: false","Thu Jul 17 00:05:21 GMT 2025","passed","Thu Jul 17 00:05:21 GMT 2025","","","",""
"","1","should not be empty after adding a subscription","Filter Subscription","Wed Jul 16 23:59:57 GMT 2025","passed","Wed Jul 16 23:59:57 GMT 2025","","","",""
"","0","Subscribe to topic containing escaped characters and receive message","Waku Filter: Subscribe: Multiple Service Nodes: Strict Check mode: false","Thu Jul 17 00:08:44 GMT 2025","passed","Thu Jul 17 00:08:44 GMT 2025","","","",""
"","1","Publish without waiting for remote peer","Waku Relay, Subscribe","Thu Jul 17 00:02:46 GMT 2025","passed","Thu Jul 17 00:02:46 GMT 2025","","","",""
"","0","should check connected peers if present and suitable","waitForRemotePeer","Wed Jul 16 23:59:57 GMT 2025","passed","Wed Jul 16 23:59:57 GMT 2025","","","",""
"","0","Push message with custom timestamp: 1752714048491","Waku Light Push: Multiple Nodes: Strict Check: false","Thu Jul 17 00:10:25 GMT 2025","passed","Thu Jul 17 00:10:25 GMT 2025","","","",""
"","0","should initialize with isNetworkConnected as false","NetworkMonitor","Wed Jul 16 23:59:26 GMT 2025","passed","Wed Jul 16 23:59:26 GMT 2025","","constructor","",""
"","1","should correctly map /app/22/sometopic/someencoding to shard index 2","contentTopicToShardIndex","Wed Jul 16 23:59:11 GMT 2025","passed","Wed Jul 16 23:59:11 GMT 2025","","","",""
"","1","Subscribe and publish message","Waku Relay, Subscribe","Thu Jul 17 00:02:46 GMT 2025","passed","Thu Jul 17 00:02:46 GMT 2025","","","",""
"","0","Error when try to subscribe to more than 101 topics (new limit)","Waku Filter: Subscribe: Multiple Service Nodes: Strict Check mode: false","Thu Jul 17 00:08:44 GMT 2025","passed","Thu Jul 17 00:08:44 GMT 2025","","","",""
"","1","configure the node with multiple pubsub topics","Static Sharding: Running Nodes","Thu Jul 17 00:04:26 GMT 2025","passed","Thu Jul 17 00:04:26 GMT 2025","","Others","",""
"","0","should remove CONNECTION_LOCKED_TAG from peer connections when unlocking","PeerManager","Wed Jul 16 23:59:57 GMT 2025","passed","Wed Jul 16 23:59:57 GMT 2025","","","",""
"","0","Query generator for 2000 messages","Waku Store, general","Thu Jul 17 00:04:44 GMT 2025","passed","Thu Jul 17 00:04:44 GMT 2025","","","",""
"","0","should not create timers for topics where peer is not in mesh","KeepAliveManager","Wed Jul 16 23:59:27 GMT 2025","passed","Wed Jul 16 23:59:27 GMT 2025","","relay timer management","",""
"","0","Passing a valid cursor at 19 index when there are 20 messages","Waku Store, cursor","Thu Jul 17 00:03:59 GMT 2025","passed","Thu Jul 17 00:03:59 GMT 2025","","","",""
"","1","Unsubscribe topics the node is not subscribed to","Waku Filter: Unsubscribe: Multiple Nodes: Strict Checking: false","Thu Jul 17 00:02:38 GMT 2025","passed","Thu Jul 17 00:02:38 GMT 2025","","","",""
"","1","should hash ""!@#$%^&*()"" with n=1 and maxValue=1000 correctly","hashN","Thu Jul 17 00:00:06 GMT 2025","passed","Thu Jul 17 00:00:06 GMT 2025","","","",""
"","0","should update peers in local storage on 'peer:identify' event","Local Storage Discovery","Wed Jul 16 23:59:39 GMT 2025","passed","Wed Jul 16 23:59:39 GMT 2025","","Unit Tests","",""
"","0","peer:update - should do nothing if another protocol hit","StreamManager","Wed Jul 16 23:59:27 GMT 2025","passed","Wed Jul 16 23:59:27 GMT 2025","","","",""
"","0","rejects content-filtered query with only pubsubTopic","StoreQueryRequest validation","Wed Jul 16 23:59:27 GMT 2025","passed","Wed Jul 16 23:59:27 GMT 2025","","","",""
"","0","should hash """" with n=1 and maxValue=1000 correctly","hashN","Thu Jul 17 00:00:06 GMT 2025","passed","Thu Jul 17 00:00:06 GMT 2025","","","",""
"","0","should select older connection if present","selectOpenConnection","Wed Jul 16 23:59:27 GMT 2025","passed","Wed Jul 16 23:59:27 GMT 2025","","","",""
"","3","rejects content-filtered query with only contentTopics","StoreQueryRequest validation","Wed Jul 16 23:59:27 GMT 2025","passed","Wed Jul 16 23:59:27 GMT 2025","","","",""
"","8","should return false when navigator.onLine is true but network is not connected","NetworkMonitor","Wed Jul 16 23:59:26 GMT 2025","passed","Wed Jul 16 23:59:26 GMT 2025","","isConnected","",""
"","1","should handle peer store errors gracefully","ConnectionLimiter","Wed Jul 16 23:59:27 GMT 2025","passed","Wed Jul 16 23:59:27 GMT 2025","","getPeer","",""
"","0","random auto sharding 8 - Cluster ID: 10, Content Topic: /app74/2/topic632/utf8","Autosharding: Running Nodes","Thu Jul 17 00:04:13 GMT 2025","passed","Thu Jul 17 00:04:13 GMT 2025","","","",""
"","0","Subscribe to topic containing Basic HTML tag and publish message","Waku Relay, Subscribe","Thu Jul 17 00:02:46 GMT 2025","passed","Thu Jul 17 00:02:46 GMT 2025","","","",""
"","0","should correctly map /0/statusim/1/community/cbor to shard index 4","contentTopicToShardIndex","Wed Jul 16 23:59:11 GMT 2025","passed","Wed Jul 16 23:59:11 GMT 2025","","","",""
"","2","Round trip binary encryption [symmetric, signature]","Symmetric Encryption","Wed Jul 16 23:59:45 GMT 2025","passed","Wed Jul 16 23:59:45 GMT 2025","","","",""
"","0","Promise Callback  - false","Waku Store, order","Thu Jul 17 00:04:35 GMT 2025","passed","Thu Jul 17 00:04:35 GMT 2025","","","",""
"","0","should emit a peer event after start","DNS Discovery: Compliance Test","Thu Jul 17 00:00:32 GMT 2025","passed","Thu Jul 17 00:00:32 GMT 2025","","interface-peer-discovery compliance tests","",""
"","1","should set field with only FILTER enabled","ENR","Wed Jul 16 23:59:17 GMT 2025","passed","Wed Jul 16 23:59:17 GMT 2025","","waku2 key round trip","",""
"","0","should return empty array when no peers connected","ConnectionManager","Wed Jul 16 23:59:27 GMT 2025","passed","Wed Jul 16 23:59:27 GMT 2025","","getConnectedPeers","",""
"","0","should correctly map /toychat/2/huilong/proto to shard index 3","contentTopicToShardIndex","Wed Jul 16 23:59:11 GMT 2025","passed","Wed Jul 16 23:59:11 GMT 2025","","","",""
"","1","should reject on timeout if it was set","waitForRemotePeer","Wed Jul 16 23:59:57 GMT 2025","passed","Wed Jul 16 23:59:57 GMT 2025","","","",""
"","2","ENRTree (branch): should error if DNS branch entry is mis-prefixed","ENRTree","Wed Jul 16 23:59:35 GMT 2025","passed","Wed Jul 16 23:59:35 GMT 2025","","","",""
"","0","should correctly encode and decode relay shards using rsv format (Bit Vector)","Relay Shard codec","Wed Jul 16 23:59:11 GMT 2025","passed","Wed Jul 16 23:59:11 GMT 2025","","","",""
"","0","Push message with Basic HTML tag payload","Waku Light Push: Multiple Nodes: Strict Check: false","Thu Jul 17 00:10:25 GMT 2025","passed","Thu Jul 17 00:10:25 GMT 2025","","","",""
"","6","should return available peers with correct protocol and pubsub topic","PeerManager","Wed Jul 16 23:59:57 GMT 2025","passed","Wed Jul 16 23:59:57 GMT 2025","","","",""
"","0","caches peers it previously fetched","DNS Node Discovery","Wed Jul 16 23:59:35 GMT 2025","passed","Wed Jul 16 23:59:35 GMT 2025","","","",""
"","0","Subscribe to topic containing unicode special characters and receive message","Waku Filter: Subscribe: Multiple Service Nodes: Strict Check mode: true","Thu Jul 17 00:08:44 GMT 2025","passed","Thu Jul 17 00:08:44 GMT 2025","","","",""
"","1","should not receive a peer event before start","Local Storage Discovery","Wed Jul 16 23:59:39 GMT 2025","passed","Wed Jul 16 23:59:39 GMT 2025","interface-peer-discovery compliance tests","Compliance Tests","",""
"","0","should throw an error for non-numeric clusterId: /waku/2/rs//1","pubsubTopicToSingleShardInfo with various invalid formats","Wed Jul 16 23:59:11 GMT 2025","passed","Wed Jul 16 23:59:11 GMT 2025","","","",""
"","0","Query generator for multiple messages with different content topic format","Waku Store, general","Thu Jul 17 00:04:44 GMT 2025","passed","Thu Jul 17 00:04:44 GMT 2025","","","",""
"","1","should convert content topics to PubsubTopics for autosharding","shardInfoToPubsubTopics","Wed Jul 16 23:59:11 GMT 2025","passed","Wed Jul 16 23:59:11 GMT 2025","","","",""
"","0","should be safe to call multiple times","KeepAliveManager","Wed Jul 16 23:59:27 GMT 2025","passed","Wed Jul 16 23:59:27 GMT 2025","","stop","",""
"","0","Light push messages to 2 nwaku nodes each with different pubsubtopics","Waku Light Push (Autosharding): Multiple PubsubTopics","Thu Jul 17 00:01:27 GMT 2025","passed","Thu Jul 17 00:01:27 GMT 2025","","","",""
"","0","connects to nwaku","Waku Dial [node only]","Thu Jul 17 00:04:51 GMT 2025","passed","Thu Jul 17 00:04:51 GMT 2025","","Interop: ServiceNode","",""
"","0","Subscribe to topic containing emoji and publish message","Waku Relay, Subscribe","Thu Jul 17 00:02:46 GMT 2025","passed","Thu Jul 17 00:02:46 GMT 2025","","","",""
"","1","should not retry if at least one success","LightPush SDK","Wed Jul 16 23:59:57 GMT 2025","passed","Wed Jul 16 23:59:57 GMT 2025","","","",""
"","0","should return valid sharding parameters for static sharding","ensureShardingConfigured","Wed Jul 16 23:59:11 GMT 2025","passed","Wed Jul 16 23:59:11 GMT 2025","","","",""
"","0","Timestamp too far from node time: -20000 ms from now","Waku Store, time filter","Thu Jul 17 00:04:53 GMT 2025","passed","Thu Jul 17 00:04:53 GMT 2025","","","",""
"","1","should be able to decode the field with ALL protocols set to true","ENR waku2 codec","Wed Jul 16 23:59:16 GMT 2025","passed","Wed Jul 16 23:59:16 GMT 2025","","Decoding","",""
"","0","Push message with content topic containing special chars","Waku Light Push: Multiple Nodes: Strict Check: true","Thu Jul 17 00:10:25 GMT 2025","passed","Thu Jul 17 00:10:25 GMT 2025","","","",""
"","0","Check message received after jswaku node is restarted","Waku Filter: FilterPush: Multiple Nodes: Strict Checking: false","Thu Jul 17 00:05:21 GMT 2025","passed","Thu Jul 17 00:05:21 GMT 2025","","","",""
"","0","groups multiple content topics into the same pubsub topic when they share the same shard index","contentTopicsByPubsubTopic","Wed Jul 16 23:59:11 GMT 2025","passed","Wed Jul 16 23:59:11 GMT 2025","","","",""
"","1","should correctly map /0/toychat/2/huilong/proto to shard index 3","contentTopicToShardIndex","Wed Jul 16 23:59:11 GMT 2025","passed","Wed Jul 16 23:59:11 GMT 2025","","","",""
"","0","Push message with XML payload","Waku Light Push: Multiple Nodes: Strict Check: false","Thu Jul 17 00:10:25 GMT 2025","passed","Thu Jul 17 00:10:25 GMT 2025","","","",""
"","0","Push message with custom timestamp: 1752706848490","Waku Light Push: Multiple Nodes: Strict Check: true","Thu Jul 17 00:10:25 GMT 2025","passed","Thu Jul 17 00:10:25 GMT 2025","","","",""
"","0","should do nothing if no non-locked connections to drop","ConnectionLimiter","Wed Jul 16 23:59:27 GMT 2025","passed","Wed Jul 16 23:59:27 GMT 2025","","maintainConnectionsCount","",""
"","1","should start connection monitor interval and dial on waku:connection if enableAutoRecovery is true","ConnectionLimiter","Wed Jul 16 23:59:27 GMT 2025","passed","Wed Jul 16 23:59:27 GMT 2025","","autoRecovery flag","",""
"","0","should be able to decode the field with RELAY and FILTER protocols set to true","ENR waku2 codec","Wed Jul 16 23:59:16 GMT 2025","passed","Wed Jul 16 23:59:16 GMT 2025","","Decoding","",""
"","0","should drop excess bootstrap peers if over maxBootstrapPeers","ConnectionLimiter","Wed Jul 16 23:59:27 GMT 2025","passed","Wed Jul 16 23:59:27 GMT 2025","","maintainBootstrapConnections","",""
"","0","Subscribe and receive ecies encrypted messages via lightPush","Waku Filter: Subscribe: Multiple Service Nodes: Strict Check mode: true","Thu Jul 17 00:08:44 GMT 2025","passed","Thu Jul 17 00:08:44 GMT 2025","","","",""
"","1","1 Store, 2 fetches","Fetch nodes until capabilities are fulfilled","Wed Jul 16 23:59:35 GMT 2025","passed","Wed Jul 16 23:59:35 GMT 2025","","","",""
"","0","should return the correct m/n for k = 7, targetError = 0.01","Probabilities","Thu Jul 17 00:00:06 GMT 2025","passed","Thu Jul 17 00:00:06 GMT 2025","","","",""
"","1","should continually clean up expired entries at intervals","TTLSet","Wed Jul 16 23:59:55 GMT 2025","passed","Wed Jul 16 23:59:55 GMT 2025","","","",""
"","0","Cluster ID 0 - Default/Global Cluster","Autosharding: Running Nodes","Thu Jul 17 00:04:13 GMT 2025","passed","Thu Jul 17 00:04:13 GMT 2025","","","",""
"","1","Subscribe to topic containing shell command and receive message","Waku Filter: Subscribe: Multiple Service Nodes: Strict Check mode: false","Thu Jul 17 00:08:44 GMT 2025","passed","Thu Jul 17 00:08:44 GMT 2025","","","",""
"","0","should start ping timers on peer connect","KeepAliveManager","Wed Jul 16 23:59:27 GMT 2025","passed","Wed Jul 16 23:59:27 GMT 2025","","peer connect event handling","",""
"","0","should hash ""hello"" with n=5 and maxValue=10000 correctly","hashN","Thu Jul 17 00:00:06 GMT 2025","passed","Thu Jul 17 00:00:06 GMT 2025","","","",""
"","8","should handle peer store errors gracefully","DiscoveryDialer","Wed Jul 16 23:59:26 GMT 2025","passed","Wed Jul 16 23:59:26 GMT 2025","","peer discovery handling","",""
"","1","returns nothing if no connections present","selectOpenConnection","Wed Jul 16 23:59:27 GMT 2025","passed","Wed Jul 16 23:59:27 GMT 2025","","","",""
"","1","random static sharding 1 - Cluster ID: 580, Shard ID: 212","Static Sharding: Running Nodes","Thu Jul 17 00:04:26 GMT 2025","passed","Thu Jul 17 00:04:26 GMT 2025","","","",""
"","0","Check meta is set [symmetric]","Symmetric Encryption","Wed Jul 16 23:59:45 GMT 2025","passed","Wed Jul 16 23:59:45 GMT 2025","","","",""
"","1","should hash ""test123"" with n=1 and maxValue=10000 correctly","hashN","Thu Jul 17 00:00:06 GMT 2025","passed","Thu Jul 17 00:00:06 GMT 2025","","","",""
"","1","Push message with content topic containing Russian","Waku Light Push: Multiple Nodes: Strict Check: true","Thu Jul 17 00:10:25 GMT 2025","passed","Thu Jul 17 00:10:25 GMT 2025","","","",""
"","1","should correctly map /app/20/sometopic/someencoding to shard index 0 with networkShards 1","contentTopicToShardIndex","Wed Jul 16 23:59:11 GMT 2025","passed","Wed Jul 16 23:59:11 GMT 2025","","","",""
"","0","Encoder throws on empty string content topic","Ensures content topic is defined","Wed Jul 16 23:59:47 GMT 2025","passed","Wed Jul 16 23:59:47 GMT 2025","","","",""
"","1","pre and post cipher","Waku Encryption","Wed Jul 16 23:59:46 GMT 2025","passed","Wed Jul 16 23:59:46 GMT 2025","","","",""
"","0","should handle general insertion and lookup correctly","BloomFilter with special patterns","Thu Jul 17 00:00:08 GMT 2025","passed","Thu Jul 17 00:00:08 GMT 2025","","","",""
"","0","Push message with content topic containing shell command","Waku Light Push: Multiple Nodes: Strict Check: true","Thu Jul 17 00:10:25 GMT 2025","passed","Thu Jul 17 00:10:25 GMT 2025","","","",""
"","0","Passing page size 19 when there are 20 messages","Waku Store, page size","Thu Jul 17 00:04:44 GMT 2025","passed","Thu Jul 17 00:04:44 GMT 2025","","","",""
"","0","Generator, 2 nwaku nodes each with different pubsubtopics","Waku Store (named sharding), custom pubsub topic","Thu Jul 17 00:04:29 GMT 2025","passed","Thu Jul 17 00:04:29 GMT 2025","","","",""
"","0","Check message on other pubsub topic is not received","Waku Filter: FilterPush: Multiple Nodes: Strict Checking: false","Thu Jul 17 00:05:21 GMT 2025","passed","Thu Jul 17 00:05:21 GMT 2025","","","",""
"","0","Push message equal or less that 1MB","Waku Light Push: Multiple Nodes: Strict Check: true","Thu Jul 17 00:10:25 GMT 2025","passed","Thu Jul 17 00:10:25 GMT 2025","","","",""
"","1","random auto sharding 7 - Cluster ID: 10, Content Topic: /app23/6/topic217/xml","Autosharding: Running Nodes","Thu Jul 17 00:04:13 GMT 2025","passed","Thu Jul 17 00:04:13 GMT 2025","","","",""
"","2","Check publish message containing Arabic","Waku Relay, Publish","Thu Jul 17 00:02:40 GMT 2025","passed","Thu Jul 17 00:02:40 GMT 2025","","","",""
"","3","should do nothing when connections still exist","ConnectionLimiter","Wed Jul 16 23:59:27 GMT 2025","passed","Wed Jul 16 23:59:27 GMT 2025","","onDisconnectedEvent","",""
"","0","can start the service","DNS Discovery: Compliance Test","Thu Jul 17 00:00:32 GMT 2025","passed","Thu Jul 17 00:00:32 GMT 2025","","interface-peer-discovery compliance tests","",""
"","0","Generator, custom pubsub topic","Waku Store (Autosharding), custom pubsub topic","Thu Jul 17 00:04:29 GMT 2025","skipped","Thu Jul 17 00:04:29 GMT 2025","","","",""
"","0","n1 and n2 uses a custom pubsub, n3 uses the default pubsub","Waku Relay (Autosharding), multiple pubsub topics","Thu Jul 17 00:02:31 GMT 2025","passed","Thu Jul 17 00:02:31 GMT 2025","","","",""
"","1","should enable only dns and peerExchange when localPeerCache is disabled","Default Peer Discoveries","Wed Jul 16 23:59:56 GMT 2025","passed","Wed Jul 16 23:59:56 GMT 2025","","","",""
"","0","should merge provided config with defaults","ConnectionManager","Wed Jul 16 23:59:27 GMT 2025","passed","Wed Jul 16 23:59:27 GMT 2025","","constructor","",""
"","1","Push message with content topic containing Arabic","Waku Light Push: Multiple Nodes: Strict Check: false","Thu Jul 17 00:10:25 GMT 2025","passed","Thu Jul 17 00:10:25 GMT 2025","","","",""
"","1","ENRTree (root): should parse and verify and DNS root entry","ENRTree","Wed Jul 16 23:59:35 GMT 2025","passed","Wed Jul 16 23:59:35 GMT 2025","","","",""
"","0","should return false when pubsub topic parsing fails","ShardReader","Wed Jul 16 23:59:27 GMT 2025","passed","Wed Jul 16 23:59:27 GMT 2025","","isPeerOnTopic","",""
"","0","Subscribe to topic containing XML and receive message","Waku Filter: Subscribe: Multiple Service Nodes: Strict Check mode: true","Thu Jul 17 00:08:44 GMT 2025","passed","Thu Jul 17 00:08:44 GMT 2025","","","",""
"","0","Push message with SQL Injection payload","Waku Light Push: Multiple Nodes: Strict Check: true","Thu Jul 17 00:10:25 GMT 2025","passed","Thu Jul 17 00:10:25 GMT 2025","","","",""
"","0","should handle corrupted shard info gracefully","ShardReader","Wed Jul 16 23:59:27 GMT 2025","passed","Wed Jul 16 23:59:27 GMT 2025","","error handling","",""
"","9","should add event listeners to libp2p","NetworkMonitor","Wed Jul 16 23:59:26 GMT 2025","passed","Wed Jul 16 23:59:26 GMT 2025","","start","",""
"","0","should return false when peer is not on the pubsub topic shard","ShardReader","Wed Jul 16 23:59:27 GMT 2025","passed","Wed Jul 16 23:59:27 GMT 2025","","isPeerOnTopic","",""
"","0","should use provided shard info when available","IWaku utils","Wed Jul 16 23:59:56 GMT 2025","passed","Wed Jul 16 23:59:56 GMT 2025","","decoderParamsToShardInfo","",""
"","0","Fails to push message bigger that 1MB","Waku Light Push: Multiple Nodes: Strict Check: true","Thu Jul 17 00:10:25 GMT 2025","passed","Thu Jul 17 00:10:25 GMT 2025","","","",""
"","2","peer exchange sets tag","Peer Exchange","Thu Jul 17 00:02:51 GMT 2025","passed","Thu Jul 17 00:02:51 GMT 2025","","","",""
"","0","should hash ""!@#$%^&*()"" with n=2 and maxValue=1000 correctly","hashN","Thu Jul 17 00:00:06 GMT 2025","passed","Thu Jul 17 00:00:06 GMT 2025","","","",""
"","0","should initialize with Unhealthy status","HealthIndicator","Wed Jul 16 23:59:57 GMT 2025","passed","Wed Jul 16 23:59:57 GMT 2025","","","",""
"","0","should dial with PeerId and return stream","ConnectionManager","Wed Jul 16 23:59:27 GMT 2025","passed","Wed Jul 16 23:59:27 GMT 2025","","dial","",""
"","0","messageHashStr returns a hex string","messageHash and messageHashStr","Wed Jul 16 23:59:27 GMT 2025","passed","Wed Jul 16 23:59:27 GMT 2025","","","",""
"","1","Push message with content topic containing Chinese","Waku Light Push: Multiple Nodes: Strict Check: true","Thu Jul 17 00:10:25 GMT 2025","passed","Thu Jul 17 00:10:25 GMT 2025","","","",""
"","1","Add multiple subscription objects on single nwaku node","Waku Filter: Subscribe: Multiple Service Nodes: Strict Check mode: false","Thu Jul 17 00:08:44 GMT 2025","passed","Thu Jul 17 00:08:44 GMT 2025","","","",""
"","0","should successfully stop","Filter SDK","Wed Jul 16 23:59:57 GMT 2025","passed","Wed Jul 16 23:59:57 GMT 2025","","","",""
"","1","Check publish message containing Script","Waku Relay, Publish","Thu Jul 17 00:02:40 GMT 2025","passed","Thu Jul 17 00:02:40 GMT 2025","","","",""
"","0","should start all internal components","ConnectionManager","Wed Jul 16 23:59:27 GMT 2025","passed","Wed Jul 16 23:59:27 GMT 2025","","start","",""
"","0","Callback on promise","Waku Store, general","Thu Jul 17 00:04:44 GMT 2025","passed","Thu Jul 17 00:04:44 GMT 2025","","","",""
"","1","Push message with content topic containing numeric","Waku Light Push: Multiple Nodes: Strict Check: true","Thu Jul 17 00:10:25 GMT 2025","passed","Thu Jul 17 00:10:25 GMT 2025","","","",""
"","1","should hash ""Lorem ipsum dolor sit amet"" with n=5 and maxValue=1000 correctly","hashN","Thu Jul 17 00:00:06 GMT 2025","passed","Thu Jul 17 00:00:06 GMT 2025","","","",""
"","0","Subscribe and receive messages via lightPush","Waku Filter: Subscribe: Multiple Service Nodes: Strict Check mode: true","Thu Jul 17 00:08:44 GMT 2025","passed","Thu Jul 17 00:08:44 GMT 2025","","","",""
"","0","should not retry if at least one success","RetryManager","Wed Jul 16 23:59:55 GMT 2025","passed","Wed Jul 16 23:59:55 GMT 2025","","","",""
"","0","Check publish message containing escaped characters","Waku Relay, Publish","Thu Jul 17 00:02:40 GMT 2025","passed","Thu Jul 17 00:02:40 GMT 2025","","","",""
"","0","configure the node with multiple content topics","Autosharding: Running Nodes","Thu Jul 17 00:04:13 GMT 2025","passed","Thu Jul 17 00:04:13 GMT 2025","","","",""
"","0","Push message with content topic containing special chars","Waku Light Push: Multiple Nodes: Strict Check: false","Thu Jul 17 00:10:25 GMT 2025","passed","Thu Jul 17 00:10:25 GMT 2025","","","",""
"","0","new peer added after a peer was already found","Peer Exchange","Thu Jul 17 00:02:51 GMT 2025","skipped","Thu Jul 17 00:02:51 GMT 2025","","","",""
"","1","should handle case when navigator is not available","NetworkMonitor","Wed Jul 16 23:59:26 GMT 2025","passed","Wed Jul 16 23:59:26 GMT 2025","","isConnected","",""
"","0","Check publish message containing long","Waku Relay, Publish","Thu Jul 17 00:02:40 GMT 2025","passed","Thu Jul 17 00:02:40 GMT 2025","","","",""
"","0","Subscribe to topic containing short and receive message","Waku Filter: Subscribe: Multiple Service Nodes: Strict Check mode: false","Thu Jul 17 00:08:44 GMT 2025","passed","Thu Jul 17 00:08:44 GMT 2025","","","",""
"","0","Check received message containing escaped characters","Waku Filter: FilterPush: Multiple Nodes: Strict Checking: false","Thu Jul 17 00:05:21 GMT 2025","passed","Thu Jul 17 00:05:21 GMT 2025","","","",""
"","0","should handle peerStore errors gracefully","ConnectionManager","Wed Jul 16 23:59:27 GMT 2025","passed","Wed Jul 16 23:59:27 GMT 2025","","getConnectedPeers","",""
"","0","recovers when dns.resolve returns empty","DNS Node Discovery","Wed Jul 16 23:59:35 GMT 2025","passed","Wed Jul 16 23:59:35 GMT 2025","","","",""
"","1","should return null for non-existent peer","ConnectionLimiter","Wed Jul 16 23:59:27 GMT 2025","passed","Wed Jul 16 23:59:27 GMT 2025","","getPeer","",""
"","0","should maintain proper timestamps if all messages received","MessageChannel","Thu Jul 17 00:00:11 GMT 2025","passed","Thu Jul 17 00:00:11 GMT 2025","","receiving a message","",""
"","1","Unsubscribe 1 topic - node subscribed to 2 topics","Waku Filter: Unsubscribe: Multiple Nodes: Strict Checking: true","Thu Jul 17 00:02:38 GMT 2025","passed","Thu Jul 17 00:02:38 GMT 2025","","","",""
"","0","Round trip binary encryption [ecies, signature]","Ecies Encryption","Wed Jul 16 23:59:47 GMT 2025","passed","Wed Jul 16 23:59:47 GMT 2025","","","",""
"","1","should dial peer when on same shard","Dialer","Wed Jul 16 23:59:27 GMT 2025","passed","Wed Jul 16 23:59:27 GMT 2025","","dial","",""
"","1","Passing a valid cursor at 2 index when there are 4 messages","Waku Store, cursor","Thu Jul 17 00:03:59 GMT 2025","passed","Thu Jul 17 00:03:59 GMT 2025","","","",""
"","0","handles different clusterIds correctly","contentTopicsByPubsubTopic","Wed Jul 16 23:59:11 GMT 2025","passed","Wed Jul 16 23:59:11 GMT 2025","","","",""
"","0","should create an instance with libp2p and dialer","DiscoveryDialer","Wed Jul 16 23:59:26 GMT 2025","passed","Wed Jul 16 23:59:26 GMT 2025","","constructor","",""
"","0","Push message with shell command payload","Waku Light Push: Multiple Nodes: Strict Check: true","Thu Jul 17 00:10:25 GMT 2025","passed","Thu Jul 17 00:10:25 GMT 2025","","","",""
"","0","should encodeTxt and decodeTxt","ENR","Wed Jul 16 23:59:17 GMT 2025","passed","Wed Jul 16 23:59:17 GMT 2025","","Txt codec","",""
"","0","should retrieve 3 multiaddrs for test.waku.nodes.status.im","DNS Node Discovery [live data]","Wed Jul 16 23:59:35 GMT 2025","skipped","Wed Jul 16 23:59:35 GMT 2025","","","",""
"","0","should throw an error for non-numeric shard: /waku/2/rs/1/y","pubsubTopicToSingleShardInfo with various invalid formats","Wed Jul 16 23:59:11 GMT 2025","passed","Wed Jul 16 23:59:11 GMT 2025","","","",""
"","0","Push message with XML payload","Waku Light Push: Multiple Nodes: Strict Check: true","Thu Jul 17 00:10:25 GMT 2025","passed","Thu Jul 17 00:10:25 GMT 2025","","","",""
"","0","should hash ""!@#$%^&*()"" with n=2 and maxValue=100 correctly","hashN","Thu Jul 17 00:00:06 GMT 2025","passed","Thu Jul 17 00:00:06 GMT 2025","","","",""
"","0","should decode valid enr successfully","ENR","Wed Jul 16 23:59:17 GMT 2025","passed","Wed Jul 16 23:59:17 GMT 2025","","Txt codec","",""
"","1","Unsubscribe 2 topics - node subscribed to 2 topics","Waku Filter: Unsubscribe: Multiple Nodes: Strict Checking: true","Thu Jul 17 00:02:38 GMT 2025","passed","Thu Jul 17 00:02:38 GMT 2025","","","",""
"","0","Throws when trying to push message with empty payload","Waku Light Push: Multiple Nodes: Strict Check: false","Thu Jul 17 00:10:25 GMT 2025","passed","Thu Jul 17 00:10:25 GMT 2025","","","",""
"","0","should return empty list for no shard","shardInfoToPubsubTopics","Wed Jul 16 23:59:11 GMT 2025","passed","Wed Jul 16 23:59:11 GMT 2025","","","",""
"","0","should hash ""Lorem ipsum dolor sit amet"" with n=2 and maxValue=1000 correctly","hashN","Thu Jul 17 00:00:06 GMT 2025","passed","Thu Jul 17 00:00:06 GMT 2025","","","",""
"","0","Add multiple subscription objects on single nwaku node","Waku Filter: Subscribe: Multiple Service Nodes: Strict Check mode: true","Thu Jul 17 00:08:44 GMT 2025","passed","Thu Jul 17 00:08:44 GMT 2025","","","",""
"","0","Subscribe and receive messages from 2 nwaku nodes each with different pubsubtopics","Waku Filter: Subscribe: Multiple Service Nodes: Strict Check mode: true","Thu Jul 17 00:08:44 GMT 2025","passed","Thu Jul 17 00:08:44 GMT 2025","","","",""
"","0","should successfully unsubscribe from an existing subscription","Filter SDK","Wed Jul 16 23:59:57 GMT 2025","passed","Wed Jul 16 23:59:57 GMT 2025","","","",""
"","0","should not fail to start the service if it is already started","DNS Discovery: Compliance Test","Thu Jul 17 00:00:32 GMT 2025","passed","Thu Jul 17 00:00:32 GMT 2025","","interface-peer-discovery compliance tests","",""
"","0","should add event listeners for peer connect and disconnect","KeepAliveManager","Wed Jul 16 23:59:27 GMT 2025","passed","Wed Jul 16 23:59:27 GMT 2025","","start","",""
"","0","should throw an error for non-numeric clusterId: /waku/2/rs/x/1","pubsubTopicToSingleShardInfo with various invalid formats","Wed Jul 16 23:59:11 GMT 2025","passed","Wed Jul 16 23:59:11 GMT 2025","","","",""
"","2","should dial peers from store on start","ConnectionLimiter","Wed Jul 16 23:59:27 GMT 2025","passed","Wed Jul 16 23:59:27 GMT 2025","","start","",""
"","0","Push message with content topic containing emoji","Waku Light Push: Multiple Nodes: Strict Check: true","Thu Jul 17 00:10:25 GMT 2025","passed","Thu Jul 17 00:10:25 GMT 2025","","","",""
"","1","should fall back to default pubsub topic when pubsubTopicShardInfo is not provided","determinePubsubTopic","Wed Jul 16 23:59:11 GMT 2025","passed","Wed Jul 16 23:59:11 GMT 2025","","","",""
"","0","should throw error - no public key","ENR","Wed Jul 16 23:59:17 GMT 2025","passed","Wed Jul 16 23:59:17 GMT 2025","","Txt codec","",""
"","0","Check message with no payload is not received","Waku Filter: FilterPush: Multiple Nodes: Strict Checking: false","Thu Jul 17 00:05:21 GMT 2025","passed","Thu Jul 17 00:05:21 GMT 2025","","","",""
"","0","should throw an error for non-numeric shard: /waku/2/rs/1/$","pubsubTopicToSingleShardInfo with various invalid formats","Wed Jul 16 23:59:11 GMT 2025","passed","Wed Jul 16 23:59:11 GMT 2025","","","",""
"","0","Publish message with large meta","Waku Relay, Publish","Thu Jul 17 00:02:40 GMT 2025","passed","Thu Jul 17 00:02:40 GMT 2025","","","",""
"","0","should dial all known peers when reached zero connections","Connection Limiter","Thu Jul 17 00:01:10 GMT 2025","passed","Thu Jul 17 00:01:10 GMT 2025","","","",""
"","4","Ordered callback, aborts when callback returns true","Waku Store, general","Thu Jul 17 00:04:44 GMT 2025","passed","Thu Jul 17 00:04:44 GMT 2025","","","",""
"","1","should handle dial errors gracefully","Dialer","Wed Jul 16 23:59:27 GMT 2025","passed","Wed Jul 16 23:59:27 GMT 2025","","dial","",""
"","1","Nodes with multiple pubsub topic","Waku Relay, multiple pubsub topics","Thu Jul 17 00:02:31 GMT 2025","passed","Thu Jul 17 00:02:31 GMT 2025","","","",""
"","0","should set field with only LIGHTPUSH enabled","ENR","Wed Jul 16 23:59:17 GMT 2025","passed","Wed Jul 16 23:59:17 GMT 2025","","waku2 key round trip","",""
"","1","should throw an error for non-numeric shard: /waku/2/rs/1/\","pubsubTopicToSingleShardInfo with various invalid formats","Wed Jul 16 23:59:11 GMT 2025","passed","Wed Jul 16 23:59:11 GMT 2025","","","",""
"","1","ENRTree (root): should error if DNS root entry signature is invalid","ENRTree","Wed Jul 16 23:59:35 GMT 2025","passed","Wed Jul 16 23:59:35 GMT 2025","","","",""
"","0","msgTime: -19000 ms from now, startTime: -18990, endTime: -19010","Waku Store, time filter","Thu Jul 17 00:04:53 GMT 2025","passed","Thu Jul 17 00:04:53 GMT 2025","","","",""
"","0","should filter out already connected peers","ConnectionLimiter","Wed Jul 16 23:59:27 GMT 2025","passed","Wed Jul 16 23:59:27 GMT 2025","","dialPeersFromStore","",""
"","0","should hash ""Lorem ipsum dolor sit amet"" with n=1 and maxValue=100 correctly","hashN","Thu Jul 17 00:00:06 GMT 2025","passed","Thu Jul 17 00:00:06 GMT 2025","","","",""
"","1","throws on content topic with too few or too many fields","ensureValidContentTopic","Wed Jul 16 23:59:11 GMT 2025","passed","Wed Jul 16 23:59:11 GMT 2025","","","",""
"","4","Passing page size 1 when there are 4 messages","Waku Store, page size","Thu Jul 17 00:04:44 GMT 2025","passed","Thu Jul 17 00:04:44 GMT 2025","","","",""
"","0","should not dial peers from store when browser is not connected","ConnectionLimiter","Wed Jul 16 23:59:27 GMT 2025","passed","Wed Jul 16 23:59:27 GMT 2025","","onWakuConnectionEvent","",""
"","2","should use network config clusterId when shard info clusterId is not provided","IWaku utils","Wed Jul 16 23:59:56 GMT 2025","passed","Wed Jul 16 23:59:56 GMT 2025","","decoderParamsToShardInfo","",""
"","1","Check received message containing Arabic","Waku Filter: FilterPush: Multiple Nodes: Strict Checking: false","Thu Jul 17 00:05:21 GMT 2025","passed","Thu Jul 17 00:05:21 GMT 2025","","","",""
"","0","msgTime: -19000 ms from now, startTime: -19000, endTime: -18000","Waku Store, time filter","Thu Jul 17 00:04:53 GMT 2025","passed","Thu Jul 17 00:04:53 GMT 2025","","","",""
"","1","Publish message with custom timestamp: Wed Jul 16 2025 23:02:32 GMT+0000 (Coordinated Universal Time)","Waku Relay, Publish","Thu Jul 17 00:02:40 GMT 2025","passed","Thu Jul 17 00:02:40 GMT 2025","","","",""
"","1","should reject if LightPush is requested but not mounted","waitForRemotePeer","Wed Jul 16 23:59:57 GMT 2025","passed","Wed Jul 16 23:59:57 GMT 2025","","","",""
"","2","Passing an array","Waku Dial [node only]","Thu Jul 17 00:04:51 GMT 2025","passed","Thu Jul 17 00:04:51 GMT 2025","","Bootstrap","",""
"","0","random auto sharding 10 - Cluster ID: 10, Content Topic: /app19/8/topic465/xml","Autosharding: Running Nodes","Thu Jul 17 00:04:13 GMT 2025","passed","Thu Jul 17 00:04:13 GMT 2025","","","",""
"","0","Ordered Callback - true","Waku Store, order","Thu Jul 17 00:04:35 GMT 2025","passed","Thu Jul 17 00:04:35 GMT 2025","","","",""
"","0","should set field with all protocols enabled","ENR","Wed Jul 16 23:59:17 GMT 2025","passed","Wed Jul 16 23:59:17 GMT 2025","","waku2 key round trip","",""
"","2","Subscribe to topic containing Arabic and publish message","Waku Relay, Subscribe","Thu Jul 17 00:02:46 GMT 2025","passed","Thu Jul 17 00:02:46 GMT 2025","","","",""
"","1","Push message with content topic containing unicode special characters","Waku Light Push: Multiple Nodes: Strict Check: true","Thu Jul 17 00:10:25 GMT 2025","passed","Thu Jul 17 00:10:25 GMT 2025","","","",""
"","1","should not be added to outgoing buffer, bloom filter, or local log","MessageChannel","Thu Jul 17 00:00:11 GMT 2025","passed","Thu Jul 17 00:00:11 GMT 2025","","Sync messages","",""
"","0","should correctly map /myapp/1/latest/proto to shard index 0","contentTopicToShardIndex","Wed Jul 16 23:59:11 GMT 2025","passed","Wed Jul 16 23:59:11 GMT 2025","","","",""
"","9","should requeue task if no peer is available","RetryManager","Wed Jul 16 23:59:55 GMT 2025","passed","Wed Jul 16 23:59:55 GMT 2025","","","",""
"","0","should throw an error for invalid PubsubTopic format: /waku/2/rs","pubsubTopicToSingleShardInfo with various invalid formats","Wed Jul 16 23:59:11 GMT 2025","passed","Wed Jul 16 23:59:11 GMT 2025","","","",""
"","0","Push message with escaped characters payload","Waku Light Push: Multiple Nodes: Strict Check: false","Thu Jul 17 00:10:25 GMT 2025","passed","Thu Jul 17 00:10:25 GMT 2025","","","",""
"","0","`waku:online` between 2 js-waku relay nodes","Connection state","Thu Jul 17 00:00:48 GMT 2025","passed","Thu Jul 17 00:00:48 GMT 2025","","","",""
"","6","should keep entries that haven't expired yet","TTLSet","Wed Jul 16 23:59:55 GMT 2025","passed","Wed Jul 16 23:59:55 GMT 2025","","","",""
"","0","should handle all zero keep alive options","KeepAliveManager","Wed Jul 16 23:59:27 GMT 2025","passed","Wed Jul 16 23:59:27 GMT 2025","","edge cases","",""
"","5","should add and check entries correctly","TTLSet","Wed Jul 16 23:59:55 GMT 2025","passed","Wed Jul 16 23:59:55 GMT 2025","","","",""
"","0","should properly compute the node id","ENR","Wed Jul 16 23:59:17 GMT 2025","passed","Wed Jul 16 23:59:17 GMT 2025","","Static tests","",""
"","0","should not receive a peer event after stop","Peer Exchange","Thu Jul 17 00:02:14 GMT 2025","passed","Thu Jul 17 00:02:14 GMT 2025","interface-peer-discovery compliance tests","Compliance Test","",""
"","0","should return PeerId when Multiaddr input is provided","mapToPeerId","Wed Jul 16 23:59:27 GMT 2025","passed","Wed Jul 16 23:59:27 GMT 2025","","","",""
"","0","A test","This","Thu Jul 17 00:01:27 GMT 2025","passed","Thu Jul 17 00:01:27 GMT 2025","","Is also","",""
"","1","Subscribe to topic containing numeric and publish message","Waku Relay, Subscribe","Thu Jul 17 00:02:46 GMT 2025","passed","Thu Jul 17 00:02:46 GMT 2025","","","",""
"","0","Check received message containing XML","Waku Filter: FilterPush: Multiple Nodes: Strict Checking: false","Thu Jul 17 00:05:21 GMT 2025","passed","Thu Jul 17 00:05:21 GMT 2025","","","",""
"","1","Unsubscribe topics the node is not subscribed to","Waku Filter: Unsubscribe: Multiple Nodes: Strict Checking: true","Thu Jul 17 00:02:38 GMT 2025","passed","Thu Jul 17 00:02:38 GMT 2025","","","",""
"","1","should process tasks in queue","RetryManager","Wed Jul 16 23:59:55 GMT 2025","passed","Wed Jul 16 23:59:55 GMT 2025","","","",""
"","0","should reject if Filter is requested but not mounted","waitForRemotePeer","Wed Jul 16 23:59:57 GMT 2025","passed","Wed Jul 16 23:59:57 GMT 2025","","","",""
"","0","Subscribe and receive symmetrically encrypted messages via lightPush","Waku Filter: Subscribe: Multiple Service Nodes: Strict Check mode: false","Thu Jul 17 00:08:44 GMT 2025","passed","Thu Jul 17 00:08:44 GMT 2025","","","",""
"","0","should dial more peers if under maxConnections","ConnectionLimiter","Wed Jul 16 23:59:27 GMT 2025","passed","Wed Jul 16 23:59:27 GMT 2025","","maintainConnectionsCount","",""
"","1","msgTime: -19000 ms from now, startTime: -19002, endTime: -19001","Waku Store, time filter","Thu Jul 17 00:04:53 GMT 2025","passed","Thu Jul 17 00:04:53 GMT 2025","","","",""
"","0","should only return 1 node with relay and store capability","DNS Node Discovery w/ capabilities","Wed Jul 16 23:59:35 GMT 2025","passed","Wed Jul 16 23:59:35 GMT 2025","","","",""
"","0","should fail to send if no connected peers found","LightPush SDK","Wed Jul 16 23:59:57 GMT 2025","passed","Wed Jul 16 23:59:57 GMT 2025","","","",""
"","0","it tolerates circular branch references","DNS Node Discovery","Wed Jul 16 23:59:35 GMT 2025","passed","Wed Jul 16 23:59:35 GMT 2025","","","",""
"","0","uses static shard pubsub topic instead of autosharding when set","Sets sharding configuration correctly","Wed Jul 16 23:59:28 GMT 2025","passed","Wed Jul 16 23:59:28 GMT 2025","","","",""
"","0","Subscribe to topic containing Chinese and receive message","Waku Filter: Subscribe: Multiple Service Nodes: Strict Check mode: true","Thu Jul 17 00:08:44 GMT 2025","passed","Thu Jul 17 00:08:44 GMT 2025","","","",""
"","0","Push message with special chars payload","Waku Light Push: Multiple Nodes: Strict Check: false","Thu Jul 17 00:10:25 GMT 2025","passed","Thu Jul 17 00:10:25 GMT 2025","","","",""
"","0","should hash ""test123"" with n=1 and maxValue=100 correctly","hashN","Thu Jul 17 00:00:06 GMT 2025","passed","Thu Jul 17 00:00:06 GMT 2025","","","",""
"","0","Check received message containing special chars","Waku Filter: FilterPush: Multiple Nodes: Strict Checking: false","Thu Jul 17 00:05:21 GMT 2025","passed","Thu Jul 17 00:05:21 GMT 2025","","","",""
"","0","should transition to Unhealthy when no connections","HealthIndicator","Wed Jul 16 23:59:57 GMT 2025","passed","Wed Jul 16 23:59:57 GMT 2025","","","",""
"","1","should return false when navigator.onLine is false","NetworkMonitor","Wed Jul 16 23:59:26 GMT 2025","passed","Wed Jul 16 23:59:26 GMT 2025","","isConnected","",""
"","0","Query Generator, Multiple PubsubTopics","Waku Store, error handling","Thu Jul 17 00:04:08 GMT 2025","passed","Thu Jul 17 00:04:08 GMT 2025","","","",""
"","0","Subscribe and receive symmetrically encrypted messages via lightPush","Waku Filter: Subscribe: Multiple Service Nodes: Strict Check mode: true","Thu Jul 17 00:08:44 GMT 2025","passed","Thu Jul 17 00:08:44 GMT 2025","","","",""
"","1","should return false","ENR","Wed Jul 16 23:59:17 GMT 2025","passed","Wed Jul 16 23:59:17 GMT 2025","","Verify","",""
"","1","does not throw on valid cases","ensureValidContentTopic","Wed Jul 16 23:59:11 GMT 2025","passed","Wed Jul 16 23:59:11 GMT 2025","","","",""
"","0","Relay + Store","ENR","Wed Jul 16 23:59:17 GMT 2025","passed","Wed Jul 16 23:59:17 GMT 2025","","Waku2 key: decode","",""
"","1","should not dial on waku:connection if enableAutoRecovery is false, but should dial on start","ConnectionLimiter","Wed Jul 16 23:59:27 GMT 2025","passed","Wed Jul 16 23:59:27 GMT 2025","","autoRecovery flag","",""
"","0","should drop connection to one peer on hangUp","Dialing","Thu Jul 17 00:01:54 GMT 2025","passed","Thu Jul 17 00:01:54 GMT 2025","","","",""
"","0","Passing a valid cursor at 10 index when there are 40 messages","Waku Store, cursor","Thu Jul 17 00:03:59 GMT 2025","passed","Thu Jul 17 00:03:59 GMT 2025","","","",""
"","0","Push 30 different messages","Waku Light Push: Multiple Nodes: Strict Check: false","Thu Jul 17 00:10:25 GMT 2025","skipped","Thu Jul 17 00:10:25 GMT 2025","","","",""
"","1","should return false when peer has no shard info","ShardReader","Wed Jul 16 23:59:27 GMT 2025","passed","Wed Jul 16 23:59:27 GMT 2025","","isPeerOnNetwork","",""
"","1","Subscribe to topic containing special chars and receive message","Waku Filter: Subscribe: Multiple Service Nodes: Strict Check mode: true","Thu Jul 17 00:08:44 GMT 2025","passed","Thu Jul 17 00:08:44 GMT 2025","","","",""
"","0","Timestamp too far from node time: 40000 ms from now","Waku Store, time filter","Thu Jul 17 00:04:53 GMT 2025","passed","Thu Jul 17 00:04:53 GMT 2025","","","",""
"","3","Subscribe to topic containing SQL Injection and publish message","Waku Relay, Subscribe","Thu Jul 17 00:02:46 GMT 2025","passed","Thu Jul 17 00:02:46 GMT 2025","","","",""
"","0","should be delivered immediately if received","MessageChannel","Thu Jul 17 00:00:11 GMT 2025","passed","Thu Jul 17 00:00:11 GMT 2025","","Ephemeral messages","",""
"","0","should be safe to call multiple times","ConnectionManager","Wed Jul 16 23:59:27 GMT 2025","passed","Wed Jul 16 23:59:27 GMT 2025","","start","",""
"","0","should not process empty queue","Dialer","Wed Jul 16 23:59:27 GMT 2025","passed","Wed Jul 16 23:59:27 GMT 2025","","queue processing","",""
"","0","should transition to SufficientlyHealthy with multiple compatible peers","HealthIndicator","Wed Jul 16 23:59:57 GMT 2025","passed","Wed Jul 16 23:59:57 GMT 2025","","","",""
"","0","should throw error - no id","ENR","Wed Jul 16 23:59:17 GMT 2025","passed","Wed Jul 16 23:59:17 GMT 2025","","Verify","",""
"","1","Check received message containing numeric","Waku Filter: FilterPush: Multiple Nodes: Strict Checking: false","Thu Jul 17 00:05:21 GMT 2025","passed","Thu Jul 17 00:05:21 GMT 2025","","","",""
"","0","Push message with content topic containing Basic HTML tag","Waku Light Push: Multiple Nodes: Strict Check: false","Thu Jul 17 00:10:25 GMT 2025","passed","Thu Jul 17 00:10:25 GMT 2025","","","",""
"","1","random auto sharding 1 - Cluster ID: 10, Content Topic: /app25/9/topic658/xml","Autosharding: Running Nodes","Thu Jul 17 00:04:13 GMT 2025","passed","Thu Jul 17 00:04:13 GMT 2025","","","",""
"","0","can query messages by message hash","Waku Store, message hash query","Thu Jul 17 00:04:15 GMT 2025","passed","Thu Jul 17 00:04:15 GMT 2025","","","",""
"","0","1 Relay, 1 fetch","Fetch nodes until capabilities are fulfilled","Wed Jul 16 23:59:35 GMT 2025","passed","Wed Jul 16 23:59:35 GMT 2025","","","",""
"","0","should lock peers when selected","PeerManager","Wed Jul 16 23:59:57 GMT 2025","passed","Wed Jul 16 23:59:57 GMT 2025","","","",""
"","3","Promise Callback  - true","Waku Store, order","Thu Jul 17 00:04:35 GMT 2025","passed","Thu Jul 17 00:04:35 GMT 2025","","","",""
"","1","Fails to publish message with empty text","Waku Relay, Publish","Thu Jul 17 00:02:40 GMT 2025","passed","Thu Jul 17 00:02:40 GMT 2025","","","",""
"","0","should throw if no connection provided","StreamManager","Wed Jul 16 23:59:27 GMT 2025","passed","Wed Jul 16 23:59:27 GMT 2025","","","",""
"","1","should hash ""hello"" with n=0 and maxValue=100 correctly","hashN","Thu Jul 17 00:00:06 GMT 2025","passed","Thu Jul 17 00:00:06 GMT 2025","","","",""
"","0","accepts valid content-filtered query","StoreQueryRequest validation","Wed Jul 16 23:59:27 GMT 2025","passed","Wed Jul 16 23:59:27 GMT 2025","","","",""
"","0","Push message with content topic containing SQL Injection","Waku Light Push: Multiple Nodes: Strict Check: true","Thu Jul 17 00:10:25 GMT 2025","passed","Thu Jul 17 00:10:25 GMT 2025","","","",""
"","0","Check received message containing shell command","Waku Filter: FilterPush: Multiple Nodes: Strict Checking: false","Thu Jul 17 00:05:21 GMT 2025","passed","Thu Jul 17 00:05:21 GMT 2025","","","",""
"","0","should allow redial after cooldown period","Dialer","Wed Jul 16 23:59:27 GMT 2025","passed","Wed Jul 16 23:59:27 GMT 2025","","dial","",""
"","0","peer:update - should not schedule stream creation IF protocol hit AND stream found on connection","StreamManager","Wed Jul 16 23:59:27 GMT 2025","passed","Wed Jul 16 23:59:27 GMT 2025","","","",""
"","0","should respect custom numPeersToUse configuration","PeerManager","Wed Jul 16 23:59:57 GMT 2025","passed","Wed Jul 16 23:59:57 GMT 2025","","","",""
"","0","accepts valid message hash query","StoreQueryRequest validation","Wed Jul 16 23:59:27 GMT 2025","passed","Wed Jul 16 23:59:27 GMT 2025","","","",""
"","1","Generator, custom pubsub topic","Waku Store (named sharding), custom pubsub topic","Thu Jul 17 00:04:29 GMT 2025","passed","Thu Jul 17 00:04:29 GMT 2025","","","",""
"","0","wrong wakuPeerExchangeDiscovery pubsub topic","Peer Exchange","Thu Jul 17 00:02:51 GMT 2025","skipped","Thu Jul 17 00:02:51 GMT 2025","","","",""
"","1","Query Generator, No message returned","Waku Store, error handling","Thu Jul 17 00:04:08 GMT 2025","passed","Thu Jul 17 00:04:08 GMT 2025","","","",""
"","0","handles empty shards array correctly","ensureShardingConfigured","Wed Jul 16 23:59:11 GMT 2025","passed","Wed Jul 16 23:59:11 GMT 2025","","","",""
"","0","Subscribe to topic containing SQL Injection and receive message","Waku Filter: Subscribe: Multiple Service Nodes: Strict Check mode: true","Thu Jul 17 00:08:44 GMT 2025","passed","Thu Jul 17 00:08:44 GMT 2025","","","",""
"","0","isConnected should return false after all peers disconnect","Connection state","Thu Jul 17 00:00:48 GMT 2025","passed","Thu Jul 17 00:00:48 GMT 2025","","","",""
"","1","should hash ""hello"" with n=2 and maxValue=100 correctly","hashN","Thu Jul 17 00:00:06 GMT 2025","passed","Thu Jul 17 00:00:06 GMT 2025","","","",""
"","0","Check publish message after client node is restarted","Waku Relay, Publish","Thu Jul 17 00:02:40 GMT 2025","skipped","Thu Jul 17 00:02:40 GMT 2025","","","",""
"","0","should throw an error for insufficient data","Relay Shard codec","Wed Jul 16 23:59:11 GMT 2025","passed","Wed Jul 16 23:59:11 GMT 2025","","","",""
"","2","all px service nodes subscribed to the shard topic should be dialed","Autosharding: Peer Management","Thu Jul 17 00:03:46 GMT 2025","passed","Thu Jul 17 00:03:46 GMT 2025","","Peer Exchange","",""
"","4","should not execute task if max attempts is 0","RetryManager","Wed Jul 16 23:59:55 GMT 2025","passed","Wed Jul 16 23:59:55 GMT 2025","","","",""
"","0","should perform ping and update peer store on timer","KeepAliveManager","Wed Jul 16 23:59:27 GMT 2025","passed","Wed Jul 16 23:59:27 GMT 2025","","ping timer management","",""
"","0","Subscribe to topic containing special chars and receive message","Waku Filter: Subscribe: Multiple Service Nodes: Strict Check mode: false","Thu Jul 17 00:08:44 GMT 2025","passed","Thu Jul 17 00:08:44 GMT 2025","","","",""
"","1","should return false when unsubscribing from a non-existing subscription","Filter SDK","Wed Jul 16 23:59:57 GMT 2025","passed","Wed Jul 16 23:59:57 GMT 2025","","","",""
"","0","should throw an error for non-numeric clusterId: /waku/2/rs/\/1","pubsubTopicToSingleShardInfo with various invalid formats","Wed Jul 16 23:59:11 GMT 2025","passed","Wed Jul 16 23:59:11 GMT 2025","","","",""
"","0","Push message with content topic containing unicode special characters","Waku Light Push: Multiple Nodes: Strict Check: false","Thu Jul 17 00:10:25 GMT 2025","passed","Thu Jul 17 00:10:25 GMT 2025","","","",""
"","0","messageHash returns a Uint8Array","messageHash and messageHashStr","Wed Jul 16 23:59:27 GMT 2025","passed","Wed Jul 16 23:59:27 GMT 2025","","","",""
"","0","Push message with Basic HTML tag payload","Waku Light Push: Multiple Nodes: Strict Check: true","Thu Jul 17 00:10:25 GMT 2025","passed","Thu Jul 17 00:10:25 GMT 2025","","","",""
"","0","Subscribe and receive messages on 2 different content topics","Waku Filter: Subscribe: Multiple Service Nodes: Strict Check mode: true","Thu Jul 17 00:08:44 GMT 2025","passed","Thu Jul 17 00:08:44 GMT 2025","","","",""
"","0","should hash ""hello"" with n=1 and maxValue=1000 correctly","hashN","Thu Jul 17 00:00:06 GMT 2025","passed","Thu Jul 17 00:00:06 GMT 2025","","","",""
"","0","should hang up with multiaddr and return true on success","ConnectionManager","Wed Jul 16 23:59:27 GMT 2025","passed","Wed Jul 16 23:59:27 GMT 2025","","hangUp","",""
"","0","Unsubscribe 1 topic - node subscribed to 2 topics","Waku Filter: Unsubscribe: Multiple Nodes: Strict Checking: false","Thu Jul 17 00:02:38 GMT 2025","passed","Thu Jul 17 00:02:38 GMT 2025","","","",""
"","0","should reject if Relay is requested but not mounted","waitForRemotePeer","Wed Jul 16 23:59:57 GMT 2025","passed","Wed Jul 16 23:59:57 GMT 2025","","","",""
"","0","should not return the same peer twice in consecutive getPeers calls without renew","PeerManager","Wed Jul 16 23:59:57 GMT 2025","passed","Wed Jul 16 23:59:57 GMT 2025","","","",""
"","1","should not discard bootstrap peers if under the limit","Connection Limiter","Thu Jul 17 00:01:10 GMT 2025","passed","Thu Jul 17 00:01:10 GMT 2025","","","",""
"","2","should not return locked peers if enough unlocked are available","PeerManager","Wed Jul 16 23:59:57 GMT 2025","passed","Wed Jul 16 23:59:57 GMT 2025","","","",""
"","0","should handle multiple peers with different shard configurations","Dialer","Wed Jul 16 23:59:27 GMT 2025","passed","Wed Jul 16 23:59:27 GMT 2025","","integration","",""
"","0","should not fail to stop the service if it was not started","Peer Exchange","Thu Jul 17 00:02:14 GMT 2025","passed","Thu Jul 17 00:02:14 GMT 2025","interface-peer-discovery compliance tests","Compliance Test","",""
"","0","should skip peer when not on same shard","Dialer","Wed Jul 16 23:59:27 GMT 2025","passed","Wed Jul 16 23:59:27 GMT 2025","","dial","",""
"","1","Push message with shell command payload","Waku Light Push: Multiple Nodes: Strict Check: false","Thu Jul 17 00:10:25 GMT 2025","passed","Thu Jul 17 00:10:25 GMT 2025","","","",""
"","1","Subscribe to 30 topics in separate streams (30 streams for Filter is limit) at once and receives messages","Waku Filter: Subscribe: Multiple Service Nodes: Strict Check mode: true","Thu Jul 17 00:08:44 GMT 2025","skipped","Thu Jul 17 00:08:44 GMT 2025","","","",""
"","1","should return usable stream attached to connection","StreamManager","Wed Jul 16 23:59:27 GMT 2025","passed","Wed Jul 16 23:59:27 GMT 2025","","","",""
"","19","should remove event listeners from globalThis","NetworkMonitor","Wed Jul 16 23:59:26 GMT 2025","passed","Wed Jul 16 23:59:26 GMT 2025","","stop","",""
"","0","should detect messages with missing dependencies","MessageChannel","Thu Jul 17 00:00:11 GMT 2025","passed","Thu Jul 17 00:00:11 GMT 2025","","Sweeping incoming buffer","",""
"","1","should remove event listeners","ConnectionLimiter","Wed Jul 16 23:59:27 GMT 2025","passed","Wed Jul 16 23:59:27 GMT 2025","","stop","",""
"","0","should hash ""!@#$%^&*()"" with n=0 and maxValue=1000 correctly","hashN","Thu Jul 17 00:00:06 GMT 2025","passed","Thu Jul 17 00:00:06 GMT 2025","","","",""
"","0","Waku message hash computation (no timestamp)","Message Hash: RFC Test Vectors","Wed Jul 16 23:59:27 GMT 2025","passed","Wed Jul 16 23:59:27 GMT 2025","","","",""
"","0","should transition to MinimallyHealthy with one compatible peer","HealthIndicator","Wed Jul 16 23:59:57 GMT 2025","passed","Wed Jul 16 23:59:57 GMT 2025","","","",""
"","2","Passing page size 3 when there are 20 messages","Waku Store, page size","Thu Jul 17 00:04:44 GMT 2025","passed","Thu Jul 17 00:04:44 GMT 2025","","","",""
"","0","should handle disconnect when peer has no timers","KeepAliveManager","Wed Jul 16 23:59:27 GMT 2025","passed","Wed Jul 16 23:59:27 GMT 2025","","timer cleanup","",""
"","0","should handle case with all peers already connected","ConnectionLimiter","Wed Jul 16 23:59:27 GMT 2025","passed","Wed Jul 16 23:59:27 GMT 2025","","dialPeersFromStore","",""
"","0","random auto sharding 2 - Cluster ID: 10, Content Topic: /app46/2/topic875/proto","Autosharding: Running Nodes","Thu Jul 17 00:04:13 GMT 2025","passed","Thu Jul 17 00:04:13 GMT 2025","","","",""
"","0","Check publish message containing unicode special characters","Waku Relay, Publish","Thu Jul 17 00:02:40 GMT 2025","passed","Thu Jul 17 00:02:40 GMT 2025","","","",""
"","0","should get / set UDP multiaddr","ENR","Wed Jul 16 23:59:17 GMT 2025","passed","Wed Jul 16 23:59:17 GMT 2025","","Multiaddr getters and setters","",""
"","0","should delegate to shardReader.isPeerOnTopic()","ConnectionManager","Wed Jul 16 23:59:27 GMT 2025","passed","Wed Jul 16 23:59:27 GMT 2025","","isPeerOnTopic","",""
"","1","Check meta is set [ecies]","Ecies Encryption","Wed Jul 16 23:59:47 GMT 2025","passed","Wed Jul 16 23:59:47 GMT 2025","","","",""
"","1","ENRTree (branch): should parse and verify a single component DNS branch entry","ENRTree","Wed Jul 16 23:59:35 GMT 2025","passed","Wed Jul 16 23:59:35 GMT 2025","","","",""
"","1","should update lamport timestamp if greater than current timestamp and dependencies are met","MessageChannel","Thu Jul 17 00:00:11 GMT 2025","passed","Thu Jul 17 00:00:11 GMT 2025","","receiving a message","",""
"","0","Fails to publish duplicate message","Waku Relay, Publish","Thu Jul 17 00:02:40 GMT 2025","passed","Thu Jul 17 00:02:40 GMT 2025","","","",""
"","0","Check received message containing emoji","Waku Filter: FilterPush: Multiple Nodes: Strict Checking: false","Thu Jul 17 00:05:21 GMT 2025","passed","Thu Jul 17 00:05:21 GMT 2025","","","",""
"","0","Subscribe to topic containing Basic HTML tag and receive message","Waku Filter: Subscribe: Multiple Service Nodes: Strict Check mode: true","Thu Jul 17 00:08:44 GMT 2025","passed","Thu Jul 17 00:08:44 GMT 2025","","","",""
"","0","should hash ""test123"" with n=2 and maxValue=100 correctly","hashN","Thu Jul 17 00:00:06 GMT 2025","passed","Thu Jul 17 00:00:06 GMT 2025","","","",""
"","0","should throw an error if shards are undefined for static sharding","shardInfoToPubsubTopics","Wed Jul 16 23:59:11 GMT 2025","passed","Wed Jul 16 23:59:11 GMT 2025","","","",""
"","1","accepts time-filtered query with content filter","StoreQueryRequest validation","Wed Jul 16 23:59:27 GMT 2025","passed","Wed Jul 16 23:59:27 GMT 2025","","","",""
"","0","should dial all remaining peers","ConnectionLimiter","Wed Jul 16 23:59:27 GMT 2025","passed","Wed Jul 16 23:59:27 GMT 2025","","dialPeersFromStore","",""
"","1","should hash ""test123"" with n=2 and maxValue=1000 correctly","hashN","Thu Jul 17 00:00:06 GMT 2025","passed","Thu Jul 17 00:00:06 GMT 2025","","","",""
"","1","Should update multiaddrs","Peer Exchange Continuous Discovery","Thu Jul 17 00:01:55 GMT 2025","passed","Thu Jul 17 00:01:55 GMT 2025","","","",""
"","0","Push message with unicode special characters payload","Waku Light Push: Multiple Nodes: Strict Check: false","Thu Jul 17 00:10:25 GMT 2025","passed","Thu Jul 17 00:10:25 GMT 2025","","","",""
"","0","should unlock peer and allow reuse after renewPeer","PeerManager","Wed Jul 16 23:59:57 GMT 2025","passed","Wed Jul 16 23:59:57 GMT 2025","","","",""
"","0","Check message received after old nwaku nodes are not available and new are created","Waku Filter: FilterPush: Multiple Nodes: Strict Checking: false","Thu Jul 17 00:05:21 GMT 2025","passed","Thu Jul 17 00:05:21 GMT 2025","","","",""
"","0","Subscribe to topic containing escaped characters and receive message","Waku Filter: Subscribe: Multiple Service Nodes: Strict Check mode: true","Thu Jul 17 00:08:44 GMT 2025","passed","Thu Jul 17 00:08:44 GMT 2025","","","",""
"","1","Encoder throws on empty string content topic","Ensures content topic is defined","Wed Jul 16 23:59:45 GMT 2025","passed","Wed Jul 16 23:59:45 GMT 2025","","","",""
"","0","Encoder throws on undefined content topic","Ensures content topic is defined","Wed Jul 16 23:59:47 GMT 2025","passed","Wed Jul 16 23:59:47 GMT 2025","","","",""
"","4","should return true when peer is on the specified shard","ShardReader","Wed Jul 16 23:59:27 GMT 2025","passed","Wed Jul 16 23:59:27 GMT 2025","","isPeerOnShard","",""
"","1","should hash ""!@#$%^&*()"" with n=5 and maxValue=10000 correctly","hashN","Thu Jul 17 00:00:06 GMT 2025","passed","Thu Jul 17 00:00:06 GMT 2025","","","",""
"","0","Rejects garbage","Message Validator","Thu Jul 17 00:00:00 GMT 2025","passed","Thu Jul 17 00:00:00 GMT 2025","","","",""
"","0","should increase lamport timestamp","MessageChannel","Thu Jul 17 00:00:11 GMT 2025","passed","Thu Jul 17 00:00:11 GMT 2025","","receiving a message","",""
"","0","Check received message containing long","Waku Filter: FilterPush: Multiple Nodes: Strict Checking: true","Thu Jul 17 00:05:21 GMT 2025","passed","Thu Jul 17 00:05:21 GMT 2025","","","",""
"","1","Round trip binary encryption [symmetric, no signature]","Symmetric Encryption","Wed Jul 16 23:59:45 GMT 2025","passed","Wed Jul 16 23:59:45 GMT 2025","","","",""
"","0","Subscribe to topic containing JSON and receive message","Waku Filter: Subscribe: Multiple Service Nodes: Strict Check mode: true","Thu Jul 17 00:08:44 GMT 2025","passed","Thu Jul 17 00:08:44 GMT 2025","","","",""
"","1","1 Relay, 1 Filter, gives up","Fetch nodes until capabilities are fulfilled","Wed Jul 16 23:59:35 GMT 2025","passed","Wed Jul 16 23:59:35 GMT 2025","","","",""
"","0","should calculate shard index from content topic when shard is not provided","IWaku utils","Wed Jul 16 23:59:56 GMT 2025","passed","Wed Jul 16 23:59:56 GMT 2025","","decoderParamsToShardInfo","",""
"","0","Callback on promise, aborts when callback returns true","Waku Store, general","Thu Jul 17 00:04:44 GMT 2025","passed","Thu Jul 17 00:04:44 GMT 2025","","","",""
"","0","should throw an error for SingleShardInfos with different clusterIds","singleShardInfosToShardInfo","Wed Jul 16 23:59:11 GMT 2025","passed","Wed Jul 16 23:59:11 GMT 2025","","","",""
"","0","Publish message with custom timestamp: Fri Jul 26 2024 00:02:32 GMT+0000 (Coordinated Universal Time)","Waku Relay, Publish","Thu Jul 17 00:02:40 GMT 2025","passed","Thu Jul 17 00:02:40 GMT 2025","","","",""
"","0","Query Generator  - false","Waku Store, order","Thu Jul 17 00:04:35 GMT 2025","passed","Thu Jul 17 00:04:35 GMT 2025","","","",""
"","0","Generator, 2 different pubsubtopics","Waku Store (named sharding), custom pubsub topic","Thu Jul 17 00:04:29 GMT 2025","passed","Thu Jul 17 00:04:29 GMT 2025","","","",""
"","1","Decoder throws on empty string content topic","Ensures content topic is defined","Wed Jul 16 23:59:45 GMT 2025","passed","Wed Jul 16 23:59:45 GMT 2025","","","",""
"","0","Subscribe to topic containing long and receive message","Waku Filter: Subscribe: Multiple Service Nodes: Strict Check mode: true","Thu Jul 17 00:08:44 GMT 2025","passed","Thu Jul 17 00:08:44 GMT 2025","","","",""
"","1","should be able to decode the field with only STORE set to true","ENR waku2 codec","Wed Jul 16 23:59:16 GMT 2025","passed","Wed Jul 16 23:59:16 GMT 2025","","Decoding","",""
"","0","Check publish message containing XML","Waku Relay, Publish","Thu Jul 17 00:02:40 GMT 2025","passed","Thu Jul 17 00:02:40 GMT 2025","","","",""
"","0","should retrieve 3 multiaddrs for test.waku.nodes.status.im","DNS Node Discovery [live data]","Thu Jul 17 00:00:32 GMT 2025","skipped","Thu Jul 17 00:00:32 GMT 2025","","","",""
"","0","should hash ""Lorem ipsum dolor sit amet"" with n=0 and maxValue=100 correctly","hashN","Thu Jul 17 00:00:06 GMT 2025","passed","Thu Jul 17 00:00:06 GMT 2025","","","",""
"","0","Subscribe one by one to 100 topics and publish messages","Waku Relay, Subscribe","Thu Jul 17 00:02:46 GMT 2025","passed","Thu Jul 17 00:02:46 GMT 2025","","","",""
"","0","should correctly map /app/20/sometopic/someencoding to shard index 7","contentTopicToShardIndex","Wed Jul 16 23:59:11 GMT 2025","passed","Wed Jul 16 23:59:11 GMT 2025","","","",""
"","1","should be able to encode the field with only FILTER set to true","ENR waku2 codec","Wed Jul 16 23:59:16 GMT 2025","passed","Wed Jul 16 23:59:16 GMT 2025","","Encoding","",""
"","1","Subscribe to topic containing long and receive message","Waku Filter: Subscribe: Multiple Service Nodes: Strict Check mode: false","Thu Jul 17 00:08:44 GMT 2025","passed","Thu Jul 17 00:08:44 GMT 2025","","","",""
"","1","Subscribe and publish messages on 2 different content topics","Waku Relay, Subscribe","Thu Jul 17 00:02:46 GMT 2025","passed","Thu Jul 17 00:02:46 GMT 2025","","","",""
"","0","should merge peer addresses if peer exists with different addresses","DiscoveryDialer","Wed Jul 16 23:59:26 GMT 2025","passed","Wed Jul 16 23:59:26 GMT 2025","","updatePeerStore","",""
"","1","Push message equal or less that 1MB","Waku Light Push: Multiple Nodes: Strict Check: false","Thu Jul 17 00:10:25 GMT 2025","passed","Thu Jul 17 00:10:25 GMT 2025","","","",""
"","0","non connected peers","Peer Exchange Query","Thu Jul 17 00:02:15 GMT 2025","skipped","Thu Jul 17 00:02:15 GMT 2025","","","",""
"","1","3 nodes on /waku/2/rs/3/2 topic","Waku Relay, multiple pubsub topics","Thu Jul 17 00:02:31 GMT 2025","passed","Thu Jul 17 00:02:31 GMT 2025","","","",""
"","0","should not allow unachievable error rate","Probabilities","Thu Jul 17 00:00:06 GMT 2025","passed","Thu Jul 17 00:00:06 GMT 2025","","","",""
"","6","should register libp2p event listeners when start is called","PeerManager","Wed Jul 16 23:59:57 GMT 2025","passed","Wed Jul 16 23:59:57 GMT 2025","","","",""
"","3","isConnected return false after peer stops","Connection state","Thu Jul 17 00:00:48 GMT 2025","passed","Thu Jul 17 00:00:48 GMT 2025","","","",""
"","0","should create ConnectionManager with required options","ConnectionManager","Wed Jul 16 23:59:27 GMT 2025","passed","Wed Jul 16 23:59:27 GMT 2025","","constructor","",""
"","1","should handle corrupted local storage data gracefully","Local Storage Discovery","Wed Jul 16 23:59:39 GMT 2025","passed","Wed Jul 16 23:59:39 GMT 2025","","Unit Tests","",""
"","0","should be safe to call multiple times","ConnectionLimiter","Wed Jul 16 23:59:27 GMT 2025","passed","Wed Jul 16 23:59:27 GMT 2025","","start","",""
"","0","should dispatch network event when browser goes offline","NetworkMonitor","Wed Jul 16 23:59:26 GMT 2025","passed","Wed Jul 16 23:59:26 GMT 2025","","browser online/offline events","",""
"","0","Push message with Arabic payload","Waku Light Push: Multiple Nodes: Strict Check: false","Thu Jul 17 00:10:25 GMT 2025","passed","Thu Jul 17 00:10:25 GMT 2025","","","",""
"","1","Push message with SQL Injection payload","Waku Light Push: Multiple Nodes: Strict Check: false","Thu Jul 17 00:10:25 GMT 2025","passed","Thu Jul 17 00:10:25 GMT 2025","","","",""
"","1","Check received message containing Basic HTML tag","Waku Filter: FilterPush: Multiple Nodes: Strict Checking: false","Thu Jul 17 00:05:21 GMT 2025","passed","Thu Jul 17 00:05:21 GMT 2025","","","",""
"","0","should handle peer not in mesh for all topics","KeepAliveManager","Wed Jul 16 23:59:27 GMT 2025","passed","Wed Jul 16 23:59:27 GMT 2025","","edge cases","",""
"","0","Push message with custom timestamp: 1752706848491","Waku Light Push: Multiple Nodes: Strict Check: false","Thu Jul 17 00:10:25 GMT 2025","passed","Thu Jul 17 00:10:25 GMT 2025","","","",""
"","1","Does not throw an exception when node disconnects","Waku Dial [node only]","Thu Jul 17 00:04:51 GMT 2025","passed","Thu Jul 17 00:04:51 GMT 2025","","Interop: ServiceNode","",""
"","0","should hash ""test123"" with n=0 and maxValue=10000 correctly","hashN","Thu Jul 17 00:00:06 GMT 2025","passed","Thu Jul 17 00:00:06 GMT 2025","","","",""
"","0","should properly clean up resources when disposed","TTLSet","Wed Jul 16 23:59:55 GMT 2025","passed","Wed Jul 16 23:59:55 GMT 2025","","","",""
"","0","Relay - times out","Wait for remote peer","Thu Jul 17 00:04:58 GMT 2025","passed","Thu Jul 17 00:04:58 GMT 2025","","","",""
"","0","Query generator for multiple messages with different message text format","Waku Store, general","Thu Jul 17 00:04:44 GMT 2025","passed","Thu Jul 17 00:04:44 GMT 2025","","","",""
"","0","should handle clusterId, application and version for autosharding with cluster iD 0","shardInfoToPubsubTopics","Wed Jul 16 23:59:11 GMT 2025","passed","Wed Jul 16 23:59:11 GMT 2025","","","",""
"","0","should throw an error for non-numeric clusterId: /waku/2/rs/!/1","pubsubTopicToSingleShardInfo with various invalid formats","Wed Jul 16 23:59:11 GMT 2025","passed","Wed Jul 16 23:59:11 GMT 2025","","","",""
"","0","Check publish message containing Russian","Waku Relay, Publish","Thu Jul 17 00:02:40 GMT 2025","passed","Thu Jul 17 00:02:40 GMT 2025","","","",""
"","0","should not receive a peer event before start","Peer Exchange","Thu Jul 17 00:02:14 GMT 2025","passed","Thu Jul 17 00:02:14 GMT 2025","interface-peer-discovery compliance tests","Compliance Test","",""
"","0","Subscribe and receive messages via waku relay post","Waku Filter: Subscribe: Multiple Service Nodes: Strict Check mode: true","Thu Jul 17 00:08:44 GMT 2025","passed","Thu Jul 17 00:08:44 GMT 2025","","","",""
"","0","should not fail to stop the service if it was not started","Local Storage Discovery","Wed Jul 16 23:59:39 GMT 2025","passed","Wed Jul 16 23:59:39 GMT 2025","interface-peer-discovery compliance tests","Compliance Tests","",""
"","0","Push message with numeric payload","Waku Light Push: Multiple Nodes: Strict Check: true","Thu Jul 17 00:10:25 GMT 2025","passed","Thu Jul 17 00:10:25 GMT 2025","","","",""
"","1","random static sharding 7 - Cluster ID: 477, Shard ID: 366","Static Sharding: Running Nodes","Thu Jul 17 00:04:26 GMT 2025","passed","Thu Jul 17 00:04:26 GMT 2025","","","",""
"","1","random static sharding 2 - Cluster ID: 311, Shard ID: 740","Static Sharding: Running Nodes","Thu Jul 17 00:04:26 GMT 2025","passed","Thu Jul 17 00:04:26 GMT 2025","","","",""
"","1","nwaku subscribes","Waku Relay, Interop","Thu Jul 17 00:02:28 GMT 2025","passed","Thu Jul 17 00:02:28 GMT 2025","","","",""
"","1","ENRTree (root): should error if DNS root entry is mis-prefixed","ENRTree","Wed Jul 16 23:59:35 GMT 2025","passed","Wed Jul 16 23:59:35 GMT 2025","","","",""
"","0","should hash """" with n=2 and maxValue=100 correctly","hashN","Thu Jul 17 00:00:06 GMT 2025","passed","Thu Jul 17 00:00:06 GMT 2025","","","",""
"","0","should be able to decode the field with only FILTER set to true","ENR waku2 codec","Wed Jul 16 23:59:16 GMT 2025","passed","Wed Jul 16 23:59:16 GMT 2025","","Decoding","",""
"","0","1 Store, 2 relays, 2 fetches","Fetch nodes until capabilities are fulfilled","Wed Jul 16 23:59:35 GMT 2025","passed","Wed Jul 16 23:59:35 GMT 2025","","","",""
"","0","should attach causal history and bloom filter to each message","MessageChannel","Thu Jul 17 00:00:11 GMT 2025","passed","Thu Jul 17 00:00:11 GMT 2025","","sending a message ","",""
"","0","Query Generator sorting by timestamp while page direction is true","Waku Store, sorting","Thu Jul 17 00:04:42 GMT 2025","passed","Thu Jul 17 00:04:42 GMT 2025","","","",""
"","0","should be safe to call multiple times","ConnectionManager","Wed Jul 16 23:59:27 GMT 2025","passed","Wed Jul 16 23:59:27 GMT 2025","","stop","",""
"","0","Subscribe to topic containing Script and receive message","Waku Filter: Subscribe: Multiple Service Nodes: Strict Check mode: true","Thu Jul 17 00:08:44 GMT 2025","passed","Thu Jul 17 00:08:44 GMT 2025","","","",""
"","1","should handle queue processing errors gracefully","Dialer","Wed Jul 16 23:59:27 GMT 2025","passed","Wed Jul 16 23:59:27 GMT 2025","","queue processing","",""
"","0","Subscribe to topic containing numeric and receive message","Waku Filter: Subscribe: Multiple Service Nodes: Strict Check mode: false","Thu Jul 17 00:08:44 GMT 2025","passed","Thu Jul 17 00:08:44 GMT 2025","","","",""
"","1","udp ip6 address","Multiaddr from fields","Wed Jul 16 23:59:16 GMT 2025","passed","Wed Jul 16 23:59:16 GMT 2025","","","",""
"","0","Encoder throws on undefined content topic","Ensures content topic is defined","Wed Jul 16 23:59:45 GMT 2025","passed","Wed Jul 16 23:59:45 GMT 2025","","","",""
"","0","should deliver messages after dependencies are met","MessageChannel","Thu Jul 17 00:00:11 GMT 2025","passed","Thu Jul 17 00:00:11 GMT 2025","","Sweeping incoming buffer","",""
"","1","should hash ""hello"" with n=0 and maxValue=10000 correctly","hashN","Thu Jul 17 00:00:06 GMT 2025","passed","Thu Jul 17 00:00:06 GMT 2025","","","",""
"","0","shard 0","Static Sharding: Running Nodes","Thu Jul 17 00:04:26 GMT 2025","passed","Thu Jul 17 00:04:26 GMT 2025","","","",""
"","1","Check message with invalid timestamp is not received","Waku Filter: FilterPush: Multiple Nodes: Strict Checking: false","Thu Jul 17 00:05:21 GMT 2025","passed","Thu Jul 17 00:05:21 GMT 2025","","","",""
"","0","Wrong topic","Autosharding: Running Nodes","Thu Jul 17 00:04:13 GMT 2025","passed","Thu Jul 17 00:04:13 GMT 2025","","","",""
"","0","should filter peers by codec","ConnectionManager","Wed Jul 16 23:59:27 GMT 2025","passed","Wed Jul 16 23:59:27 GMT 2025","","getConnectedPeers","",""
"","1","should enable only peerExchange and localPeerCache when dns is disabled","Default Peer Discoveries","Wed Jul 16 23:59:56 GMT 2025","passed","Wed Jul 16 23:59:56 GMT 2025","","","",""
"","0","ENRTree (tree): should parse a DNS tree entry","ENRTree","Wed Jul 16 23:59:35 GMT 2025","passed","Wed Jul 16 23:59:35 GMT 2025","","","",""
"","0","Symmetric encrypt & Decrypt","Waku Encryption","Wed Jul 16 23:59:46 GMT 2025","passed","Wed Jul 16 23:59:46 GMT 2025","","","",""
"","1","should maintain desired error rate","BloomFilter","Thu Jul 17 00:00:08 GMT 2025","passed","Thu Jul 17 00:00:08 GMT 2025","","","",""
"","0","same cluster, same shard: nodes connect","Metadata Protocol","Thu Jul 17 00:01:36 GMT 2025","passed","Thu Jul 17 00:01:36 GMT 2025","","connections","",""
"","0","should return true when peer is on the pubsub topic shard","ShardReader","Wed Jul 16 23:59:27 GMT 2025","passed","Wed Jul 16 23:59:27 GMT 2025","","isPeerOnTopic","",""
"","1","Push message with content topic containing shell command","Waku Light Push: Multiple Nodes: Strict Check: false","Thu Jul 17 00:10:25 GMT 2025","passed","Thu Jul 17 00:10:25 GMT 2025","","","",""
"","0","Generator, 2 nwaku nodes each with different pubsubtopics","Waku Store (Autosharding), custom pubsub topic","Thu Jul 17 00:04:29 GMT 2025","skipped","Thu Jul 17 00:04:29 GMT 2025","","","",""
"","5","Default pageSize","Waku Store, page size","Thu Jul 17 00:04:44 GMT 2025","passed","Thu Jul 17 00:04:44 GMT 2025","","","",""
"","1","Check publish message containing SQL Injection","Waku Relay, Publish","Thu Jul 17 00:02:40 GMT 2025","passed","Thu Jul 17 00:02:40 GMT 2025","","","",""
"","0","handles different networkShards values correctly","contentTopicsByPubsubTopic","Wed Jul 16 23:59:11 GMT 2025","passed","Wed Jul 16 23:59:11 GMT 2025","","","",""
"","0","should hash ""test123"" with n=2 and maxValue=10000 correctly","hashN","Thu Jul 17 00:00:06 GMT 2025","passed","Thu Jul 17 00:00:06 GMT 2025","","","",""
"","0","Subscribe to 100 topics (new limit) at once and receives messages","Waku Filter: Subscribe: Multiple Service Nodes: Strict Check mode: false","Thu Jul 17 00:08:44 GMT 2025","passed","Thu Jul 17 00:08:44 GMT 2025","","","",""
"","0","should add event listeners for waku:connection and peer:disconnect","ConnectionLimiter","Wed Jul 16 23:59:27 GMT 2025","passed","Wed Jul 16 23:59:27 GMT 2025","","start","",""
"","1","should return the correct m/n for k = 2, targetError = 0.1","Probabilities","Thu Jul 17 00:00:06 GMT 2025","passed","Thu Jul 17 00:00:06 GMT 2025","","","",""
"","0","should handle ping failures gracefully","KeepAliveManager","Wed Jul 16 23:59:27 GMT 2025","passed","Wed Jul 16 23:59:27 GMT 2025","","ping timer management","",""
"","0","should return false when peer is not on topic","ConnectionManager","Wed Jul 16 23:59:27 GMT 2025","passed","Wed Jul 16 23:59:27 GMT 2025","","isPeerOnTopic","",""
"","0","rejects hash query with content filter parameters","StoreQueryRequest validation","Wed Jul 16 23:59:27 GMT 2025","passed","Wed Jul 16 23:59:27 GMT 2025","","","",""
"","0","should throw an error for invalid PubsubTopic format: /waku/2/r/1/2","pubsubTopicToSingleShardInfo with various invalid formats","Wed Jul 16 23:59:11 GMT 2025","passed","Wed Jul 16 23:59:11 GMT 2025","","","",""
"","0","should hash ""!@#$%^&*()"" with n=1 and maxValue=100 correctly","hashN","Thu Jul 17 00:00:06 GMT 2025","passed","Thu Jul 17 00:00:06 GMT 2025","","","",""
"","0","should throw an error for non-numeric shard: /waku/2/rs/1/-","pubsubTopicToSingleShardInfo with various invalid formats","Wed Jul 16 23:59:11 GMT 2025","passed","Wed Jul 16 23:59:11 GMT 2025","","","",""
"","1","should not create relay timers when relayKeepAlive = 0","KeepAliveManager","Wed Jul 16 23:59:27 GMT 2025","passed","Wed Jul 16 23:59:27 GMT 2025","","relay timer management","",""
"","0","random static sharding 3 - Cluster ID: 880, Shard ID: 37","Static Sharding: Running Nodes","Thu Jul 17 00:04:26 GMT 2025","passed","Thu Jul 17 00:04:26 GMT 2025","","","",""
"","0","should create relay timers when relay exists and relayKeepAlive > 0","KeepAliveManager","Wed Jul 16 23:59:27 GMT 2025","passed","Wed Jul 16 23:59:27 GMT 2025","","relay timer management","",""
"","0","should dial one peer on dial","Dialing","Thu Jul 17 00:01:54 GMT 2025","passed","Thu Jul 17 00:01:54 GMT 2025","","","",""
"","12","should create NetworkMonitor with libp2p and events","NetworkMonitor","Wed Jul 16 23:59:26 GMT 2025","passed","Wed Jul 16 23:59:26 GMT 2025","","constructor","",""
"","0","Push message with custom timestamp: 1721952048490","Waku Light Push: Multiple Nodes: Strict Check: true","Thu Jul 17 00:10:25 GMT 2025","passed","Thu Jul 17 00:10:25 GMT 2025","","","",""
"","0","Check publish message containing emoji","Waku Relay, Publish","Thu Jul 17 00:02:40 GMT 2025","passed","Thu Jul 17 00:02:40 GMT 2025","","","",""
"","0","should dispatch network event when browser goes online","NetworkMonitor","Wed Jul 16 23:59:26 GMT 2025","passed","Wed Jul 16 23:59:26 GMT 2025","","browser online/offline events","",""
"","3","should send to specified number of peers of used peers","LightPush SDK","Wed Jul 16 23:59:57 GMT 2025","passed","Wed Jul 16 23:59:57 GMT 2025","","","",""
"","0","Passing page size 11 when there are 10 messages","Waku Store, page size","Thu Jul 17 00:04:44 GMT 2025","passed","Thu Jul 17 00:04:44 GMT 2025","","","",""
"","1","Ephemeral field is preserved - encoder v0","Waku Message Ephemeral field","Thu Jul 17 00:00:34 GMT 2025","passed","Thu Jul 17 00:00:34 GMT 2025","","","",""
"","1","should handle shardReader errors","ConnectionManager","Wed Jul 16 23:59:27 GMT 2025","passed","Wed Jul 16 23:59:27 GMT 2025","","isPeerOnTopic","",""
"","0","should correctly encode and decode relay shards using rs format (Index List)","Relay Shard codec","Wed Jul 16 23:59:11 GMT 2025","passed","Wed Jul 16 23:59:11 GMT 2025","","","",""
"","0","should skip peer when failed to dial recently","Dialer","Wed Jul 16 23:59:27 GMT 2025","passed","Wed Jul 16 23:59:27 GMT 2025","","dial","",""
"","0","Push message with content topic containing XML","Waku Light Push: Multiple Nodes: Strict Check: false","Thu Jul 17 00:10:25 GMT 2025","passed","Thu Jul 17 00:10:25 GMT 2025","","","",""
"","2","should be able to encode the field with STORE and LIGHTPUSH protocols set to true","ENR waku2 codec","Wed Jul 16 23:59:16 GMT 2025","passed","Wed Jul 16 23:59:16 GMT 2025","","Encoding","",""
"","0","Check received message containing long","Waku Filter: FilterPush: Multiple Nodes: Strict Checking: false","Thu Jul 17 00:05:21 GMT 2025","passed","Thu Jul 17 00:05:21 GMT 2025","","","",""
"","0","should set field with only RELAY enabled","ENR","Wed Jul 16 23:59:17 GMT 2025","passed","Wed Jul 16 23:59:17 GMT 2025","","waku2 key round trip","",""
"","1","should process up to 3 peers at once","Dialer","Wed Jul 16 23:59:27 GMT 2025","passed","Wed Jul 16 23:59:27 GMT 2025","","queue processing","",""
"","0","should reject if WakuNode is not started","waitForRemotePeer","Wed Jul 16 23:59:57 GMT 2025","passed","Wed Jul 16 23:59:57 GMT 2025","","","",""
"","0","should throw an error for non-numeric shard: /waku/2/rs/1/","pubsubTopicToSingleShardInfo with various invalid formats","Wed Jul 16 23:59:11 GMT 2025","passed","Wed Jul 16 23:59:11 GMT 2025","","","",""
"","0","Check publish message containing shell command","Waku Relay, Publish","Thu Jul 17 00:02:40 GMT 2025","passed","Thu Jul 17 00:02:40 GMT 2025","","","",""
"","0","Push message with content topic containing XML","Waku Light Push: Multiple Nodes: Strict Check: true","Thu Jul 17 00:10:25 GMT 2025","passed","Thu Jul 17 00:10:25 GMT 2025","","","",""
"","0","Waku message hash computation (meta size of 64 bytes)","Message Hash: RFC Test Vectors","Wed Jul 16 23:59:27 GMT 2025","passed","Wed Jul 16 23:59:27 GMT 2025","","","",""
"","0","random static sharding 8 - Cluster ID: 657, Shard ID: 503","Static Sharding: Running Nodes","Thu Jul 17 00:04:26 GMT 2025","passed","Thu Jul 17 00:04:26 GMT 2025","","","",""
"","0","different cluster, different shard: nodes don't connect","Metadata Protocol","Thu Jul 17 00:01:36 GMT 2025","passed","Thu Jul 17 00:01:36 GMT 2025","","connections","",""
"","1","random static sharding 9 - Cluster ID: 819, Shard ID: 59","Static Sharding: Running Nodes","Thu Jul 17 00:04:26 GMT 2025","passed","Thu Jul 17 00:04:26 GMT 2025","","","",""
"","1","should hash """" with n=1 and maxValue=100 correctly","hashN","Thu Jul 17 00:00:06 GMT 2025","passed","Thu Jul 17 00:00:06 GMT 2025","","","",""
"","0","should return false when peer shard info is not found","ShardReader","Wed Jul 16 23:59:27 GMT 2025","passed","Wed Jul 16 23:59:27 GMT 2025","","isPeerOnShard","",""
"","0","should decode valid ENR with multiaddrs successfully [shared test vector]","ENR","Wed Jul 16 23:59:17 GMT 2025","passed","Wed Jul 16 23:59:17 GMT 2025","","Txt codec","",""
"","1","should handle onConnected and onDisconnected","PeerManager","Wed Jul 16 23:59:57 GMT 2025","passed","Wed Jul 16 23:59:57 GMT 2025","","","",""
"","1","Push message with emoji payload","Waku Light Push: Multiple Nodes: Strict Check: true","Thu Jul 17 00:10:25 GMT 2025","passed","Thu Jul 17 00:10:25 GMT 2025","","","",""
"","1","should handle shard reader errors gracefully","Dialer","Wed Jul 16 23:59:27 GMT 2025","passed","Wed Jul 16 23:59:27 GMT 2025","","shard reader integration","",""
"","1","Push message with numeric payload","Waku Light Push: Multiple Nodes: Strict Check: false","Thu Jul 17 00:10:25 GMT 2025","passed","Thu Jul 17 00:10:25 GMT 2025","","","",""
"","0","Query with Ordered Callback, Multiple PubsubTopics","Waku Store, error handling","Thu Jul 17 00:04:08 GMT 2025","passed","Thu Jul 17 00:04:08 GMT 2025","","","",""
"","0","should insert elements correctly","BloomFilter","Thu Jul 17 00:00:08 GMT 2025","passed","Thu Jul 17 00:00:08 GMT 2025","","","",""
"","0","Subscribe to topic containing SQL Injection and receive message","Waku Filter: Subscribe: Multiple Service Nodes: Strict Check mode: false","Thu Jul 17 00:08:44 GMT 2025","passed","Thu Jul 17 00:08:44 GMT 2025","","","",""
"","3","random static sharding 5 - Cluster ID: 513, Shard ID: 436","Static Sharding: Running Nodes","Thu Jul 17 00:04:26 GMT 2025","passed","Thu Jul 17 00:04:26 GMT 2025","","","",""
"","1","Unsubscribe 1 topic - node subscribed to 1 topic","Waku Filter: Unsubscribe: Multiple Nodes: Strict Checking: true","Thu Jul 17 00:02:38 GMT 2025","passed","Thu Jul 17 00:02:38 GMT 2025","","","",""
"","1","should create all internal components","ConnectionManager","Wed Jul 16 23:59:27 GMT 2025","passed","Wed Jul 16 23:59:27 GMT 2025","","constructor","",""
"","0","should hash ""test123"" with n=1 and maxValue=1000 correctly","hashN","Thu Jul 17 00:00:06 GMT 2025","passed","Thu Jul 17 00:00:06 GMT 2025","","","",""
"","0","should hash ""test123"" with n=5 and maxValue=10000 correctly","hashN","Thu Jul 17 00:00:06 GMT 2025","passed","Thu Jul 17 00:00:06 GMT 2025","","","",""
"","0","should hash ""test123"" with n=5 and maxValue=100 correctly","hashN","Thu Jul 17 00:00:06 GMT 2025","passed","Thu Jul 17 00:00:06 GMT 2025","","","",""
"","0","should use shardsUnderCluster when provided","IWaku utils","Wed Jul 16 23:59:56 GMT 2025","passed","Wed Jul 16 23:59:56 GMT 2025","","decoderParamsToShardInfo","",""
"","0","Non TWN Cluster","Autosharding: Running Nodes","Thu Jul 17 00:04:13 GMT 2025","passed","Thu Jul 17 00:04:13 GMT 2025","","","",""
"","0","should discard bootstrap peers when has more than set limit","Connection Limiter","Thu Jul 17 00:01:10 GMT 2025","passed","Thu Jul 17 00:01:10 GMT 2025","","","",""
"","0","should emit a peer event after start","Peer Exchange","Thu Jul 17 00:02:14 GMT 2025","passed","Thu Jul 17 00:02:14 GMT 2025","interface-peer-discovery compliance tests","Compliance Test","",""
"","0","should not receive a peer event before start","DNS Discovery: Compliance Test","Thu Jul 17 00:00:32 GMT 2025","passed","Thu Jul 17 00:00:32 GMT 2025","","interface-peer-discovery compliance tests","",""
"","0","should convert a SingleShardInfo object to the correct PubsubTopic","singleShardInfoToPubsubTopic","Wed Jul 16 23:59:11 GMT 2025","passed","Wed Jul 16 23:59:11 GMT 2025","","","",""
"","1","Push message with content topic containing Script","Waku Light Push: Multiple Nodes: Strict Check: false","Thu Jul 17 00:10:25 GMT 2025","passed","Thu Jul 17 00:10:25 GMT 2025","","","",""
"","1","Asymmetric encrypt & decrypt","Waku Encryption","Wed Jul 16 23:59:46 GMT 2025","passed","Wed Jul 16 23:59:46 GMT 2025","","","",""
"","1","should properly create peer info with all multiaddrs","ENR","Wed Jul 16 23:59:17 GMT 2025","passed","Wed Jul 16 23:59:17 GMT 2025","","Location multiaddr","",""
"","0","should be sent without a timestamp, causal history, or bloom filter","MessageChannel","Thu Jul 17 00:00:11 GMT 2025","passed","Thu Jul 17 00:00:11 GMT 2025","","Ephemeral messages","",""
"","0","Check received message containing Russian","Waku Filter: FilterPush: Multiple Nodes: Strict Checking: false","Thu Jul 17 00:05:21 GMT 2025","passed","Thu Jul 17 00:05:21 GMT 2025","","","",""
"","1","Check publish message after service node is restarted","Waku Relay, Publish","Thu Jul 17 00:02:40 GMT 2025","skipped","Thu Jul 17 00:02:40 GMT 2025","","","",""
"","2","should hash ""hello"" with n=2 and maxValue=1000 correctly","hashN","Thu Jul 17 00:00:06 GMT 2025","passed","Thu Jul 17 00:00:06 GMT 2025","","","",""
"","3","Subscribe to topic containing escaped characters and publish message","Waku Relay, Subscribe","Thu Jul 17 00:02:46 GMT 2025","passed","Thu Jul 17 00:02:46 GMT 2025","","","",""
"","1","random auto sharding 4 - Cluster ID: 10, Content Topic: /app6/2/topic207/json","Autosharding: Running Nodes","Thu Jul 17 00:04:13 GMT 2025","passed","Thu Jul 17 00:04:13 GMT 2025","","","",""
"","0","Subscribe to topic containing Arabic and receive message","Waku Filter: Subscribe: Multiple Service Nodes: Strict Check mode: true","Thu Jul 17 00:08:44 GMT 2025","passed","Thu Jul 17 00:08:44 GMT 2025","","","",""
"","0","Check received message containing SQL Injection","Waku Filter: FilterPush: Multiple Nodes: Strict Checking: false","Thu Jul 17 00:05:21 GMT 2025","passed","Thu Jul 17 00:05:21 GMT 2025","","","",""
"","0","Relay + Store","ENR Interop: ServiceNode","Thu Jul 17 00:00:33 GMT 2025","passed","Thu Jul 17 00:00:33 GMT 2025","","","",""
"","1","should handle case with no peers in store","ConnectionLimiter","Wed Jul 16 23:59:27 GMT 2025","passed","Wed Jul 16 23:59:27 GMT 2025","","dialPeersFromStore","",""
"","0","should return false when peer is not found","ShardReader","Wed Jul 16 23:59:27 GMT 2025","passed","Wed Jul 16 23:59:27 GMT 2025","","isPeerOnTopic","",""
"","1","should add received messages to bloom filter","MessageChannel","Thu Jul 17 00:00:11 GMT 2025","passed","Thu Jul 17 00:00:11 GMT 2025","","receiving a message","",""
"","0","should throw error - no public key","ENR","Wed Jul 16 23:59:17 GMT 2025","passed","Wed Jul 16 23:59:17 GMT 2025","","Verify","",""
"","0","should process queue every 500ms","Dialer","Wed Jul 16 23:59:27 GMT 2025","passed","Wed Jul 16 23:59:27 GMT 2025","","queue processing","",""
"","0","should track probabilistic acknowledgements of messages received in bloom filter","MessageChannel","Thu Jul 17 00:00:11 GMT 2025","passed","Thu Jul 17 00:00:11 GMT 2025","","reviewing ack status","",""
"","0","should return false when shard is not included in network shards","IWaku utils","Wed Jul 16 23:59:56 GMT 2025","passed","Wed Jul 16 23:59:56 GMT 2025","","isShardCompatible","",""
"","1","should check false positive rate","BloomFilter with special patterns","Thu Jul 17 00:00:08 GMT 2025","passed","Thu Jul 17 00:00:08 GMT 2025","","","",""
"","0","random auto sharding 6 - Cluster ID: 10, Content Topic: /app39/2/topic868/proto","Autosharding: Running Nodes","Thu Jul 17 00:04:13 GMT 2025","passed","Thu Jul 17 00:04:13 GMT 2025","","","",""
"","0","should return the correct m/n for k = 7, targetError = 0.001","Probabilities","Thu Jul 17 00:00:06 GMT 2025","passed","Thu Jul 17 00:00:06 GMT 2025","","","",""
"","0","Check received message containing short","Waku Filter: FilterPush: Multiple Nodes: Strict Checking: false","Thu Jul 17 00:05:21 GMT 2025","passed","Thu Jul 17 00:05:21 GMT 2025","","","",""
"","0","should handle peer connect event","NetworkMonitor","Wed Jul 16 23:59:26 GMT 2025","passed","Wed Jul 16 23:59:26 GMT 2025","","peer connection events","",""
"","1","should be able to decode the field with only LIGHTPUSH set to true","ENR waku2 codec","Wed Jul 16 23:59:16 GMT 2025","passed","Wed Jul 16 23:59:16 GMT 2025","","Decoding","",""
"","0","Decoder throws on empty string content topic","Ensures content topic is defined","Wed Jul 16 23:59:47 GMT 2025","passed","Wed Jul 16 23:59:47 GMT 2025","","","",""
"","2","should not allow k > 12","Probabilities","Thu Jul 17 00:00:06 GMT 2025","passed","Thu Jul 17 00:00:06 GMT 2025","","","",""
"","0","should return valid sharding parameters for content topics autosharding","ensureShardingConfigured","Wed Jul 16 23:59:11 GMT 2025","passed","Wed Jul 16 23:59:11 GMT 2025","","","",""
"","1","Push message with Chinese payload","Waku Light Push: Multiple Nodes: Strict Check: false","Thu Jul 17 00:10:25 GMT 2025","passed","Thu Jul 17 00:10:25 GMT 2025","","","",""
"","0","should hash ""hello"" with n=5 and maxValue=100 correctly","hashN","Thu Jul 17 00:00:06 GMT 2025","passed","Thu Jul 17 00:00:06 GMT 2025","","","",""
"","1","Init the array if not present","pushOrInitMapSet","Wed Jul 16 23:59:11 GMT 2025","passed","Wed Jul 16 23:59:11 GMT 2025","","","",""
"","4","should handle task timeouts","RetryManager","Wed Jul 16 23:59:55 GMT 2025","passed","Wed Jul 16 23:59:55 GMT 2025","","","",""
"","0","Relay - dialed after","Wait for remote peer","Thu Jul 17 00:04:58 GMT 2025","passed","Thu Jul 17 00:04:58 GMT 2025","","","",""
"","0","should use the provided clusterId for the pubsub topic","contentTopicToPubsubTopic","Wed Jul 16 23:59:11 GMT 2025","passed","Wed Jul 16 23:59:11 GMT 2025","","","",""
"","0","Check publish message containing numeric","Waku Relay, Publish","Thu Jul 17 00:02:40 GMT 2025","passed","Thu Jul 17 00:02:40 GMT 2025","","","",""
"","0","should reject if Store is requested but not mounted","waitForRemotePeer","Wed Jul 16 23:59:57 GMT 2025","passed","Wed Jul 16 23:59:57 GMT 2025","","","",""
"","0","Store - dialed after - with timeout","Wait for remote peer","Thu Jul 17 00:04:58 GMT 2025","passed","Thu Jul 17 00:04:58 GMT 2025","","","",""
"","0","should be safe to call multiple times","ConnectionLimiter","Wed Jul 16 23:59:27 GMT 2025","passed","Wed Jul 16 23:59:27 GMT 2025","","stop","",""
"","1","throws on content topic with empty application field","ensureValidContentTopic","Wed Jul 16 23:59:11 GMT 2025","passed","Wed Jul 16 23:59:11 GMT 2025","","","",""
"","5","Waku message hash computation (meta attribute not present)","Message Hash: RFC Test Vectors","Wed Jul 16 23:59:27 GMT 2025","passed","Wed Jul 16 23:59:27 GMT 2025","","","",""
"","0","can query messages normally","Waku Store, message hash query","Thu Jul 17 00:04:15 GMT 2025","passed","Thu Jul 17 00:04:15 GMT 2025","","","",""
"","1","should dial peers from store when no connections remain","ConnectionLimiter","Wed Jul 16 23:59:27 GMT 2025","passed","Wed Jul 16 23:59:27 GMT 2025","","onDisconnectedEvent","",""
"","1","should handle complete dial lifecycle","Dialer","Wed Jul 16 23:59:27 GMT 2025","passed","Wed Jul 16 23:59:27 GMT 2025","","integration","",""
"","1","Subscribe to topic containing long and publish message","Waku Relay, Subscribe","Thu Jul 17 00:02:46 GMT 2025","passed","Thu Jul 17 00:02:46 GMT 2025","","","",""
"","0","should correctly map /app/20/sometopic/someencoding to shard index 1 with networkShards 2","contentTopicToShardIndex","Wed Jul 16 23:59:11 GMT 2025","passed","Wed Jul 16 23:59:11 GMT 2025","","","",""
"","0","should delegate to networkMonitor.isConnected()","ConnectionManager","Wed Jul 16 23:59:27 GMT 2025","passed","Wed Jul 16 23:59:27 GMT 2025","","isConnected","",""
"","0","Push 30 different messages","Waku Light Push: Multiple Nodes: Strict Check: true","Thu Jul 17 00:10:25 GMT 2025","skipped","Thu Jul 17 00:10:25 GMT 2025","","","",""
"","1","should create dialer with libp2p and shardReader","Dialer","Wed Jul 16 23:59:27 GMT 2025","passed","Wed Jul 16 23:59:27 GMT 2025","","constructor","",""
"","1","Passing a valid cursor at 110 index when there are 120 messages","Waku Store, cursor","Thu Jul 17 00:03:59 GMT 2025","passed","Thu Jul 17 00:03:59 GMT 2025","","","",""
"","1","should be able to encode the field with only STORE set to true","ENR waku2 codec","Wed Jul 16 23:59:16 GMT 2025","passed","Wed Jul 16 23:59:16 GMT 2025","","Encoding","",""
"","0","Push message with long payload","Waku Light Push: Multiple Nodes: Strict Check: false","Thu Jul 17 00:10:25 GMT 2025","passed","Thu Jul 17 00:10:25 GMT 2025","","","",""
"","0","should throw an error for non-numeric shard: /waku/2/rs/1/ ","pubsubTopicToSingleShardInfo with various invalid formats","Wed Jul 16 23:59:11 GMT 2025","passed","Wed Jul 16 23:59:11 GMT 2025","","","",""
"","0","should handle multiple peer connections","KeepAliveManager","Wed Jul 16 23:59:27 GMT 2025","passed","Wed Jul 16 23:59:27 GMT 2025","","peer connect event handling","",""
"","0","topics with same application and version share the same shard","contentTopicToShardIndex","Wed Jul 16 23:59:11 GMT 2025","passed","Wed Jul 16 23:59:11 GMT 2025","","","",""
"","1","should hash ""hello"" with n=0 and maxValue=1000 correctly","hashN","Thu Jul 17 00:00:06 GMT 2025","passed","Thu Jul 17 00:00:06 GMT 2025","","","",""
"","1","should skip peer when dialed recently","Dialer","Wed Jul 16 23:59:27 GMT 2025","passed","Wed Jul 16 23:59:27 GMT 2025","","dial","",""
"","0","messageHashStr produces different results for different inputs","messageHash and messageHashStr","Wed Jul 16 23:59:27 GMT 2025","passed","Wed Jul 16 23:59:27 GMT 2025","","","",""
"","0","Filter","Wait for remote peer","Thu Jul 17 00:04:58 GMT 2025","passed","Thu Jul 17 00:04:58 GMT 2025","","","",""
"","0","Push message with content topic containing Chinese","Waku Light Push: Multiple Nodes: Strict Check: false","Thu Jul 17 00:10:25 GMT 2025","passed","Thu Jul 17 00:10:25 GMT 2025","","","",""
"","1","should send relay ping messages on timer","KeepAliveManager","Wed Jul 16 23:59:27 GMT 2025","passed","Wed Jul 16 23:59:27 GMT 2025","","relay timer management","",""
"","0","can start the service","Peer Exchange","Thu Jul 17 00:02:14 GMT 2025","passed","Thu Jul 17 00:02:14 GMT 2025","interface-peer-discovery compliance tests","Compliance Test","",""
"","1","peer:update - should schedule stream creation IF protocol hit AND no stream found on connection","StreamManager","Wed Jul 16 23:59:27 GMT 2025","passed","Wed Jul 16 23:59:27 GMT 2025","","","",""
"","0","Unsubscribe from 100 topics (new limit) at once and receives messages","Waku Filter: Unsubscribe: Multiple Nodes: Strict Checking: true","Thu Jul 17 00:02:38 GMT 2025","passed","Thu Jul 17 00:02:38 GMT 2025","","","",""
"","1","can start and stop the service","Local Storage Discovery","Wed Jul 16 23:59:39 GMT 2025","passed","Wed Jul 16 23:59:39 GMT 2025","interface-peer-discovery compliance tests","Compliance Tests","",""
"","0","Decoder throws on undefined content topic","Ensures content topic is defined","Wed Jul 16 23:59:28 GMT 2025","passed","Wed Jul 16 23:59:28 GMT 2025","","","",""
"","0","should initialize with default number of peers","PeerManager","Wed Jul 16 23:59:57 GMT 2025","passed","Wed Jul 16 23:59:57 GMT 2025","","","",""
"","0","ENRTree (tree): should error if DNS tree entry is mis-prefixed","ENRTree","Wed Jul 16 23:59:35 GMT 2025","passed","Wed Jul 16 23:59:35 GMT 2025","","","",""
"","1","should emit `waku:online` event only when first peer is connected","Connection state","Thu Jul 17 00:00:48 GMT 2025","passed","Thu Jul 17 00:00:48 GMT 2025","","","",""
"","1","should clear dial history on start","Dialer","Wed Jul 16 23:59:27 GMT 2025","passed","Wed Jul 16 23:59:27 GMT 2025","","start","",""
"","1","Should fail to subscribe with decoder with wrong shard","Waku Filter: Subscribe: Multiple Service Nodes: Strict Check mode: false","Thu Jul 17 00:08:44 GMT 2025","passed","Thu Jul 17 00:08:44 GMT 2025","","","",""
"","1","Query Generator  - true","Waku Store, order","Thu Jul 17 00:04:35 GMT 2025","passed","Thu Jul 17 00:04:35 GMT 2025","","","",""
"","1","Sample","ENR multiaddrs codec","Wed Jul 16 23:59:17 GMT 2025","passed","Wed Jul 16 23:59:17 GMT 2025","","","",""
"","0","throws on content topic with empty version field","ensureValidContentTopic","Wed Jul 16 23:59:11 GMT 2025","passed","Wed Jul 16 23:59:11 GMT 2025","","","",""
"","0","should create ping timers when pingKeepAlive > 0","KeepAliveManager","Wed Jul 16 23:59:27 GMT 2025","passed","Wed Jul 16 23:59:27 GMT 2025","","ping timer management","",""
"","1","should derive a pubsub topic using contentTopic when SingleShardInfo only contains clusterId","determinePubsubTopic","Wed Jul 16 23:59:11 GMT 2025","passed","Wed Jul 16 23:59:11 GMT 2025","","","",""
"","0","should throw an error for non-numeric clusterId: /waku/2/rs/ /1","pubsubTopicToSingleShardInfo with various invalid formats","Wed Jul 16 23:59:11 GMT 2025","passed","Wed Jul 16 23:59:11 GMT 2025","","","",""
"","0","Nodes with multiple pubsub topic","Waku Relay (Autosharding), multiple pubsub topics","Thu Jul 17 00:02:31 GMT 2025","passed","Thu Jul 17 00:02:31 GMT 2025","","","",""
"","0","Unsubscribe 2 topics - node subscribed to 2 topics","Waku Filter: Unsubscribe: Multiple Nodes: Strict Checking: false","Thu Jul 17 00:02:38 GMT 2025","passed","Thu Jul 17 00:02:38 GMT 2025","","","",""
"","1","Check received message containing numeric","Waku Filter: FilterPush: Multiple Nodes: Strict Checking: true","Thu Jul 17 00:05:21 GMT 2025","broken","Thu Jul 17 00:05:21 GMT 2025","","","",""
"","0","Light Node - default protocols","Wait for remote peer","Thu Jul 17 00:04:58 GMT 2025","passed","Thu Jul 17 00:04:58 GMT 2025","","","",""
"","0","should throw an error for non-numeric clusterId: /waku/2/rs/-/1","pubsubTopicToSingleShardInfo with various invalid formats","Wed Jul 16 23:59:11 GMT 2025","passed","Wed Jul 16 23:59:11 GMT 2025","","","",""
"","1","should handle errors when removing globalThis listeners","NetworkMonitor","Wed Jul 16 23:59:26 GMT 2025","passed","Wed Jul 16 23:59:26 GMT 2025","","stop","",""
"","0","ignores unrecognized TXT record formats","DNS Node Discovery","Wed Jul 16 23:59:35 GMT 2025","passed","Wed Jul 16 23:59:35 GMT 2025","","","",""
"","1","should create KeepAliveManager with required options","KeepAliveManager","Wed Jul 16 23:59:27 GMT 2025","passed","Wed Jul 16 23:59:27 GMT 2025","","constructor","",""
"","1","should return all connected peers without codec filter","ConnectionManager","Wed Jul 16 23:59:27 GMT 2025","passed","Wed Jul 16 23:59:27 GMT 2025","","getConnectedPeers","",""
"","0","should dial peer immediately when queue is empty","Dialer","Wed Jul 16 23:59:27 GMT 2025","passed","Wed Jul 16 23:59:27 GMT 2025","","dial","",""
"","1","should add peer to queue when queue is not empty","Dialer","Wed Jul 16 23:59:27 GMT 2025","passed","Wed Jul 16 23:59:27 GMT 2025","","dial","",""
"","0","Check publish message containing short","Waku Relay, Publish","Thu Jul 17 00:02:40 GMT 2025","passed","Thu Jul 17 00:02:40 GMT 2025","","","",""
"","1","Publish message with custom timestamp: Sun Dec 17 1995 03:24:00 GMT+0000 (Coordinated Universal Time)","Waku Relay, Publish","Thu Jul 17 00:02:40 GMT 2025","passed","Thu Jul 17 00:02:40 GMT 2025","","","",""
"","0","should initialize with custom number of peers","PeerManager","Wed Jul 16 23:59:57 GMT 2025","passed","Wed Jul 16 23:59:57 GMT 2025","","","",""
"","0","Check publish message containing JSON","Waku Relay, Publish","Thu Jul 17 00:02:40 GMT 2025","passed","Thu Jul 17 00:02:40 GMT 2025","","","",""
"","0","should create KeepAliveManager with relay","KeepAliveManager","Wed Jul 16 23:59:27 GMT 2025","passed","Wed Jul 16 23:59:27 GMT 2025","","constructor","",""
"","7","should be safe to call multiple times","DiscoveryDialer","Wed Jul 16 23:59:26 GMT 2025","passed","Wed Jul 16 23:59:26 GMT 2025","","start","",""
"","1","should only return 1 node with store capability","DNS Node Discovery w/ capabilities","Wed Jul 16 23:59:35 GMT 2025","passed","Wed Jul 16 23:59:35 GMT 2025","","","",""
"","0","Passing page size 10 when there are 10 messages","Waku Store, page size","Thu Jul 17 00:04:44 GMT 2025","passed","Thu Jul 17 00:04:44 GMT 2025","","","",""
"","1","Decoder throws on undefined content topic","Ensures content topic is defined","Wed Jul 16 23:59:47 GMT 2025","passed","Wed Jul 16 23:59:47 GMT 2025","","","",""
"","1","should not fail to stop the service if it was not started","DNS Discovery: Compliance Test","Thu Jul 17 00:00:32 GMT 2025","passed","Thu Jul 17 00:00:32 GMT 2025","","interface-peer-discovery compliance tests","",""
"","0","Subscribe to topic containing Basic HTML tag and receive message","Waku Filter: Subscribe: Multiple Service Nodes: Strict Check mode: false","Thu Jul 17 00:08:44 GMT 2025","passed","Thu Jul 17 00:08:44 GMT 2025","","","",""
"","0","should push the message to the outgoing buffer","MessageChannel","Thu Jul 17 00:00:11 GMT 2025","passed","Thu Jul 17 00:00:11 GMT 2025","","sending a message ","",""
"","0","Nwaku publishes","Waku Relay, Interop","Thu Jul 17 00:02:28 GMT 2025","passed","Thu Jul 17 00:02:28 GMT 2025","","","",""
"","0","returns all values when wanted number is greater than available values","Discovery","Wed Jul 16 23:59:35 GMT 2025","passed","Wed Jul 16 23:59:35 GMT 2025","","","",""
"","0","Subscribe to 100 topics (new limit) at once and receives messages","Waku Filter: Subscribe: Multiple Service Nodes: Strict Check mode: true","Thu Jul 17 00:08:44 GMT 2025","passed","Thu Jul 17 00:08:44 GMT 2025","","","",""
"","1","should throw an error for missing required configuration","shardInfoToPubsubTopics","Wed Jul 16 23:59:11 GMT 2025","passed","Wed Jul 16 23:59:11 GMT 2025","","","",""
"","1","Overlapping topic subscription","Waku Filter: Subscribe: Multiple Service Nodes: Strict Check mode: false","Thu Jul 17 00:08:44 GMT 2025","passed","Thu Jul 17 00:08:44 GMT 2025","","","",""
"","0","should hash ""Lorem ipsum dolor sit amet"" with n=0 and maxValue=10000 correctly","hashN","Thu Jul 17 00:00:06 GMT 2025","passed","Thu Jul 17 00:00:06 GMT 2025","","","",""
"","0","Check received message containing unicode special characters","Waku Filter: FilterPush: Multiple Nodes: Strict Checking: false","Thu Jul 17 00:05:21 GMT 2025","passed","Thu Jul 17 00:05:21 GMT 2025","","","",""
"","0","should dial peer when no shard info available","Dialer","Wed Jul 16 23:59:27 GMT 2025","passed","Wed Jul 16 23:59:27 GMT 2025","","dial","",""
"","0","should handle dial errors","ConnectionManager","Wed Jul 16 23:59:27 GMT 2025","passed","Wed Jul 16 23:59:27 GMT 2025","","dial","",""
"","0","should wait for LightPush peer to be connected","waitForRemotePeer","Wed Jul 16 23:59:57 GMT 2025","passed","Wed Jul 16 23:59:57 GMT 2025","","","",""
"","0","throws on content topic with generation field greater than 0","ensureValidContentTopic","Wed Jul 16 23:59:11 GMT 2025","passed","Wed Jul 16 23:59:11 GMT 2025","","","",""
"","0","should properly create location multiaddrs - udp","ENR","Wed Jul 16 23:59:17 GMT 2025","passed","Wed Jul 16 23:59:17 GMT 2025","","Location multiaddr","",""
"","0","Generator, 2 different pubsubtopics","Waku Store (Autosharding), custom pubsub topic","Thu Jul 17 00:04:29 GMT 2025","skipped","Thu Jul 17 00:04:29 GMT 2025","","","",""
"","5","returns a subset of values when wanted number is lesser than available values","Discovery","Wed Jul 16 23:59:35 GMT 2025","passed","Wed Jul 16 23:59:35 GMT 2025","","","",""
"","0","should dial peer when peer is discovered","DiscoveryDialer","Wed Jul 16 23:59:26 GMT 2025","passed","Wed Jul 16 23:59:26 GMT 2025","","peer discovery handling","",""
"","1","should not dispatch event when already disconnected","NetworkMonitor","Wed Jul 16 23:59:26 GMT 2025","passed","Wed Jul 16 23:59:26 GMT 2025","","peer connection events","",""
"","0","should return false when clusterId doesn't match","IWaku utils","Wed Jul 16 23:59:56 GMT 2025","passed","Wed Jul 16 23:59:56 GMT 2025","","isShardCompatible","",""
"","0","should skip peer when already connected","Dialer","Wed Jul 16 23:59:27 GMT 2025","passed","Wed Jul 16 23:59:27 GMT 2025","","dial","",""
"","1","should create ConnectionManager with relay","ConnectionManager","Wed Jul 16 23:59:27 GMT 2025","passed","Wed Jul 16 23:59:27 GMT 2025","","constructor","",""
"","0","should correctly map /statusim/1/community/cbor to shard index 4","contentTopicToShardIndex","Wed Jul 16 23:59:11 GMT 2025","passed","Wed Jul 16 23:59:11 GMT 2025","","","",""
"","0","n1 and n2 uses a custom pubsub, n3 uses the default pubsub","Waku Relay, multiple pubsub topics","Thu Jul 17 00:02:31 GMT 2025","passed","Thu Jul 17 00:02:31 GMT 2025","","","",""
"","0","should return false when shard info is undefined","ShardReader","Wed Jul 16 23:59:27 GMT 2025","passed","Wed Jul 16 23:59:27 GMT 2025","","isPeerOnShard","",""
"","0","should throw an error for non-numeric clusterId: /waku/2/rs/$/1","pubsubTopicToSingleShardInfo with various invalid formats","Wed Jul 16 23:59:11 GMT 2025","passed","Wed Jul 16 23:59:11 GMT 2025","","","",""
"","0","Subscribe and receive 2 messages on the same topic","Waku Filter: Subscribe: Multiple Service Nodes: Strict Check mode: true","Thu Jul 17 00:08:44 GMT 2025","passed","Thu Jul 17 00:08:44 GMT 2025","","","",""
"","0","should handle incoming messages","Filter SDK","Wed Jul 16 23:59:57 GMT 2025","passed","Wed Jul 16 23:59:57 GMT 2025","","","",""
"","0","passes more than one ENR URLs and attempts connection","DNS Node Discovery [live data]","Thu Jul 17 00:00:32 GMT 2025","skipped","Thu Jul 17 00:00:32 GMT 2025","","","",""
"","0","should process correctly when SingleShardInfo has no clusterId but has a shard","determinePubsubTopic","Wed Jul 16 23:59:11 GMT 2025","passed","Wed Jul 16 23:59:11 GMT 2025","","","",""
"","0","should successfully subscribe to supported pubsub topic","Filter SDK","Wed Jul 16 23:59:57 GMT 2025","passed","Wed Jul 16 23:59:57 GMT 2025","","","",""
"","0","Push message with content topic containing Arabic","Waku Light Push: Multiple Nodes: Strict Check: true","Thu Jul 17 00:10:25 GMT 2025","passed","Thu Jul 17 00:10:25 GMT 2025","","","",""
"","0","px service nodes not subscribed to the shard should not be dialed","Static Sharding: Peer Management","Thu Jul 17 00:03:46 GMT 2025","passed","Thu Jul 17 00:03:46 GMT 2025","","Peer Exchange","",""
"","1","messageHashStr produces consistent results for the same input","messageHash and messageHashStr","Wed Jul 16 23:59:27 GMT 2025","passed","Wed Jul 16 23:59:27 GMT 2025","","","",""
"","1","should clear the dialing interval","Dialer","Wed Jul 16 23:59:27 GMT 2025","passed","Wed Jul 16 23:59:27 GMT 2025","","stop","",""
"","0","Fails to push message with large meta","Waku Light Push: Multiple Nodes: Strict Check: false","Thu Jul 17 00:10:25 GMT 2025","passed","Thu Jul 17 00:10:25 GMT 2025","","","",""
"","3","Waku message hash computation (message is IProtoMessage with version)","Message Hash: RFC Test Vectors","Wed Jul 16 23:59:27 GMT 2025","passed","Wed Jul 16 23:59:27 GMT 2025","","","",""
"","0","Push message with rate limit","Waku Light Push: Multiple Nodes: Strict Check: true","Thu Jul 17 00:10:25 GMT 2025","passed","Thu Jul 17 00:10:25 GMT 2025","","","",""
"","0","retrieves all peers (2) when cannot fulfill all requirements","DNS Node Discovery w/ capabilities","Wed Jul 16 23:59:35 GMT 2025","passed","Wed Jul 16 23:59:35 GMT 2025","","","",""
"","1","Waku message hash computation (meta size of 12 bytes)","Message Hash: RFC Test Vectors","Wed Jul 16 23:59:27 GMT 2025","passed","Wed Jul 16 23:59:27 GMT 2025","","","",""
"","0","should update peer store before dialing","DiscoveryDialer","Wed Jul 16 23:59:26 GMT 2025","passed","Wed Jul 16 23:59:26 GMT 2025","","peer discovery handling","",""
"","2","should drop connection via multiaddr with hangUp","Dialing","Thu Jul 17 00:01:54 GMT 2025","passed","Thu Jul 17 00:01:54 GMT 2025","","","",""
"","0","should handle special patterns correctly","BloomFilter with special patterns","Thu Jul 17 00:00:08 GMT 2025","passed","Thu Jul 17 00:00:08 GMT 2025","","","",""
"","0","Check received message with timestamp: 1649153314 ","Waku Filter: FilterPush: Multiple Nodes: Strict Checking: false","Thu Jul 17 00:05:21 GMT 2025","passed","Thu Jul 17 00:05:21 GMT 2025","","","",""
"","0","should clear dial history on stop","Dialer","Wed Jul 16 23:59:27 GMT 2025","passed","Wed Jul 16 23:59:27 GMT 2025","","stop","",""
"","0","Publish message with rate limit","Waku Relay, Publish","Thu Jul 17 00:02:40 GMT 2025","passed","Thu Jul 17 00:02:40 GMT 2025","","","",""
"","0","should hash ""Lorem ipsum dolor sit amet"" with n=2 and maxValue=10000 correctly","hashN","Thu Jul 17 00:00:06 GMT 2025","passed","Thu Jul 17 00:00:06 GMT 2025","","","",""
"","1","throws an error for improperly formatted content topics","contentTopicsByPubsubTopic","Wed Jul 16 23:59:11 GMT 2025","passed","Wed Jul 16 23:59:11 GMT 2025","","","",""
"","7","Generator, 2 different pubsubtopics","Waku Store, custom pubsub topic","Thu Jul 17 00:04:29 GMT 2025","passed","Thu Jul 17 00:04:29 GMT 2025","","","",""
"","0","Push message with meta","Waku Light Push: Multiple Nodes: Strict Check: false","Thu Jul 17 00:10:25 GMT 2025","passed","Thu Jul 17 00:10:25 GMT 2025","","","",""
"","3","should be able to encode the field with only RELAY set to true","ENR waku2 codec","Wed Jul 16 23:59:16 GMT 2025","passed","Wed Jul 16 23:59:16 GMT 2025","","Encoding","",""
"","0","should throw an error for invalid PubsubTopic format: /waku/2/rs/1/2/extra","pubsubTopicToSingleShardInfo with various invalid formats","Wed Jul 16 23:59:11 GMT 2025","passed","Wed Jul 16 23:59:11 GMT 2025","","","",""
"","1","should handle a minimal index list","Relay Shard codec","Wed Jul 16 23:59:11 GMT 2025","passed","Wed Jul 16 23:59:11 GMT 2025","","","",""
"","1","msgTime: -19000 ms from now, startTime: -19010, endTime: -18990","Waku Store, time filter","Thu Jul 17 00:04:53 GMT 2025","passed","Thu Jul 17 00:04:53 GMT 2025","","","",""
"","1","should be able to encode the field with ALL protocols set to true","ENR waku2 codec","Wed Jul 16 23:59:16 GMT 2025","passed","Wed Jul 16 23:59:16 GMT 2025","","Encoding","",""
"","0","should add event listener for peer:discovery","DiscoveryDialer","Wed Jul 16 23:59:26 GMT 2025","passed","Wed Jul 16 23:59:26 GMT 2025","","start","",""
"","1","Fails to push message with large meta","Waku Light Push: Multiple Nodes: Strict Check: true","Thu Jul 17 00:10:25 GMT 2025","passed","Thu Jul 17 00:10:25 GMT 2025","","","",""
"","0","throws on content topic with empty topic name field","ensureValidContentTopic","Wed Jul 16 23:59:11 GMT 2025","passed","Wed Jul 16 23:59:11 GMT 2025","","","",""
"","0","should get / set TCP multiaddr","ENR","Wed Jul 16 23:59:17 GMT 2025","passed","Wed Jul 16 23:59:17 GMT 2025","","Multiaddr getters and setters","",""
"","0","should return exactly numPeersToUse peers when enough are available","PeerManager","Wed Jul 16 23:59:57 GMT 2025","passed","Wed Jul 16 23:59:57 GMT 2025","","","",""
"","0","should throw an error for non-numeric shard: /waku/2/rs/1/x","pubsubTopicToSingleShardInfo with various invalid formats","Wed Jul 16 23:59:11 GMT 2025","passed","Wed Jul 16 23:59:11 GMT 2025","","","",""
"","1","should not fail to start the service if it is already started","Local Storage Discovery","Wed Jul 16 23:59:39 GMT 2025","passed","Wed Jul 16 23:59:39 GMT 2025","interface-peer-discovery compliance tests","Compliance Tests","",""
"","0","tcp ip4 address","Multiaddr from fields","Wed Jul 16 23:59:16 GMT 2025","passed","Wed Jul 16 23:59:16 GMT 2025","","","",""
"","2","should be safe to call multiple times","KeepAliveManager","Wed Jul 16 23:59:27 GMT 2025","passed","Wed Jul 16 23:59:27 GMT 2025","","start","",""
"","0","should correctly map /app/27/sometopic/someencoding to shard index 5","contentTopicToShardIndex","Wed Jul 16 23:59:11 GMT 2025","passed","Wed Jul 16 23:59:11 GMT 2025","","","",""
"","0","should allow redial after failed dial cooldown expires","Dialer","Wed Jul 16 23:59:27 GMT 2025","passed","Wed Jul 16 23:59:27 GMT 2025","","dial","",""
"","1","should insert message id into causal history","MessageChannel","Thu Jul 17 00:00:11 GMT 2025","passed","Thu Jul 17 00:00:11 GMT 2025","","sending a message ","",""
"","2","should return peer for existing peer","ConnectionLimiter","Wed Jul 16 23:59:27 GMT 2025","passed","Wed Jul 16 23:59:27 GMT 2025","","getPeer","",""
"","0","messageHashStr works with IProtoMessage","messageHash and messageHashStr","Wed Jul 16 23:59:27 GMT 2025","passed","Wed Jul 16 23:59:27 GMT 2025","","","",""
"","0","Subscribe to topic containing short and receive message","Waku Filter: Subscribe: Multiple Service Nodes: Strict Check mode: true","Thu Jul 17 00:08:44 GMT 2025","passed","Thu Jul 17 00:08:44 GMT 2025","","","",""
"","0","should handle errors when globalThis is not available","NetworkMonitor","Wed Jul 16 23:59:26 GMT 2025","passed","Wed Jul 16 23:59:26 GMT 2025","","start","",""
"","1","Query with Ordered Callback, No Decoder","Waku Store, error handling","Thu Jul 17 00:04:08 GMT 2025","passed","Thu Jul 17 00:04:08 GMT 2025","","","",""
"","1","should enable only dns and localPeerCache when peerExchange is disabled","Default Peer Discoveries","Wed Jul 16 23:59:56 GMT 2025","passed","Wed Jul 16 23:59:56 GMT 2025","","","",""
"","0","same cluster, different shard: nodes connect","Metadata Protocol","Thu Jul 17 00:01:36 GMT 2025","passed","Thu Jul 17 00:01:36 GMT 2025","","connections","",""
"","1","Push message with Russian payload","Waku Light Push: Multiple Nodes: Strict Check: true","Thu Jul 17 00:10:25 GMT 2025","passed","Thu Jul 17 00:10:25 GMT 2025","","","",""
"","0","should return false when peer is not found","ShardReader","Wed Jul 16 23:59:27 GMT 2025","passed","Wed Jul 16 23:59:27 GMT 2025","","isPeerOnNetwork","",""
"","0","Decrypt messages","Waku Relay","Thu Jul 17 00:02:16 GMT 2025","passed","Thu Jul 17 00:02:16 GMT 2025","","","",""
"","0","Publish message with custom timestamp: Thu Jul 17 2025 01:02:32 GMT+0000 (Coordinated Universal Time)","Waku Relay, Publish","Thu Jul 17 00:02:40 GMT 2025","passed","Thu Jul 17 00:02:40 GMT 2025","","","",""
"","0","should be able to decode the field with STORE and LIGHTPUSH protocols set to true","ENR waku2 codec","Wed Jul 16 23:59:16 GMT 2025","passed","Wed Jul 16 23:59:16 GMT 2025","","Decoding","",""
"","0","should properly create location multiaddrs - udp6","ENR","Wed Jul 16 23:59:17 GMT 2025","passed","Wed Jul 16 23:59:17 GMT 2025","","Location multiaddr","",""
"","1","should initialize bloom filter with correct parameters","BloomFilter","Thu Jul 17 00:00:08 GMT 2025","passed","Thu Jul 17 00:00:08 GMT 2025","","","",""
"","0","Push message with Script payload","Waku Light Push: Multiple Nodes: Strict Check: false","Thu Jul 17 00:10:25 GMT 2025","passed","Thu Jul 17 00:10:25 GMT 2025","","","",""
"","1","should encode/decode to RLP encoding","ENR","Wed Jul 16 23:59:17 GMT 2025","passed","Wed Jul 16 23:59:17 GMT 2025","","Static tests","",""
"","1","Renews subscription after lossing a connection","Waku Filter: Subscribe: Multiple Service Nodes: Strict Check mode: true","Thu Jul 17 00:08:44 GMT 2025","passed","Thu Jul 17 00:08:44 GMT 2025","","","",""
"","0","Check message with non string payload is not received","Waku Filter: FilterPush: Multiple Nodes: Strict Checking: false","Thu Jul 17 00:05:21 GMT 2025","passed","Thu Jul 17 00:05:21 GMT 2025","","","",""
"","1","Sets default value correctly","User Agent","Thu Jul 17 00:04:51 GMT 2025","passed","Thu Jul 17 00:04:51 GMT 2025","","","",""
"","1","should dial peers from store when browser is connected","ConnectionLimiter","Wed Jul 16 23:59:27 GMT 2025","passed","Wed Jul 16 23:59:27 GMT 2025","","onWakuConnectionEvent","",""
"","0","should call waitForPeer on Relay","waitForRemotePeer","Wed Jul 16 23:59:57 GMT 2025","passed","Wed Jul 16 23:59:57 GMT 2025","","","",""
"","0","should create timers for each pubsub topic where peer is in mesh","KeepAliveManager","Wed Jul 16 23:59:27 GMT 2025","passed","Wed Jul 16 23:59:27 GMT 2025","","relay timer management","",""
"","0","should handle dial errors gracefully","ConnectionLimiter","Wed Jul 16 23:59:27 GMT 2025","passed","Wed Jul 16 23:59:27 GMT 2025","","dialPeersFromStore","",""
"","0","Push message with content topic containing SQL Injection","Waku Light Push: Multiple Nodes: Strict Check: false","Thu Jul 17 00:10:25 GMT 2025","passed","Thu Jul 17 00:10:25 GMT 2025","","","",""
"","0","should hash """" with n=5 and maxValue=1000 correctly","hashN","Thu Jul 17 00:00:06 GMT 2025","passed","Thu Jul 17 00:00:06 GMT 2025","","","",""
"","0","should handle complete discovery-to-dial flow","DiscoveryDialer","Wed Jul 16 23:59:26 GMT 2025","passed","Wed Jul 16 23:59:26 GMT 2025","","integration","",""
"","0","should have no discoveries enabled by default","Default Peer Discoveries","Wed Jul 16 23:59:56 GMT 2025","passed","Wed Jul 16 23:59:56 GMT 2025","","","",""
"","1","LightPush","Wait for remote peer","Thu Jul 17 00:04:58 GMT 2025","passed","Thu Jul 17 00:04:58 GMT 2025","","","",""
"","0","Check received message with timestamp: 1752710427389 ","Waku Filter: FilterPush: Multiple Nodes: Strict Checking: false","Thu Jul 17 00:05:21 GMT 2025","passed","Thu Jul 17 00:05:21 GMT 2025","","","",""
"","0","Subscribe and receive messages from 2 nwaku nodes each with different pubsubtopics","Waku Filter: Subscribe: Multiple Service Nodes: Strict Check mode: false","Thu Jul 17 00:08:44 GMT 2025","passed","Thu Jul 17 00:08:44 GMT 2025","","","",""
"","0","should stop ping timers on peer disconnect","KeepAliveManager","Wed Jul 16 23:59:27 GMT 2025","passed","Wed Jul 16 23:59:27 GMT 2025","","peer disconnect event handling","",""
"","1","Round trip binary encryption [ecies, no signature]","Ecies Encryption","Wed Jul 16 23:59:47 GMT 2025","passed","Wed Jul 16 23:59:47 GMT 2025","","","",""
"","1","should handle errors when getting connections","NetworkMonitor","Wed Jul 16 23:59:26 GMT 2025","passed","Wed Jul 16 23:59:26 GMT 2025","","error handling","",""
"","0","should hash ""Lorem ipsum dolor sit amet"" with n=1 and maxValue=1000 correctly","hashN","Thu Jul 17 00:00:06 GMT 2025","passed","Thu Jul 17 00:00:06 GMT 2025","","","",""
"","0","Meta field set when metaSetter is specified","Waku Message version 0","Wed Jul 16 23:59:28 GMT 2025","passed","Wed Jul 16 23:59:28 GMT 2025","","","",""
"","1","Push message with Arabic payload","Waku Light Push: Multiple Nodes: Strict Check: true","Thu Jul 17 00:10:25 GMT 2025","passed","Thu Jul 17 00:10:25 GMT 2025","","","",""
"","2","should drop connection to all peers on hangUp","Dialing","Thu Jul 17 00:01:54 GMT 2025","passed","Thu Jul 17 00:01:54 GMT 2025","","","",""
"","1","should handle different types of entries","TTLSet","Wed Jul 16 23:59:55 GMT 2025","passed","Wed Jul 16 23:59:55 GMT 2025","","","",""
"","0","should create ShardReader with shards network config","ShardReader","Wed Jul 16 23:59:27 GMT 2025","passed","Wed Jul 16 23:59:27 GMT 2025","","constructor","",""
"","1","Push message with rate limit","Waku Light Push: Multiple Nodes: Strict Check: false","Thu Jul 17 00:10:25 GMT 2025","passed","Thu Jul 17 00:10:25 GMT 2025","","","",""
"","1","Check publish message containing Basic HTML tag","Waku Relay, Publish","Thu Jul 17 00:02:40 GMT 2025","passed","Thu Jul 17 00:02:40 GMT 2025","","","",""
"","0","Subscribe and receive messages via waku relay post","Waku Filter: Subscribe: Multiple Service Nodes: Strict Check mode: false","Thu Jul 17 00:08:44 GMT 2025","passed","Thu Jul 17 00:08:44 GMT 2025","","","",""
"","0","Error when try to subscribe to more than 101 topics (new limit)","Waku Filter: Subscribe: Multiple Service Nodes: Strict Check mode: true","Thu Jul 17 00:08:44 GMT 2025","passed","Thu Jul 17 00:08:44 GMT 2025","","","",""
"","0","should handle clusterId, application and version for autosharding with cluster iD 1","shardInfoToPubsubTopics","Wed Jul 16 23:59:11 GMT 2025","passed","Wed Jul 16 23:59:11 GMT 2025","","","",""
"","0","Store - dialed first","Wait for remote peer","Thu Jul 17 00:04:58 GMT 2025","passed","Thu Jul 17 00:04:58 GMT 2025","","","",""
"","0","should set field with only STORE enabled","ENR","Wed Jul 16 23:59:17 GMT 2025","passed","Wed Jul 16 23:59:17 GMT 2025","","waku2 key round trip","",""
"","0","Check received message with timestamp: 1752710427389000000 ","Waku Filter: FilterPush: Multiple Nodes: Strict Checking: false","Thu Jul 17 00:05:21 GMT 2025","passed","Thu Jul 17 00:05:21 GMT 2025","","","",""
"","0","connected peers and dial","Peer Exchange Query","Thu Jul 17 00:02:15 GMT 2025","skipped","Thu Jul 17 00:02:15 GMT 2025","","","",""
"","0","Subscribe and receives messages on 20 topics","Waku Filter: Subscribe: Multiple Service Nodes: Strict Check mode: true","Thu Jul 17 00:08:44 GMT 2025","passed","Thu Jul 17 00:08:44 GMT 2025","","","",""
"","0","should hash ""hello"" with n=1 and maxValue=10000 correctly","hashN","Thu Jul 17 00:00:06 GMT 2025","passed","Thu Jul 17 00:00:06 GMT 2025","","","",""
"","0","Push message with content topic containing long","Waku Light Push: Multiple Nodes: Strict Check: false","Thu Jul 17 00:10:25 GMT 2025","passed","Thu Jul 17 00:10:25 GMT 2025","","","",""
"","0","can start and stop the service","DNS Discovery: Compliance Test","Thu Jul 17 00:00:32 GMT 2025","passed","Thu Jul 17 00:00:32 GMT 2025","","interface-peer-discovery compliance tests","",""
"","0","Subscribe to topic containing JSON and receive message","Waku Filter: Subscribe: Multiple Service Nodes: Strict Check mode: false","Thu Jul 17 00:08:44 GMT 2025","passed","Thu Jul 17 00:08:44 GMT 2025","","","",""
"","0","Check message with no pubsub topic is not received","Waku Filter: FilterPush: Multiple Nodes: Strict Checking: false","Thu Jul 17 00:05:21 GMT 2025","passed","Thu Jul 17 00:05:21 GMT 2025","","","",""
"","0","retrieves a single peer","DNS Node Discovery","Wed Jul 16 23:59:35 GMT 2025","passed","Wed Jul 16 23:59:35 GMT 2025","","","",""
"","1","Unsubscribe from 100 topics (new limit) at once and receives messages","Waku Filter: Unsubscribe: Multiple Nodes: Strict Checking: false","Thu Jul 17 00:02:38 GMT 2025","passed","Thu Jul 17 00:02:38 GMT 2025","","","",""
"","0","Fails to publish message with size larger than 1 MB","Waku Relay, Publish","Thu Jul 17 00:02:40 GMT 2025","passed","Thu Jul 17 00:02:40 GMT 2025","","","",""
"","0","Used by Waku Relay","Decryption Keys","Thu Jul 17 00:04:51 GMT 2025","passed","Thu Jul 17 00:04:51 GMT 2025","","","",""
"","0","should extract SingleShardInfo from a valid PubsubTopic","pubsubTopicToSingleShardInfo with various invalid formats","Wed Jul 16 23:59:11 GMT 2025","passed","Wed Jul 16 23:59:11 GMT 2025","","","",""
"","0","should properly create location multiaddrs - tcp","ENR","Wed Jul 16 23:59:17 GMT 2025","passed","Wed Jul 16 23:59:17 GMT 2025","","Location multiaddr","",""
"","1","should return false when network is not connected","ConnectionManager","Wed Jul 16 23:59:27 GMT 2025","passed","Wed Jul 16 23:59:27 GMT 2025","","isConnected","",""
"","1","Overlapping topic subscription","Waku Filter: Subscribe: Multiple Service Nodes: Strict Check mode: true","Thu Jul 17 00:08:44 GMT 2025","passed","Thu Jul 17 00:08:44 GMT 2025","","","",""
"","0","Using a function","Waku Dial [node only]","Thu Jul 17 00:04:51 GMT 2025","passed","Thu Jul 17 00:04:51 GMT 2025","","Bootstrap","",""
"","0","Passing page size 110 when there are 120 messages","Waku Store, page size","Thu Jul 17 00:04:44 GMT 2025","passed","Thu Jul 17 00:04:44 GMT 2025","","","",""
"","1","should return only peers supporting the requested protocol and pubsub topic","PeerManager","Wed Jul 16 23:59:57 GMT 2025","passed","Wed Jul 16 23:59:57 GMT 2025","","","",""
"","0","should map different content topics to different pubsub topics based on shard index","contentTopicToPubsubTopic","Wed Jul 16 23:59:11 GMT 2025","passed","Wed Jul 16 23:59:11 GMT 2025","","","",""
"","0","should encode/decode to text encoding","ENR","Wed Jul 16 23:59:17 GMT 2025","passed","Wed Jul 16 23:59:17 GMT 2025","","Static tests","",""
"","0","should handle errors gracefully when getting peer info","ShardReader","Wed Jul 16 23:59:27 GMT 2025","passed","Wed Jul 16 23:59:27 GMT 2025","","error handling","",""
"","1","should dial all peers on dial","Dialing","Thu Jul 17 00:01:54 GMT 2025","passed","Thu Jul 17 00:01:54 GMT 2025","","","",""
"","0","should return false when peer is on different cluster","ShardReader","Wed Jul 16 23:59:27 GMT 2025","passed","Wed Jul 16 23:59:27 GMT 2025","","isPeerOnNetwork","",""
"","1","should hang up with PeerId and return true on success","ConnectionManager","Wed Jul 16 23:59:27 GMT 2025","passed","Wed Jul 16 23:59:27 GMT 2025","","hangUp","",""
"","0","Subscribe at once to 10000 topics and publish messages","Waku Relay, Subscribe","Thu Jul 17 00:02:46 GMT 2025","passed","Thu Jul 17 00:02:46 GMT 2025","","","",""
"","0","Push message with JSON payload","Waku Light Push: Multiple Nodes: Strict Check: true","Thu Jul 17 00:10:25 GMT 2025","passed","Thu Jul 17 00:10:25 GMT 2025","","","",""
"","1","ENRTree (tree): should error if DNS tree entry is misformatted","ENRTree","Wed Jul 16 23:59:35 GMT 2025","passed","Wed Jul 16 23:59:35 GMT 2025","","","",""
"","0","should dispatch CustomEvent with correct type and detail","NetworkMonitor","Wed Jul 16 23:59:26 GMT 2025","passed","Wed Jul 16 23:59:26 GMT 2025","","dispatchNetworkEvent","",""
"","0","Push to array if already present","pushOrInitMapSet","Wed Jul 16 23:59:11 GMT 2025","passed","Wed Jul 16 23:59:11 GMT 2025","","","",""
"","0","Push message with meta","Waku Light Push: Multiple Nodes: Strict Check: true","Thu Jul 17 00:10:25 GMT 2025","passed","Thu Jul 17 00:10:25 GMT 2025","","","",""
"","0","should return true when clusterId matches and shard is included in network shards","IWaku utils","Wed Jul 16 23:59:56 GMT 2025","passed","Wed Jul 16 23:59:56 GMT 2025","","isShardCompatible","",""
"","2","should not change state when connections remain after disconnect","NetworkMonitor","Wed Jul 16 23:59:26 GMT 2025","passed","Wed Jul 16 23:59:26 GMT 2025","","peer connection events","",""
"","1","Push message with content topic containing short","Waku Light Push: Multiple Nodes: Strict Check: true","Thu Jul 17 00:10:25 GMT 2025","passed","Thu Jul 17 00:10:25 GMT 2025","","","",""
"","0","Push message with content topic containing numeric","Waku Light Push: Multiple Nodes: Strict Check: false","Thu Jul 17 00:10:25 GMT 2025","passed","Thu Jul 17 00:10:25 GMT 2025","","","",""
"","0","should only return 1 node with relay capability","DNS Node Discovery w/ capabilities","Wed Jul 16 23:59:35 GMT 2025","passed","Wed Jul 16 23:59:35 GMT 2025","","","",""
"","0","should emit a peer event after start","Local Storage Discovery","Wed Jul 16 23:59:39 GMT 2025","passed","Wed Jul 16 23:59:39 GMT 2025","interface-peer-discovery compliance tests","Compliance Tests","",""
"","1","should be safe to call multiple times","Dialer","Wed Jul 16 23:59:27 GMT 2025","passed","Wed Jul 16 23:59:27 GMT 2025","","stop","",""
"","0","retrieves all peers (3) when branch entries are composed of multiple strings","DNS Node Discovery w/ capabilities","Wed Jul 16 23:59:35 GMT 2025","passed","Wed Jul 16 23:59:35 GMT 2025","","","",""
"","0","should return false when peer is not on the specified shard","ShardReader","Wed Jul 16 23:59:27 GMT 2025","passed","Wed Jul 16 23:59:27 GMT 2025","","isPeerOnShard","",""
"","0","All","ENR Interop: ServiceNode","Thu Jul 17 00:00:33 GMT 2025","passed","Thu Jul 17 00:00:33 GMT 2025","","","",""
"","4","should be safe to call multiple times","DiscoveryDialer","Wed Jul 16 23:59:26 GMT 2025","passed","Wed Jul 16 23:59:26 GMT 2025","","stop","",""
"","0","Ephemeral field is preserved - asymmetric encryption","Waku Message Ephemeral field","Thu Jul 17 00:00:34 GMT 2025","passed","Thu Jul 17 00:00:34 GMT 2025","","","",""
"","0","Push message with Russian payload","Waku Light Push: Multiple Nodes: Strict Check: false","Thu Jul 17 00:10:25 GMT 2025","passed","Thu Jul 17 00:10:25 GMT 2025","","","",""
"","0","receiving a ping from a peer does not overwrite shard info","Metadata Protocol","Thu Jul 17 00:01:36 GMT 2025","passed","Thu Jul 17 00:01:36 GMT 2025","","","",""
"","0","throws on content topic with non-number generation field","ensureValidContentTopic","Wed Jul 16 23:59:11 GMT 2025","passed","Wed Jul 16 23:59:11 GMT 2025","","","",""
"","1","should handle browser offline state overriding peer connections","NetworkMonitor","Wed Jul 16 23:59:26 GMT 2025","passed","Wed Jul 16 23:59:26 GMT 2025","","integration","",""
"","0","should hash """" with n=0 and maxValue=100 correctly","hashN","Thu Jul 17 00:00:06 GMT 2025","passed","Thu Jul 17 00:00:06 GMT 2025","","","",""
"","0","Subscribe and receive messages on 2 different content topics","Waku Filter: Subscribe: Multiple Service Nodes: Strict Check mode: false","Thu Jul 17 00:08:44 GMT 2025","passed","Thu Jul 17 00:08:44 GMT 2025","","","",""
"","0","should throw an error for non-numeric shard: /waku/2/rs/1/!","pubsubTopicToSingleShardInfo with various invalid formats","Wed Jul 16 23:59:11 GMT 2025","passed","Wed Jul 16 23:59:11 GMT 2025","","","",""
"","1","random static sharding 6 - Cluster ID: 661, Shard ID: 556","Static Sharding: Running Nodes","Thu Jul 17 00:04:26 GMT 2025","passed","Thu Jul 17 00:04:26 GMT 2025","","","",""
"","4","Register correct protocols","Waku Relay, Subscribe","Thu Jul 17 00:02:46 GMT 2025","passed","Thu Jul 17 00:02:46 GMT 2025","","","",""
"","2","should be able to dial TLS multiaddrs","Dialing","Thu Jul 17 00:01:54 GMT 2025","passed","Thu Jul 17 00:01:54 GMT 2025","","","",""
"","1","should handle clusterId, application and version for autosharding with cluster iD 6","shardInfoToPubsubTopics","Wed Jul 16 23:59:11 GMT 2025","passed","Wed Jul 16 23:59:11 GMT 2025","","","",""
"","0","should throw an error for missing sharding configuration","ensureShardingConfigured","Wed Jul 16 23:59:11 GMT 2025","passed","Wed Jul 16 23:59:11 GMT 2025","","","",""
"","0","should retry if all attempts fail","RetryManager","Wed Jul 16 23:59:55 GMT 2025","passed","Wed Jul 16 23:59:55 GMT 2025","","","",""
"","0","should hash ""Lorem ipsum dolor sit amet"" with n=5 and maxValue=10000 correctly","hashN","Thu Jul 17 00:00:06 GMT 2025","passed","Thu Jul 17 00:00:06 GMT 2025","","","",""
"","1","should remove event listeners from libp2p","NetworkMonitor","Wed Jul 16 23:59:26 GMT 2025","passed","Wed Jul 16 23:59:26 GMT 2025","","stop","",""
"","1","Push message with special chars payload","Waku Light Push: Multiple Nodes: Strict Check: true","Thu Jul 17 00:10:25 GMT 2025","passed","Thu Jul 17 00:10:25 GMT 2025","","","",""
"","0","should request peer renewal on specific errors","RetryManager","Wed Jul 16 23:59:55 GMT 2025","passed","Wed Jul 16 23:59:55 GMT 2025","","","",""
"","0","more peers than existing","Peer Exchange Query","Thu Jul 17 00:02:15 GMT 2025","skipped","Thu Jul 17 00:02:15 GMT 2025","","","",""
"","0","Subscribe to topic containing shell command and receive message","Waku Filter: Subscribe: Multiple Service Nodes: Strict Check mode: true","Thu Jul 17 00:08:44 GMT 2025","passed","Thu Jul 17 00:08:44 GMT 2025","","","",""
"","1","Push message with emoji payload","Waku Light Push: Multiple Nodes: Strict Check: false","Thu Jul 17 00:10:25 GMT 2025","passed","Thu Jul 17 00:10:25 GMT 2025","","","",""
"","0","isConnected should return true after first peer connects","Connection state","Thu Jul 17 00:00:48 GMT 2025","passed","Thu Jul 17 00:00:48 GMT 2025","","","",""
"","2","Ordered Callback - false","Waku Store, order","Thu Jul 17 00:04:35 GMT 2025","passed","Thu Jul 17 00:04:35 GMT 2025","","","",""
"","0","Check received message with timestamp: 1949153314000 ","Waku Filter: FilterPush: Multiple Nodes: Strict Checking: false","Thu Jul 17 00:05:21 GMT 2025","passed","Thu Jul 17 00:05:21 GMT 2025","","","",""
"","1","should hash """" with n=2 and maxValue=1000 correctly","hashN","Thu Jul 17 00:00:06 GMT 2025","passed","Thu Jul 17 00:00:06 GMT 2025","","","",""
"","2","3 nodes on /waku/2/rs/3/1 topic","Waku Relay, multiple pubsub topics","Thu Jul 17 00:02:31 GMT 2025","passed","Thu Jul 17 00:02:31 GMT 2025","","","",""
"","0","should properly create location multiaddrs - tcp4","ENR","Wed Jul 16 23:59:17 GMT 2025","passed","Wed Jul 16 23:59:17 GMT 2025","","Location multiaddr","",""
"","0","less peers than existing","Peer Exchange Query","Thu Jul 17 00:02:15 GMT 2025","skipped","Thu Jul 17 00:02:15 GMT 2025","","","",""
"","0","should remove messages without delivering if timeout is exceeded","MessageChannel","Thu Jul 17 00:00:11 GMT 2025","passed","Thu Jul 17 00:00:11 GMT 2025","","Sweeping incoming buffer","",""
"","0","3 nodes on /waku/2/rs/7/0 topic","Waku Relay (Autosharding), multiple pubsub topics","Thu Jul 17 00:02:31 GMT 2025","passed","Thu Jul 17 00:02:31 GMT 2025","","","",""
"","0","Subscribe to topic containing Russian and publish message","Waku Relay, Subscribe","Thu Jul 17 00:02:46 GMT 2025","passed","Thu Jul 17 00:02:46 GMT 2025","","","",""
"","3","should enable all discoveries when explicitly set","Default Peer Discoveries","Wed Jul 16 23:59:56 GMT 2025","passed","Wed Jul 16 23:59:56 GMT 2025","","","",""
"","1","Subscribe to topic containing XML and publish message","Waku Relay, Subscribe","Thu Jul 17 00:02:46 GMT 2025","passed","Thu Jul 17 00:02:46 GMT 2025","","","",""
"","4","returns all values when wanted number matches available values","Discovery","Wed Jul 16 23:59:35 GMT 2025","passed","Wed Jul 16 23:59:35 GMT 2025","","","",""
"","0","should handle relay send failures gracefully","KeepAliveManager","Wed Jul 16 23:59:27 GMT 2025","passed","Wed Jul 16 23:59:27 GMT 2025","","relay timer management","",""
"","0","Subscribe to topic containing shell command and publish message","Waku Relay, Subscribe","Thu Jul 17 00:02:46 GMT 2025","passed","Thu Jul 17 00:02:46 GMT 2025","","","",""
"","1","Push message with escaped characters payload","Waku Light Push: Multiple Nodes: Strict Check: true","Thu Jul 17 00:10:25 GMT 2025","passed","Thu Jul 17 00:10:25 GMT 2025","","","",""
"","0","should not receive a peer event after stop","Local Storage Discovery","Wed Jul 16 23:59:39 GMT 2025","passed","Wed Jul 16 23:59:39 GMT 2025","interface-peer-discovery compliance tests","Compliance Tests","",""
"","0","Decoder throws on empty string content topic","Ensures content topic is defined","Wed Jul 16 23:59:28 GMT 2025","passed","Wed Jul 16 23:59:28 GMT 2025","","","",""
"","0","throws on content topic with empty encoding field","ensureValidContentTopic","Wed Jul 16 23:59:11 GMT 2025","passed","Wed Jul 16 23:59:11 GMT 2025","","","",""
"","1","should be able to decode the field with ALL protocols set to false","ENR waku2 codec","Wed Jul 16 23:59:16 GMT 2025","passed","Wed Jul 16 23:59:16 GMT 2025","","Decoding","",""
"","0","should hash """" with n=0 and maxValue=1000 correctly","hashN","Thu Jul 17 00:00:06 GMT 2025","passed","Thu Jul 17 00:00:06 GMT 2025","","","",""
"","0","should handle network check errors gracefully","Dialer","Wed Jul 16 23:59:27 GMT 2025","passed","Wed Jul 16 23:59:27 GMT 2025","","shard reader integration","",""
"","0","Subscribe and receive ecies encrypted messages via lightPush","Waku Filter: Subscribe: Multiple Service Nodes: Strict Check mode: false","Thu Jul 17 00:08:44 GMT 2025","passed","Thu Jul 17 00:08:44 GMT 2025","","","",""
"","1","handles empty contentTopics array correctly","ensureShardingConfigured","Wed Jul 16 23:59:11 GMT 2025","passed","Wed Jul 16 23:59:11 GMT 2025","","","",""
"","1","should enable only localPeerCache when dns and peerExchange are disabled","Default Peer Discoveries","Wed Jul 16 23:59:56 GMT 2025","passed","Wed Jul 16 23:59:56 GMT 2025","","","",""
"","0","should throw error - no id","ENR","Wed Jul 16 23:59:17 GMT 2025","passed","Wed Jul 16 23:59:17 GMT 2025","","Txt codec","",""
"","1","should be able to encode the field with only LIGHTPUSH set to true","ENR waku2 codec","Wed Jul 16 23:59:16 GMT 2025","passed","Wed Jul 16 23:59:16 GMT 2025","","Encoding","",""
"","1","Subscribe to 30 topics in separate streams (30 streams for Filter is limit) at once and receives messages","Waku Filter: Subscribe: Multiple Service Nodes: Strict Check mode: false","Thu Jul 17 00:08:44 GMT 2025","skipped","Thu Jul 17 00:08:44 GMT 2025","","","",""
"","0","Query with Promise Callback, No message returned","Waku Store, error handling","Thu Jul 17 00:04:08 GMT 2025","passed","Thu Jul 17 00:04:08 GMT 2025","","","",""
"","0","should start the dialing interval","Dialer","Wed Jul 16 23:59:27 GMT 2025","passed","Wed Jul 16 23:59:27 GMT 2025","","start","",""
"","1","Subscribe and receive 2 messages on the same topic","Waku Filter: Subscribe: Multiple Service Nodes: Strict Check mode: false","Thu Jul 17 00:08:44 GMT 2025","passed","Thu Jul 17 00:08:44 GMT 2025","","","",""
"","1","Check received message containing short","Waku Filter: FilterPush: Multiple Nodes: Strict Checking: true","Thu Jul 17 00:05:21 GMT 2025","passed","Thu Jul 17 00:05:21 GMT 2025","","","",""
"","5","Passing page size 0 when there are 110 messages","Waku Store, page size","Thu Jul 17 00:04:44 GMT 2025","passed","Thu Jul 17 00:04:44 GMT 2025","","","",""
"","1","random auto sharding 9 - Cluster ID: 10, Content Topic: /app3/5/topic376/json","Autosharding: Running Nodes","Thu Jul 17 00:04:13 GMT 2025","passed","Thu Jul 17 00:04:13 GMT 2025","","","",""
"","0","should hash """" with n=0 and maxValue=10000 correctly","hashN","Thu Jul 17 00:00:06 GMT 2025","passed","Thu Jul 17 00:00:06 GMT 2025","","","",""
"","0","should not dispatch event when already connected","NetworkMonitor","Wed Jul 16 23:59:26 GMT 2025","passed","Wed Jul 16 23:59:26 GMT 2025","","peer connection events","",""
"","0","should start and stop interval correctly","RetryManager","Wed Jul 16 23:59:55 GMT 2025","passed","Wed Jul 16 23:59:55 GMT 2025","","","",""
"","0","should hash ""test123"" with n=0 and maxValue=100 correctly","hashN","Thu Jul 17 00:00:06 GMT 2025","passed","Thu Jul 17 00:00:06 GMT 2025","","","",""
"","0","should throw an error for empty SingleShardInfos array","singleShardInfosToShardInfo","Wed Jul 16 23:59:11 GMT 2025","passed","Wed Jul 16 23:59:11 GMT 2025","","","",""
"","4","Query generator for multiple messages","Waku Store, general","Thu Jul 17 00:04:44 GMT 2025","passed","Thu Jul 17 00:04:44 GMT 2025","","","",""
"","0","Fails to push message bigger that 1MB","Waku Light Push: Multiple Nodes: Strict Check: false","Thu Jul 17 00:10:25 GMT 2025","passed","Thu Jul 17 00:10:25 GMT 2025","","","",""
"","1","Push message with content topic containing emoji","Waku Light Push: Multiple Nodes: Strict Check: false","Thu Jul 17 00:10:25 GMT 2025","passed","Thu Jul 17 00:10:25 GMT 2025","","","",""
"","0","Push message with content topic containing JSON","Waku Light Push: Multiple Nodes: Strict Check: false","Thu Jul 17 00:10:25 GMT 2025","passed","Thu Jul 17 00:10:25 GMT 2025","","","",""
"","1","should throw error - invalid id","ENR","Wed Jul 16 23:59:17 GMT 2025","passed","Wed Jul 16 23:59:17 GMT 2025","","Verify","",""
"","0","should hash ""!@#$%^&*()"" with n=2 and maxValue=10000 correctly","hashN","Thu Jul 17 00:00:06 GMT 2025","passed","Thu Jul 17 00:00:06 GMT 2025","","","",""
"","0","should stop all internal components","ConnectionManager","Wed Jul 16 23:59:27 GMT 2025","passed","Wed Jul 16 23:59:27 GMT 2025","","stop","",""
"","1","should serialize and deserialize correctly","BloomFilter","Thu Jul 17 00:00:08 GMT 2025","passed","Thu Jul 17 00:00:08 GMT 2025","","","",""
"","1","should hash ""test123"" with n=0 and maxValue=1000 correctly","hashN","Thu Jul 17 00:00:06 GMT 2025","passed","Thu Jul 17 00:00:06 GMT 2025","","","",""
"","1","should not create relay timers when relay is not provided","KeepAliveManager","Wed Jul 16 23:59:27 GMT 2025","passed","Wed Jul 16 23:59:27 GMT 2025","","relay timer management","",""
"","0","msgTime: 19000 ms from now, startTime: 18990, endTime: 19010","Waku Store, time filter","Thu Jul 17 00:04:53 GMT 2025","passed","Thu Jul 17 00:04:53 GMT 2025","","","",""
"","0","can start and stop the service","Peer Exchange","Thu Jul 17 00:02:14 GMT 2025","passed","Thu Jul 17 00:02:14 GMT 2025","interface-peer-discovery compliance tests","Compliance Test","",""
"","1","Ordered Callback sorting by timestamp while page direction is true","Waku Store, sorting","Thu Jul 17 00:04:42 GMT 2025","passed","Thu Jul 17 00:04:42 GMT 2025","","","",""
"","0","Query with Promise Callback, Multiple PubsubTopics","Waku Store, error handling","Thu Jul 17 00:04:08 GMT 2025","passed","Thu Jul 17 00:04:08 GMT 2025","","","",""
"","0","should return a calculated topic if SingleShardInfo is provided","determinePubsubTopic","Wed Jul 16 23:59:11 GMT 2025","passed","Wed Jul 16 23:59:11 GMT 2025","","","",""
"","0","Reusing cursor across nodes","Waku Store, cursor","Thu Jul 17 00:03:59 GMT 2025","passed","Thu Jul 17 00:03:59 GMT 2025","","","",""
"","0","isConnected between 2 js-waku relay nodes","Connection state","Thu Jul 17 00:00:48 GMT 2025","passed","Thu Jul 17 00:00:48 GMT 2025","","","",""
"","0","should hash ""!@#$%^&*()"" with n=0 and maxValue=10000 correctly","hashN","Thu Jul 17 00:00:06 GMT 2025","passed","Thu Jul 17 00:00:06 GMT 2025","","","",""
"","0","Push message with Chinese payload","Waku Light Push: Multiple Nodes: Strict Check: true","Thu Jul 17 00:10:25 GMT 2025","passed","Thu Jul 17 00:10:25 GMT 2025","","","",""
"","0","should not fail to start the service if it is already started","Peer Exchange","Thu Jul 17 00:02:14 GMT 2025","passed","Thu Jul 17 00:02:14 GMT 2025","interface-peer-discovery compliance tests","Compliance Test","",""
"","1","rejects hash query with time filter","StoreQueryRequest validation","Wed Jul 16 23:59:27 GMT 2025","passed","Wed Jul 16 23:59:27 GMT 2025","","","",""
"","1","msgTime: -19000 ms from now, startTime: -20000, endTime: -19000","Waku Store, time filter","Thu Jul 17 00:04:53 GMT 2025","passed","Thu Jul 17 00:04:53 GMT 2025","","","",""
"","1","all px service nodes subscribed to the shard topic should be dialed","Static Sharding: Peer Management","Thu Jul 17 00:03:46 GMT 2025","passed","Thu Jul 17 00:03:46 GMT 2025","","Peer Exchange","",""
"","1","should not receive a peer event after stop","DNS Discovery: Compliance Test","Thu Jul 17 00:00:32 GMT 2025","passed","Thu Jul 17 00:00:32 GMT 2025","","interface-peer-discovery compliance tests","",""
"","0","ENRTree (root): should error if DNS root entry is malformed","ENRTree","Wed Jul 16 23:59:35 GMT 2025","passed","Wed Jul 16 23:59:35 GMT 2025","","","",""
"","0","should correctly map /waku/2/content/test.js to shard index 1","contentTopicToShardIndex","Wed Jul 16 23:59:11 GMT 2025","passed","Wed Jul 16 23:59:11 GMT 2025","","","",""
"","1","should handle complete connection lifecycle","NetworkMonitor","Wed Jul 16 23:59:26 GMT 2025","passed","Wed Jul 16 23:59:26 GMT 2025","","integration","",""
"","1","should load peers from local storage and dispatch events","Local Storage Discovery","Wed Jul 16 23:59:39 GMT 2025","passed","Wed Jul 16 23:59:39 GMT 2025","","Unit Tests","",""
"","0","random static sharding 4 - Cluster ID: 90, Shard ID: 385","Static Sharding: Running Nodes","Thu Jul 17 00:04:26 GMT 2025","passed","Thu Jul 17 00:04:26 GMT 2025","","","",""
"","1","should save new peer to store","DiscoveryDialer","Wed Jul 16 23:59:26 GMT 2025","passed","Wed Jul 16 23:59:26 GMT 2025","","updatePeerStore","",""
"","0","should hash ""test123"" with n=5 and maxValue=1000 correctly","hashN","Thu Jul 17 00:00:06 GMT 2025","passed","Thu Jul 17 00:00:06 GMT 2025","","","",""
"","1","should be able to decode the field with only RELAY set to true","ENR waku2 codec","Wed Jul 16 23:59:16 GMT 2025","passed","Wed Jul 16 23:59:16 GMT 2025","","Decoding","",""
"","0","Privacy Node - default protocol","Wait for remote peer","Thu Jul 17 00:04:58 GMT 2025","passed","Thu Jul 17 00:04:58 GMT 2025","","","",""
"","0","Query Generator, No Decoder","Waku Store, error handling","Thu Jul 17 00:04:08 GMT 2025","passed","Thu Jul 17 00:04:08 GMT 2025","","","",""
"","0","should be delivered but not added to local log or bloom filter","MessageChannel","Thu Jul 17 00:00:11 GMT 2025","passed","Thu Jul 17 00:00:11 GMT 2025","","Sync messages","",""
"","0","Push message with long payload","Waku Light Push: Multiple Nodes: Strict Check: true","Thu Jul 17 00:10:25 GMT 2025","passed","Thu Jul 17 00:10:25 GMT 2025","","","",""
"","0","should correctly map /app/20/sometopic/someencoding to shard index 15 with networkShards 16","contentTopicToShardIndex","Wed Jul 16 23:59:11 GMT 2025","passed","Wed Jul 16 23:59:11 GMT 2025","","","",""
"","0","Overlapping topic subscription","Waku Relay, Subscribe","Thu Jul 17 00:02:46 GMT 2025","skipped","Thu Jul 17 00:02:46 GMT 2025","","","",""
"","1","Push message with content topic containing Script","Waku Light Push: Multiple Nodes: Strict Check: true","Thu Jul 17 00:10:25 GMT 2025","passed","Thu Jul 17 00:10:25 GMT 2025","","","",""
"","0","Subscribe to topic containing unicode special characters and publish message","Waku Relay, Subscribe","Thu Jul 17 00:02:46 GMT 2025","passed","Thu Jul 17 00:02:46 GMT 2025","","","",""
"","0","Subscribe to topic containing unicode special characters and receive message","Waku Filter: Subscribe: Multiple Service Nodes: Strict Check mode: false","Thu Jul 17 00:08:44 GMT 2025","passed","Thu Jul 17 00:08:44 GMT 2025","","","",""
"","0","should be online or offline if network state changed","waku:connection","Thu Jul 17 00:00:48 GMT 2025","passed","Thu Jul 17 00:00:48 GMT 2025","","","",""
"","1","should do nothing if at or below maxBootstrapPeers","ConnectionLimiter","Wed Jul 16 23:59:27 GMT 2025","passed","Wed Jul 16 23:59:27 GMT 2025","","maintainBootstrapConnections","",""
"","0","different cluster, same shard: nodes don't connect","Metadata Protocol","Thu Jul 17 00:01:36 GMT 2025","passed","Thu Jul 17 00:01:36 GMT 2025","","connections","",""
"","0","Waku message hash computation (payload length 0)","Message Hash: RFC Test Vectors","Wed Jul 16 23:59:27 GMT 2025","passed","Wed Jul 16 23:59:27 GMT 2025","","","",""
"","1","should create a new stream if no existing for protocol found","StreamManager","Wed Jul 16 23:59:27 GMT 2025","passed","Wed Jul 16 23:59:27 GMT 2025","","","",""
"","0","Should update shard info","Peer Exchange Continuous Discovery","Thu Jul 17 00:01:55 GMT 2025","passed","Thu Jul 17 00:01:55 GMT 2025","","","",""
"","1","Subscribe and receive messages via lightPush","Waku Filter: Subscribe: Multiple Service Nodes: Strict Check mode: false","Thu Jul 17 00:08:44 GMT 2025","passed","Thu Jul 17 00:08:44 GMT 2025","","","",""
"","1","should handle dial errors gracefully","DiscoveryDialer","Wed Jul 16 23:59:26 GMT 2025","passed","Wed Jul 16 23:59:26 GMT 2025","","peer discovery handling","",""
"","0","should not requeue if maxAttempts is exhausted and no peer is available","RetryManager","Wed Jul 16 23:59:55 GMT 2025","passed","Wed Jul 16 23:59:55 GMT 2025","","","",""
"","0","random static sharding 10 - Cluster ID: 966, Shard ID: 545","Static Sharding: Running Nodes","Thu Jul 17 00:04:26 GMT 2025","passed","Thu Jul 17 00:04:26 GMT 2025","","","",""
"","0","Encoder throws on empty string content topic","Ensures content topic is defined","Wed Jul 16 23:59:28 GMT 2025","passed","Wed Jul 16 23:59:28 GMT 2025","","","",""
"","0","Js publishes, other Js receives","Waku Relay, Interop","Thu Jul 17 00:02:28 GMT 2025","passed","Thu Jul 17 00:02:28 GMT 2025","","","",""
"","0","should stop and cleanup resources","Filter Subscription","Wed Jul 16 23:59:57 GMT 2025","passed","Wed Jul 16 23:59:57 GMT 2025","","","",""
"","0","Subscribe to topic containing Chinese and publish message","Waku Relay, Subscribe","Thu Jul 17 00:02:46 GMT 2025","passed","Thu Jul 17 00:02:46 GMT 2025","","","",""
"","1","should clear timers for specific peer on disconnect","KeepAliveManager","Wed Jul 16 23:59:27 GMT 2025","passed","Wed Jul 16 23:59:27 GMT 2025","","timer cleanup","",""
"","0","should emit events and transition isConnected state when has peers or no peers","waku:connection","Thu Jul 17 00:00:48 GMT 2025","passed","Thu Jul 17 00:00:48 GMT 2025","","","",""
"","0","should hash """" with n=2 and maxValue=10000 correctly","hashN","Thu Jul 17 00:00:06 GMT 2025","passed","Thu Jul 17 00:00:06 GMT 2025","","","",""
"","0","should hash ""!@#$%^&*()"" with n=5 and maxValue=100 correctly","hashN","Thu Jul 17 00:00:06 GMT 2025","passed","Thu Jul 17 00:00:06 GMT 2025","","","",""
"","1","should drop only non-locked connections when over maxConnections","ConnectionLimiter","Wed Jul 16 23:59:27 GMT 2025","passed","Wed Jul 16 23:59:27 GMT 2025","","maintainConnectionsCount","",""
"","0","should return Multiaddr when Multiaddr input is provided","mapToPeerIdOrMultiaddr","Wed Jul 16 23:59:27 GMT 2025","passed","Wed Jul 16 23:59:27 GMT 2025","","","",""
"","1","should handle queue overflow by adding peers to queue","Dialer","Wed Jul 16 23:59:27 GMT 2025","passed","Wed Jul 16 23:59:27 GMT 2025","","dial","",""
"","3","should return false and handle errors gracefully","ConnectionManager","Wed Jul 16 23:59:27 GMT 2025","passed","Wed Jul 16 23:59:27 GMT 2025","","hangUp","",""
"","0","should skip updating peer store if peer has same addresses","DiscoveryDialer","Wed Jul 16 23:59:26 GMT 2025","passed","Wed Jul 16 23:59:26 GMT 2025","","updatePeerStore","",""
"","1","can start the service","Local Storage Discovery","Wed Jul 16 23:59:39 GMT 2025","passed","Wed Jul 16 23:59:39 GMT 2025","interface-peer-discovery compliance tests","Compliance Tests","",""
"","0","Passing cursor with wrong pubsubTopic for nwaku > 0.35.1","Waku Store, cursor","Thu Jul 17 00:03:59 GMT 2025","skipped","Thu Jul 17 00:03:59 GMT 2025","","","",""
"","3","Ordered Callback sorting by timestamp while page direction is false","Waku Store, sorting","Thu Jul 17 00:04:42 GMT 2025","passed","Thu Jul 17 00:04:42 GMT 2025","","","",""
"","0","should dispatch connect and disconnect events","PeerManager","Wed Jul 16 23:59:57 GMT 2025","passed","Wed Jul 16 23:59:57 GMT 2025","","","",""
"","0","Push message with content topic containing Basic HTML tag","Waku Light Push: Multiple Nodes: Strict Check: true","Thu Jul 17 00:10:25 GMT 2025","passed","Thu Jul 17 00:10:25 GMT 2025","","","",""
"","0","should start and setup intervals and event listeners","Filter Subscription","Wed Jul 16 23:59:57 GMT 2025","passed","Wed Jul 16 23:59:57 GMT 2025","","","",""
"","5","should handle peer disconnect event when no connections remain","NetworkMonitor","Wed Jul 16 23:59:26 GMT 2025","passed","Wed Jul 16 23:59:26 GMT 2025","","peer connection events","",""
"","0","should return unique PubsubTopics for static sharding","shardInfoToPubsubTopics","Wed Jul 16 23:59:11 GMT 2025","passed","Wed Jul 16 23:59:11 GMT 2025","","","",""
"","1","should properly create location multiaddrs - tcp6","ENR","Wed Jul 16 23:59:17 GMT 2025","passed","Wed Jul 16 23:59:17 GMT 2025","","Location multiaddr","",""
"","3","should hash ""hello"" with n=5 and maxValue=1000 correctly","hashN","Thu Jul 17 00:00:06 GMT 2025","passed","Thu Jul 17 00:00:06 GMT 2025","","","",""
"","0","should add event listeners to globalThis","NetworkMonitor","Wed Jul 16 23:59:26 GMT 2025","passed","Wed Jul 16 23:59:26 GMT 2025","","start","",""
"","0","Check message with no content topic is not received","Waku Filter: FilterPush: Multiple Nodes: Strict Checking: false","Thu Jul 17 00:05:21 GMT 2025","passed","Thu Jul 17 00:05:21 GMT 2025","","","",""
"","0","should hash """" with n=1 and maxValue=10000 correctly","hashN","Thu Jul 17 00:00:06 GMT 2025","passed","Thu Jul 17 00:00:06 GMT 2025","","","",""
"","0","should set field with all protocols disabled","ENR","Wed Jul 16 23:59:17 GMT 2025","passed","Wed Jul 16 23:59:17 GMT 2025","","waku2 key round trip","",""
"","0","random auto sharding 5 - Cluster ID: 10, Content Topic: /app87/8/topic860/json","Autosharding: Running Nodes","Thu Jul 17 00:04:13 GMT 2025","passed","Thu Jul 17 00:04:13 GMT 2025","","","",""
"","0","random auto sharding 3 - Cluster ID: 10, Content Topic: /app86/2/topic480/proto","Autosharding: Running Nodes","Thu Jul 17 00:04:13 GMT 2025","passed","Thu Jul 17 00:04:13 GMT 2025","","","",""
"","0","should not modify tags of connections for different peers","PeerManager","Wed Jul 16 23:59:57 GMT 2025","passed","Wed Jul 16 23:59:57 GMT 2025","","","",""
"","1","should hash ""Lorem ipsum dolor sit amet"" with n=1 and maxValue=10000 correctly","hashN","Thu Jul 17 00:00:06 GMT 2025","passed","Thu Jul 17 00:00:06 GMT 2025","","","",""
"","6","should handle errors when accessing navigator","NetworkMonitor","Wed Jul 16 23:59:26 GMT 2025","passed","Wed Jul 16 23:59:26 GMT 2025","","error handling","",""
"","0","Subscribe and receives messages on 20 topics","Waku Filter: Subscribe: Multiple Service Nodes: Strict Check mode: false","Thu Jul 17 00:08:44 GMT 2025","passed","Thu Jul 17 00:08:44 GMT 2025","","","",""
"","1","Push message with Script payload","Waku Light Push: Multiple Nodes: Strict Check: true","Thu Jul 17 00:10:25 GMT 2025","passed","Thu Jul 17 00:10:25 GMT 2025","","","",""
"","1","ignores domain fetching errors","DNS Node Discovery","Wed Jul 16 23:59:35 GMT 2025","passed","Wed Jul 16 23:59:35 GMT 2025","","","",""
"","1","should be able to encode the field with ALL protocols set to false","ENR waku2 codec","Wed Jul 16 23:59:16 GMT 2025","passed","Wed Jul 16 23:59:16 GMT 2025","","Encoding","",""
"","1","Publishes to nwaku","Waku Relay, Interop","Thu Jul 17 00:02:28 GMT 2025","passed","Thu Jul 17 00:02:28 GMT 2025","","","",""
"","1","should hash ""Lorem ipsum dolor sit amet"" with n=0 and maxValue=1000 correctly","hashN","Thu Jul 17 00:00:06 GMT 2025","passed","Thu Jul 17 00:00:06 GMT 2025","","","",""
"","0","Push message with content topic containing escaped characters","Waku Light Push: Multiple Nodes: Strict Check: true","Thu Jul 17 00:10:25 GMT 2025","passed","Thu Jul 17 00:10:25 GMT 2025","","","",""
"","0","should be sent with empty content","MessageChannel","Thu Jul 17 00:00:11 GMT 2025","passed","Thu Jul 17 00:00:11 GMT 2025","","Sync messages","",""
"","0","messageHashStr returns the same value as bytesToHex(messageHash)","messageHash and messageHashStr","Wed Jul 16 23:59:27 GMT 2025","passed","Wed Jul 16 23:59:27 GMT 2025","","","",""
"","0","should partition messages based on acknowledgement status","MessageChannel","Thu Jul 17 00:00:11 GMT 2025","passed","Thu Jul 17 00:00:11 GMT 2025","","Sweeping outgoing buffer","",""
"","0","Subscribe to topic containing emoji and receive message","Waku Filter: Subscribe: Multiple Service Nodes: Strict Check mode: true","Thu Jul 17 00:08:44 GMT 2025","passed","Thu Jul 17 00:08:44 GMT 2025","","","",""
"","0","Fails to publish message with wrong content topic","Waku Relay, Publish","Thu Jul 17 00:02:40 GMT 2025","passed","Thu Jul 17 00:02:40 GMT 2025","","","",""
"","1","should sort peers by ping value","ConnectionManager","Wed Jul 16 23:59:27 GMT 2025","passed","Wed Jul 16 23:59:27 GMT 2025","","getConnectedPeers","",""
"","0","should be empty after removing the only subscription","Filter Subscription","Wed Jul 16 23:59:57 GMT 2025","passed","Wed Jul 16 23:59:57 GMT 2025","","","",""
"","0","Subscribe to topic containing Script and receive message","Waku Filter: Subscribe: Multiple Service Nodes: Strict Check mode: false","Thu Jul 17 00:08:44 GMT 2025","passed","Thu Jul 17 00:08:44 GMT 2025","","","",""
"","1","should hash ""!@#$%^&*()"" with n=5 and maxValue=1000 correctly","hashN","Thu Jul 17 00:00:06 GMT 2025","passed","Thu Jul 17 00:00:06 GMT 2025","","","",""
"","0","Passing a valid cursor at 19 index when there are 50 messages","Waku Store, cursor","Thu Jul 17 00:03:59 GMT 2025","passed","Thu Jul 17 00:03:59 GMT 2025","","","",""
"","1","should invoke callbacks only when newly receiving message is given","Filter Subscription","Wed Jul 16 23:59:57 GMT 2025","passed","Wed Jul 16 23:59:57 GMT 2025","","","",""
"","1","Unsubscribe 1 topic - node subscribed to 1 topic","Waku Filter: Unsubscribe: Multiple Nodes: Strict Checking: false","Thu Jul 17 00:02:38 GMT 2025","passed","Thu Jul 17 00:02:38 GMT 2025","","","",""
"","0","should be able to encode the field with RELAY and FILTER protocols set to true","ENR waku2 codec","Wed Jul 16 23:59:16 GMT 2025","passed","Wed Jul 16 23:59:16 GMT 2025","","Encoding","",""
"","1","should decode valid enr with tcp successfully","ENR","Wed Jul 16 23:59:17 GMT 2025","passed","Wed Jul 16 23:59:17 GMT 2025","","Txt codec","",""
"","0","should update ack status of messages in outgoing buffer","MessageChannel","Thu Jul 17 00:00:11 GMT 2025","passed","Thu Jul 17 00:00:11 GMT 2025","","Sync messages","",""
"","0","Push message with short payload","Waku Light Push: Multiple Nodes: Strict Check: true","Thu Jul 17 00:10:25 GMT 2025","passed","Thu Jul 17 00:10:25 GMT 2025","","","",""
"","0","should clear existing timers before creating new ones","KeepAliveManager","Wed Jul 16 23:59:27 GMT 2025","passed","Wed Jul 16 23:59:27 GMT 2025","","timer cleanup","",""
"","0","Renews subscription after lossing a connection","Waku Filter: Subscribe: Multiple Service Nodes: Strict Check mode: false","Thu Jul 17 00:08:44 GMT 2025","passed","Thu Jul 17 00:08:44 GMT 2025","","","",""
"","0","Query Generator sorting by timestamp while page direction is false","Waku Store, sorting","Thu Jul 17 00:04:42 GMT 2025","passed","Thu Jul 17 00:04:42 GMT 2025","","","",""
"","0","should get all peers from store","ConnectionLimiter","Wed Jul 16 23:59:27 GMT 2025","passed","Wed Jul 16 23:59:27 GMT 2025","","dialPeersFromStore","",""
"","1","Subscribe to topic containing numeric and receive message","Waku Filter: Subscribe: Multiple Service Nodes: Strict Check mode: true","Thu Jul 17 00:08:44 GMT 2025","passed","Thu Jul 17 00:08:44 GMT 2025","","","",""
"","0","should throw an error for invalid PubsubTopic format: /waku/1/rs/1/2","pubsubTopicToSingleShardInfo with various invalid formats","Wed Jul 16 23:59:11 GMT 2025","passed","Wed Jul 16 23:59:11 GMT 2025","","","",""
"","0","should emit `waku:offline` event only when all peers disconnect","Connection state","Thu Jul 17 00:00:48 GMT 2025","passed","Thu Jul 17 00:00:48 GMT 2025","","","",""
"","0","should add and remove event listeners correctly","Local Storage Discovery","Wed Jul 16 23:59:39 GMT 2025","passed","Wed Jul 16 23:59:39 GMT 2025","","Unit Tests","",""
"","0","should return the pubsub topic directly if a string is provided","determinePubsubTopic","Wed Jul 16 23:59:11 GMT 2025","passed","Wed Jul 16 23:59:11 GMT 2025","","","",""
"","0","Ephemeral field set to true","Waku Message version 0","Wed Jul 16 23:59:28 GMT 2025","passed","Wed Jul 16 23:59:28 GMT 2025","","","",""
"","0","should throw an error for invalid PubsubTopic format: /incorrect/format","pubsubTopicToSingleShardInfo with various invalid formats","Wed Jul 16 23:59:11 GMT 2025","passed","Wed Jul 16 23:59:11 GMT 2025","","","",""
"","0","Fails to publish message with wrong pubsubtopic","Waku Relay, Publish","Thu Jul 17 00:02:40 GMT 2025","passed","Thu Jul 17 00:02:40 GMT 2025","","","",""
"","1","Push message with content topic containing short","Waku Light Push: Multiple Nodes: Strict Check: false","Thu Jul 17 00:10:25 GMT 2025","passed","Thu Jul 17 00:10:25 GMT 2025","","","",""
"","1","should hash ""!@#$%^&*()"" with n=0 and maxValue=100 correctly","hashN","Thu Jul 17 00:00:06 GMT 2025","passed","Thu Jul 17 00:00:06 GMT 2025","","","",""
"","0","Generator, custom pubsub topic","Waku Store, custom pubsub topic","Thu Jul 17 00:04:29 GMT 2025","passed","Thu Jul 17 00:04:29 GMT 2025","","","",""
"","0","should invoke callbacks when receiving a message","Filter Subscription","Wed Jul 16 23:59:57 GMT 2025","passed","Wed Jul 16 23:59:57 GMT 2025","","","",""
"","0","should allow a peer to be returned again after renewPeer is called","PeerManager","Wed Jul 16 23:59:57 GMT 2025","passed","Wed Jul 16 23:59:57 GMT 2025","","","",""
"","0","should hash ""hello"" with n=2 and maxValue=10000 correctly","hashN","Thu Jul 17 00:00:06 GMT 2025","passed","Thu Jul 17 00:00:06 GMT 2025","","","",""
"","0","should hash ""Lorem ipsum dolor sit amet"" with n=5 and maxValue=100 correctly","hashN","Thu Jul 17 00:00:06 GMT 2025","passed","Thu Jul 17 00:00:06 GMT 2025","","","",""
"","0","should remove event listeners","KeepAliveManager","Wed Jul 16 23:59:27 GMT 2025","passed","Wed Jul 16 23:59:27 GMT 2025","","stop","",""
"","0","should add CONNECTION_LOCKED_TAG to peer connections when locking","PeerManager","Wed Jul 16 23:59:57 GMT 2025","passed","Wed Jul 16 23:59:57 GMT 2025","","","",""
"","1","msgTime: -19000 ms from now, startTime: -18999, endTime: -18996","Waku Store, time filter","Thu Jul 17 00:04:53 GMT 2025","passed","Thu Jul 17 00:04:53 GMT 2025","","","",""
"","0","returns only open connection if one present","selectOpenConnection","Wed Jul 16 23:59:27 GMT 2025","passed","Wed Jul 16 23:59:27 GMT 2025","","","",""
"","0","should aggregate SingleShardInfos into a ShardInfo","singleShardInfosToShardInfo","Wed Jul 16 23:59:11 GMT 2025","passed","Wed Jul 16 23:59:11 GMT 2025","","","",""
"","0","Push message with short payload","Waku Light Push: Multiple Nodes: Strict Check: false","Thu Jul 17 00:10:25 GMT 2025","passed","Thu Jul 17 00:10:25 GMT 2025","","","",""
"","0","Ephemeral messages are not stored","Waku Message Ephemeral field","Thu Jul 17 00:00:34 GMT 2025","passed","Thu Jul 17 00:00:34 GMT 2025","","","",""
"","1","Subscribe to topic containing special chars and publish message","Waku Relay, Subscribe","Thu Jul 17 00:02:46 GMT 2025","passed","Thu Jul 17 00:02:46 GMT 2025","","","",""
"","0","should retrieve 3 multiaddrs for sandbox.waku.nodes.status.im","DNS Node Discovery [live data]","Wed Jul 16 23:59:35 GMT 2025","skipped","Wed Jul 16 23:59:35 GMT 2025","","","",""
"","0","should return no connections if no open connection provided","selectOpenConnection","Wed Jul 16 23:59:27 GMT 2025","passed","Wed Jul 16 23:59:27 GMT 2025","","","",""
"","1","Subscribe to topic containing Russian and receive message","Waku Filter: Subscribe: Multiple Service Nodes: Strict Check mode: true","Thu Jul 17 00:08:44 GMT 2025","passed","Thu Jul 17 00:08:44 GMT 2025","","","",""
"","0","Subscribe to topic containing emoji and receive message","Waku Filter: Subscribe: Multiple Service Nodes: Strict Check mode: false","Thu Jul 17 00:08:44 GMT 2025","passed","Thu Jul 17 00:08:44 GMT 2025","","","",""
"","0","Decoder throws on undefined content topic","Ensures content topic is defined","Wed Jul 16 23:59:45 GMT 2025","passed","Wed Jul 16 23:59:45 GMT 2025","","","",""
"","4","should clear all timers","KeepAliveManager","Wed Jul 16 23:59:27 GMT 2025","passed","Wed Jul 16 23:59:27 GMT 2025","","stop","",""
"","1","should remove expired entries after TTL has passed","TTLSet","Wed Jul 16 23:59:55 GMT 2025","passed","Wed Jul 16 23:59:55 GMT 2025","","","",""
"","0","should insert message into bloom filter","MessageChannel","Thu Jul 17 00:00:11 GMT 2025","passed","Thu Jul 17 00:00:11 GMT 2025","","sending a message ","",""
"","1","should hash """" with n=5 and maxValue=10000 correctly","hashN","Thu Jul 17 00:00:06 GMT 2025","passed","Thu Jul 17 00:00:06 GMT 2025","","","",""
"","0","should correctly map a content topic to a pubsub topic","contentTopicToPubsubTopic","Wed Jul 16 23:59:11 GMT 2025","passed","Wed Jul 16 23:59:11 GMT 2025","","","",""
"","0","should wait for Store peer to be connected","waitForRemotePeer","Wed Jul 16 23:59:57 GMT 2025","passed","Wed Jul 16 23:59:57 GMT 2025","","","",""
"","0","should be empty when created","Filter Subscription","Wed Jul 16 23:59:57 GMT 2025","passed","Wed Jul 16 23:59:57 GMT 2025","","","",""
"","0","should handle empty pubsub topics","KeepAliveManager","Wed Jul 16 23:59:27 GMT 2025","passed","Wed Jul 16 23:59:27 GMT 2025","","edge cases","",""
"","0","Query with Promise Callback, No Decoder","Waku Store, error handling","Thu Jul 17 00:04:08 GMT 2025","passed","Thu Jul 17 00:04:08 GMT 2025","","","",""
"","1","should wait for Filter peer to be connected","waitForRemotePeer","Wed Jul 16 23:59:57 GMT 2025","passed","Wed Jul 16 23:59:57 GMT 2025","","","",""
"","0","Ephemeral field is preserved - symmetric encryption","Waku Message Ephemeral field","Thu Jul 17 00:00:34 GMT 2025","passed","Thu Jul 17 00:00:34 GMT 2025","","","",""
"","0","Relay","ENR Interop: ServiceNode","Thu Jul 17 00:00:33 GMT 2025","passed","Thu Jul 17 00:00:33 GMT 2025","","","",""
"","1","should handle renewPeer for a non-existent or disconnected peer gracefully","PeerManager","Wed Jul 16 23:59:57 GMT 2025","passed","Wed Jul 16 23:59:57 GMT 2025","","","",""
"","0","should use DNS peer discovery with light client","DNS Node Discovery [live data]","Thu Jul 17 00:00:32 GMT 2025","skipped","Thu Jul 17 00:00:32 GMT 2025","","","",""
"","0","Refresh subscription","Waku Filter: Subscribe: Multiple Service Nodes: Strict Check mode: false","Thu Jul 17 00:08:44 GMT 2025","passed","Thu Jul 17 00:08:44 GMT 2025","","","",""
"","1","should dial with multiaddr and return stream","ConnectionManager","Wed Jul 16 23:59:27 GMT 2025","passed","Wed Jul 16 23:59:27 GMT 2025","","dial","",""
"","0","should return PeerId when PeerId is provided","mapToPeerId","Wed Jul 16 23:59:27 GMT 2025","passed","Wed Jul 16 23:59:27 GMT 2025","","","",""
"","0","should hash """" with n=5 and maxValue=100 correctly","hashN","Thu Jul 17 00:00:06 GMT 2025","passed","Thu Jul 17 00:00:06 GMT 2025","","","",""
"","1","Subscribe to topic containing XML and receive message","Waku Filter: Subscribe: Multiple Service Nodes: Strict Check mode: false","Thu Jul 17 00:08:44 GMT 2025","passed","Thu Jul 17 00:08:44 GMT 2025","","","",""
"","1","should return false when peer is on different cluster","ShardReader","Wed Jul 16 23:59:27 GMT 2025","passed","Wed Jul 16 23:59:27 GMT 2025","","isPeerOnShard","",""
"","0","should set default options when no config provided","ConnectionManager","Wed Jul 16 23:59:27 GMT 2025","passed","Wed Jul 16 23:59:27 GMT 2025","","constructor","",""
"","0","Subscribe to topic containing Chinese and receive message","Waku Filter: Subscribe: Multiple Service Nodes: Strict Check mode: false","Thu Jul 17 00:08:44 GMT 2025","passed","Thu Jul 17 00:08:44 GMT 2025","","","",""
"","1","should throw an error for non-numeric clusterId: /waku/2/rs/y/1","pubsubTopicToSingleShardInfo with various invalid formats","Wed Jul 16 23:59:11 GMT 2025","passed","Wed Jul 16 23:59:11 GMT 2025","","","",""
"","0","Generator, with asymmetric & symmetric encrypted messages","Waku Store, general","Thu Jul 17 00:04:44 GMT 2025","passed","Thu Jul 17 00:04:44 GMT 2025","","","",""
