"DESCRIPTION","DURATION IN MS","NAME","PARENT SUITE","START TIME","STATUS","STOP TIME","SUB SUITE","SUITE","TEST CLASS","TEST METHOD"
"","0","random auto sharding 10 - Cluster ID: 10, Content Topic: /app77/9/topic219/utf8","Autosharding: Running Nodes","Fri Apr 18 15:49:39 GMT 2025","passed","Fri Apr 18 15:49:39 GMT 2025","","","",""
"","0","Check received message containing Russian","Waku Filter V2: FilterPush: Multiple Nodes: Strict Checking: false","Fri Apr 18 15:52:36 GMT 2025","passed","Fri Apr 18 15:52:36 GMT 2025","","","",""
"","1","Check publish message containing Russian","Waku Relay, Publish","Fri Apr 18 15:47:56 GMT 2025","passed","Fri Apr 18 15:47:56 GMT 2025","","","",""
"","0","should return empty list for no shard","shardInfoToPubsubTopics","Fri Apr 18 15:44:33 GMT 2025","passed","Fri Apr 18 15:44:33 GMT 2025","","","",""
"","1","should hash ""hello"" with n=5 and maxValue=10000 correctly","hashN","Fri Apr 18 15:45:25 GMT 2025","passed","Fri Apr 18 15:45:25 GMT 2025","","","",""
"","0","Unsubscribes all - node subscribed to 10 topics","Waku Filter V2: Unsubscribe: Multiple Nodes: Strict Checking: true","Fri Apr 18 15:47:55 GMT 2025","passed","Fri Apr 18 15:47:55 GMT 2025","","","",""
"","0","Subscribe to topic containing SQL Injection and receive message","Waku Filter V2: Subscribe: Multiple Service Nodes: Strict Check mode: false","Fri Apr 18 15:54:12 GMT 2025","passed","Fri Apr 18 15:54:12 GMT 2025","","","",""
"","0","`waku:online` between 2 js-waku relay nodes","Connection state","Fri Apr 18 15:46:03 GMT 2025","passed","Fri Apr 18 15:46:03 GMT 2025","","","",""
"","0","should hash ""!@#$%^&*()"" with n=5 and maxValue=1000 correctly","hashN","Fri Apr 18 15:45:25 GMT 2025","passed","Fri Apr 18 15:45:25 GMT 2025","","","",""
"","0","Push message with Arabic payload","Waku Light Push: Multiple Nodes: Strict Check: true","Fri Apr 18 15:56:13 GMT 2025","passed","Fri Apr 18 15:56:13 GMT 2025","","","",""
"","1","1 Relay, 1 fetch","Fetch nodes until capabilities are fulfilled","Fri Apr 18 15:44:55 GMT 2025","passed","Fri Apr 18 15:44:55 GMT 2025","","","",""
"","2","Check publish message containing Chinese","Waku Relay, Publish","Fri Apr 18 15:47:56 GMT 2025","passed","Fri Apr 18 15:47:56 GMT 2025","","","",""
"","1","should set field with all protocols enabled","ENR","Fri Apr 18 15:44:42 GMT 2025","passed","Fri Apr 18 15:44:42 GMT 2025","","waku2 key round trip","",""
"","0","Sets default value correctly","User Agent","Fri Apr 18 15:50:18 GMT 2025","passed","Fri Apr 18 15:50:18 GMT 2025","","","",""
"","0","should hash ""test123"" with n=2 and maxValue=10000 correctly","hashN","Fri Apr 18 15:45:25 GMT 2025","passed","Fri Apr 18 15:45:25 GMT 2025","","","",""
"","0","should throw error - no id","ENR","Fri Apr 18 15:44:42 GMT 2025","passed","Fri Apr 18 15:44:42 GMT 2025","","Txt codec","",""
"","2","random auto sharding 8 - Cluster ID: 10, Content Topic: /app63/3/topic601/proto","Autosharding: Running Nodes","Fri Apr 18 15:49:39 GMT 2025","passed","Fri Apr 18 15:49:39 GMT 2025","","","",""
"","0","Check received message with timestamp: 1949153314000 ","Waku Filter V2: FilterPush: Multiple Nodes: Strict Checking: true","Fri Apr 18 15:52:36 GMT 2025","passed","Fri Apr 18 15:52:36 GMT 2025","","","",""
"","1","Subscribe and receive messages on 2 different content topics","Waku Filter V2: Subscribe: Multiple Service Nodes: Strict Check mode: false","Fri Apr 18 15:54:12 GMT 2025","passed","Fri Apr 18 15:54:12 GMT 2025","","","",""
"","0","should be delivered but not added to local log or bloom filter","MessageChannel","Fri Apr 18 15:45:26 GMT 2025","passed","Fri Apr 18 15:45:26 GMT 2025","","Sync messages","",""
"","0","Relay + Store","ENR","Fri Apr 18 15:44:42 GMT 2025","passed","Fri Apr 18 15:44:42 GMT 2025","","Waku2 key: decode","",""
"","0","new peer added after a peer was already found","Peer Exchange","Fri Apr 18 15:47:49 GMT 2025","skipped","Fri Apr 18 15:47:49 GMT 2025","","","",""
"","0","Push message with content topic containing escaped characters","Waku Light Push: Multiple Nodes: Strict Check: true","Fri Apr 18 15:56:13 GMT 2025","passed","Fri Apr 18 15:56:13 GMT 2025","","","",""
"","0","Check publish message after service node is restarted","Waku Relay, Publish","Fri Apr 18 15:47:56 GMT 2025","skipped","Fri Apr 18 15:47:56 GMT 2025","","","",""
"","0","different cluster, same shard: nodes don't connect","Metadata Protocol","Fri Apr 18 15:46:52 GMT 2025","passed","Fri Apr 18 15:46:52 GMT 2025","","connections","",""
"","0","should correctly encode and decode relay shards using rsv format (Bit Vector)","Relay Shard codec","Fri Apr 18 15:44:33 GMT 2025","passed","Fri Apr 18 15:44:33 GMT 2025","","","",""
"","0","Subscribe and receives messages on 20 topics","Waku Filter V2: Subscribe: Multiple Service Nodes: Strict Check mode: true","Fri Apr 18 15:54:12 GMT 2025","passed","Fri Apr 18 15:54:12 GMT 2025","","","",""
"","0","should hash ""hello"" with n=0 and maxValue=1000 correctly","hashN","Fri Apr 18 15:45:25 GMT 2025","passed","Fri Apr 18 15:45:25 GMT 2025","","","",""
"","0","handles empty shards array correctly","ensureShardingConfigured","Fri Apr 18 15:44:33 GMT 2025","passed","Fri Apr 18 15:44:33 GMT 2025","","","",""
"","0","should not be called more than DEFAULT_MAX_BOOTSTRAP_PEERS_ALLOWED times for bootstrap peers","Dials","Fri Apr 18 15:45:51 GMT 2025","passed","Fri Apr 18 15:45:51 GMT 2025","For bootstrap peers","dialPeer method","",""
"","4","configure the node with multiple content topics","Autosharding: Running Nodes","Fri Apr 18 15:49:39 GMT 2025","passed","Fri Apr 18 15:49:39 GMT 2025","","","",""
"","0","should extract SingleShardInfo from a valid PubsubTopic","pubsubTopicToSingleShardInfo with various invalid formats","Fri Apr 18 15:44:33 GMT 2025","passed","Fri Apr 18 15:44:33 GMT 2025","","","",""
"","0","isConnected return false after peer stops","Connection state","Fri Apr 18 15:46:03 GMT 2025","passed","Fri Apr 18 15:46:03 GMT 2025","","","",""
"","0","Check received message containing Russian","Waku Filter V2: FilterPush: Multiple Nodes: Strict Checking: true","Fri Apr 18 15:52:36 GMT 2025","passed","Fri Apr 18 15:52:36 GMT 2025","","","",""
"","1","can start the service","DNS Discovery: Compliance Test","Fri Apr 18 15:45:47 GMT 2025","passed","Fri Apr 18 15:45:47 GMT 2025","","interface-peer-discovery compliance tests","",""
"","0","isConnected between 2 js-waku relay nodes","Connection state","Fri Apr 18 15:46:03 GMT 2025","passed","Fri Apr 18 15:46:03 GMT 2025","","","",""
"","0","should emit events and trasition isConnected state when has peers or no peers","Events","Fri Apr 18 15:45:43 GMT 2025","passed","Fri Apr 18 15:45:43 GMT 2025","","waku:connection","",""
"","0","Subscribe to topic containing escaped characters and receive message","Waku Filter V2: Subscribe: Multiple Service Nodes: Strict Check mode: true","Fri Apr 18 15:54:12 GMT 2025","passed","Fri Apr 18 15:54:12 GMT 2025","","","",""
"","0","Publishes to nwaku","Waku Relay, Interop","Fri Apr 18 15:47:43 GMT 2025","passed","Fri Apr 18 15:47:43 GMT 2025","","","",""
"","0","should retrieve 3 multiaddrs for test.waku.nodes.status.im","DNS Node Discovery [live data]","Fri Apr 18 15:44:56 GMT 2025","skipped","Fri Apr 18 15:44:56 GMT 2025","","","",""
"","1","Ephemeral messages are not stored","Waku Message Ephemeral field","Fri Apr 18 15:45:50 GMT 2025","passed","Fri Apr 18 15:45:50 GMT 2025","","","",""
"","1","should throw error - no public key","ENR","Fri Apr 18 15:44:42 GMT 2025","passed","Fri Apr 18 15:44:42 GMT 2025","","Txt codec","",""
"","0","should add to incoming buffer if dependencies are not met","MessageChannel","Fri Apr 18 15:45:26 GMT 2025","passed","Fri Apr 18 15:45:26 GMT 2025","","receiving a message","",""
"","1","Subscribe and receive symmetrically encrypted messages via lightPush","Waku Filter V2: Subscribe: Multiple Service Nodes: Strict Check mode: false","Fri Apr 18 15:54:12 GMT 2025","passed","Fri Apr 18 15:54:12 GMT 2025","","","",""
"","0","stop","Public methods","Fri Apr 18 15:46:23 GMT 2025","passed","Fri Apr 18 15:46:23 GMT 2025","","","",""
"","3","Check publish message containing Arabic","Waku Relay, Publish","Fri Apr 18 15:47:56 GMT 2025","passed","Fri Apr 18 15:47:56 GMT 2025","","","",""
"","0","Decoder throws on empty string content topic","Ensures content topic is defined","Fri Apr 18 15:45:05 GMT 2025","passed","Fri Apr 18 15:45:05 GMT 2025","","","",""
"","0","should hash """" with n=5 and maxValue=10000 correctly","hashN","Fri Apr 18 15:45:25 GMT 2025","passed","Fri Apr 18 15:45:25 GMT 2025","","","",""
"","1","Register correct protocols","Waku Relay, Subscribe","Fri Apr 18 15:47:59 GMT 2025","passed","Fri Apr 18 15:47:59 GMT 2025","","","",""
"","1","Query generator for multiple messages","Waku Store, general","Fri Apr 18 15:49:57 GMT 2025","passed","Fri Apr 18 15:49:57 GMT 2025","","","",""
"","0","1 Relay, 1 Filter, gives up","Fetch nodes until capabilities are fulfilled","Fri Apr 18 15:44:55 GMT 2025","passed","Fri Apr 18 15:44:55 GMT 2025","","","",""
"","1","should retrieve 3 multiaddrs for test.waku.nodes.status.im","DNS Node Discovery [live data]","Fri Apr 18 15:45:47 GMT 2025","skipped","Fri Apr 18 15:45:47 GMT 2025","","","",""
"","2","should emit `peer:discovery:bootstrap` event when a peer is discovered","Events","Fri Apr 18 15:45:43 GMT 2025","passed","Fri Apr 18 15:45:43 GMT 2025","","peer:discovery","",""
"","1","should be able to encode the field with STORE and LIGHTPUSH protocols set to true","ENR waku2 codec","Fri Apr 18 15:44:41 GMT 2025","passed","Fri Apr 18 15:44:41 GMT 2025","","Encoding","",""
"","1","Subscribe to topic containing long and publish message","Waku Relay, Subscribe","Fri Apr 18 15:47:59 GMT 2025","passed","Fri Apr 18 15:47:59 GMT 2025","","","",""
"","1","should increase lamport timestamp","MessageChannel","Fri Apr 18 15:45:26 GMT 2025","passed","Fri Apr 18 15:45:26 GMT 2025","","sending a message ","",""
"","1","getPeersByDiscovery","Peer Exchange","Fri Apr 18 15:47:49 GMT 2025","passed","Fri Apr 18 15:47:49 GMT 2025","","","",""
"","0","should insert message id into causal history","MessageChannel","Fri Apr 18 15:45:26 GMT 2025","passed","Fri Apr 18 15:45:26 GMT 2025","","sending a message ","",""
"","0","handles different networkShards values correctly","contentTopicsByPubsubTopic","Fri Apr 18 15:44:33 GMT 2025","passed","Fri Apr 18 15:44:33 GMT 2025","","","",""
"","0","Push message equal or less that 1MB","Waku Light Push: Multiple Nodes: Strict Check: true","Fri Apr 18 15:56:13 GMT 2025","passed","Fri Apr 18 15:56:13 GMT 2025","","","",""
"","1","Passing page size 3 when there are 20 messages","Waku Store, page size","Fri Apr 18 15:50:11 GMT 2025","passed","Fri Apr 18 15:50:11 GMT 2025","","","",""
"","0","Generator, 2 nwaku nodes each with different pubsubtopics","Waku Store (named sharding), custom pubsub topic","Fri Apr 18 15:49:56 GMT 2025","passed","Fri Apr 18 15:49:56 GMT 2025","","","",""
"","2","Round trip binary encryption [symmetric, no signature]","Symmetric Encryption","Fri Apr 18 15:45:05 GMT 2025","passed","Fri Apr 18 15:45:05 GMT 2025","","","",""
"","0","Check received message containing short","Waku Filter V2: FilterPush: Multiple Nodes: Strict Checking: false","Fri Apr 18 15:52:36 GMT 2025","passed","Fri Apr 18 15:52:36 GMT 2025","","","",""
"","0","Subscribe and receive messages on 2 different content topics","Waku Filter V2: Subscribe: Multiple Service Nodes: Strict Check mode: true","Fri Apr 18 15:54:12 GMT 2025","passed","Fri Apr 18 15:54:12 GMT 2025","","","",""
"","2","random auto sharding 3 - Cluster ID: 10, Content Topic: /app84/10/topic34/utf8","Autosharding: Running Nodes","Fri Apr 18 15:49:39 GMT 2025","passed","Fri Apr 18 15:49:39 GMT 2025","","","",""
"","0","3 nodes on /waku/2/rs/3/1 topic","Waku Relay, multiple pubsub topics","Fri Apr 18 15:47:46 GMT 2025","passed","Fri Apr 18 15:47:46 GMT 2025","","","",""
"","0","should be called for peers with PEER_EXCHANGE tags","Dials","Fri Apr 18 15:45:51 GMT 2025","passed","Fri Apr 18 15:45:51 GMT 2025","For peer-exchange peers","dialPeer method","",""
"","1","Ordered Callback - false","Waku Store, order","Fri Apr 18 15:50:00 GMT 2025","passed","Fri Apr 18 15:50:00 GMT 2025","","","",""
"","1","Passing a valid cursor at 19 index when there are 20 messages","Waku Store, cursor","Fri Apr 18 15:49:12 GMT 2025","passed","Fri Apr 18 15:49:12 GMT 2025","","","",""
"","1","ignores domain fetching errors","DNS Node Discovery","Fri Apr 18 15:44:56 GMT 2025","passed","Fri Apr 18 15:44:56 GMT 2025","","","",""
"","0","should return different streams if requested simultaniously","StreamManager","Fri Apr 18 15:44:47 GMT 2025","passed","Fri Apr 18 15:44:47 GMT 2025","","","",""
"","1","should emit `peer:discovery:peer-exchange` event when a peer is discovered","Events","Fri Apr 18 15:45:43 GMT 2025","passed","Fri Apr 18 15:45:43 GMT 2025","","peer:discovery","",""
"","0","Light Node - default protocols","Wait for remote peer","Fri Apr 18 15:50:23 GMT 2025","passed","Fri Apr 18 15:50:23 GMT 2025","","","",""
"","1","Push message with short payload","Waku Light Push: Multiple Nodes: Strict Check: true","Fri Apr 18 15:56:13 GMT 2025","passed","Fri Apr 18 15:56:13 GMT 2025","","","",""
"","0","Unsubscribe 1 topic - node subscribed to 2 topics","Waku Filter V2: Unsubscribe: Multiple Nodes: Strict Checking: true","Fri Apr 18 15:47:55 GMT 2025","passed","Fri Apr 18 15:47:55 GMT 2025","","","",""
"","0","should deliver messages after dependencies are met","MessageChannel","Fri Apr 18 15:45:26 GMT 2025","passed","Fri Apr 18 15:45:26 GMT 2025","","Sweeping incoming buffer","",""
"","1","should increase lamport timestamp","MessageChannel","Fri Apr 18 15:45:26 GMT 2025","passed","Fri Apr 18 15:45:26 GMT 2025","","receiving a message","",""
"","0","n1 and n2 uses a custom pubsub, n3 uses the default pubsub","Waku Relay, multiple pubsub topics","Fri Apr 18 15:47:46 GMT 2025","passed","Fri Apr 18 15:47:46 GMT 2025","","","",""
"","0","should hash ""test123"" with n=1 and maxValue=10000 correctly","hashN","Fri Apr 18 15:45:25 GMT 2025","passed","Fri Apr 18 15:45:25 GMT 2025","","","",""
"","0","Sign & Recover","Waku Encryption","Fri Apr 18 15:45:06 GMT 2025","passed","Fri Apr 18 15:45:06 GMT 2025","","","",""
"","1","Decoder throws on undefined content topic","Ensures content topic is defined","Fri Apr 18 15:45:05 GMT 2025","passed","Fri Apr 18 15:45:05 GMT 2025","","","",""
"","1","Check message with no payload is not received","Waku Filter V2: FilterPush: Multiple Nodes: Strict Checking: true","Fri Apr 18 15:52:36 GMT 2025","passed","Fri Apr 18 15:52:36 GMT 2025","","","",""
"","0","Overlapping topic subscription","Waku Filter V2: Subscribe: Multiple Service Nodes: Strict Check mode: true","Fri Apr 18 15:54:12 GMT 2025","passed","Fri Apr 18 15:54:12 GMT 2025","","","",""
"","0","Check received message containing long","Waku Filter V2: FilterPush: Multiple Nodes: Strict Checking: true","Fri Apr 18 15:52:36 GMT 2025","passed","Fri Apr 18 15:52:36 GMT 2025","","","",""
"","0","should handle general insertion and lookup correctly","BloomFilter with special patterns","Fri Apr 18 15:45:27 GMT 2025","passed","Fri Apr 18 15:45:27 GMT 2025","","","",""
"","1","Subscribe to topic containing unicode special characters and receive message","Waku Filter V2: Subscribe: Multiple Service Nodes: Strict Check mode: false","Fri Apr 18 15:54:12 GMT 2025","passed","Fri Apr 18 15:54:12 GMT 2025","","","",""
"","0","Check received message containing short","Waku Filter V2: FilterPush: Multiple Nodes: Strict Checking: true","Fri Apr 18 15:52:36 GMT 2025","passed","Fri Apr 18 15:52:36 GMT 2025","","","",""
"","0","Used by Waku Relay","Decryption Keys","Fri Apr 18 15:50:18 GMT 2025","passed","Fri Apr 18 15:50:18 GMT 2025","","","",""
"","0","Ephemeral field is preserved - encoder v0","Waku Message Ephemeral field","Fri Apr 18 15:45:50 GMT 2025","passed","Fri Apr 18 15:45:50 GMT 2025","","","",""
"","0","should emit a peer event after start","Peer Exchange","Fri Apr 18 15:47:29 GMT 2025","passed","Fri Apr 18 15:47:29 GMT 2025","interface-peer-discovery compliance tests","Compliance Test","",""
"","0","Check received message containing JSON","Waku Filter V2: FilterPush: Multiple Nodes: Strict Checking: false","Fri Apr 18 15:52:36 GMT 2025","passed","Fri Apr 18 15:52:36 GMT 2025","","","",""
"","1","should throw an error for non-numeric shard: /waku/2/rs/1/","pubsubTopicToSingleShardInfo with various invalid formats","Fri Apr 18 15:44:33 GMT 2025","passed","Fri Apr 18 15:44:33 GMT 2025","","","",""
"","0","Push message with custom timestamp: 1744987563889","Waku Light Push: Multiple Nodes: Strict Check: false","Fri Apr 18 15:56:13 GMT 2025","passed","Fri Apr 18 15:56:13 GMT 2025","","","",""
"","1","should be able to encode the field with RELAY and FILTER protocols set to true","ENR waku2 codec","Fri Apr 18 15:44:41 GMT 2025","passed","Fri Apr 18 15:44:41 GMT 2025","","Encoding","",""
"","0","Generator, custom pubsub topic","Waku Store, custom pubsub topic","Fri Apr 18 15:49:56 GMT 2025","passed","Fri Apr 18 15:49:56 GMT 2025","","","",""
"","1","should return valid sharding parameters for static sharding","ensureShardingConfigured","Fri Apr 18 15:44:33 GMT 2025","passed","Fri Apr 18 15:44:33 GMT 2025","","","",""
"","1","Sample","ENR multiaddrs codec","Fri Apr 18 15:44:41 GMT 2025","passed","Fri Apr 18 15:44:41 GMT 2025","","","",""
"","1","Passing page size 11 when there are 10 messages","Waku Store, page size","Fri Apr 18 15:50:11 GMT 2025","passed","Fri Apr 18 15:50:11 GMT 2025","","","",""
"","0","it tolerates circular branch references","DNS Node Discovery","Fri Apr 18 15:44:56 GMT 2025","passed","Fri Apr 18 15:44:56 GMT 2025","","","",""
"","1","should correctly map /statusim/1/community/cbor to shard index 4","contentTopicToShardIndex","Fri Apr 18 15:44:33 GMT 2025","passed","Fri Apr 18 15:44:33 GMT 2025","","","",""
"","0","throws on content topic with empty encoding field","ensureValidContentTopic","Fri Apr 18 15:44:33 GMT 2025","passed","Fri Apr 18 15:44:33 GMT 2025","","","",""
"","1","Waku message hash computation (no timestamp)","RFC Test Vectors","Fri Apr 18 15:44:36 GMT 2025","passed","Fri Apr 18 15:44:36 GMT 2025","","","",""
"","0","Ping on peer without subscriptions","Waku Filter V2: Ping: Multiple Nodes: Strict Checking: false","Fri Apr 18 15:46:47 GMT 2025","passed","Fri Apr 18 15:46:47 GMT 2025","","","",""
"","0","Push message with shell command payload","Waku Light Push: Multiple Nodes: Strict Check: false","Fri Apr 18 15:56:13 GMT 2025","passed","Fri Apr 18 15:56:13 GMT 2025","","","",""
"","1","should fail to send if pubsub topics are misconfigured","LightPush SDK","Fri Apr 18 15:45:16 GMT 2025","passed","Fri Apr 18 15:45:16 GMT 2025","","","",""
"","1","peer:update - should schedule stream creation IF protocol hit AND no stream found on connection","StreamManager","Fri Apr 18 15:44:47 GMT 2025","passed","Fri Apr 18 15:44:47 GMT 2025","","","",""
"","2","ENRTree (branch): should error if DNS branch entry is mis-prefixed","ENRTree","Fri Apr 18 15:44:55 GMT 2025","passed","Fri Apr 18 15:44:55 GMT 2025","","","",""
"","0","should set field with only RELAY enabled","ENR","Fri Apr 18 15:44:42 GMT 2025","passed","Fri Apr 18 15:44:42 GMT 2025","","waku2 key round trip","",""
"","1","should wait for Filter peer to be connected","waitForRemotePeer","Fri Apr 18 15:45:16 GMT 2025","passed","Fri Apr 18 15:45:16 GMT 2025","","","",""
"","1","Waku message hash computation (meta attribute not present)","RFC Test Vectors","Fri Apr 18 15:44:36 GMT 2025","passed","Fri Apr 18 15:44:36 GMT 2025","","","",""
"","0","Relay - dialed first","Wait for remote peer","Fri Apr 18 15:50:23 GMT 2025","passed","Fri Apr 18 15:50:23 GMT 2025","","","",""
"","0","Fails to push message with large meta","Waku Light Push: Multiple Nodes: Strict Check: false","Fri Apr 18 15:56:13 GMT 2025","passed","Fri Apr 18 15:56:13 GMT 2025","","","",""
"","0","Check received message containing emoji","Waku Filter V2: FilterPush: Multiple Nodes: Strict Checking: false","Fri Apr 18 15:52:36 GMT 2025","passed","Fri Apr 18 15:52:36 GMT 2025","","","",""
"","0","Check received message containing shell command","Waku Filter V2: FilterPush: Multiple Nodes: Strict Checking: true","Fri Apr 18 15:52:36 GMT 2025","passed","Fri Apr 18 15:52:36 GMT 2025","","","",""
"","0","Nwaku publishes","Waku Relay, Interop","Fri Apr 18 15:47:43 GMT 2025","passed","Fri Apr 18 15:47:43 GMT 2025","","","",""
"","0","Check message on other pubsub topic is not received","Waku Filter V2: FilterPush: Multiple Nodes: Strict Checking: false","Fri Apr 18 15:52:36 GMT 2025","passed","Fri Apr 18 15:52:36 GMT 2025","","","",""
"","1","Push message with JSON payload","Waku Light Push: Multiple Nodes: Strict Check: false","Fri Apr 18 15:56:13 GMT 2025","passed","Fri Apr 18 15:56:13 GMT 2025","","","",""
"","1","Push message with escaped characters payload","Waku Light Push: Multiple Nodes: Strict Check: true","Fri Apr 18 15:56:13 GMT 2025","passed","Fri Apr 18 15:56:13 GMT 2025","","","",""
"","0","should initialize with custom number of peers","PeerManager","Fri Apr 18 15:45:16 GMT 2025","passed","Fri Apr 18 15:45:16 GMT 2025","","","",""
"","4","should get / set TCP multiaddr","ENR","Fri Apr 18 15:44:42 GMT 2025","passed","Fri Apr 18 15:44:42 GMT 2025","","Multiaddr getters and setters","",""
"","0","should request peer renewal on specific errors","RetryManager","Fri Apr 18 15:45:16 GMT 2025","passed","Fri Apr 18 15:45:16 GMT 2025","","","",""
"","0","returns all values when wanted number is greater than available values","Discovery","Fri Apr 18 15:44:55 GMT 2025","passed","Fri Apr 18 15:44:55 GMT 2025","","","",""
"","0","Subscribe and receive symmetrically encrypted messages via lightPush","Waku Filter V2: Subscribe: Multiple Service Nodes: Strict Check mode: true","Fri Apr 18 15:54:12 GMT 2025","passed","Fri Apr 18 15:54:12 GMT 2025","","","",""
"","0","Push message with content topic containing emoji","Waku Light Push: Multiple Nodes: Strict Check: false","Fri Apr 18 15:56:13 GMT 2025","passed","Fri Apr 18 15:56:13 GMT 2025","","","",""
"","0","should be able to decode the field with only LIGHTPUSH set to true","ENR waku2 codec","Fri Apr 18 15:44:41 GMT 2025","passed","Fri Apr 18 15:44:41 GMT 2025","","Decoding","",""
"","0","throws on empty content topic","ensureValidContentTopic","Fri Apr 18 15:44:33 GMT 2025","passed","Fri Apr 18 15:44:33 GMT 2025","","","",""
"","1","should hash ""hello"" with n=5 and maxValue=100 correctly","hashN","Fri Apr 18 15:45:25 GMT 2025","passed","Fri Apr 18 15:45:25 GMT 2025","","","",""
"","1","Ordered Callback sorting by timestamp while page direction is false","Waku Store, sorting","Fri Apr 18 15:50:04 GMT 2025","passed","Fri Apr 18 15:50:04 GMT 2025","","","",""
"","0","should throw an error for empty SingleShardInfos array","singleShardInfosToShardInfo","Fri Apr 18 15:44:33 GMT 2025","passed","Fri Apr 18 15:44:33 GMT 2025","","","",""
"","1","can start and stop the service","Peer Exchange","Fri Apr 18 15:47:29 GMT 2025","passed","Fri Apr 18 15:47:29 GMT 2025","interface-peer-discovery compliance tests","Compliance Test","",""
"","1","random auto sharding 1 - Cluster ID: 10, Content Topic: /app26/8/topic103/json","Autosharding: Running Nodes","Fri Apr 18 15:49:39 GMT 2025","passed","Fri Apr 18 15:49:39 GMT 2025","","","",""
"","0","Check message on other pubsub topic is not received","Waku Filter V2: FilterPush: Multiple Nodes: Strict Checking: true","Fri Apr 18 15:52:36 GMT 2025","passed","Fri Apr 18 15:52:36 GMT 2025","","","",""
"","0","should be called for bootstrap peers","Dials","Fri Apr 18 15:45:51 GMT 2025","passed","Fri Apr 18 15:45:51 GMT 2025","For bootstrap peers","dialPeer method","",""
"","3","Unsubscribe topics the node is not subscribed to","Waku Filter V2: Unsubscribe: Multiple Nodes: Strict Checking: true","Fri Apr 18 15:47:55 GMT 2025","passed","Fri Apr 18 15:47:55 GMT 2025","","","",""
"","1","Push message with Arabic payload","Waku Light Push: Multiple Nodes: Strict Check: false","Fri Apr 18 15:56:13 GMT 2025","passed","Fri Apr 18 15:56:13 GMT 2025","","","",""
"","0","udp ip6 address","Multiaddr from fields","Fri Apr 18 15:44:41 GMT 2025","passed","Fri Apr 18 15:44:41 GMT 2025","","","",""
"","0","retrieves all peers (2) when cannot fulfill all requirements","DNS Node Discovery w/ capabilities","Fri Apr 18 15:44:56 GMT 2025","passed","Fri Apr 18 15:44:56 GMT 2025","","","",""
"","1","should properly create location multiaddrs - tcp4","ENR","Fri Apr 18 15:44:42 GMT 2025","passed","Fri Apr 18 15:44:42 GMT 2025","","Location multiaddr","",""
"","0","should select older connection if present","selectOpenConnection","Fri Apr 18 15:44:47 GMT 2025","passed","Fri Apr 18 15:44:47 GMT 2025","","","",""
"","0","Unsubscribes all - node subscribed to 1 topic","Waku Filter V2: Unsubscribe: Multiple Nodes: Strict Checking: false","Fri Apr 18 15:47:55 GMT 2025","passed","Fri Apr 18 15:47:55 GMT 2025","","","",""
"","1","should hash ""!@#$%^&*()"" with n=1 and maxValue=10000 correctly","hashN","Fri Apr 18 15:45:25 GMT 2025","passed","Fri Apr 18 15:45:25 GMT 2025","","","",""
"","0","Subscribe to topic containing XML and publish message","Waku Relay, Subscribe","Fri Apr 18 15:47:59 GMT 2025","passed","Fri Apr 18 15:47:59 GMT 2025","","","",""
"","0","Push message with content topic containing JSON","Waku Light Push: Multiple Nodes: Strict Check: false","Fri Apr 18 15:56:13 GMT 2025","passed","Fri Apr 18 15:56:13 GMT 2025","","","",""
"","0","Subscribe to topic containing Russian and receive message","Waku Filter V2: Subscribe: Multiple Service Nodes: Strict Check mode: true","Fri Apr 18 15:54:12 GMT 2025","passed","Fri Apr 18 15:54:12 GMT 2025","","","",""
"","1","should use the provided clusterId for the pubsub topic","contentTopicToPubsubTopic","Fri Apr 18 15:44:33 GMT 2025","passed","Fri Apr 18 15:44:33 GMT 2025","","","",""
"","0","returns only open connection if one present","selectOpenConnection","Fri Apr 18 15:44:47 GMT 2025","passed","Fri Apr 18 15:44:47 GMT 2025","","","",""
"","0","should throw an error for non-numeric clusterId: /waku/2/rs/y/1","pubsubTopicToSingleShardInfo with various invalid formats","Fri Apr 18 15:44:33 GMT 2025","passed","Fri Apr 18 15:44:33 GMT 2025","","","",""
"","1","Store - dialed first","Wait for remote peer","Fri Apr 18 15:50:23 GMT 2025","passed","Fri Apr 18 15:50:23 GMT 2025","","","",""
"","0","Relay + Store","ENR Interop: ServiceNode","Fri Apr 18 15:45:48 GMT 2025","passed","Fri Apr 18 15:45:48 GMT 2025","","","",""
"","0","should hash ""Lorem ipsum dolor sit amet"" with n=1 and maxValue=1000 correctly","hashN","Fri Apr 18 15:45:25 GMT 2025","passed","Fri Apr 18 15:45:25 GMT 2025","","","",""
"","1","Check message with no pubsub topic is not received","Waku Filter V2: FilterPush: Multiple Nodes: Strict Checking: false","Fri Apr 18 15:52:36 GMT 2025","passed","Fri Apr 18 15:52:36 GMT 2025","","","",""
"","1","Generator, 2 different pubsubtopics","Waku Store (named sharding), custom pubsub topic","Fri Apr 18 15:49:56 GMT 2025","passed","Fri Apr 18 15:49:56 GMT 2025","","","",""
"","0","random static sharding 6 - Cluster ID: 649, Shard ID: 633","Static Sharding: Running Nodes","Fri Apr 18 15:49:51 GMT 2025","passed","Fri Apr 18 15:49:51 GMT 2025","","","",""
"","0","should retry failed tasks","RetryManager","Fri Apr 18 15:45:16 GMT 2025","passed","Fri Apr 18 15:45:16 GMT 2025","","","",""
"","1","1 Store, 2 relays, 2 fetches","Fetch nodes until capabilities are fulfilled","Fri Apr 18 15:44:55 GMT 2025","passed","Fri Apr 18 15:44:55 GMT 2025","","","",""
"","0","Subscribe and receive messages from 2 nwaku nodes each with different pubsubtopics","Waku Filter V2: Subscribe: Multiple Service Nodes: Strict Check mode: true","Fri Apr 18 15:54:12 GMT 2025","passed","Fri Apr 18 15:54:12 GMT 2025","","","",""
"","0","Push message with content topic containing emoji","Waku Light Push: Multiple Nodes: Strict Check: true","Fri Apr 18 15:56:13 GMT 2025","passed","Fri Apr 18 15:56:13 GMT 2025","","","",""
"","0","ENRTree (root): should error if DNS root entry is malformed","ENRTree","Fri Apr 18 15:44:55 GMT 2025","passed","Fri Apr 18 15:44:55 GMT 2025","","","",""
"","0","Check received message containing XML","Waku Filter V2: FilterPush: Multiple Nodes: Strict Checking: false","Fri Apr 18 15:52:36 GMT 2025","passed","Fri Apr 18 15:52:36 GMT 2025","","","",""
"","0","same cluster, different shard: nodes connect","Metadata Protocol","Fri Apr 18 15:46:52 GMT 2025","passed","Fri Apr 18 15:46:52 GMT 2025","","connections","",""
"","0","Check received message with timestamp: 1744991143038 ","Waku Filter V2: FilterPush: Multiple Nodes: Strict Checking: false","Fri Apr 18 15:52:36 GMT 2025","passed","Fri Apr 18 15:52:36 GMT 2025","","","",""
"","0","should not fail to stop the service if it was not started","Peer Exchange","Fri Apr 18 15:47:29 GMT 2025","passed","Fri Apr 18 15:47:29 GMT 2025","interface-peer-discovery compliance tests","Compliance Test","",""
"","0","should hash ""hello"" with n=2 and maxValue=100 correctly","hashN","Fri Apr 18 15:45:25 GMT 2025","passed","Fri Apr 18 15:45:25 GMT 2025","","","",""
"","0","should respect max attempts limit","RetryManager","Fri Apr 18 15:45:16 GMT 2025","passed","Fri Apr 18 15:45:16 GMT 2025","","","",""
"","0","Subscribe to topic containing Basic HTML tag and receive message","Waku Filter V2: Subscribe: Multiple Service Nodes: Strict Check mode: true","Fri Apr 18 15:54:12 GMT 2025","passed","Fri Apr 18 15:54:12 GMT 2025","","","",""
"","9","Check publish message containing XML","Waku Relay, Publish","Fri Apr 18 15:47:56 GMT 2025","passed","Fri Apr 18 15:47:56 GMT 2025","","","",""
"","0","Push message with content topic containing Russian","Waku Light Push: Multiple Nodes: Strict Check: false","Fri Apr 18 15:56:13 GMT 2025","passed","Fri Apr 18 15:56:13 GMT 2025","","","",""
"","0","Push message with XML payload","Waku Light Push: Multiple Nodes: Strict Check: false","Fri Apr 18 15:56:13 GMT 2025","passed","Fri Apr 18 15:56:13 GMT 2025","","","",""
"","1","Subscribe to topic containing Script and receive message","Waku Filter V2: Subscribe: Multiple Service Nodes: Strict Check mode: false","Fri Apr 18 15:54:12 GMT 2025","passed","Fri Apr 18 15:54:12 GMT 2025","","","",""
"","0","should fall back to default pubsub topic when pubsubTopicShardInfo is not provided","determinePubsubTopic","Fri Apr 18 15:44:33 GMT 2025","passed","Fri Apr 18 15:44:33 GMT 2025","","","",""
"","0","should use DNS peer discovery with light client","DNS Node Discovery [live data]","Fri Apr 18 15:45:47 GMT 2025","skipped","Fri Apr 18 15:45:47 GMT 2025","","","",""
"","7","should correctly map /waku/2/content/test.js to shard index 1","contentTopicToShardIndex","Fri Apr 18 15:44:33 GMT 2025","passed","Fri Apr 18 15:44:33 GMT 2025","","","",""
"","1","should correctly map /app/29/sometopic/someencoding to shard index 6","contentTopicToShardIndex","Fri Apr 18 15:44:33 GMT 2025","passed","Fri Apr 18 15:44:33 GMT 2025","","","",""
"","1","should not receive a peer event before start","DNS Discovery: Compliance Test","Fri Apr 18 15:45:47 GMT 2025","passed","Fri Apr 18 15:45:47 GMT 2025","","interface-peer-discovery compliance tests","",""
"","0","Subscribe to topic containing Arabic and publish message","Waku Relay, Subscribe","Fri Apr 18 15:47:59 GMT 2025","passed","Fri Apr 18 15:47:59 GMT 2025","","","",""
"","0","configure the node with multiple pubsub topics","Static Sharding: Running Nodes","Fri Apr 18 15:49:51 GMT 2025","passed","Fri Apr 18 15:49:51 GMT 2025","","Others","",""
"","0","Query generator for multiple messages with different message text format","Waku Store, general","Fri Apr 18 15:49:57 GMT 2025","passed","Fri Apr 18 15:49:57 GMT 2025","","","",""
"","0","Encoder throws on empty string content topic","Ensures content topic is defined","Fri Apr 18 15:45:07 GMT 2025","passed","Fri Apr 18 15:45:07 GMT 2025","","","",""
"","0","should properly create location multiaddrs - udp4","ENR","Fri Apr 18 15:44:42 GMT 2025","passed","Fri Apr 18 15:44:42 GMT 2025","","Location multiaddr","",""
"","0","should throw an error for non-numeric clusterId: /waku/2/rs/ /1","pubsubTopicToSingleShardInfo with various invalid formats","Fri Apr 18 15:44:33 GMT 2025","passed","Fri Apr 18 15:44:33 GMT 2025","","","",""
"","0","Check publish message containing SQL Injection","Waku Relay, Publish","Fri Apr 18 15:47:56 GMT 2025","passed","Fri Apr 18 15:47:56 GMT 2025","","","",""
"","0","peer:update - should do nothing if another protocol hit","StreamManager","Fri Apr 18 15:44:47 GMT 2025","passed","Fri Apr 18 15:44:47 GMT 2025","","","",""
"","0","should add received messages to bloom filter","MessageChannel","Fri Apr 18 15:45:26 GMT 2025","passed","Fri Apr 18 15:45:26 GMT 2025","","receiving a message","",""
"","1","Filter","Wait for remote peer","Fri Apr 18 15:50:23 GMT 2025","passed","Fri Apr 18 15:50:23 GMT 2025","","","",""
"","1","Init the array if not present","pushOrInitMapSet","Fri Apr 18 15:44:33 GMT 2025","passed","Fri Apr 18 15:44:33 GMT 2025","","","",""
"","0","Check message received after nwaku node is restarted","Waku Filter V2: FilterPush: Multiple Nodes: Strict Checking: false","Fri Apr 18 15:52:36 GMT 2025","skipped","Fri Apr 18 15:52:36 GMT 2025","","","",""
"","0","throws an error for improperly formatted content topics","contentTopicsByPubsubTopic","Fri Apr 18 15:44:33 GMT 2025","passed","Fri Apr 18 15:44:33 GMT 2025","","","",""
"","1","should return true when clusterId matches and shard is included in network shards","IWaku utils","Fri Apr 18 15:45:16 GMT 2025","passed","Fri Apr 18 15:45:16 GMT 2025","","isShardCompatible","",""
"","0","Push message with unicode special characters payload","Waku Light Push: Multiple Nodes: Strict Check: true","Fri Apr 18 15:56:13 GMT 2025","passed","Fri Apr 18 15:56:13 GMT 2025","","","",""
"","0","Push message with JSON payload","Waku Light Push: Multiple Nodes: Strict Check: true","Fri Apr 18 15:56:13 GMT 2025","passed","Fri Apr 18 15:56:13 GMT 2025","","","",""
"","1","creates an iterator","Util: toAsyncIterator: Filter","Fri Apr 18 15:50:09 GMT 2025","passed","Fri Apr 18 15:50:09 GMT 2025","","","",""
"","1","should hash """" with n=2 and maxValue=10000 correctly","hashN","Fri Apr 18 15:45:25 GMT 2025","passed","Fri Apr 18 15:45:25 GMT 2025","","","",""
"","0","Nodes with multiple pubsub topic","Waku Relay (Autosharding), multiple pubsub topics","Fri Apr 18 15:47:46 GMT 2025","passed","Fri Apr 18 15:47:46 GMT 2025","","","",""
"","0","Rejects garbage","Message Validator","Fri Apr 18 15:45:20 GMT 2025","passed","Fri Apr 18 15:45:20 GMT 2025","","","",""
"","0","Check message with invalid timestamp is not received","Waku Filter V2: FilterPush: Multiple Nodes: Strict Checking: false","Fri Apr 18 15:52:36 GMT 2025","passed","Fri Apr 18 15:52:36 GMT 2025","","","",""
"","2","should hash ""hello"" with n=2 and maxValue=10000 correctly","hashN","Fri Apr 18 15:45:25 GMT 2025","passed","Fri Apr 18 15:45:25 GMT 2025","","","",""
"","0","should throw if no connection provided","StreamManager","Fri Apr 18 15:44:47 GMT 2025","passed","Fri Apr 18 15:44:47 GMT 2025","","","",""
"","0","should add and remove event listeners correctly","Local Storage Discovery","Fri Apr 18 15:44:59 GMT 2025","passed","Fri Apr 18 15:44:59 GMT 2025","","Unit Tests","",""
"","0","Push message with Russian payload","Waku Light Push: Multiple Nodes: Strict Check: true","Fri Apr 18 15:56:13 GMT 2025","passed","Fri Apr 18 15:56:13 GMT 2025","","","",""
"","0","should be online or offline if network state changed","Events","Fri Apr 18 15:45:43 GMT 2025","passed","Fri Apr 18 15:45:43 GMT 2025","","waku:connection","",""
"","3","Query with Ordered Callback, No message returned","Waku Store, error handling","Fri Apr 18 15:49:24 GMT 2025","passed","Fri Apr 18 15:49:24 GMT 2025","","","",""
"","0","Check message with no pubsub topic is not received","Waku Filter V2: FilterPush: Multiple Nodes: Strict Checking: true","Fri Apr 18 15:52:36 GMT 2025","passed","Fri Apr 18 15:52:36 GMT 2025","","","",""
"","0","should emit `waku:offline` event only when all peers disconnect","Connection state","Fri Apr 18 15:46:03 GMT 2025","passed","Fri Apr 18 15:46:03 GMT 2025","","","",""
"","0","Fails to publish message with wrong content topic","Waku Relay, Publish","Fri Apr 18 15:47:56 GMT 2025","passed","Fri Apr 18 15:47:56 GMT 2025","","","",""
"","0","should reject if WakuNode is not started","waitForRemotePeer","Fri Apr 18 15:45:16 GMT 2025","passed","Fri Apr 18 15:45:16 GMT 2025","","","",""
"","0","should hash """" with n=0 and maxValue=100 correctly","hashN","Fri Apr 18 15:45:25 GMT 2025","passed","Fri Apr 18 15:45:25 GMT 2025","","","",""
"","0","random static sharding 5 - Cluster ID: 829, Shard ID: 980","Static Sharding: Running Nodes","Fri Apr 18 15:49:51 GMT 2025","passed","Fri Apr 18 15:49:51 GMT 2025","","","",""
"","0","should hash ""Lorem ipsum dolor sit amet"" with n=5 and maxValue=1000 correctly","hashN","Fri Apr 18 15:45:25 GMT 2025","passed","Fri Apr 18 15:45:25 GMT 2025","","","",""
"","0","Meta field set when metaSetter is specified","Waku Message version 0","Fri Apr 18 15:44:48 GMT 2025","passed","Fri Apr 18 15:44:48 GMT 2025","","","",""
"","1","Push message with special chars payload","Waku Light Push: Multiple Nodes: Strict Check: true","Fri Apr 18 15:56:13 GMT 2025","passed","Fri Apr 18 15:56:13 GMT 2025","","","",""
"","0","Push message with content topic containing SQL Injection","Waku Light Push: Multiple Nodes: Strict Check: false","Fri Apr 18 15:56:13 GMT 2025","passed","Fri Apr 18 15:56:13 GMT 2025","","","",""
"","0","random auto sharding 4 - Cluster ID: 10, Content Topic: /app22/2/topic505/proto","Autosharding: Running Nodes","Fri Apr 18 15:49:39 GMT 2025","passed","Fri Apr 18 15:49:39 GMT 2025","","","",""
"","1","Unsubscribes all - node subscribed to 10 topics","Waku Filter V2: Unsubscribe: Multiple Nodes: Strict Checking: false","Fri Apr 18 15:47:55 GMT 2025","passed","Fri Apr 18 15:47:55 GMT 2025","","","",""
"","1","Check received message containing Basic HTML tag","Waku Filter V2: FilterPush: Multiple Nodes: Strict Checking: true","Fri Apr 18 15:52:36 GMT 2025","passed","Fri Apr 18 15:52:36 GMT 2025","","","",""
"","1","should send to specified number of peers of used peers","LightPush SDK","Fri Apr 18 15:45:16 GMT 2025","passed","Fri Apr 18 15:45:16 GMT 2025","","","",""
"","0","Push message with short payload","Waku Light Push: Multiple Nodes: Strict Check: false","Fri Apr 18 15:56:13 GMT 2025","passed","Fri Apr 18 15:56:13 GMT 2025","","","",""
"","0","Unsubscribe 1 topic - node subscribed to 1 topic","Waku Filter V2: Unsubscribe: Multiple Nodes: Strict Checking: true","Fri Apr 18 15:47:55 GMT 2025","passed","Fri Apr 18 15:47:55 GMT 2025","","","",""
"","0","Refresh subscription","Waku Relay, Subscribe","Fri Apr 18 15:47:59 GMT 2025","skipped","Fri Apr 18 15:47:59 GMT 2025","","","",""
"","0","Check received message containing Chinese","Waku Filter V2: FilterPush: Multiple Nodes: Strict Checking: false","Fri Apr 18 15:52:36 GMT 2025","passed","Fri Apr 18 15:52:36 GMT 2025","","","",""
"","1","Check received message containing emoji","Waku Filter V2: FilterPush: Multiple Nodes: Strict Checking: true","Fri Apr 18 15:52:36 GMT 2025","passed","Fri Apr 18 15:52:36 GMT 2025","","","",""
"","2","should hash ""!@#$%^&*()"" with n=2 and maxValue=1000 correctly","hashN","Fri Apr 18 15:45:25 GMT 2025","passed","Fri Apr 18 15:45:25 GMT 2025","","","",""
"","1","should not allow k > 12","Probabilities","Fri Apr 18 15:45:25 GMT 2025","passed","Fri Apr 18 15:45:25 GMT 2025","","","",""
"","0","Default pageSize","Waku Store, page size","Fri Apr 18 15:50:11 GMT 2025","passed","Fri Apr 18 15:50:11 GMT 2025","","","",""
"","1","Push message with content topic containing Script","Waku Light Push: Multiple Nodes: Strict Check: true","Fri Apr 18 15:56:13 GMT 2025","passed","Fri Apr 18 15:56:13 GMT 2025","","","",""
"","0","Subscribe to topic containing numeric and publish message","Waku Relay, Subscribe","Fri Apr 18 15:47:59 GMT 2025","passed","Fri Apr 18 15:47:59 GMT 2025","","","",""
"","1","should return the correct m/n for k = 2, targetError = 0.1","Probabilities","Fri Apr 18 15:45:25 GMT 2025","passed","Fri Apr 18 15:45:25 GMT 2025","","","",""
"","1","should not fail to stop the service if it was not started","DNS Discovery: Compliance Test","Fri Apr 18 15:45:47 GMT 2025","passed","Fri Apr 18 15:45:47 GMT 2025","","interface-peer-discovery compliance tests","",""
"","0","Push message with custom timestamp: 1744987563889","Waku Light Push: Multiple Nodes: Strict Check: true","Fri Apr 18 15:56:13 GMT 2025","passed","Fri Apr 18 15:56:13 GMT 2025","","","",""
"","1","Query Generator  - true","Waku Store, order","Fri Apr 18 15:50:00 GMT 2025","passed","Fri Apr 18 15:50:00 GMT 2025","","","",""
"","0","Push message with content topic containing Russian","Waku Light Push: Multiple Nodes: Strict Check: true","Fri Apr 18 15:56:13 GMT 2025","passed","Fri Apr 18 15:56:13 GMT 2025","","","",""
"","1","should throw an error for non-numeric shard: /waku/2/rs/1/x","pubsubTopicToSingleShardInfo with various invalid formats","Fri Apr 18 15:44:33 GMT 2025","passed","Fri Apr 18 15:44:33 GMT 2025","","","",""
"","1","should be called for every peer with PEER_EXCHANGE tags","Dials","Fri Apr 18 15:45:51 GMT 2025","passed","Fri Apr 18 15:45:51 GMT 2025","For peer-exchange peers","dialPeer method","",""
"","0","should reject if Filter is requested but not mounted","waitForRemotePeer","Fri Apr 18 15:45:16 GMT 2025","passed","Fri Apr 18 15:45:16 GMT 2025","","","",""
"","1","Decrypt messages","Waku Relay","Fri Apr 18 15:47:30 GMT 2025","passed","Fri Apr 18 15:47:30 GMT 2025","","","",""
"","0","Subscribe to 100 topics (new limit) at once and receives messages","Waku Filter V2: Subscribe: Multiple Service Nodes: Strict Check mode: true","Fri Apr 18 15:54:12 GMT 2025","passed","Fri Apr 18 15:54:12 GMT 2025","","","",""
"","0","Passing page size 1 when there are 4 messages","Waku Store, page size","Fri Apr 18 15:50:11 GMT 2025","passed","Fri Apr 18 15:50:11 GMT 2025","","","",""
"","1","Should update shard info","Peer Exchange Continuous Discovery","Fri Apr 18 15:46:53 GMT 2025","passed","Fri Apr 18 15:46:53 GMT 2025","","","",""
"","0","Decoder throws on undefined content topic","Ensures content topic is defined","Fri Apr 18 15:45:07 GMT 2025","passed","Fri Apr 18 15:45:07 GMT 2025","","","",""
"","0","should not receive a peer event after stop","Local Storage Discovery","Fri Apr 18 15:44:59 GMT 2025","passed","Fri Apr 18 15:44:59 GMT 2025","interface-peer-discovery compliance tests","Compliance Tests","",""
"","0","Push message with content topic containing numeric","Waku Light Push: Multiple Nodes: Strict Check: true","Fri Apr 18 15:56:13 GMT 2025","passed","Fri Apr 18 15:56:13 GMT 2025","","","",""
"","0","Unsubscribe 2 topics - node subscribed to 2 topics","Waku Filter V2: Unsubscribe: Multiple Nodes: Strict Checking: true","Fri Apr 18 15:47:55 GMT 2025","passed","Fri Apr 18 15:47:55 GMT 2025","","","",""
"","0","random auto sharding 2 - Cluster ID: 10, Content Topic: /app35/9/topic195/proto","Autosharding: Running Nodes","Fri Apr 18 15:49:39 GMT 2025","passed","Fri Apr 18 15:49:39 GMT 2025","","","",""
"","1","Check received message containing escaped characters","Waku Filter V2: FilterPush: Multiple Nodes: Strict Checking: false","Fri Apr 18 15:52:36 GMT 2025","passed","Fri Apr 18 15:52:36 GMT 2025","","","",""
"","0","Push message with content topic containing shell command","Waku Light Push: Multiple Nodes: Strict Check: false","Fri Apr 18 15:56:13 GMT 2025","passed","Fri Apr 18 15:56:13 GMT 2025","","","",""
"","0","Ping on subscribed peer","Waku Filter V2: Ping: Multiple Nodes: Strict Checking: true","Fri Apr 18 15:46:47 GMT 2025","passed","Fri Apr 18 15:46:47 GMT 2025","","","",""
"","0","Store - dialed after - with timeout","Wait for remote peer","Fri Apr 18 15:50:23 GMT 2025","passed","Fri Apr 18 15:50:23 GMT 2025","","","",""
"","0","Passing page size 19 when there are 20 messages","Waku Store, page size","Fri Apr 18 15:50:11 GMT 2025","passed","Fri Apr 18 15:50:11 GMT 2025","","","",""
"","0","should throw an error for non-numeric clusterId: /waku/2/rs//1","pubsubTopicToSingleShardInfo with various invalid formats","Fri Apr 18 15:44:33 GMT 2025","passed","Fri Apr 18 15:44:33 GMT 2025","","","",""
"","0","should start and stop interval correctly","RetryManager","Fri Apr 18 15:45:16 GMT 2025","passed","Fri Apr 18 15:45:16 GMT 2025","","","",""
"","0","Publish message with large meta","Waku Relay, Publish","Fri Apr 18 15:47:56 GMT 2025","passed","Fri Apr 18 15:47:56 GMT 2025","","","",""
"","0","Cluster ID 0 - Default/Global Cluster","Static Sharding: Running Nodes","Fri Apr 18 15:49:51 GMT 2025","passed","Fri Apr 18 15:49:51 GMT 2025","","","",""
"","1","should return Multiaddr when Multiaddr input is provided","IWaku utils","Fri Apr 18 15:45:16 GMT 2025","passed","Fri Apr 18 15:45:16 GMT 2025","","mapToPeerIdOrMultiaddr","",""
"","0","should map different content topics to different pubsub topics based on shard index","contentTopicToPubsubTopic","Fri Apr 18 15:44:33 GMT 2025","passed","Fri Apr 18 15:44:33 GMT 2025","","","",""
"","0","msgTime: 19000 ms from now, startTime: 18990, endTime: 19010","Waku Store, time filter","Fri Apr 18 15:50:13 GMT 2025","passed","Fri Apr 18 15:50:13 GMT 2025","","","",""
"","0","should throw an error for insufficient data","Relay Shard codec","Fri Apr 18 15:44:33 GMT 2025","passed","Fri Apr 18 15:44:33 GMT 2025","","","",""
"","0","should update ack status of messages in outgoing buffer","MessageChannel","Fri Apr 18 15:45:26 GMT 2025","passed","Fri Apr 18 15:45:26 GMT 2025","","Sync messages","",""
"","0","should hash ""!@#$%^&*()"" with n=0 and maxValue=100 correctly","hashN","Fri Apr 18 15:45:25 GMT 2025","passed","Fri Apr 18 15:45:25 GMT 2025","","","",""
"","1","should handle task timeouts","RetryManager","Fri Apr 18 15:45:16 GMT 2025","passed","Fri Apr 18 15:45:16 GMT 2025","","","",""
"","1","ENRTree (root): should parse and verify and DNS root entry","ENRTree","Fri Apr 18 15:44:55 GMT 2025","passed","Fri Apr 18 15:44:55 GMT 2025","","","",""
"","0","removeEventListener with correct event","Public methods","Fri Apr 18 15:46:23 GMT 2025","passed","Fri Apr 18 15:46:23 GMT 2025","","","",""
"","0","should update lamport timestamp if greater than current timestamp and dependencies are met","MessageChannel","Fri Apr 18 15:45:26 GMT 2025","passed","Fri Apr 18 15:45:26 GMT 2025","","receiving a message","",""
"","1","should properly start and stop event listening","HealthIndicator","Fri Apr 18 15:45:16 GMT 2025","passed","Fri Apr 18 15:45:16 GMT 2025","","","",""
"","1","msgTime: -19000 ms from now, startTime: -20000, endTime: -19000","Waku Store, time filter","Fri Apr 18 15:50:13 GMT 2025","passed","Fri Apr 18 15:50:13 GMT 2025","","","",""
"","0","should hash """" with n=5 and maxValue=1000 correctly","hashN","Fri Apr 18 15:45:25 GMT 2025","passed","Fri Apr 18 15:45:25 GMT 2025","","","",""
"","0","Publish message with rate limit","Waku Relay, Publish","Fri Apr 18 15:47:56 GMT 2025","passed","Fri Apr 18 15:47:56 GMT 2025","","","",""
"","0","Round trip binary encryption [symmetric, signature]","Symmetric Encryption","Fri Apr 18 15:45:05 GMT 2025","passed","Fri Apr 18 15:45:05 GMT 2025","","","",""
"","6","Check publish message containing special chars","Waku Relay, Publish","Fri Apr 18 15:47:56 GMT 2025","passed","Fri Apr 18 15:47:56 GMT 2025","","","",""
"","0","should throw an error for invalid PubsubTopic format: /incorrect/format","pubsubTopicToSingleShardInfo with various invalid formats","Fri Apr 18 15:44:33 GMT 2025","passed","Fri Apr 18 15:44:33 GMT 2025","","","",""
"","1","Check received message with timestamp: 1649153314 ","Waku Filter V2: FilterPush: Multiple Nodes: Strict Checking: true","Fri Apr 18 15:52:36 GMT 2025","passed","Fri Apr 18 15:52:36 GMT 2025","","","",""
"","1","should return the pubsub topic directly if a string is provided","determinePubsubTopic","Fri Apr 18 15:44:33 GMT 2025","passed","Fri Apr 18 15:44:33 GMT 2025","","","",""
"","1","should be able to encode the field with only STORE set to true","ENR waku2 codec","Fri Apr 18 15:44:41 GMT 2025","passed","Fri Apr 18 15:44:41 GMT 2025","","Encoding","",""
"","0","Check received message containing numeric","Waku Filter V2: FilterPush: Multiple Nodes: Strict Checking: false","Fri Apr 18 15:52:36 GMT 2025","passed","Fri Apr 18 15:52:36 GMT 2025","","","",""
"","2","Subscribe and receive messages on 2 different pubsubtopics","Waku Light Push (Autosharding): Multiple PubsubTopics","Fri Apr 18 15:46:42 GMT 2025","passed","Fri Apr 18 15:46:42 GMT 2025","","","",""
"","0","should correctly map /0/toychat/2/huilong/proto to shard index 3","contentTopicToShardIndex","Fri Apr 18 15:44:33 GMT 2025","passed","Fri Apr 18 15:44:33 GMT 2025","","","",""
"","0","Publish message with custom timestamp: Fri Apr 18 2025 16:47:46 GMT+0000 (Coordinated Universal Time)","Waku Relay, Publish","Fri Apr 18 15:47:56 GMT 2025","passed","Fri Apr 18 15:47:56 GMT 2025","","","",""
"","0","should throw an error for non-numeric clusterId: /waku/2/rs/x/1","pubsubTopicToSingleShardInfo with various invalid formats","Fri Apr 18 15:44:33 GMT 2025","passed","Fri Apr 18 15:44:33 GMT 2025","","","",""
"","0","should throw an error for invalid PubsubTopic format: /waku/1/rs/1/2","pubsubTopicToSingleShardInfo with various invalid formats","Fri Apr 18 15:44:33 GMT 2025","passed","Fri Apr 18 15:44:33 GMT 2025","","","",""
"","1","Check publish message containing unicode special characters","Waku Relay, Publish","Fri Apr 18 15:47:56 GMT 2025","passed","Fri Apr 18 15:47:56 GMT 2025","","","",""
"","0","should retrieve 3 multiaddrs for sandbox.waku.nodes.status.im","DNS Node Discovery [live data]","Fri Apr 18 15:44:56 GMT 2025","skipped","Fri Apr 18 15:44:56 GMT 2025","","","",""
"","0","should push the message to the outgoing buffer","MessageChannel","Fri Apr 18 15:45:26 GMT 2025","passed","Fri Apr 18 15:45:26 GMT 2025","","sending a message ","",""
"","1","Waku message hash computation (meta size of 12 bytes)","RFC Test Vectors","Fri Apr 18 15:44:36 GMT 2025","passed","Fri Apr 18 15:44:36 GMT 2025","","","",""
"","1","should throw an error for invalid PubsubTopic format: /waku/2/rs","pubsubTopicToSingleShardInfo with various invalid formats","Fri Apr 18 15:44:33 GMT 2025","passed","Fri Apr 18 15:44:33 GMT 2025","","","",""
"","0","should not throw an error for a single configured topic","ensurePubsubTopicIsConfigured","Fri Apr 18 15:44:33 GMT 2025","passed","Fri Apr 18 15:44:33 GMT 2025","","","",""
"","0","should hash ""Lorem ipsum dolor sit amet"" with n=1 and maxValue=10000 correctly","hashN","Fri Apr 18 15:45:25 GMT 2025","passed","Fri Apr 18 15:45:25 GMT 2025","","","",""
"","0","Subscribe to topic containing emoji and publish message","Waku Relay, Subscribe","Fri Apr 18 15:47:59 GMT 2025","passed","Fri Apr 18 15:47:59 GMT 2025","","","",""
"","0","should throw an error for invalid PubsubTopic format: /waku/2/rs/1/2/extra","pubsubTopicToSingleShardInfo with various invalid formats","Fri Apr 18 15:44:33 GMT 2025","passed","Fri Apr 18 15:44:33 GMT 2025","","","",""
"","0","topics with same application and version share the same shard","contentTopicToShardIndex","Fri Apr 18 15:44:33 GMT 2025","passed","Fri Apr 18 15:44:33 GMT 2025","","","",""
"","0","groups multiple content topics into the same pubsub topic when they share the same shard index","contentTopicsByPubsubTopic","Fri Apr 18 15:44:33 GMT 2025","passed","Fri Apr 18 15:44:33 GMT 2025","","","",""
"","1","should be able to decode the field with only FILTER set to true","ENR waku2 codec","Fri Apr 18 15:44:41 GMT 2025","passed","Fri Apr 18 15:44:41 GMT 2025","","Decoding","",""
"","0","different cluster, different shard: nodes don't connect","Metadata Protocol","Fri Apr 18 15:46:52 GMT 2025","passed","Fri Apr 18 15:46:52 GMT 2025","","connections","",""
"","1","ENRTree (tree): should parse a DNS tree entry","ENRTree","Fri Apr 18 15:44:55 GMT 2025","passed","Fri Apr 18 15:44:55 GMT 2025","","","",""
"","0","LightPush","Wait for remote peer","Fri Apr 18 15:50:23 GMT 2025","passed","Fri Apr 18 15:50:23 GMT 2025","","","",""
"","0","should hash ""Lorem ipsum dolor sit amet"" with n=0 and maxValue=10000 correctly","hashN","Fri Apr 18 15:45:25 GMT 2025","passed","Fri Apr 18 15:45:25 GMT 2025","","","",""
"","0","Subscribe to topic containing emoji and receive message","Waku Filter V2: Subscribe: Multiple Service Nodes: Strict Check mode: true","Fri Apr 18 15:54:12 GMT 2025","passed","Fri Apr 18 15:54:12 GMT 2025","","","",""
"","0","Ephemeral field is preserved - asymmetric encryption","Waku Message Ephemeral field","Fri Apr 18 15:45:50 GMT 2025","passed","Fri Apr 18 15:45:50 GMT 2025","","","",""
"","1","should use network config clusterId when shard info clusterId is not provided","IWaku utils","Fri Apr 18 15:45:16 GMT 2025","passed","Fri Apr 18 15:45:16 GMT 2025","","decoderParamsToShardInfo","",""
"","0","Push message with rate limit","Waku Light Push: Multiple Nodes: Strict Check: true","Fri Apr 18 15:56:13 GMT 2025","passed","Fri Apr 18 15:56:13 GMT 2025","","","",""
"","0","Push message with content topic containing long","Waku Light Push: Multiple Nodes: Strict Check: false","Fri Apr 18 15:56:13 GMT 2025","passed","Fri Apr 18 15:56:13 GMT 2025","","","",""
"","1","should not fail to stop the service if it was not started","Local Storage Discovery","Fri Apr 18 15:44:59 GMT 2025","passed","Fri Apr 18 15:44:59 GMT 2025","interface-peer-discovery compliance tests","Compliance Tests","",""
"","0","Publish message with custom timestamp: Fri Apr 18 2025 14:47:46 GMT+0000 (Coordinated Universal Time)","Waku Relay, Publish","Fri Apr 18 15:47:56 GMT 2025","passed","Fri Apr 18 15:47:56 GMT 2025","","","",""
"","0","Push message with content topic containing XML","Waku Light Push: Multiple Nodes: Strict Check: true","Fri Apr 18 15:56:13 GMT 2025","passed","Fri Apr 18 15:56:13 GMT 2025","","","",""
"","0","Subscribe and receive ecies encrypted messages via lightPush","Waku Filter V2: Subscribe: Multiple Service Nodes: Strict Check mode: false","Fri Apr 18 15:54:12 GMT 2025","passed","Fri Apr 18 15:54:12 GMT 2025","","","",""
"","1","Unsubscribe 1 topic - node subscribed to 1 topic","Waku Filter V2: Unsubscribe: Multiple Nodes: Strict Checking: false","Fri Apr 18 15:47:55 GMT 2025","passed","Fri Apr 18 15:47:55 GMT 2025","","","",""
"","0","should hash ""!@#$%^&*()"" with n=5 and maxValue=100 correctly","hashN","Fri Apr 18 15:45:25 GMT 2025","passed","Fri Apr 18 15:45:25 GMT 2025","","","",""
"","0","should throw an error for non-numeric shard: /waku/2/rs/1/!","pubsubTopicToSingleShardInfo with various invalid formats","Fri Apr 18 15:44:33 GMT 2025","passed","Fri Apr 18 15:44:33 GMT 2025","","","",""
"","0","Generator, custom pubsub topic","Waku Store (Autosharding), custom pubsub topic","Fri Apr 18 15:49:56 GMT 2025","skipped","Fri Apr 18 15:49:56 GMT 2025","","","",""
"","0","Overlapping topic subscription","Waku Filter V2: Subscribe: Multiple Service Nodes: Strict Check mode: false","Fri Apr 18 15:54:12 GMT 2025","passed","Fri Apr 18 15:54:12 GMT 2025","","","",""
"","0","should update peers in local storage on 'peer:identify' event","Local Storage Discovery","Fri Apr 18 15:44:59 GMT 2025","passed","Fri Apr 18 15:44:59 GMT 2025","","Unit Tests","",""
"","0","should throw an error for non-numeric clusterId: /waku/2/rs/$/1","pubsubTopicToSingleShardInfo with various invalid formats","Fri Apr 18 15:44:33 GMT 2025","passed","Fri Apr 18 15:44:33 GMT 2025","","","",""
"","0","Fails to publish message with empty text","Waku Relay, Publish","Fri Apr 18 15:47:56 GMT 2025","passed","Fri Apr 18 15:47:56 GMT 2025","","","",""
"","0","Subscribe to topic containing shell command and receive message","Waku Filter V2: Subscribe: Multiple Service Nodes: Strict Check mode: true","Fri Apr 18 15:54:12 GMT 2025","passed","Fri Apr 18 15:54:12 GMT 2025","","","",""
"","1","should maintain desired error rate","BloomFilter","Fri Apr 18 15:45:27 GMT 2025","passed","Fri Apr 18 15:45:27 GMT 2025","","","",""
"","0","Push message with content topic containing SQL Injection","Waku Light Push: Multiple Nodes: Strict Check: true","Fri Apr 18 15:56:13 GMT 2025","passed","Fri Apr 18 15:56:13 GMT 2025","","","",""
"","1","Push message with content topic containing special chars","Waku Light Push: Multiple Nodes: Strict Check: false","Fri Apr 18 15:56:13 GMT 2025","passed","Fri Apr 18 15:56:13 GMT 2025","","","",""
"","0","Query with Ordered Callback, Wrong PubsubTopic","Waku Store, error handling","Fri Apr 18 15:49:24 GMT 2025","passed","Fri Apr 18 15:49:24 GMT 2025","","","",""
"","0","using a protocol with unconfigured pubsub topic should fail","Static Sharding: Running Nodes","Fri Apr 18 15:49:51 GMT 2025","passed","Fri Apr 18 15:49:51 GMT 2025","","Others","",""
"","0","should check connected peers if present and suitable","waitForRemotePeer","Fri Apr 18 15:45:16 GMT 2025","passed","Fri Apr 18 15:45:16 GMT 2025","","","",""
"","1","Push message with custom timestamp: 1744994763889","Waku Light Push: Multiple Nodes: Strict Check: false","Fri Apr 18 15:56:13 GMT 2025","passed","Fri Apr 18 15:56:13 GMT 2025","","","",""
"","0","Ping on unsubscribed peer","Waku Filter V2: Ping: Multiple Nodes: Strict Checking: true","Fri Apr 18 15:46:47 GMT 2025","passed","Fri Apr 18 15:46:47 GMT 2025","","","",""
"","1","Subscribe to topic containing JSON and receive message","Waku Filter V2: Subscribe: Multiple Service Nodes: Strict Check mode: false","Fri Apr 18 15:54:12 GMT 2025","passed","Fri Apr 18 15:54:12 GMT 2025","","","",""
"","0","should calculate shard index from content topic when shard is not provided","IWaku utils","Fri Apr 18 15:45:16 GMT 2025","passed","Fri Apr 18 15:45:16 GMT 2025","","decoderParamsToShardInfo","",""
"","0","Unsubscribe topics the node is not subscribed to","Waku Filter V2: Unsubscribe: Multiple Nodes: Strict Checking: false","Fri Apr 18 15:47:55 GMT 2025","passed","Fri Apr 18 15:47:55 GMT 2025","","","",""
"","0","Ordered Callback sorting by timestamp while page direction is true","Waku Store, sorting","Fri Apr 18 15:50:04 GMT 2025","passed","Fri Apr 18 15:50:04 GMT 2025","","","",""
"","0","Subscribe to topic containing shell command and publish message","Waku Relay, Subscribe","Fri Apr 18 15:47:59 GMT 2025","passed","Fri Apr 18 15:47:59 GMT 2025","","","",""
"","1","should correctly map /app/20/sometopic/someencoding to shard index 0 with networkShards 1","contentTopicToShardIndex","Fri Apr 18 15:44:33 GMT 2025","passed","Fri Apr 18 15:44:33 GMT 2025","","","",""
"","1","isConnected should return false after all peers disconnect","Connection state","Fri Apr 18 15:46:03 GMT 2025","passed","Fri Apr 18 15:46:03 GMT 2025","","","",""
"","1","safeDispatchEvent","Public methods","Fri Apr 18 15:46:23 GMT 2025","passed","Fri Apr 18 15:46:23 GMT 2025","","","",""
"","0","can start and stop the service","Local Storage Discovery","Fri Apr 18 15:44:59 GMT 2025","passed","Fri Apr 18 15:44:59 GMT 2025","interface-peer-discovery compliance tests","Compliance Tests","",""
"","0","Subscribe and publish messages on 2 different content topics","Waku Relay, Subscribe","Fri Apr 18 15:47:59 GMT 2025","passed","Fri Apr 18 15:47:59 GMT 2025","","","",""
"","0","should wait for Store peer to be connected","waitForRemotePeer","Fri Apr 18 15:45:16 GMT 2025","passed","Fri Apr 18 15:45:16 GMT 2025","","","",""
"","1","Push message with numeric payload","Waku Light Push: Multiple Nodes: Strict Check: false","Fri Apr 18 15:56:13 GMT 2025","passed","Fri Apr 18 15:56:13 GMT 2025","","","",""
"","1","should hash ""test123"" with n=5 and maxValue=100 correctly","hashN","Fri Apr 18 15:45:25 GMT 2025","passed","Fri Apr 18 15:45:25 GMT 2025","","","",""
"","0","Check message with non string payload is not received","Waku Filter V2: FilterPush: Multiple Nodes: Strict Checking: true","Fri Apr 18 15:52:36 GMT 2025","passed","Fri Apr 18 15:52:36 GMT 2025","","","",""
"","0","should insert elements correctly","BloomFilter","Fri Apr 18 15:45:27 GMT 2025","passed","Fri Apr 18 15:45:27 GMT 2025","","","",""
"","0","should reject if Relay is requested but not mounted","waitForRemotePeer","Fri Apr 18 15:45:16 GMT 2025","passed","Fri Apr 18 15:45:16 GMT 2025","","","",""
"","0","Check message received after jswaku node is restarted","Waku Filter V2: FilterPush: Multiple Nodes: Strict Checking: true","Fri Apr 18 15:52:36 GMT 2025","skipped","Fri Apr 18 15:52:36 GMT 2025","","","",""
"","0","All","ENR Interop: ServiceNode","Fri Apr 18 15:45:48 GMT 2025","passed","Fri Apr 18 15:45:48 GMT 2025","","","",""
"","0","Check received message containing XML","Waku Filter V2: FilterPush: Multiple Nodes: Strict Checking: true","Fri Apr 18 15:52:36 GMT 2025","passed","Fri Apr 18 15:52:36 GMT 2025","","","",""
"","0","Push message with shell command payload","Waku Light Push: Multiple Nodes: Strict Check: true","Fri Apr 18 15:56:13 GMT 2025","passed","Fri Apr 18 15:56:13 GMT 2025","","","",""
"","0","should properly create location multiaddrs - udp6","ENR","Fri Apr 18 15:44:42 GMT 2025","passed","Fri Apr 18 15:44:42 GMT 2025","","Location multiaddr","",""
"","0","Does not throw an exception when node disconnects","Waku Dial [node only]","Fri Apr 18 15:50:18 GMT 2025","passed","Fri Apr 18 15:50:18 GMT 2025","","Interop: ServiceNode","",""
"","0","Check received message containing numeric","Waku Filter V2: FilterPush: Multiple Nodes: Strict Checking: true","Fri Apr 18 15:52:36 GMT 2025","passed","Fri Apr 18 15:52:36 GMT 2025","","","",""
"","0","should retry on complete failure if specified","LightPush SDK","Fri Apr 18 15:45:16 GMT 2025","passed","Fri Apr 18 15:45:16 GMT 2025","","","",""
"","0","should correctly map a content topic to a pubsub topic","contentTopicToPubsubTopic","Fri Apr 18 15:44:33 GMT 2025","passed","Fri Apr 18 15:44:33 GMT 2025","","","",""
"","1","Passing page size 10 when there are 10 messages","Waku Store, page size","Fri Apr 18 15:50:11 GMT 2025","passed","Fri Apr 18 15:50:11 GMT 2025","","","",""
"","0","should emit a peer event after start","DNS Discovery: Compliance Test","Fri Apr 18 15:45:47 GMT 2025","passed","Fri Apr 18 15:45:47 GMT 2025","","interface-peer-discovery compliance tests","",""
"","1","Encoder throws on undefined content topic","Ensures content topic is defined","Fri Apr 18 15:45:05 GMT 2025","passed","Fri Apr 18 15:45:05 GMT 2025","","","",""
"","0","Push message with Script payload","Waku Light Push: Multiple Nodes: Strict Check: true","Fri Apr 18 15:56:13 GMT 2025","passed","Fri Apr 18 15:56:13 GMT 2025","","","",""
"","2","should be able to encode the field with only RELAY set to true","ENR waku2 codec","Fri Apr 18 15:44:41 GMT 2025","passed","Fri Apr 18 15:44:41 GMT 2025","","Encoding","",""
"","1","should hash ""test123"" with n=0 and maxValue=100 correctly","hashN","Fri Apr 18 15:45:25 GMT 2025","passed","Fri Apr 18 15:45:25 GMT 2025","","","",""
"","1","listenerCount","Public methods","Fri Apr 18 15:46:23 GMT 2025","passed","Fri Apr 18 15:46:23 GMT 2025","","","",""
"","0","random static sharding 2 - Cluster ID: 681, Shard ID: 274","Static Sharding: Running Nodes","Fri Apr 18 15:49:51 GMT 2025","passed","Fri Apr 18 15:49:51 GMT 2025","","","",""
"","0","should hash ""Lorem ipsum dolor sit amet"" with n=1 and maxValue=100 correctly","hashN","Fri Apr 18 15:45:25 GMT 2025","passed","Fri Apr 18 15:45:25 GMT 2025","","","",""
"","0","1 Store, 2 fetches","Fetch nodes until capabilities are fulfilled","Fri Apr 18 15:44:55 GMT 2025","passed","Fri Apr 18 15:44:55 GMT 2025","","","",""
"","0","should derive a pubsub topic using contentTopic when SingleShardInfo only contains clusterId","determinePubsubTopic","Fri Apr 18 15:44:33 GMT 2025","passed","Fri Apr 18 15:44:33 GMT 2025","","","",""
"","0","Subscribe to topic containing Script and receive message","Waku Filter V2: Subscribe: Multiple Service Nodes: Strict Check mode: true","Fri Apr 18 15:54:12 GMT 2025","passed","Fri Apr 18 15:54:12 GMT 2025","","","",""
"","0","should hash """" with n=1 and maxValue=1000 correctly","hashN","Fri Apr 18 15:45:25 GMT 2025","passed","Fri Apr 18 15:45:25 GMT 2025","","","",""
"","0","Check publish message containing long","Waku Relay, Publish","Fri Apr 18 15:47:56 GMT 2025","passed","Fri Apr 18 15:47:56 GMT 2025","","","",""
"","1","should hash ""hello"" with n=0 and maxValue=100 correctly","hashN","Fri Apr 18 15:45:25 GMT 2025","passed","Fri Apr 18 15:45:25 GMT 2025","","","",""
"","1","should return false when clusterId doesn't match","IWaku utils","Fri Apr 18 15:45:16 GMT 2025","passed","Fri Apr 18 15:45:16 GMT 2025","","isShardCompatible","",""
"","0","Refresh subscription","Waku Filter V2: Subscribe: Multiple Service Nodes: Strict Check mode: false","Fri Apr 18 15:54:12 GMT 2025","passed","Fri Apr 18 15:54:12 GMT 2025","","","",""
"","0","Push message with long payload","Waku Light Push: Multiple Nodes: Strict Check: true","Fri Apr 18 15:56:13 GMT 2025","passed","Fri Apr 18 15:56:13 GMT 2025","","","",""
"","1","Overlapping topic subscription","Waku Relay, Subscribe","Fri Apr 18 15:47:59 GMT 2025","skipped","Fri Apr 18 15:47:59 GMT 2025","","","",""
"","0","isConnected should return true after first peer connects","Connection state","Fri Apr 18 15:46:03 GMT 2025","passed","Fri Apr 18 15:46:03 GMT 2025","","","",""
"","0","Check received message containing Script","Waku Filter V2: FilterPush: Multiple Nodes: Strict Checking: true","Fri Apr 18 15:52:36 GMT 2025","passed","Fri Apr 18 15:52:36 GMT 2025","","","",""
"","0","n1 and n2 uses a custom pubsub, n3 uses the default pubsub","Waku Relay (Autosharding), multiple pubsub topics","Fri Apr 18 15:47:46 GMT 2025","passed","Fri Apr 18 15:47:46 GMT 2025","","","",""
"","0","getPeersByDiscovery","Public methods","Fri Apr 18 15:46:23 GMT 2025","passed","Fri Apr 18 15:46:23 GMT 2025","","","",""
"","5","Reopen subscription with peer with lost subscription","Waku Filter V2: Ping: Multiple Nodes: Strict Checking: true","Fri Apr 18 15:46:47 GMT 2025","passed","Fri Apr 18 15:46:47 GMT 2025","","","",""
"","0","Subscribe to topic containing Basic HTML tag and receive message","Waku Filter V2: Subscribe: Multiple Service Nodes: Strict Check mode: false","Fri Apr 18 15:54:12 GMT 2025","passed","Fri Apr 18 15:54:12 GMT 2025","","","",""
"","1","Push message with content topic containing unicode special characters","Waku Light Push: Multiple Nodes: Strict Check: false","Fri Apr 18 15:56:13 GMT 2025","passed","Fri Apr 18 15:56:13 GMT 2025","","","",""
"","0","Generator, 2 nwaku nodes each with different pubsubtopics","Waku Store, custom pubsub topic","Fri Apr 18 15:49:56 GMT 2025","passed","Fri Apr 18 15:49:56 GMT 2025","","","",""
"","0","Query generator for multiple messages with multiple decoders","Waku Store, general","Fri Apr 18 15:49:57 GMT 2025","passed","Fri Apr 18 15:49:57 GMT 2025","","","",""
"","1","should throw an error for non-numeric clusterId: /waku/2/rs/\/1","pubsubTopicToSingleShardInfo with various invalid formats","Fri Apr 18 15:44:33 GMT 2025","passed","Fri Apr 18 15:44:33 GMT 2025","","","",""
"","0","Check received message containing Script","Waku Filter V2: FilterPush: Multiple Nodes: Strict Checking: false","Fri Apr 18 15:52:36 GMT 2025","passed","Fri Apr 18 15:52:36 GMT 2025","","","",""
"","0","Renews subscription after lossing a connection","Waku Filter V2: Subscribe: Multiple Service Nodes: Strict Check mode: false","Fri Apr 18 15:54:12 GMT 2025","passed","Fri Apr 18 15:54:12 GMT 2025","","","",""
"","0","msgTime: -19000 ms from now, startTime: -18999, endTime: -18996","Waku Store, time filter","Fri Apr 18 15:50:13 GMT 2025","passed","Fri Apr 18 15:50:13 GMT 2025","","","",""
"","0","should get / set UDP multiaddr","ENR","Fri Apr 18 15:44:42 GMT 2025","passed","Fri Apr 18 15:44:42 GMT 2025","","Multiaddr getters and setters","",""
"","0","Push message with XML payload","Waku Light Push: Multiple Nodes: Strict Check: true","Fri Apr 18 15:56:13 GMT 2025","passed","Fri Apr 18 15:56:13 GMT 2025","","","",""
"","0","should properly create location multiaddrs - tcp6","ENR","Fri Apr 18 15:44:42 GMT 2025","passed","Fri Apr 18 15:44:42 GMT 2025","","Location multiaddr","",""
"","1","Query Generator  - false","Waku Store, order","Fri Apr 18 15:50:00 GMT 2025","passed","Fri Apr 18 15:50:00 GMT 2025","","","",""
"","0","should hash """" with n=0 and maxValue=1000 correctly","hashN","Fri Apr 18 15:45:25 GMT 2025","passed","Fri Apr 18 15:45:25 GMT 2025","","","",""
"","0","should be able to decode the field with ALL protocols set to false","ENR waku2 codec","Fri Apr 18 15:44:41 GMT 2025","passed","Fri Apr 18 15:44:41 GMT 2025","","Decoding","",""
"","0","Encoder throws on undefined content topic","Ensures content topic is defined","Fri Apr 18 15:44:48 GMT 2025","passed","Fri Apr 18 15:44:48 GMT 2025","","","",""
"","0","should encode/decode to RLP encoding","ENR","Fri Apr 18 15:44:42 GMT 2025","passed","Fri Apr 18 15:44:42 GMT 2025","","Static tests","",""
"","0","Reusing cursor across nodes","Waku Store, cursor","Fri Apr 18 15:49:12 GMT 2025","passed","Fri Apr 18 15:49:12 GMT 2025","","","",""
"","1","should hash ""Lorem ipsum dolor sit amet"" with n=5 and maxValue=10000 correctly","hashN","Fri Apr 18 15:45:25 GMT 2025","passed","Fri Apr 18 15:45:25 GMT 2025","","","",""
"","0","Privacy Node - default protocol","Wait for remote peer","Fri Apr 18 15:50:23 GMT 2025","passed","Fri Apr 18 15:50:23 GMT 2025","","","",""
"","1","should process correctly when SingleShardInfo has no clusterId but has a shard","determinePubsubTopic","Fri Apr 18 15:44:33 GMT 2025","passed","Fri Apr 18 15:44:33 GMT 2025","","","",""
"","0","Error when try to subscribe to more than 101 topics (new limit)","Waku Filter V2: Subscribe: Multiple Service Nodes: Strict Check mode: true","Fri Apr 18 15:54:12 GMT 2025","passed","Fri Apr 18 15:54:12 GMT 2025","","","",""
"","0","throws on content topic with non-number generation field","ensureValidContentTopic","Fri Apr 18 15:44:33 GMT 2025","passed","Fri Apr 18 15:44:33 GMT 2025","","","",""
"","1","Subscribe to topic containing Russian and publish message","Waku Relay, Subscribe","Fri Apr 18 15:47:59 GMT 2025","passed","Fri Apr 18 15:47:59 GMT 2025","","","",""
"","0","Light push messages to 2 nwaku nodes each with different pubsubtopics","Waku Light Push (Autosharding): Multiple PubsubTopics","Fri Apr 18 15:46:42 GMT 2025","passed","Fri Apr 18 15:46:42 GMT 2025","","","",""
"","1","should throw an error for invalid PubsubTopic format: /waku/2/r/1/2","pubsubTopicToSingleShardInfo with various invalid formats","Fri Apr 18 15:44:33 GMT 2025","passed","Fri Apr 18 15:44:33 GMT 2025","","","",""
"","0","using a protocol with unconfigured pubsub topic should fail","Autosharding: Running Nodes","Fri Apr 18 15:49:39 GMT 2025","passed","Fri Apr 18 15:49:39 GMT 2025","","","",""
"","0","can start and stop the service","DNS Discovery: Compliance Test","Fri Apr 18 15:45:47 GMT 2025","passed","Fri Apr 18 15:45:47 GMT 2025","","interface-peer-discovery compliance tests","",""
"","0","Encoder throws on empty string content topic","Ensures content topic is defined","Fri Apr 18 15:45:05 GMT 2025","passed","Fri Apr 18 15:45:05 GMT 2025","","","",""
"","1","ENRTree (root): should error if DNS root entry is mis-prefixed","ENRTree","Fri Apr 18 15:44:55 GMT 2025","passed","Fri Apr 18 15:44:55 GMT 2025","","","",""
"","0","Push message with Chinese payload","Waku Light Push: Multiple Nodes: Strict Check: true","Fri Apr 18 15:56:13 GMT 2025","passed","Fri Apr 18 15:56:13 GMT 2025","","","",""
"","1","should handle corrupted local storage data gracefully","Local Storage Discovery","Fri Apr 18 15:44:59 GMT 2025","passed","Fri Apr 18 15:44:59 GMT 2025","","Unit Tests","",""
"","3","should return false when shard is not included in network shards","IWaku utils","Fri Apr 18 15:45:16 GMT 2025","passed","Fri Apr 18 15:45:16 GMT 2025","","isShardCompatible","",""
"","0","Encoder throws on empty string content topic","Ensures content topic is defined","Fri Apr 18 15:44:48 GMT 2025","passed","Fri Apr 18 15:44:48 GMT 2025","","","",""
"","0","Push message with emoji payload","Waku Light Push: Multiple Nodes: Strict Check: true","Fri Apr 18 15:56:13 GMT 2025","passed","Fri Apr 18 15:56:13 GMT 2025","","","",""
"","0","Relay - dialed after","Wait for remote peer","Fri Apr 18 15:50:23 GMT 2025","passed","Fri Apr 18 15:50:23 GMT 2025","","","",""
"","1","should hash """" with n=5 and maxValue=100 correctly","hashN","Fri Apr 18 15:45:25 GMT 2025","passed","Fri Apr 18 15:45:25 GMT 2025","","","",""
"","0","Ordered Callback - true","Waku Store, order","Fri Apr 18 15:50:00 GMT 2025","passed","Fri Apr 18 15:50:00 GMT 2025","","","",""
"","0","should decode valid ENR with multiaddrs successfully [shared test vector]","ENR","Fri Apr 18 15:44:42 GMT 2025","passed","Fri Apr 18 15:44:42 GMT 2025","","Txt codec","",""
"","0","should throw error - no public key","ENR","Fri Apr 18 15:44:42 GMT 2025","passed","Fri Apr 18 15:44:42 GMT 2025","","Verify","",""
"","0","should throw error - no id","ENR","Fri Apr 18 15:44:42 GMT 2025","passed","Fri Apr 18 15:44:42 GMT 2025","","Verify","",""
"","0","should hash ""!@#$%^&*()"" with n=2 and maxValue=10000 correctly","hashN","Fri Apr 18 15:45:25 GMT 2025","passed","Fri Apr 18 15:45:25 GMT 2025","","","",""
"","0","recovers when dns.resolve returns empty","DNS Node Discovery","Fri Apr 18 15:44:56 GMT 2025","passed","Fri Apr 18 15:44:56 GMT 2025","","","",""
"","0","retrieves a single peer","DNS Node Discovery","Fri Apr 18 15:44:56 GMT 2025","passed","Fri Apr 18 15:44:56 GMT 2025","","","",""
"","0","should hash ""test123"" with n=0 and maxValue=1000 correctly","hashN","Fri Apr 18 15:45:25 GMT 2025","passed","Fri Apr 18 15:45:25 GMT 2025","","","",""
"","0","Check message with no content topic is not received","Waku Filter V2: FilterPush: Multiple Nodes: Strict Checking: true","Fri Apr 18 15:52:36 GMT 2025","passed","Fri Apr 18 15:52:36 GMT 2025","","","",""
"","0","Generator, 2 different pubsubtopics","Waku Store, custom pubsub topic","Fri Apr 18 15:49:56 GMT 2025","passed","Fri Apr 18 15:49:56 GMT 2025","","","",""
"","0","should throw an error for non-numeric shard: /waku/2/rs/1/\","pubsubTopicToSingleShardInfo with various invalid formats","Fri Apr 18 15:44:33 GMT 2025","passed","Fri Apr 18 15:44:33 GMT 2025","","","",""
"","1","receiving a ping from a peer does not overwrite shard info","Metadata Protocol","Fri Apr 18 15:46:52 GMT 2025","passed","Fri Apr 18 15:46:52 GMT 2025","","","",""
"","1","should reject if Store is requested but not mounted","waitForRemotePeer","Fri Apr 18 15:45:16 GMT 2025","passed","Fri Apr 18 15:45:16 GMT 2025","","","",""
"","0","Check received message containing Arabic","Waku Filter V2: FilterPush: Multiple Nodes: Strict Checking: false","Fri Apr 18 15:52:36 GMT 2025","passed","Fri Apr 18 15:52:36 GMT 2025","","","",""
"","0","Subscribe and receive messages from 2 nwaku nodes each with different pubsubtopics","Waku Filter V2: Subscribe: Multiple Service Nodes: Strict Check mode: false","Fri Apr 18 15:54:12 GMT 2025","passed","Fri Apr 18 15:54:12 GMT 2025","","","",""
"","0","should check false positive rate","BloomFilter with special patterns","Fri Apr 18 15:45:27 GMT 2025","passed","Fri Apr 18 15:45:27 GMT 2025","","","",""
"","0","Reopen subscription with peer with lost subscription","Waku Filter V2: Ping: Multiple Nodes: Strict Checking: false","Fri Apr 18 15:46:47 GMT 2025","passed","Fri Apr 18 15:46:47 GMT 2025","","","",""
"","0","Publish message with custom timestamp: Sat Apr 27 2024 15:47:46 GMT+0000 (Coordinated Universal Time)","Waku Relay, Publish","Fri Apr 18 15:47:56 GMT 2025","passed","Fri Apr 18 15:47:56 GMT 2025","","","",""
"","0","should maintain proper timestamps if all messages received","MessageChannel","Fri Apr 18 15:45:26 GMT 2025","passed","Fri Apr 18 15:45:26 GMT 2025","","receiving a message","",""
"","1","connects to nwaku","Waku Dial [node only]","Fri Apr 18 15:50:18 GMT 2025","passed","Fri Apr 18 15:50:18 GMT 2025","","Interop: ServiceNode","",""
"","1","should hash ""Lorem ipsum dolor sit amet"" with n=0 and maxValue=100 correctly","hashN","Fri Apr 18 15:45:25 GMT 2025","passed","Fri Apr 18 15:45:25 GMT 2025","","","",""
"","0","Push message with special chars payload","Waku Light Push: Multiple Nodes: Strict Check: false","Fri Apr 18 15:56:13 GMT 2025","passed","Fri Apr 18 15:56:13 GMT 2025","","","",""
"","0","Generator, 2 different pubsubtopics","Waku Store (Autosharding), custom pubsub topic","Fri Apr 18 15:49:56 GMT 2025","skipped","Fri Apr 18 15:49:56 GMT 2025","","","",""
"","10","should initialize with default number of peers","PeerManager","Fri Apr 18 15:45:16 GMT 2025","passed","Fri Apr 18 15:45:16 GMT 2025","","","",""
"","0","Push message with content topic containing Basic HTML tag","Waku Light Push: Multiple Nodes: Strict Check: false","Fri Apr 18 15:56:13 GMT 2025","passed","Fri Apr 18 15:56:13 GMT 2025","","","",""
"","0","should load peers from local storage and dispatch events","Local Storage Discovery","Fri Apr 18 15:44:59 GMT 2025","passed","Fri Apr 18 15:44:59 GMT 2025","","Unit Tests","",""
"","0","Non TWN Cluster","Autosharding: Running Nodes","Fri Apr 18 15:49:39 GMT 2025","passed","Fri Apr 18 15:49:39 GMT 2025","","","",""
"","1","random static sharding 1 - Cluster ID: 237, Shard ID: 868","Static Sharding: Running Nodes","Fri Apr 18 15:49:51 GMT 2025","passed","Fri Apr 18 15:49:51 GMT 2025","","","",""
"","3","Ping on unsubscribed peer","Waku Filter V2: Ping: Multiple Nodes: Strict Checking: false","Fri Apr 18 15:46:47 GMT 2025","passed","Fri Apr 18 15:46:47 GMT 2025","","","",""
"","0","random static sharding 7 - Cluster ID: 767, Shard ID: 351","Static Sharding: Running Nodes","Fri Apr 18 15:49:51 GMT 2025","passed","Fri Apr 18 15:49:51 GMT 2025","","","",""
"","0","should hash ""test123"" with n=5 and maxValue=1000 correctly","hashN","Fri Apr 18 15:45:25 GMT 2025","passed","Fri Apr 18 15:45:25 GMT 2025","","","",""
"","0","should properly create peer info with all multiaddrs","ENR","Fri Apr 18 15:44:42 GMT 2025","passed","Fri Apr 18 15:44:42 GMT 2025","","Location multiaddr","",""
"","0","random static sharding 9 - Cluster ID: 364, Shard ID: 788","Static Sharding: Running Nodes","Fri Apr 18 15:49:51 GMT 2025","passed","Fri Apr 18 15:49:51 GMT 2025","","","",""
"","1","handles multiple messages","Util: toAsyncIterator: Filter","Fri Apr 18 15:50:09 GMT 2025","passed","Fri Apr 18 15:50:09 GMT 2025","","","",""
"","0","Check received message containing Arabic","Waku Filter V2: FilterPush: Multiple Nodes: Strict Checking: true","Fri Apr 18 15:52:36 GMT 2025","passed","Fri Apr 18 15:52:36 GMT 2025","","","",""
"","0","Subscribe to topic containing SQL Injection and publish message","Waku Relay, Subscribe","Fri Apr 18 15:47:59 GMT 2025","passed","Fri Apr 18 15:47:59 GMT 2025","","","",""
"","1","should decode valid enr with tcp successfully","ENR","Fri Apr 18 15:44:42 GMT 2025","passed","Fri Apr 18 15:44:42 GMT 2025","","Txt codec","",""
"","0","Check meta is set [ecies]","Ecies Encryption","Fri Apr 18 15:45:07 GMT 2025","passed","Fri Apr 18 15:45:07 GMT 2025","","","",""
"","1","pre and post cipher","Waku Encryption","Fri Apr 18 15:45:06 GMT 2025","passed","Fri Apr 18 15:45:06 GMT 2025","","","",""
"","0","Check message with non string payload is not received","Waku Filter V2: FilterPush: Multiple Nodes: Strict Checking: false","Fri Apr 18 15:52:36 GMT 2025","passed","Fri Apr 18 15:52:36 GMT 2025","","","",""
"","0","Subscribe and receive ecies encrypted messages via lightPush","Waku Filter V2: Subscribe: Multiple Service Nodes: Strict Check mode: true","Fri Apr 18 15:54:12 GMT 2025","passed","Fri Apr 18 15:54:12 GMT 2025","","","",""
"","2","Query Generator sorting by timestamp while page direction is false","Waku Store, sorting","Fri Apr 18 15:50:04 GMT 2025","passed","Fri Apr 18 15:50:04 GMT 2025","","","",""
"","1","Fails to publish duplicate message","Waku Relay, Publish","Fri Apr 18 15:47:56 GMT 2025","passed","Fri Apr 18 15:47:56 GMT 2025","","","",""
"","0","should correctly map /app/20/sometopic/someencoding to shard index 15 with networkShards 16","contentTopicToShardIndex","Fri Apr 18 15:44:33 GMT 2025","passed","Fri Apr 18 15:44:33 GMT 2025","","","",""
"","0","random static sharding 10 - Cluster ID: 240, Shard ID: 342","Static Sharding: Running Nodes","Fri Apr 18 15:49:51 GMT 2025","passed","Fri Apr 18 15:49:51 GMT 2025","","","",""
"","0","Subscribe to topic containing Basic HTML tag and publish message","Waku Relay, Subscribe","Fri Apr 18 15:47:59 GMT 2025","passed","Fri Apr 18 15:47:59 GMT 2025","","","",""
"","0","nwaku subscribes","Waku Relay, Interop","Fri Apr 18 15:47:43 GMT 2025","passed","Fri Apr 18 15:47:43 GMT 2025","","","",""
"","1","msgTime: -19000 ms from now, startTime: -19002, endTime: -19001","Waku Store, time filter","Fri Apr 18 15:50:13 GMT 2025","passed","Fri Apr 18 15:50:13 GMT 2025","","","",""
"","0","Passing invalid cursor","Waku Store, cursor","Fri Apr 18 15:49:12 GMT 2025","passed","Fri Apr 18 15:49:12 GMT 2025","","","",""
"","1","Subscribe and receive messages via waku relay post","Waku Filter V2: Subscribe: Multiple Service Nodes: Strict Check mode: true","Fri Apr 18 15:54:12 GMT 2025","passed","Fri Apr 18 15:54:12 GMT 2025","","","",""
"","1","should handle connection events","PeerManager","Fri Apr 18 15:45:16 GMT 2025","passed","Fri Apr 18 15:45:16 GMT 2025","","","",""
"","0","should return the correct m/n for k = 7, targetError = 0.01","Probabilities","Fri Apr 18 15:45:25 GMT 2025","passed","Fri Apr 18 15:45:25 GMT 2025","","","",""
"","0","Check received message containing Basic HTML tag","Waku Filter V2: FilterPush: Multiple Nodes: Strict Checking: false","Fri Apr 18 15:52:36 GMT 2025","passed","Fri Apr 18 15:52:36 GMT 2025","","","",""
"","0","random auto sharding 6 - Cluster ID: 10, Content Topic: /app96/9/topic612/test.js","Autosharding: Running Nodes","Fri Apr 18 15:49:39 GMT 2025","passed","Fri Apr 18 15:49:39 GMT 2025","","","",""
"","1","should emit `waku:online` event only when first peer is connected","Connection state","Fri Apr 18 15:46:03 GMT 2025","passed","Fri Apr 18 15:46:03 GMT 2025","","","",""
"","0","Unsubscribe 1 topic - node subscribed to 2 topics","Waku Filter V2: Unsubscribe: Multiple Nodes: Strict Checking: false","Fri Apr 18 15:47:55 GMT 2025","passed","Fri Apr 18 15:47:55 GMT 2025","","","",""
"","4","tcp ip4 address","Multiaddr from fields","Fri Apr 18 15:44:41 GMT 2025","passed","Fri Apr 18 15:44:41 GMT 2025","","","",""
"","0","addEventListener with wrong event","Public methods","Fri Apr 18 15:46:23 GMT 2025","passed","Fri Apr 18 15:46:23 GMT 2025","","","",""
"","1","should hash ""test123"" with n=2 and maxValue=1000 correctly","hashN","Fri Apr 18 15:45:25 GMT 2025","passed","Fri Apr 18 15:45:25 GMT 2025","","","",""
"","1","Generator, 2 nwaku nodes each with different pubsubtopics","Waku Store (Autosharding), custom pubsub topic","Fri Apr 18 15:49:56 GMT 2025","skipped","Fri Apr 18 15:49:56 GMT 2025","","","",""
"","0","retrieves all peers (3) when branch entries are composed of multiple strings","DNS Node Discovery w/ capabilities","Fri Apr 18 15:44:56 GMT 2025","passed","Fri Apr 18 15:44:56 GMT 2025","","","",""
"","0","Push message with content topic containing escaped characters","Waku Light Push: Multiple Nodes: Strict Check: false","Fri Apr 18 15:56:13 GMT 2025","passed","Fri Apr 18 15:56:13 GMT 2025","","","",""
"","0","Push message equal or less that 1MB","Waku Light Push: Multiple Nodes: Strict Check: false","Fri Apr 18 15:56:13 GMT 2025","passed","Fri Apr 18 15:56:13 GMT 2025","","","",""
"","0","Check received message containing shell command","Waku Filter V2: FilterPush: Multiple Nodes: Strict Checking: false","Fri Apr 18 15:52:36 GMT 2025","passed","Fri Apr 18 15:52:36 GMT 2025","","","",""
"","0","Push message with custom timestamp: 1714232763889","Waku Light Push: Multiple Nodes: Strict Check: false","Fri Apr 18 15:56:13 GMT 2025","passed","Fri Apr 18 15:56:13 GMT 2025","","","",""
"","0","Subscribe to topic containing short and publish message","Waku Relay, Subscribe","Fri Apr 18 15:47:59 GMT 2025","passed","Fri Apr 18 15:47:59 GMT 2025","","","",""
"","0","Push message with content topic containing Basic HTML tag","Waku Light Push: Multiple Nodes: Strict Check: true","Fri Apr 18 15:56:13 GMT 2025","passed","Fri Apr 18 15:56:13 GMT 2025","","","",""
"","0","should correctly map /app/20/sometopic/someencoding to shard index 1 with networkShards 2","contentTopicToShardIndex","Fri Apr 18 15:44:33 GMT 2025","passed","Fri Apr 18 15:44:33 GMT 2025","","","",""
"","0","should wait for LightPush peer to be connected","waitForRemotePeer","Fri Apr 18 15:45:16 GMT 2025","passed","Fri Apr 18 15:45:16 GMT 2025","","","",""
"","1","should correctly map /myapp/1/latest/proto to shard index 0","contentTopicToShardIndex","Fri Apr 18 15:44:33 GMT 2025","passed","Fri Apr 18 15:44:33 GMT 2025","","","",""
"","0","peerDiscovery without wakuPeerExchangeDiscovery","Peer Exchange","Fri Apr 18 15:47:49 GMT 2025","passed","Fri Apr 18 15:47:49 GMT 2025","","","",""
"","0","should hash ""Lorem ipsum dolor sit amet"" with n=2 and maxValue=10000 correctly","hashN","Fri Apr 18 15:45:25 GMT 2025","passed","Fri Apr 18 15:45:25 GMT 2025","","","",""
"","0","Correctly serialized arguments","nwaku","Fri Apr 18 15:46:49 GMT 2025","passed","Fri Apr 18 15:46:49 GMT 2025","","","",""
"","0","should be able to encode the field with only FILTER set to true","ENR waku2 codec","Fri Apr 18 15:44:41 GMT 2025","passed","Fri Apr 18 15:44:41 GMT 2025","","Encoding","",""
"","0","should process tasks in queue","RetryManager","Fri Apr 18 15:45:16 GMT 2025","passed","Fri Apr 18 15:45:16 GMT 2025","","","",""
"","0","Throws when trying to push message with empty payload","Waku Light Push: Multiple Nodes: Strict Check: true","Fri Apr 18 15:56:13 GMT 2025","passed","Fri Apr 18 15:56:13 GMT 2025","","","",""
"","0","Check received message containing SQL Injection","Waku Filter V2: FilterPush: Multiple Nodes: Strict Checking: false","Fri Apr 18 15:52:36 GMT 2025","passed","Fri Apr 18 15:52:36 GMT 2025","","","",""
"","5","Cluster ID 0 - Default/Global Cluster","Autosharding: Running Nodes","Fri Apr 18 15:49:39 GMT 2025","passed","Fri Apr 18 15:49:39 GMT 2025","","","",""
"","1","Check received message with timestamp: 1744991143038000000 ","Waku Filter V2: FilterPush: Multiple Nodes: Strict Checking: false","Fri Apr 18 15:52:36 GMT 2025","passed","Fri Apr 18 15:52:36 GMT 2025","","","",""
"","0","Check publish message containing emoji","Waku Relay, Publish","Fri Apr 18 15:47:56 GMT 2025","passed","Fri Apr 18 15:47:56 GMT 2025","","","",""
"","0","Subscribe to topic containing escaped characters and receive message","Waku Filter V2: Subscribe: Multiple Service Nodes: Strict Check mode: false","Fri Apr 18 15:54:12 GMT 2025","passed","Fri Apr 18 15:54:12 GMT 2025","","","",""
"","0","should hash """" with n=1 and maxValue=10000 correctly","hashN","Fri Apr 18 15:45:25 GMT 2025","passed","Fri Apr 18 15:45:25 GMT 2025","","","",""
"","0","should request renew when peer disconnects","PeerManager","Fri Apr 18 15:45:16 GMT 2025","passed","Fri Apr 18 15:45:16 GMT 2025","","","",""
"","0","Check publish message containing escaped characters","Waku Relay, Publish","Fri Apr 18 15:47:56 GMT 2025","passed","Fri Apr 18 15:47:56 GMT 2025","","","",""
"","1","should throw error - invalid id","ENR","Fri Apr 18 15:44:42 GMT 2025","passed","Fri Apr 18 15:44:42 GMT 2025","","Verify","",""
"","4","returns all values when wanted number matches available values","Discovery","Fri Apr 18 15:44:55 GMT 2025","passed","Fri Apr 18 15:44:55 GMT 2025","","","",""
"","1","Passing a valid cursor at 110 index when there are 120 messages","Waku Store, cursor","Fri Apr 18 15:49:12 GMT 2025","passed","Fri Apr 18 15:49:12 GMT 2025","","","",""
"","0","should handle clusterId, application and version for autosharding with cluster iD 6","shardInfoToPubsubTopics","Fri Apr 18 15:44:33 GMT 2025","passed","Fri Apr 18 15:44:33 GMT 2025","","","",""
"","0","should not be added to outgoing buffer, bloom filter, or local log","MessageChannel","Fri Apr 18 15:45:26 GMT 2025","passed","Fri Apr 18 15:45:26 GMT 2025","","Sync messages","",""
"","0","should decode valid enr successfully","ENR","Fri Apr 18 15:44:42 GMT 2025","passed","Fri Apr 18 15:44:42 GMT 2025","","Txt codec","",""
"","1","Relay","ENR Interop: ServiceNode","Fri Apr 18 15:45:48 GMT 2025","passed","Fri Apr 18 15:45:48 GMT 2025","","","",""
"","0","Add multiple subscription objects on single nwaku node","Waku Filter V2: Subscribe: Multiple Service Nodes: Strict Check mode: true","Fri Apr 18 15:54:12 GMT 2025","passed","Fri Apr 18 15:54:12 GMT 2025","","","",""
"","0","random auto sharding 7 - Cluster ID: 10, Content Topic: /app28/8/topic733/test.js","Autosharding: Running Nodes","Fri Apr 18 15:49:39 GMT 2025","passed","Fri Apr 18 15:49:39 GMT 2025","","","",""
"","0","should insert message into bloom filter","MessageChannel","Fri Apr 18 15:45:26 GMT 2025","passed","Fri Apr 18 15:45:26 GMT 2025","","sending a message ","",""
"","1","Asymmetric encrypt & decrypt","Waku Encryption","Fri Apr 18 15:45:06 GMT 2025","passed","Fri Apr 18 15:45:06 GMT 2025","","","",""
"","0","Push message with content topic containing Script","Waku Light Push: Multiple Nodes: Strict Check: false","Fri Apr 18 15:56:13 GMT 2025","passed","Fri Apr 18 15:56:13 GMT 2025","","","",""
"","0","should throw an error for non-numeric shard: /waku/2/rs/1/$","pubsubTopicToSingleShardInfo with various invalid formats","Fri Apr 18 15:44:33 GMT 2025","passed","Fri Apr 18 15:44:33 GMT 2025","","","",""
"","0","should set field with all protocols disabled","ENR","Fri Apr 18 15:44:42 GMT 2025","passed","Fri Apr 18 15:44:42 GMT 2025","","waku2 key round trip","",""
"","0","A test","This","Fri Apr 18 15:46:42 GMT 2025","passed","Fri Apr 18 15:46:42 GMT 2025","","Is","",""
"","1","Decoder throws on empty string content topic","Ensures content topic is defined","Fri Apr 18 15:45:07 GMT 2025","passed","Fri Apr 18 15:45:07 GMT 2025","","","",""
"","0","should correctly map /app/20/sometopic/someencoding to shard index 7","contentTopicToShardIndex","Fri Apr 18 15:44:33 GMT 2025","passed","Fri Apr 18 15:44:33 GMT 2025","","","",""
"","0","Check publish message containing numeric","Waku Relay, Publish","Fri Apr 18 15:47:56 GMT 2025","passed","Fri Apr 18 15:47:56 GMT 2025","","","",""
"","0","Publish message with custom timestamp: Sun Dec 17 1995 03:24:00 GMT+0000 (Coordinated Universal Time)","Waku Relay, Publish","Fri Apr 18 15:47:56 GMT 2025","passed","Fri Apr 18 15:47:56 GMT 2025","","","",""
"","0","should throw an error for missing required configuration","shardInfoToPubsubTopics","Fri Apr 18 15:44:33 GMT 2025","passed","Fri Apr 18 15:44:33 GMT 2025","","","",""
"","0","all px service nodes subscribed to the shard topic should be dialed","Static Sharding: Peer Management","Fri Apr 18 15:48:58 GMT 2025","passed","Fri Apr 18 15:48:58 GMT 2025","","Peer Exchange","",""
"","0","should mark all messages in causal history as acknowledged","MessageChannel","Fri Apr 18 15:45:26 GMT 2025","passed","Fri Apr 18 15:45:26 GMT 2025","","reviewing ack status","",""
"","0","Push message with Russian payload","Waku Light Push: Multiple Nodes: Strict Check: false","Fri Apr 18 15:56:13 GMT 2025","passed","Fri Apr 18 15:56:13 GMT 2025","","","",""
"","0","Symmetric encrypt & Decrypt","Waku Encryption","Fri Apr 18 15:45:06 GMT 2025","passed","Fri Apr 18 15:45:06 GMT 2025","","","",""
"","1","Check received message with timestamp: 1949153314000 ","Waku Filter V2: FilterPush: Multiple Nodes: Strict Checking: false","Fri Apr 18 15:52:36 GMT 2025","passed","Fri Apr 18 15:52:36 GMT 2025","","","",""
"","0","should serialize and deserialize correctly","BloomFilter","Fri Apr 18 15:45:27 GMT 2025","passed","Fri Apr 18 15:45:27 GMT 2025","","","",""
"","0","Push message with emoji payload","Waku Light Push: Multiple Nodes: Strict Check: false","Fri Apr 18 15:56:13 GMT 2025","passed","Fri Apr 18 15:56:13 GMT 2025","","","",""
"","0","Timestamp too far from node time: -20000 ms from now","Waku Store, time filter","Fri Apr 18 15:50:13 GMT 2025","passed","Fri Apr 18 15:50:13 GMT 2025","","","",""
"","0","Publish without waiting for remote peer","Waku Relay, Subscribe","Fri Apr 18 15:47:59 GMT 2025","passed","Fri Apr 18 15:47:59 GMT 2025","","","",""
"","1","Subscribe to topic containing JSON and publish message","Waku Relay, Subscribe","Fri Apr 18 15:47:59 GMT 2025","passed","Fri Apr 18 15:47:59 GMT 2025","","","",""
"","0","Subscribe to topic containing Chinese and receive message","Waku Filter V2: Subscribe: Multiple Service Nodes: Strict Check mode: true","Fri Apr 18 15:54:12 GMT 2025","passed","Fri Apr 18 15:54:12 GMT 2025","","","",""
"","0","shard 0","Static Sharding: Running Nodes","Fri Apr 18 15:49:51 GMT 2025","passed","Fri Apr 18 15:49:51 GMT 2025","","","",""
"","0","Subscribe to topic containing unicode special characters and receive message","Waku Filter V2: Subscribe: Multiple Service Nodes: Strict Check mode: true","Fri Apr 18 15:54:12 GMT 2025","passed","Fri Apr 18 15:54:12 GMT 2025","","","",""
"","0","Push message with escaped characters payload","Waku Light Push: Multiple Nodes: Strict Check: false","Fri Apr 18 15:56:13 GMT 2025","passed","Fri Apr 18 15:56:13 GMT 2025","","","",""
"","0","Unsubscribes all - node subscribed to 1 topic","Waku Filter V2: Unsubscribe: Multiple Nodes: Strict Checking: true","Fri Apr 18 15:47:55 GMT 2025","passed","Fri Apr 18 15:47:55 GMT 2025","","","",""
"","0","Ephemeral field is preserved - symmetric encryption","Waku Message Ephemeral field","Fri Apr 18 15:45:50 GMT 2025","passed","Fri Apr 18 15:45:50 GMT 2025","","","",""
"","1","start node with empty content topic","Autosharding: Running Nodes","Fri Apr 18 15:49:39 GMT 2025","passed","Fri Apr 18 15:49:39 GMT 2025","","","",""
"","0","Subscribe to topic containing shell command and receive message","Waku Filter V2: Subscribe: Multiple Service Nodes: Strict Check mode: false","Fri Apr 18 15:54:12 GMT 2025","passed","Fri Apr 18 15:54:12 GMT 2025","","","",""
"","1","should not fail to start the service if it is already started","Local Storage Discovery","Fri Apr 18 15:44:59 GMT 2025","passed","Fri Apr 18 15:44:59 GMT 2025","interface-peer-discovery compliance tests","Compliance Tests","",""
"","1","should be able to decode the field with RELAY and FILTER protocols set to true","ENR waku2 codec","Fri Apr 18 15:44:41 GMT 2025","passed","Fri Apr 18 15:44:41 GMT 2025","","Decoding","",""
"","1","ENRTree (root): should error if DNS root entry signature is invalid","ENRTree","Fri Apr 18 15:44:55 GMT 2025","passed","Fri Apr 18 15:44:55 GMT 2025","","","",""
"","0","Query Generator sorting by timestamp while page direction is true","Waku Store, sorting","Fri Apr 18 15:50:04 GMT 2025","passed","Fri Apr 18 15:50:04 GMT 2025","","","",""
"","1","random static sharding 8 - Cluster ID: 183, Shard ID: 341","Static Sharding: Running Nodes","Fri Apr 18 15:49:51 GMT 2025","passed","Fri Apr 18 15:49:51 GMT 2025","","","",""
"","0","should properly create location multiaddrs - udp","ENR","Fri Apr 18 15:44:42 GMT 2025","passed","Fri Apr 18 15:44:42 GMT 2025","","Location multiaddr","",""
"","0","ENRTree (branch): should parse and verify a single component DNS branch entry","ENRTree","Fri Apr 18 15:44:55 GMT 2025","passed","Fri Apr 18 15:44:55 GMT 2025","","","",""
"","0","should hash """" with n=2 and maxValue=1000 correctly","hashN","Fri Apr 18 15:45:25 GMT 2025","passed","Fri Apr 18 15:45:25 GMT 2025","","","",""
"","0","Check publish message containing short","Waku Relay, Publish","Fri Apr 18 15:47:56 GMT 2025","passed","Fri Apr 18 15:47:56 GMT 2025","","","",""
"","0","Subscribe to topic containing Arabic and receive message","Waku Filter V2: Subscribe: Multiple Service Nodes: Strict Check mode: true","Fri Apr 18 15:54:12 GMT 2025","passed","Fri Apr 18 15:54:12 GMT 2025","","","",""
"","1","Passing a valid cursor at 10 index when there are 40 messages","Waku Store, cursor","Fri Apr 18 15:49:12 GMT 2025","passed","Fri Apr 18 15:49:12 GMT 2025","","","",""
"","1","Encoder throws on undefined content topic","Ensures content topic is defined","Fri Apr 18 15:45:07 GMT 2025","passed","Fri Apr 18 15:45:07 GMT 2025","","","",""
"","0","should be able to encode the field with ALL protocols set to false","ENR waku2 codec","Fri Apr 18 15:44:41 GMT 2025","passed","Fri Apr 18 15:44:41 GMT 2025","","Encoding","",""
"","0","should hash ""hello"" with n=2 and maxValue=1000 correctly","hashN","Fri Apr 18 15:45:25 GMT 2025","passed","Fri Apr 18 15:45:25 GMT 2025","","","",""
"","1","should be called at least once on all `peer:discovery` events","Dials","Fri Apr 18 15:45:51 GMT 2025","passed","Fri Apr 18 15:45:51 GMT 2025","","attemptDial method","",""
"","1","should return usable stream attached to connection","StreamManager","Fri Apr 18 15:44:47 GMT 2025","passed","Fri Apr 18 15:44:47 GMT 2025","","","",""
"","0","peer:update - should not schedule stream creation IF protocol hit AND stream found on connection","StreamManager","Fri Apr 18 15:44:47 GMT 2025","passed","Fri Apr 18 15:44:47 GMT 2025","","","",""
"","0","Check received message with timestamp: 1649153314 ","Waku Filter V2: FilterPush: Multiple Nodes: Strict Checking: false","Fri Apr 18 15:52:36 GMT 2025","passed","Fri Apr 18 15:52:36 GMT 2025","","","",""
"","0","groups content topics by expected pubsub topic","contentTopicsByPubsubTopic","Fri Apr 18 15:44:33 GMT 2025","passed","Fri Apr 18 15:44:33 GMT 2025","","","",""
"","0","Generator, custom pubsub topic","Waku Store (named sharding), custom pubsub topic","Fri Apr 18 15:49:56 GMT 2025","passed","Fri Apr 18 15:49:56 GMT 2025","","","",""
"","0","Push message with content topic containing numeric","Waku Light Push: Multiple Nodes: Strict Check: false","Fri Apr 18 15:56:13 GMT 2025","passed","Fri Apr 18 15:56:13 GMT 2025","","","",""
"","0","Ping on subscribed peer","Waku Filter V2: Ping: Multiple Nodes: Strict Checking: false","Fri Apr 18 15:46:47 GMT 2025","passed","Fri Apr 18 15:46:47 GMT 2025","","","",""
"","1","random static sharding 3 - Cluster ID: 531, Shard ID: 35","Static Sharding: Running Nodes","Fri Apr 18 15:49:51 GMT 2025","passed","Fri Apr 18 15:49:51 GMT 2025","","","",""
"","0","should hash ""!@#$%^&*()"" with n=2 and maxValue=100 correctly","hashN","Fri Apr 18 15:45:25 GMT 2025","passed","Fri Apr 18 15:45:25 GMT 2025","","","",""
"","0","should be able to encode the field with only LIGHTPUSH set to true","ENR waku2 codec","Fri Apr 18 15:44:41 GMT 2025","passed","Fri Apr 18 15:44:41 GMT 2025","","Encoding","",""
"","0","random static sharding 4 - Cluster ID: 781, Shard ID: 328","Static Sharding: Running Nodes","Fri Apr 18 15:49:51 GMT 2025","passed","Fri Apr 18 15:49:51 GMT 2025","","","",""
"","1","should emit `peer:connected:peer-exchange` event when a peer is connected","Events","Fri Apr 18 15:45:43 GMT 2025","passed","Fri Apr 18 15:45:43 GMT 2025","","peer:connect","",""
"","0","should hash ""!@#$%^&*()"" with n=5 and maxValue=10000 correctly","hashN","Fri Apr 18 15:45:25 GMT 2025","passed","Fri Apr 18 15:45:25 GMT 2025","","","",""
"","0","3 nodes on /waku/2/rs/3/2 topic","Waku Relay, multiple pubsub topics","Fri Apr 18 15:47:46 GMT 2025","passed","Fri Apr 18 15:47:46 GMT 2025","","","",""
"","1","Passing cursor with wrong pubsubTopic","Waku Store, cursor","Fri Apr 18 15:49:12 GMT 2025","passed","Fri Apr 18 15:49:12 GMT 2025","","","",""
"","1","should not receive a peer event before start","Local Storage Discovery","Fri Apr 18 15:44:59 GMT 2025","passed","Fri Apr 18 15:44:59 GMT 2025","interface-peer-discovery compliance tests","Compliance Tests","",""
"","1","Subscribe to topic containing short and receive message","Waku Filter V2: Subscribe: Multiple Service Nodes: Strict Check mode: true","Fri Apr 18 15:54:12 GMT 2025","passed","Fri Apr 18 15:54:12 GMT 2025","","","",""
"","0","Check received message with timestamp: 1744991143038 ","Waku Filter V2: FilterPush: Multiple Nodes: Strict Checking: true","Fri Apr 18 15:52:36 GMT 2025","passed","Fri Apr 18 15:52:36 GMT 2025","","","",""
"","0","Round trip binary encryption [ecies, no signature]","Ecies Encryption","Fri Apr 18 15:45:07 GMT 2025","passed","Fri Apr 18 15:45:07 GMT 2025","","","",""
"","0","Push message with content topic containing short","Waku Light Push: Multiple Nodes: Strict Check: false","Fri Apr 18 15:56:13 GMT 2025","passed","Fri Apr 18 15:56:13 GMT 2025","","","",""
"","1","should hash ""hello"" with n=0 and maxValue=10000 correctly","hashN","Fri Apr 18 15:45:25 GMT 2025","passed","Fri Apr 18 15:45:25 GMT 2025","","","",""
"","1","more peers than existing","Peer Exchange Query","Fri Apr 18 15:47:29 GMT 2025","skipped","Fri Apr 18 15:47:29 GMT 2025","","","",""
"","0","3 nodes on /waku/2/rs/7/0 topic","Waku Relay (Autosharding), multiple pubsub topics","Fri Apr 18 15:47:46 GMT 2025","passed","Fri Apr 18 15:47:46 GMT 2025","","","",""
"","3","Query Generator, No Decoder","Waku Store, error handling","Fri Apr 18 15:49:24 GMT 2025","passed","Fri Apr 18 15:49:24 GMT 2025","","","",""
"","1","random auto sharding 5 - Cluster ID: 10, Content Topic: /app49/3/topic685/json","Autosharding: Running Nodes","Fri Apr 18 15:49:39 GMT 2025","passed","Fri Apr 18 15:49:39 GMT 2025","","","",""
"","0","should hash ""!@#$%^&*()"" with n=1 and maxValue=1000 correctly","hashN","Fri Apr 18 15:45:25 GMT 2025","passed","Fri Apr 18 15:45:25 GMT 2025","","","",""
"","0","should correctly encode and decode relay shards using rs format (Index List)","Relay Shard codec","Fri Apr 18 15:44:33 GMT 2025","passed","Fri Apr 18 15:44:33 GMT 2025","","","",""
"","1","Subscribe to topic containing special chars and receive message","Waku Filter V2: Subscribe: Multiple Service Nodes: Strict Check mode: false","Fri Apr 18 15:54:12 GMT 2025","passed","Fri Apr 18 15:54:12 GMT 2025","","","",""
"","0","should hash ""hello"" with n=1 and maxValue=10000 correctly","hashN","Fri Apr 18 15:45:25 GMT 2025","passed","Fri Apr 18 15:45:25 GMT 2025","","","",""
"","0","Subscribe to topic containing unicode special characters and publish message","Waku Relay, Subscribe","Fri Apr 18 15:47:59 GMT 2025","passed","Fri Apr 18 15:47:59 GMT 2025","","","",""
"","0","Check message with invalid timestamp is not received","Waku Filter V2: FilterPush: Multiple Nodes: Strict Checking: true","Fri Apr 18 15:52:36 GMT 2025","passed","Fri Apr 18 15:52:36 GMT 2025","","","",""
"","0","Should update multiaddrs","Peer Exchange Continuous Discovery","Fri Apr 18 15:46:53 GMT 2025","passed","Fri Apr 18 15:46:53 GMT 2025","","","",""
"","0","Promise Callback  - false","Waku Store, order","Fri Apr 18 15:50:00 GMT 2025","passed","Fri Apr 18 15:50:00 GMT 2025","","","",""
"","1","ENRTree (tree): should error if DNS tree entry is misformatted","ENRTree","Fri Apr 18 15:44:55 GMT 2025","passed","Fri Apr 18 15:44:55 GMT 2025","","","",""
"","1","should hash """" with n=1 and maxValue=100 correctly","hashN","Fri Apr 18 15:45:25 GMT 2025","passed","Fri Apr 18 15:45:25 GMT 2025","","","",""
"","0","Subscribe to topic containing numeric and receive message","Waku Filter V2: Subscribe: Multiple Service Nodes: Strict Check mode: false","Fri Apr 18 15:54:12 GMT 2025","passed","Fri Apr 18 15:54:12 GMT 2025","","","",""
"","0","should convert content topics to PubsubTopics for autosharding","shardInfoToPubsubTopics","Fri Apr 18 15:44:33 GMT 2025","passed","Fri Apr 18 15:44:33 GMT 2025","","","",""
"","0","Push message with meta","Waku Light Push: Multiple Nodes: Strict Check: true","Fri Apr 18 15:56:13 GMT 2025","passed","Fri Apr 18 15:56:13 GMT 2025","","","",""
"","1","same cluster, same shard: nodes connect","Metadata Protocol","Fri Apr 18 15:46:52 GMT 2025","passed","Fri Apr 18 15:46:52 GMT 2025","","connections","",""
"","0","should hash ""hello"" with n=5 and maxValue=1000 correctly","hashN","Fri Apr 18 15:45:25 GMT 2025","passed","Fri Apr 18 15:45:25 GMT 2025","","","",""
"","1","should properly create location multiaddrs - tcp","ENR","Fri Apr 18 15:44:42 GMT 2025","passed","Fri Apr 18 15:44:42 GMT 2025","","Location multiaddr","",""
"","0","Passing an array","Waku Dial [node only]","Fri Apr 18 15:50:18 GMT 2025","passed","Fri Apr 18 15:50:18 GMT 2025","","Bootstrap","",""
"","0","should not receive a peer event before start","Peer Exchange","Fri Apr 18 15:47:29 GMT 2025","passed","Fri Apr 18 15:47:29 GMT 2025","interface-peer-discovery compliance tests","Compliance Test","",""
"","0","Check message received after jswaku node is restarted","Waku Filter V2: FilterPush: Multiple Nodes: Strict Checking: false","Fri Apr 18 15:52:36 GMT 2025","skipped","Fri Apr 18 15:52:36 GMT 2025","","","",""
"","0","should attach causal history and bloom filter to each message","MessageChannel","Fri Apr 18 15:45:26 GMT 2025","passed","Fri Apr 18 15:45:26 GMT 2025","","sending a message ","",""
"","1","returns nothing if no connections present","selectOpenConnection","Fri Apr 18 15:44:47 GMT 2025","passed","Fri Apr 18 15:44:47 GMT 2025","","","",""
"","1","Query generator for multiple messages with different content topic format","Waku Store, general","Fri Apr 18 15:49:57 GMT 2025","passed","Fri Apr 18 15:49:57 GMT 2025","","","",""
"","0","should initialize with Unhealthy status","HealthIndicator","Fri Apr 18 15:45:16 GMT 2025","passed","Fri Apr 18 15:45:16 GMT 2025","","","",""
"","0","Refresh subscription","Waku Filter V2: Subscribe: Multiple Service Nodes: Strict Check mode: true","Fri Apr 18 15:54:12 GMT 2025","passed","Fri Apr 18 15:54:12 GMT 2025","","","",""
"","1","Subscribe to topic containing short and receive message","Waku Filter V2: Subscribe: Multiple Service Nodes: Strict Check mode: false","Fri Apr 18 15:54:12 GMT 2025","passed","Fri Apr 18 15:54:12 GMT 2025","","","",""
"","0","Push to array if already present","pushOrInitMapSet","Fri Apr 18 15:44:33 GMT 2025","passed","Fri Apr 18 15:44:33 GMT 2025","","","",""
"","0","can start the service","Peer Exchange","Fri Apr 18 15:47:29 GMT 2025","passed","Fri Apr 18 15:47:29 GMT 2025","interface-peer-discovery compliance tests","Compliance Test","",""
"","1","should handle a minimal index list","Relay Shard codec","Fri Apr 18 15:44:33 GMT 2025","passed","Fri Apr 18 15:44:33 GMT 2025","","","",""
"","1","Check meta is set [symmetric]","Symmetric Encryption","Fri Apr 18 15:45:05 GMT 2025","passed","Fri Apr 18 15:45:05 GMT 2025","","","",""
"","0","Push message with content topic containing JSON","Waku Light Push: Multiple Nodes: Strict Check: true","Fri Apr 18 15:56:13 GMT 2025","passed","Fri Apr 18 15:56:13 GMT 2025","","","",""
"","0","Subscribe to topic containing XML and receive message","Waku Filter V2: Subscribe: Multiple Service Nodes: Strict Check mode: true","Fri Apr 18 15:54:12 GMT 2025","passed","Fri Apr 18 15:54:12 GMT 2025","","","",""
"","1","Query with Promise Callback, No Decoder","Waku Store, error handling","Fri Apr 18 15:49:24 GMT 2025","passed","Fri Apr 18 15:49:24 GMT 2025","","","",""
"","0","Push message with content topic containing XML","Waku Light Push: Multiple Nodes: Strict Check: false","Fri Apr 18 15:56:13 GMT 2025","passed","Fri Apr 18 15:56:13 GMT 2025","","","",""
"","0","should transition to Unhealthy when no connections","HealthIndicator","Fri Apr 18 15:45:16 GMT 2025","passed","Fri Apr 18 15:45:16 GMT 2025","","","",""
"","0","Using a function","Waku Dial [node only]","Fri Apr 18 15:50:18 GMT 2025","passed","Fri Apr 18 15:50:18 GMT 2025","","Bootstrap","",""
"","0","should only return 1 node with relay capability","DNS Node Discovery w/ capabilities","Fri Apr 18 15:44:56 GMT 2025","passed","Fri Apr 18 15:44:56 GMT 2025","","","",""
"","0","Waku message hash computation (message is IDecodedMessage)","RFC Test Vectors","Fri Apr 18 15:44:36 GMT 2025","passed","Fri Apr 18 15:44:36 GMT 2025","","","",""
"","0","Check received message containing special chars","Waku Filter V2: FilterPush: Multiple Nodes: Strict Checking: true","Fri Apr 18 15:52:36 GMT 2025","passed","Fri Apr 18 15:52:36 GMT 2025","","","",""
"","0","Subscribe to topic containing long and receive message","Waku Filter V2: Subscribe: Multiple Service Nodes: Strict Check mode: true","Fri Apr 18 15:54:12 GMT 2025","passed","Fri Apr 18 15:54:12 GMT 2025","","","",""
"","1","should throw an error for non-numeric shard: /waku/2/rs/1/ ","pubsubTopicToSingleShardInfo with various invalid formats","Fri Apr 18 15:44:33 GMT 2025","passed","Fri Apr 18 15:44:33 GMT 2025","","","",""
"","1","should create a new stream if no existing for protocol found","StreamManager","Fri Apr 18 15:44:47 GMT 2025","passed","Fri Apr 18 15:44:47 GMT 2025","","","",""
"","0","should handle clusterId, application and version for autosharding with cluster iD 0","shardInfoToPubsubTopics","Fri Apr 18 15:44:33 GMT 2025","passed","Fri Apr 18 15:44:33 GMT 2025","","","",""
"","1","Push message with custom timestamp: 1714232763889","Waku Light Push: Multiple Nodes: Strict Check: true","Fri Apr 18 15:56:13 GMT 2025","passed","Fri Apr 18 15:56:13 GMT 2025","","","",""
"","0","Push message with content topic containing Chinese","Waku Light Push: Multiple Nodes: Strict Check: true","Fri Apr 18 15:56:13 GMT 2025","passed","Fri Apr 18 15:56:13 GMT 2025","","","",""
"","0","dispatchEvent via connectionManager","Public methods","Fri Apr 18 15:46:23 GMT 2025","passed","Fri Apr 18 15:46:23 GMT 2025","","","",""
"","0","should encode/decode to text encoding","ENR","Fri Apr 18 15:44:42 GMT 2025","passed","Fri Apr 18 15:44:42 GMT 2025","","Static tests","",""
"","0","PeerStore has remote peer's shard info after successful connection","Metadata Protocol","Fri Apr 18 15:46:52 GMT 2025","passed","Fri Apr 18 15:46:52 GMT 2025","","","",""
"","0","Query generator for 2000 messages","Waku Store, general","Fri Apr 18 15:49:57 GMT 2025","passed","Fri Apr 18 15:49:57 GMT 2025","","","",""
"","0","should not fail to start the service if it is already started","Peer Exchange","Fri Apr 18 15:47:29 GMT 2025","passed","Fri Apr 18 15:47:29 GMT 2025","interface-peer-discovery compliance tests","Compliance Test","",""
"","0","passes more than one ENR URLs and attempts connection","DNS Node Discovery [live data]","Fri Apr 18 15:45:47 GMT 2025","skipped","Fri Apr 18 15:45:47 GMT 2025","","","",""
"","1","Query Generator, Multiple PubsubTopics","Waku Store, error handling","Fri Apr 18 15:49:24 GMT 2025","passed","Fri Apr 18 15:49:24 GMT 2025","","","",""
"","1","msgTime: -19000 ms from now, startTime: -19010, endTime: -18990","Waku Store, time filter","Fri Apr 18 15:50:13 GMT 2025","passed","Fri Apr 18 15:50:13 GMT 2025","","","",""
"","0","Subscribe to topic containing long and receive message","Waku Filter V2: Subscribe: Multiple Service Nodes: Strict Check mode: false","Fri Apr 18 15:54:12 GMT 2025","passed","Fri Apr 18 15:54:12 GMT 2025","","","",""
"","0","Subscribe to topic containing SQL Injection and receive message","Waku Filter V2: Subscribe: Multiple Service Nodes: Strict Check mode: true","Fri Apr 18 15:54:12 GMT 2025","passed","Fri Apr 18 15:54:12 GMT 2025","","","",""
"","1","should hash ""test123"" with n=5 and maxValue=10000 correctly","hashN","Fri Apr 18 15:45:25 GMT 2025","passed","Fri Apr 18 15:45:25 GMT 2025","","","",""
"","0","should correctly map /app/22/sometopic/someencoding to shard index 2","contentTopicToShardIndex","Fri Apr 18 15:44:33 GMT 2025","passed","Fri Apr 18 15:44:33 GMT 2025","","","",""
"","0","Push message with rate limit","Waku Light Push: Multiple Nodes: Strict Check: false","Fri Apr 18 15:56:13 GMT 2025","passed","Fri Apr 18 15:56:13 GMT 2025","","","",""
"","1","Decoder throws on undefined content topic","Ensures content topic is defined","Fri Apr 18 15:44:48 GMT 2025","passed","Fri Apr 18 15:44:48 GMT 2025","","","",""
"","0","Query with Ordered Callback, Multiple PubsubTopics","Waku Store, error handling","Fri Apr 18 15:49:24 GMT 2025","passed","Fri Apr 18 15:49:24 GMT 2025","","","",""
"","1","should be able to encode the field with ALL protocols set to true","ENR waku2 codec","Fri Apr 18 15:44:41 GMT 2025","passed","Fri Apr 18 15:44:41 GMT 2025","","Encoding","",""
"","1","Accepts a valid Waku Message","Message Validator","Fri Apr 18 15:45:20 GMT 2025","passed","Fri Apr 18 15:45:20 GMT 2025","","","",""
"","0","should encodeTxt and decodeTxt","ENR","Fri Apr 18 15:44:42 GMT 2025","passed","Fri Apr 18 15:44:42 GMT 2025","","Txt codec","",""
"","1","Passing a valid cursor at 0 index when there are 20 messages","Waku Store, cursor","Fri Apr 18 15:49:12 GMT 2025","passed","Fri Apr 18 15:49:12 GMT 2025","","","",""
"","1","Query with Promise Callback, No message returned","Waku Store, error handling","Fri Apr 18 15:49:24 GMT 2025","passed","Fri Apr 18 15:49:24 GMT 2025","","","",""
"","0","Add multiple subscription objects on single nwaku node","Waku Filter V2: Subscribe: Multiple Service Nodes: Strict Check mode: false","Fri Apr 18 15:54:12 GMT 2025","passed","Fri Apr 18 15:54:12 GMT 2025","","","",""
"","1","should correctly map /app/27/sometopic/someencoding to shard index 5","contentTopicToShardIndex","Fri Apr 18 15:44:33 GMT 2025","passed","Fri Apr 18 15:44:33 GMT 2025","","","",""
"","0","Check publish message containing JSON","Waku Relay, Publish","Fri Apr 18 15:47:56 GMT 2025","passed","Fri Apr 18 15:47:56 GMT 2025","","","",""
"","0","Subscribe to topic containing emoji and receive message","Waku Filter V2: Subscribe: Multiple Service Nodes: Strict Check mode: false","Fri Apr 18 15:54:12 GMT 2025","passed","Fri Apr 18 15:54:12 GMT 2025","","","",""
"","1","Passing page size 110 when there are 120 messages","Waku Store, page size","Fri Apr 18 15:50:11 GMT 2025","passed","Fri Apr 18 15:50:11 GMT 2025","","","",""
"","1","Check publish message containing shell command","Waku Relay, Publish","Fri Apr 18 15:47:56 GMT 2025","passed","Fri Apr 18 15:47:56 GMT 2025","","","",""
"","0","Ephemeral field set to true","Waku Message version 0","Fri Apr 18 15:44:48 GMT 2025","passed","Fri Apr 18 15:44:48 GMT 2025","","","",""
"","1","should throw an error for non-numeric shard: /waku/2/rs/1/y","pubsubTopicToSingleShardInfo with various invalid formats","Fri Apr 18 15:44:33 GMT 2025","passed","Fri Apr 18 15:44:33 GMT 2025","","","",""
"","3","returns a subset of values when wanted number is lesser than available values","Discovery","Fri Apr 18 15:44:55 GMT 2025","passed","Fri Apr 18 15:44:55 GMT 2025","","","",""
"","1","should return no connections if no open connection provided","selectOpenConnection","Fri Apr 18 15:44:47 GMT 2025","passed","Fri Apr 18 15:44:47 GMT 2025","","","",""
"","1","Check publish message containing Basic HTML tag","Waku Relay, Publish","Fri Apr 18 15:47:56 GMT 2025","passed","Fri Apr 18 15:47:56 GMT 2025","","","",""
"","0","Check message with no payload is not received","Waku Filter V2: FilterPush: Multiple Nodes: Strict Checking: false","Fri Apr 18 15:52:36 GMT 2025","passed","Fri Apr 18 15:52:36 GMT 2025","","","",""
"","0","Fails to push message bigger that 1MB","Waku Light Push: Multiple Nodes: Strict Check: false","Fri Apr 18 15:56:13 GMT 2025","passed","Fri Apr 18 15:56:13 GMT 2025","","","",""
"","0","should throw an error for an unconfigured topic","ensurePubsubTopicIsConfigured","Fri Apr 18 15:44:33 GMT 2025","passed","Fri Apr 18 15:44:33 GMT 2025","","","",""
"","0","should not receive a peer event after stop","DNS Discovery: Compliance Test","Fri Apr 18 15:45:47 GMT 2025","passed","Fri Apr 18 15:45:47 GMT 2025","","interface-peer-discovery compliance tests","",""
"","1","Check received message containing SQL Injection","Waku Filter V2: FilterPush: Multiple Nodes: Strict Checking: true","Fri Apr 18 15:52:36 GMT 2025","passed","Fri Apr 18 15:52:36 GMT 2025","","","",""
"","1","Push message with unicode special characters payload","Waku Light Push: Multiple Nodes: Strict Check: false","Fri Apr 18 15:56:13 GMT 2025","passed","Fri Apr 18 15:56:13 GMT 2025","","","",""
"","0","should reject if LightPush is requested but not mounted","waitForRemotePeer","Fri Apr 18 15:45:16 GMT 2025","passed","Fri Apr 18 15:45:16 GMT 2025","","","",""
"","0","should hash ""Lorem ipsum dolor sit amet"" with n=2 and maxValue=100 correctly","hashN","Fri Apr 18 15:45:25 GMT 2025","passed","Fri Apr 18 15:45:25 GMT 2025","","","",""
"","0","3 nodes on /waku/2/rs/7/1 topic","Waku Relay (Autosharding), multiple pubsub topics","Fri Apr 18 15:47:46 GMT 2025","passed","Fri Apr 18 15:47:46 GMT 2025","","","",""
"","0","should not allow unachievable error rate","Probabilities","Fri Apr 18 15:45:25 GMT 2025","passed","Fri Apr 18 15:45:25 GMT 2025","","","",""
"","1","Error when try to subscribe to more than 101 topics (new limit)","Waku Filter V2: Subscribe: Multiple Service Nodes: Strict Check mode: false","Fri Apr 18 15:54:12 GMT 2025","passed","Fri Apr 18 15:54:12 GMT 2025","","","",""
"","0","should hash ""test123"" with n=1 and maxValue=100 correctly","hashN","Fri Apr 18 15:45:25 GMT 2025","passed","Fri Apr 18 15:45:25 GMT 2025","","","",""
"","1","Push message with content topic containing unicode special characters","Waku Light Push: Multiple Nodes: Strict Check: true","Fri Apr 18 15:56:13 GMT 2025","passed","Fri Apr 18 15:56:13 GMT 2025","","","",""
"","0","should return false","ENR","Fri Apr 18 15:44:42 GMT 2025","passed","Fri Apr 18 15:44:42 GMT 2025","","Verify","",""
"","0","should set field with only LIGHTPUSH enabled","ENR","Fri Apr 18 15:44:42 GMT 2025","passed","Fri Apr 18 15:44:42 GMT 2025","","waku2 key round trip","",""
"","1","should remove messages without delivering if timeout is exceeded","MessageChannel","Fri Apr 18 15:45:26 GMT 2025","passed","Fri Apr 18 15:45:26 GMT 2025","","Sweeping incoming buffer","",""
"","0","should emit a peer event after start","Local Storage Discovery","Fri Apr 18 15:44:59 GMT 2025","passed","Fri Apr 18 15:44:59 GMT 2025","interface-peer-discovery compliance tests","Compliance Tests","",""
"","0","should hash ""!@#$%^&*()"" with n=1 and maxValue=100 correctly","hashN","Fri Apr 18 15:45:25 GMT 2025","passed","Fri Apr 18 15:45:25 GMT 2025","","","",""
"","0","Relay - times out","Wait for remote peer","Fri Apr 18 15:50:23 GMT 2025","passed","Fri Apr 18 15:50:23 GMT 2025","","","",""
"","0","Ping on peer without subscriptions","Waku Filter V2: Ping: Multiple Nodes: Strict Checking: true","Fri Apr 18 15:46:47 GMT 2025","passed","Fri Apr 18 15:46:47 GMT 2025","","","",""
"","0","Query with Ordered Callback, No Decoder","Waku Store, error handling","Fri Apr 18 15:49:24 GMT 2025","passed","Fri Apr 18 15:49:24 GMT 2025","","","",""
"","0","caches peers it previously fetched","DNS Node Discovery","Fri Apr 18 15:44:56 GMT 2025","passed","Fri Apr 18 15:44:56 GMT 2025","","","",""
"","0","Waku message hash computation (meta size of 64 bytes)","RFC Test Vectors","Fri Apr 18 15:44:36 GMT 2025","passed","Fri Apr 18 15:44:36 GMT 2025","","","",""
"","0","should hash ""test123"" with n=2 and maxValue=100 correctly","hashN","Fri Apr 18 15:45:25 GMT 2025","passed","Fri Apr 18 15:45:25 GMT 2025","","","",""
"","0","should hash ""!@#$%^&*()"" with n=0 and maxValue=10000 correctly","hashN","Fri Apr 18 15:45:25 GMT 2025","passed","Fri Apr 18 15:45:25 GMT 2025","","","",""
"","1","should be able to decode the field with only RELAY set to true","ENR waku2 codec","Fri Apr 18 15:44:41 GMT 2025","passed","Fri Apr 18 15:44:41 GMT 2025","","Decoding","",""
"","1","addEventListener with correct event","Public methods","Fri Apr 18 15:46:23 GMT 2025","passed","Fri Apr 18 15:46:23 GMT 2025","","","",""
"","0","throws on content topic with empty application field","ensureValidContentTopic","Fri Apr 18 15:44:33 GMT 2025","passed","Fri Apr 18 15:44:33 GMT 2025","","","",""
"","0","should hash ""hello"" with n=1 and maxValue=100 correctly","hashN","Fri Apr 18 15:45:25 GMT 2025","passed","Fri Apr 18 15:45:25 GMT 2025","","","",""
"","0","Check received message containing JSON","Waku Filter V2: FilterPush: Multiple Nodes: Strict Checking: true","Fri Apr 18 15:52:36 GMT 2025","passed","Fri Apr 18 15:52:36 GMT 2025","","","",""
"","1","Check publish message after client node is restarted","Waku Relay, Publish","Fri Apr 18 15:47:56 GMT 2025","skipped","Fri Apr 18 15:47:56 GMT 2025","","","",""
"","0","should throw an error if shards are undefined for static sharding","shardInfoToPubsubTopics","Fri Apr 18 15:44:33 GMT 2025","passed","Fri Apr 18 15:44:33 GMT 2025","","","",""
"","0","through manual discovery","multiaddr: dialing","Fri Apr 18 15:46:49 GMT 2025","passed","Fri Apr 18 15:46:49 GMT 2025","","does not attempt the same peer discovered multiple times more than once","",""
"","0","should reject on timeout if it was set","waitForRemotePeer","Fri Apr 18 15:45:16 GMT 2025","passed","Fri Apr 18 15:45:16 GMT 2025","","","",""
"","1","should not fail to start the service if it is already started","DNS Discovery: Compliance Test","Fri Apr 18 15:45:47 GMT 2025","passed","Fri Apr 18 15:45:47 GMT 2025","","interface-peer-discovery compliance tests","",""
"","0","should not throw an error when the topic is within a list of configured topics","ensurePubsubTopicIsConfigured","Fri Apr 18 15:44:33 GMT 2025","passed","Fri Apr 18 15:44:33 GMT 2025","","","",""
"","1","Passing a valid cursor at 19 index when there are 50 messages","Waku Store, cursor","Fri Apr 18 15:49:12 GMT 2025","passed","Fri Apr 18 15:49:12 GMT 2025","","","",""
"","0","Decoder throws on empty string content topic","Ensures content topic is defined","Fri Apr 18 15:44:48 GMT 2025","passed","Fri Apr 18 15:44:48 GMT 2025","","","",""
"","1","Check message received after nwaku node is restarted","Waku Filter V2: FilterPush: Multiple Nodes: Strict Checking: true","Fri Apr 18 15:52:36 GMT 2025","skipped","Fri Apr 18 15:52:36 GMT 2025","","","",""
"","0","should convert a SingleShardInfo object to the correct PubsubTopic","singleShardInfoToPubsubTopic","Fri Apr 18 15:44:33 GMT 2025","passed","Fri Apr 18 15:44:33 GMT 2025","","","",""
"","1","should use shardsUnderCluster when provided","IWaku utils","Fri Apr 18 15:45:16 GMT 2025","passed","Fri Apr 18 15:45:16 GMT 2025","","decoderParamsToShardInfo","",""
"","1","start node with empty shard should fail","Static Sharding: Running Nodes","Fri Apr 18 15:49:51 GMT 2025","passed","Fri Apr 18 15:49:51 GMT 2025","","Others","",""
"","0","Subscribe and receive 2 messages on the same topic","Waku Filter V2: Subscribe: Multiple Service Nodes: Strict Check mode: true","Fri Apr 18 15:54:12 GMT 2025","passed","Fri Apr 18 15:54:12 GMT 2025","","","",""
"","0","Waku message hash computation (payload length 0)","RFC Test Vectors","Fri Apr 18 15:44:36 GMT 2025","passed","Fri Apr 18 15:44:36 GMT 2025","","","",""
"","1","Renews subscription after lossing a connection","Waku Filter V2: Subscribe: Multiple Service Nodes: Strict Check mode: true","Fri Apr 18 15:54:12 GMT 2025","passed","Fri Apr 18 15:54:12 GMT 2025","","","",""
"","1","should set field with only FILTER enabled","ENR","Fri Apr 18 15:44:42 GMT 2025","passed","Fri Apr 18 15:44:42 GMT 2025","","waku2 key round trip","",""
"","0","Subscribe to topic containing Russian and receive message","Waku Filter V2: Subscribe: Multiple Service Nodes: Strict Check mode: false","Fri Apr 18 15:54:12 GMT 2025","passed","Fri Apr 18 15:54:12 GMT 2025","","","",""
"","0","Subscribe to topic containing Chinese and publish message","Waku Relay, Subscribe","Fri Apr 18 15:47:59 GMT 2025","passed","Fri Apr 18 15:47:59 GMT 2025","","","",""
"","1","Push message with Script payload","Waku Light Push: Multiple Nodes: Strict Check: false","Fri Apr 18 15:56:13 GMT 2025","passed","Fri Apr 18 15:56:13 GMT 2025","","","",""
"","0","Push message with content topic containing special chars","Waku Light Push: Multiple Nodes: Strict Check: true","Fri Apr 18 15:56:13 GMT 2025","passed","Fri Apr 18 15:56:13 GMT 2025","","","",""
"","0","Push message with content topic containing Chinese","Waku Light Push: Multiple Nodes: Strict Check: false","Fri Apr 18 15:56:13 GMT 2025","passed","Fri Apr 18 15:56:13 GMT 2025","","","",""
"","0","Push message with content topic containing long","Waku Light Push: Multiple Nodes: Strict Check: true","Fri Apr 18 15:56:13 GMT 2025","passed","Fri Apr 18 15:56:13 GMT 2025","","","",""
"","0","Subscribe to topic containing escaped characters and publish message","Waku Relay, Subscribe","Fri Apr 18 15:47:59 GMT 2025","passed","Fri Apr 18 15:47:59 GMT 2025","","","",""
"","5","Generator, with asymmetric & symmetric encrypted messages","Waku Store, general","Fri Apr 18 15:49:57 GMT 2025","passed","Fri Apr 18 15:49:57 GMT 2025","","","",""
"","0","Subscribe and receive messages via lightPush","Waku Filter V2: Subscribe: Multiple Service Nodes: Strict Check mode: false","Fri Apr 18 15:54:12 GMT 2025","passed","Fri Apr 18 15:54:12 GMT 2025","","","",""
"","0","should only return 1 node with relay and store capability","DNS Node Discovery w/ capabilities","Fri Apr 18 15:44:56 GMT 2025","passed","Fri Apr 18 15:44:56 GMT 2025","","","",""
"","0","should throw an error for non-numeric shard: /waku/2/rs/1/-","pubsubTopicToSingleShardInfo with various invalid formats","Fri Apr 18 15:44:33 GMT 2025","passed","Fri Apr 18 15:44:33 GMT 2025","","","",""
"","0","should hash ""Lorem ipsum dolor sit amet"" with n=2 and maxValue=1000 correctly","hashN","Fri Apr 18 15:45:25 GMT 2025","passed","Fri Apr 18 15:45:25 GMT 2025","","","",""
"","1","Subscribe to topic containing special chars and publish message","Waku Relay, Subscribe","Fri Apr 18 15:47:59 GMT 2025","passed","Fri Apr 18 15:47:59 GMT 2025","","","",""
"","0","Subscribe to topic containing JSON and receive message","Waku Filter V2: Subscribe: Multiple Service Nodes: Strict Check mode: true","Fri Apr 18 15:54:12 GMT 2025","passed","Fri Apr 18 15:54:12 GMT 2025","","","",""
"","1","Push message with content topic containing Arabic","Waku Light Push: Multiple Nodes: Strict Check: true","Fri Apr 18 15:56:13 GMT 2025","passed","Fri Apr 18 15:56:13 GMT 2025","","","",""
"","1","should fail to send if no connected peers found","LightPush SDK","Fri Apr 18 15:45:16 GMT 2025","passed","Fri Apr 18 15:45:16 GMT 2025","","","",""
"","1","should properly compute the node id","ENR","Fri Apr 18 15:44:42 GMT 2025","passed","Fri Apr 18 15:44:42 GMT 2025","","Static tests","",""
"","0","Subscribe to topic containing Script and publish message","Waku Relay, Subscribe","Fri Apr 18 15:47:59 GMT 2025","passed","Fri Apr 18 15:47:59 GMT 2025","","","",""
"","1","should return unique PubsubTopics for static sharding","shardInfoToPubsubTopics","Fri Apr 18 15:44:33 GMT 2025","passed","Fri Apr 18 15:44:33 GMT 2025","","","",""
"","0","Push message with long payload","Waku Light Push: Multiple Nodes: Strict Check: false","Fri Apr 18 15:56:13 GMT 2025","passed","Fri Apr 18 15:56:13 GMT 2025","","","",""
"","1","Js publishes, other Js receives","Waku Relay, Interop","Fri Apr 18 15:47:43 GMT 2025","passed","Fri Apr 18 15:47:43 GMT 2025","","","",""
"","1","px service nodes not subscribed to the shard should not be dialed","Static Sharding: Peer Management","Fri Apr 18 15:48:58 GMT 2025","passed","Fri Apr 18 15:48:58 GMT 2025","","Peer Exchange","",""
"","0","Push message with numeric payload","Waku Light Push: Multiple Nodes: Strict Check: true","Fri Apr 18 15:56:13 GMT 2025","passed","Fri Apr 18 15:56:13 GMT 2025","","","",""
"","1","Query Generator, No message returned","Waku Store, error handling","Fri Apr 18 15:49:24 GMT 2025","passed","Fri Apr 18 15:49:24 GMT 2025","","","",""
"","0","Push message with meta","Waku Light Push: Multiple Nodes: Strict Check: false","Fri Apr 18 15:56:13 GMT 2025","passed","Fri Apr 18 15:56:13 GMT 2025","","","",""
"","0","Push message with custom timestamp: 1744994763889","Waku Light Push: Multiple Nodes: Strict Check: true","Fri Apr 18 15:56:13 GMT 2025","passed","Fri Apr 18 15:56:13 GMT 2025","","","",""
"","1","should emit `peer:connected:bootstrap` event when a peer is connected","Events","Fri Apr 18 15:45:43 GMT 2025","passed","Fri Apr 18 15:45:43 GMT 2025","","peer:connect","",""
"","1","should hash ""!@#$%^&*()"" with n=0 and maxValue=1000 correctly","hashN","Fri Apr 18 15:45:25 GMT 2025","passed","Fri Apr 18 15:45:25 GMT 2025","","","",""
"","0","uses static shard pubsub topic instead of autosharding when set","Sets sharding configuration correctly","Fri Apr 18 15:44:48 GMT 2025","passed","Fri Apr 18 15:44:48 GMT 2025","","","",""
"","1","Callback on promise, aborts when callback returns true","Waku Store, general","Fri Apr 18 15:49:57 GMT 2025","passed","Fri Apr 18 15:49:57 GMT 2025","","","",""
"","0","less peers than existing","Peer Exchange Query","Fri Apr 18 15:47:29 GMT 2025","skipped","Fri Apr 18 15:47:29 GMT 2025","","","",""
"","0","should transition to SufficientlyHealthy with multiple compatible peers","HealthIndicator","Fri Apr 18 15:45:16 GMT 2025","passed","Fri Apr 18 15:45:16 GMT 2025","","","",""
"","1","Push message with SQL Injection payload","Waku Light Push: Multiple Nodes: Strict Check: true","Fri Apr 18 15:56:13 GMT 2025","passed","Fri Apr 18 15:56:13 GMT 2025","","","",""
"","0","Push message with Basic HTML tag payload","Waku Light Push: Multiple Nodes: Strict Check: true","Fri Apr 18 15:56:13 GMT 2025","passed","Fri Apr 18 15:56:13 GMT 2025","","","",""
"","0","Subscribe to topic containing numeric and receive message","Waku Filter V2: Subscribe: Multiple Service Nodes: Strict Check mode: true","Fri Apr 18 15:54:12 GMT 2025","passed","Fri Apr 18 15:54:12 GMT 2025","","","",""
"","0","Subscribe to 100 topics (new limit) at once and receives messages","Waku Filter V2: Subscribe: Multiple Service Nodes: Strict Check mode: false","Fri Apr 18 15:54:12 GMT 2025","passed","Fri Apr 18 15:54:12 GMT 2025","","","",""
"","0","Check received message containing unicode special characters","Waku Filter V2: FilterPush: Multiple Nodes: Strict Checking: true","Fri Apr 18 15:52:36 GMT 2025","passed","Fri Apr 18 15:52:36 GMT 2025","","","",""
"","2","Fields are not dropped","to proto message","Fri Apr 18 15:44:47 GMT 2025","passed","Fri Apr 18 15:44:47 GMT 2025","","","",""
"","0","should partition messages based on acknowledgement status","MessageChannel","Fri Apr 18 15:45:26 GMT 2025","passed","Fri Apr 18 15:45:26 GMT 2025","","Sweeping outgoing buffer","",""
"","0","Passing a valid cursor at 2 index when there are 4 messages","Waku Store, cursor","Fri Apr 18 15:49:12 GMT 2025","passed","Fri Apr 18 15:49:12 GMT 2025","","","",""
"","1","Throws when trying to push message with empty payload","Waku Light Push: Multiple Nodes: Strict Check: false","Fri Apr 18 15:56:13 GMT 2025","passed","Fri Apr 18 15:56:13 GMT 2025","","","",""
"","1","can dial TLS multiaddrs","multiaddr: dialing","Fri Apr 18 15:46:49 GMT 2025","passed","Fri Apr 18 15:46:49 GMT 2025","","","",""
"","1","can start the service","Local Storage Discovery","Fri Apr 18 15:44:59 GMT 2025","passed","Fri Apr 18 15:44:59 GMT 2025","interface-peer-discovery compliance tests","Compliance Tests","",""
"","0","should call waitForPeer on Relay","waitForRemotePeer","Fri Apr 18 15:45:16 GMT 2025","passed","Fri Apr 18 15:45:16 GMT 2025","","","",""
"","0","should handle special patterns correctly","BloomFilter with special patterns","Fri Apr 18 15:45:27 GMT 2025","passed","Fri Apr 18 15:45:27 GMT 2025","","","",""
"","1","should throw an error for missing sharding configuration","ensureShardingConfigured","Fri Apr 18 15:44:33 GMT 2025","passed","Fri Apr 18 15:44:33 GMT 2025","","","",""
"","1","Fails to publish message with size larger than 1 MB","Waku Relay, Publish","Fri Apr 18 15:47:56 GMT 2025","passed","Fri Apr 18 15:47:56 GMT 2025","","","",""
"","1","Promise Callback  - true","Waku Store, order","Fri Apr 18 15:50:00 GMT 2025","passed","Fri Apr 18 15:50:00 GMT 2025","","","",""
"","0","Mutual subscription","Waku Relay, Subscribe","Fri Apr 18 15:47:59 GMT 2025","passed","Fri Apr 18 15:47:59 GMT 2025","","","",""
"","0","Check received message containing special chars","Waku Filter V2: FilterPush: Multiple Nodes: Strict Checking: false","Fri Apr 18 15:52:36 GMT 2025","passed","Fri Apr 18 15:52:36 GMT 2025","","","",""
"","0","Push message with content topic containing shell command","Waku Light Push: Multiple Nodes: Strict Check: true","Fri Apr 18 15:56:13 GMT 2025","passed","Fri Apr 18 15:56:13 GMT 2025","","","",""
"","1","throws on content topic with too few or too many fields","ensureValidContentTopic","Fri Apr 18 15:44:33 GMT 2025","passed","Fri Apr 18 15:44:33 GMT 2025","","","",""
"","0","should return the correct m/n for k = 7, targetError = 0.001","Probabilities","Fri Apr 18 15:45:25 GMT 2025","passed","Fri Apr 18 15:45:25 GMT 2025","","","",""
"","0","should not receive a peer event after stop","Peer Exchange","Fri Apr 18 15:47:29 GMT 2025","passed","Fri Apr 18 15:47:29 GMT 2025","interface-peer-discovery compliance tests","Compliance Test","",""
"","0","Subscribe to topic containing Chinese and receive message","Waku Filter V2: Subscribe: Multiple Service Nodes: Strict Check mode: false","Fri Apr 18 15:54:12 GMT 2025","passed","Fri Apr 18 15:54:12 GMT 2025","","","",""
"","0","should aggregate SingleShardInfos into a ShardInfo","singleShardInfosToShardInfo","Fri Apr 18 15:44:33 GMT 2025","passed","Fri Apr 18 15:44:33 GMT 2025","","","",""
"","0","should return PeerId when PeerId is provided","IWaku utils","Fri Apr 18 15:45:16 GMT 2025","passed","Fri Apr 18 15:45:16 GMT 2025","","mapToPeerIdOrMultiaddr","",""
"","0","Check received message containing long","Waku Filter V2: FilterPush: Multiple Nodes: Strict Checking: false","Fri Apr 18 15:52:36 GMT 2025","passed","Fri Apr 18 15:52:36 GMT 2025","","","",""
"","0","ignores unrecognized TXT record formats","DNS Node Discovery","Fri Apr 18 15:44:56 GMT 2025","passed","Fri Apr 18 15:44:56 GMT 2025","","","",""
"","1","does not throw on valid cases","ensureValidContentTopic","Fri Apr 18 15:44:33 GMT 2025","passed","Fri Apr 18 15:44:33 GMT 2025","","","",""
"","0","msgTime: -19000 ms from now, startTime: -19000, endTime: -18000","Waku Store, time filter","Fri Apr 18 15:50:13 GMT 2025","passed","Fri Apr 18 15:50:13 GMT 2025","","","",""
"","1","should be able to decode the field with ALL protocols set to true","ENR waku2 codec","Fri Apr 18 15:44:41 GMT 2025","passed","Fri Apr 18 15:44:41 GMT 2025","","Decoding","",""
"","0","connected peers and dial","Peer Exchange Query","Fri Apr 18 15:47:29 GMT 2025","skipped","Fri Apr 18 15:47:29 GMT 2025","","","",""
"","0","Delete observer","Waku Relay","Fri Apr 18 15:47:30 GMT 2025","passed","Fri Apr 18 15:47:30 GMT 2025","","","",""
"","0","Subscribe to topic containing XML and receive message","Waku Filter V2: Subscribe: Multiple Service Nodes: Strict Check mode: false","Fri Apr 18 15:54:12 GMT 2025","passed","Fri Apr 18 15:54:12 GMT 2025","","","",""
"","1","Subscribe one by one to 100 topics and publish messages","Waku Relay, Subscribe","Fri Apr 18 15:47:59 GMT 2025","passed","Fri Apr 18 15:47:59 GMT 2025","","","",""
"","0","Subscribe and publish 10000 messages on the same topic","Waku Relay, Subscribe","Fri Apr 18 15:47:59 GMT 2025","passed","Fri Apr 18 15:47:59 GMT 2025","","","",""
"","0","Round trip binary encryption [ecies, signature]","Ecies Encryption","Fri Apr 18 15:45:07 GMT 2025","passed","Fri Apr 18 15:45:07 GMT 2025","","","",""
"","0","should hash ""Lorem ipsum dolor sit amet"" with n=0 and maxValue=1000 correctly","hashN","Fri Apr 18 15:45:25 GMT 2025","passed","Fri Apr 18 15:45:25 GMT 2025","","","",""
"","0","should use provided shard info when available","IWaku utils","Fri Apr 18 15:45:16 GMT 2025","passed","Fri Apr 18 15:45:16 GMT 2025","","decoderParamsToShardInfo","",""
"","0","handles empty contentTopics array correctly","ensureShardingConfigured","Fri Apr 18 15:44:33 GMT 2025","passed","Fri Apr 18 15:44:33 GMT 2025","","","",""
"","1","should hash ""hello"" with n=1 and maxValue=1000 correctly","hashN","Fri Apr 18 15:45:25 GMT 2025","passed","Fri Apr 18 15:45:25 GMT 2025","","","",""
"","1","unsubscribes","Util: toAsyncIterator: Filter","Fri Apr 18 15:50:09 GMT 2025","passed","Fri Apr 18 15:50:09 GMT 2025","","","",""
"","0","wrong wakuPeerExchangeDiscovery pubsub topic","Peer Exchange","Fri Apr 18 15:47:49 GMT 2025","skipped","Fri Apr 18 15:47:49 GMT 2025","","","",""
"","0","Check publish message containing Script","Waku Relay, Publish","Fri Apr 18 15:47:56 GMT 2025","passed","Fri Apr 18 15:47:56 GMT 2025","","","",""
"","0","Subscribe to topic containing Arabic and receive message","Waku Filter V2: Subscribe: Multiple Service Nodes: Strict Check mode: false","Fri Apr 18 15:54:12 GMT 2025","passed","Fri Apr 18 15:54:12 GMT 2025","","","",""
"","0","should return valid sharding parameters for content topics autosharding","ensureShardingConfigured","Fri Apr 18 15:44:33 GMT 2025","passed","Fri Apr 18 15:44:33 GMT 2025","","","",""
"","1","should throw an error for SingleShardInfos with different clusterIds","singleShardInfosToShardInfo","Fri Apr 18 15:44:33 GMT 2025","passed","Fri Apr 18 15:44:33 GMT 2025","","","",""
"","0","Check received message with timestamp: 1744991143038000000 ","Waku Filter V2: FilterPush: Multiple Nodes: Strict Checking: true","Fri Apr 18 15:52:36 GMT 2025","passed","Fri Apr 18 15:52:36 GMT 2025","","","",""
"","0","should hash ""Lorem ipsum dolor sit amet"" with n=5 and maxValue=100 correctly","hashN","Fri Apr 18 15:45:25 GMT 2025","passed","Fri Apr 18 15:45:25 GMT 2025","","","",""
"","0","ENRTree (tree): should error if DNS tree entry is mis-prefixed","ENRTree","Fri Apr 18 15:44:55 GMT 2025","passed","Fri Apr 18 15:44:55 GMT 2025","","","",""
"","0","should be able to decode the field with only STORE set to true","ENR waku2 codec","Fri Apr 18 15:44:41 GMT 2025","passed","Fri Apr 18 15:44:41 GMT 2025","","Decoding","",""
"","0","Subscribe at once to 10000 topics and publish messages","Waku Relay, Subscribe","Fri Apr 18 15:47:59 GMT 2025","passed","Fri Apr 18 15:47:59 GMT 2025","","","",""
"","0","msgTime: -19000 ms from now, startTime: -18990, endTime: -19010","Waku Store, time filter","Fri Apr 18 15:50:13 GMT 2025","passed","Fri Apr 18 15:50:13 GMT 2025","","","",""
"","1","A test","This","Fri Apr 18 15:46:42 GMT 2025","passed","Fri Apr 18 15:46:42 GMT 2025","","Is also","",""
"","0","all px service nodes subscribed to the shard topic should be dialed","Autosharding: Peer Management","Fri Apr 18 15:48:58 GMT 2025","passed","Fri Apr 18 15:48:58 GMT 2025","","Peer Exchange","",""
"","0","should not retry if at least one success","LightPush SDK","Fri Apr 18 15:45:16 GMT 2025","passed","Fri Apr 18 15:45:16 GMT 2025","","","",""
"","0","Subscribe and publish message","Waku Relay, Subscribe","Fri Apr 18 15:47:59 GMT 2025","passed","Fri Apr 18 15:47:59 GMT 2025","","","",""
"","1","handles different clusterIds correctly","contentTopicsByPubsubTopic","Fri Apr 18 15:44:33 GMT 2025","passed","Fri Apr 18 15:44:33 GMT 2025","","","",""
"","1","should hash ""test123"" with n=1 and maxValue=1000 correctly","hashN","Fri Apr 18 15:45:25 GMT 2025","passed","Fri Apr 18 15:45:25 GMT 2025","","","",""
"","0","Passing page size 0 when there are 110 messages","Waku Store, page size","Fri Apr 18 15:50:11 GMT 2025","passed","Fri Apr 18 15:50:11 GMT 2025","","","",""
"","0","should correctly map a content topic to a pubsub topic for different network shard sizes","contentTopicToPubsubTopic","Fri Apr 18 15:44:33 GMT 2025","passed","Fri Apr 18 15:44:33 GMT 2025","","","",""
"","1","should handle clusterId, application and version for autosharding with cluster iD 1","shardInfoToPubsubTopics","Fri Apr 18 15:44:33 GMT 2025","passed","Fri Apr 18 15:44:33 GMT 2025","","","",""
"","0","Subscribe and receives messages on 20 topics","Waku Filter V2: Subscribe: Multiple Service Nodes: Strict Check mode: false","Fri Apr 18 15:54:12 GMT 2025","passed","Fri Apr 18 15:54:12 GMT 2025","","","",""
"","0","non connected peers","Peer Exchange Query","Fri Apr 18 15:47:29 GMT 2025","skipped","Fri Apr 18 15:47:29 GMT 2025","","","",""
"","0","Query with Promise Callback, Multiple PubsubTopics","Waku Store, error handling","Fri Apr 18 15:49:24 GMT 2025","passed","Fri Apr 18 15:49:24 GMT 2025","","","",""
"","1","should correctly map /toychat/2/huilong/proto to shard index 3","contentTopicToShardIndex","Fri Apr 18 15:44:33 GMT 2025","passed","Fri Apr 18 15:44:33 GMT 2025","","","",""
"","1","Subscribe and receive messages via lightPush","Waku Filter V2: Subscribe: Multiple Service Nodes: Strict Check mode: true","Fri Apr 18 15:54:12 GMT 2025","passed","Fri Apr 18 15:54:12 GMT 2025","","","",""
"","0","Unsubscribe 2 topics - node subscribed to 2 topics","Waku Filter V2: Unsubscribe: Multiple Nodes: Strict Checking: false","Fri Apr 18 15:47:55 GMT 2025","passed","Fri Apr 18 15:47:55 GMT 2025","","","",""
"","0","Subscribe and receive messages via waku relay post","Waku Filter V2: Subscribe: Multiple Service Nodes: Strict Check mode: false","Fri Apr 18 15:54:12 GMT 2025","passed","Fri Apr 18 15:54:12 GMT 2025","","","",""
"","1","should throw an error for non-numeric clusterId: /waku/2/rs/!/1","pubsubTopicToSingleShardInfo with various invalid formats","Fri Apr 18 15:44:33 GMT 2025","passed","Fri Apr 18 15:44:33 GMT 2025","","","",""
"","0","should set field with only STORE enabled","ENR","Fri Apr 18 15:44:42 GMT 2025","passed","Fri Apr 18 15:44:42 GMT 2025","","waku2 key round trip","",""
"","0","Should fail to subscribe with decoder with wrong shard","Waku Filter V2: Subscribe: Multiple Service Nodes: Strict Check mode: true","Fri Apr 18 15:54:12 GMT 2025","passed","Fri Apr 18 15:54:12 GMT 2025","","","",""
"","3","should hash """" with n=0 and maxValue=10000 correctly","hashN","Fri Apr 18 15:45:25 GMT 2025","passed","Fri Apr 18 15:45:25 GMT 2025","","","",""
"","1","should transition to MinimallyHealthy with one compatible peer","HealthIndicator","Fri Apr 18 15:45:16 GMT 2025","passed","Fri Apr 18 15:45:16 GMT 2025","","","",""
"","0","throws on content topic with empty version field","ensureValidContentTopic","Fri Apr 18 15:44:33 GMT 2025","passed","Fri Apr 18 15:44:33 GMT 2025","","","",""
"","1","Subscribe to topic containing special chars and receive message","Waku Filter V2: Subscribe: Multiple Service Nodes: Strict Check mode: true","Fri Apr 18 15:54:12 GMT 2025","passed","Fri Apr 18 15:54:12 GMT 2025","","","",""
"","0","should never report false negatives","BloomFilter","Fri Apr 18 15:45:27 GMT 2025","passed","Fri Apr 18 15:45:27 GMT 2025","","","",""
"","0","Callback on promise","Waku Store, general","Fri Apr 18 15:49:57 GMT 2025","passed","Fri Apr 18 15:49:57 GMT 2025","","","",""
"","0","removeEventListener with wrong event","Public methods","Fri Apr 18 15:46:23 GMT 2025","passed","Fri Apr 18 15:46:23 GMT 2025","","","",""
"","1","should be sent with empty content","MessageChannel","Fri Apr 18 15:45:26 GMT 2025","passed","Fri Apr 18 15:45:26 GMT 2025","","Sync messages","",""
"","0","Check received message containing escaped characters","Waku Filter V2: FilterPush: Multiple Nodes: Strict Checking: true","Fri Apr 18 15:52:36 GMT 2025","passed","Fri Apr 18 15:52:36 GMT 2025","","","",""
"","0","Timestamp too far from node time: 40000 ms from now","Waku Store, time filter","Fri Apr 18 15:50:13 GMT 2025","passed","Fri Apr 18 15:50:13 GMT 2025","","","",""
"","0","Ordered callback, aborts when callback returns true","Waku Store, general","Fri Apr 18 15:49:57 GMT 2025","passed","Fri Apr 18 15:49:57 GMT 2025","","","",""
"","1","random auto sharding 9 - Cluster ID: 10, Content Topic: /app92/6/topic151/json","Autosharding: Running Nodes","Fri Apr 18 15:49:39 GMT 2025","passed","Fri Apr 18 15:49:39 GMT 2025","","","",""
"","6","should get locked peers","PeerManager","Fri Apr 18 15:45:16 GMT 2025","passed","Fri Apr 18 15:45:16 GMT 2025","","","",""
"","1","px service nodes not subscribed to the shard should not be dialed","Autosharding: Peer Management","Fri Apr 18 15:48:58 GMT 2025","passed","Fri Apr 18 15:48:58 GMT 2025","","Peer Exchange","",""
"","0","Should fail to subscribe with decoder with wrong shard","Waku Filter V2: Subscribe: Multiple Service Nodes: Strict Check mode: false","Fri Apr 18 15:54:12 GMT 2025","passed","Fri Apr 18 15:54:12 GMT 2025","","","",""
"","0","Subscribe and receive 2 messages on the same topic","Waku Filter V2: Subscribe: Multiple Service Nodes: Strict Check mode: false","Fri Apr 18 15:54:12 GMT 2025","passed","Fri Apr 18 15:54:12 GMT 2025","","","",""
"","0","Push message with SQL Injection payload","Waku Light Push: Multiple Nodes: Strict Check: false","Fri Apr 18 15:56:13 GMT 2025","passed","Fri Apr 18 15:56:13 GMT 2025","","","",""
"","1","Round trip binary serialization","Waku Message version 0","Fri Apr 18 15:44:48 GMT 2025","passed","Fri Apr 18 15:44:48 GMT 2025","","","",""
"","0","should detect messages with missing dependencies","MessageChannel","Fri Apr 18 15:45:26 GMT 2025","passed","Fri Apr 18 15:45:26 GMT 2025","","Sweeping incoming buffer","",""
"","0","Fails to publish message with wrong pubsubtopic","Waku Relay, Publish","Fri Apr 18 15:47:56 GMT 2025","passed","Fri Apr 18 15:47:56 GMT 2025","","","",""
"","0","Push 30 different messages","Waku Light Push: Multiple Nodes: Strict Check: false","Fri Apr 18 15:56:13 GMT 2025","skipped","Fri Apr 18 15:56:13 GMT 2025","","","",""
"","0","should hash ""test123"" with n=0 and maxValue=10000 correctly","hashN","Fri Apr 18 15:45:25 GMT 2025","passed","Fri Apr 18 15:45:25 GMT 2025","","","",""
"","0","should hash """" with n=2 and maxValue=100 correctly","hashN","Fri Apr 18 15:45:25 GMT 2025","passed","Fri Apr 18 15:45:25 GMT 2025","","","",""
"","0","Push message with content topic containing short","Waku Light Push: Multiple Nodes: Strict Check: true","Fri Apr 18 15:56:13 GMT 2025","passed","Fri Apr 18 15:56:13 GMT 2025","","","",""
"","0","Fails to push message with large meta","Waku Light Push: Multiple Nodes: Strict Check: true","Fri Apr 18 15:56:13 GMT 2025","passed","Fri Apr 18 15:56:13 GMT 2025","","","",""
"","0","should correctly map /0/statusim/1/community/cbor to shard index 4","contentTopicToShardIndex","Fri Apr 18 15:44:33 GMT 2025","passed","Fri Apr 18 15:44:33 GMT 2025","","","",""
"","1","should only return 1 node with store capability","DNS Node Discovery w/ capabilities","Fri Apr 18 15:44:56 GMT 2025","passed","Fri Apr 18 15:44:56 GMT 2025","","","",""
"","0","Check received message containing unicode special characters","Waku Filter V2: FilterPush: Multiple Nodes: Strict Checking: false","Fri Apr 18 15:52:36 GMT 2025","passed","Fri Apr 18 15:52:36 GMT 2025","","","",""
"","0","Query Generator, Wrong PubsubTopic","Waku Store, error handling","Fri Apr 18 15:49:24 GMT 2025","passed","Fri Apr 18 15:49:24 GMT 2025","","","",""
"","0","should return a calculated topic if SingleShardInfo is provided","determinePubsubTopic","Fri Apr 18 15:44:33 GMT 2025","passed","Fri Apr 18 15:44:33 GMT 2025","","","",""
"","0","Check message with no content topic is not received","Waku Filter V2: FilterPush: Multiple Nodes: Strict Checking: false","Fri Apr 18 15:52:36 GMT 2025","passed","Fri Apr 18 15:52:36 GMT 2025","","","",""
"","0","Push message with Chinese payload","Waku Light Push: Multiple Nodes: Strict Check: false","Fri Apr 18 15:56:13 GMT 2025","passed","Fri Apr 18 15:56:13 GMT 2025","","","",""
"","0","Push 30 different messages","Waku Light Push: Multiple Nodes: Strict Check: true","Fri Apr 18 15:56:13 GMT 2025","skipped","Fri Apr 18 15:56:13 GMT 2025","","","",""
"","1","throws on content topic with empty topic name field","ensureValidContentTopic","Fri Apr 18 15:44:33 GMT 2025","passed","Fri Apr 18 15:44:33 GMT 2025","","","",""
"","0","should be able to decode the field with STORE and LIGHTPUSH protocols set to true","ENR waku2 codec","Fri Apr 18 15:44:41 GMT 2025","passed","Fri Apr 18 15:44:41 GMT 2025","","Decoding","",""
"","0","Wrong topic","Autosharding: Running Nodes","Fri Apr 18 15:49:39 GMT 2025","passed","Fri Apr 18 15:49:39 GMT 2025","","","",""
"","0","Push message with Basic HTML tag payload","Waku Light Push: Multiple Nodes: Strict Check: false","Fri Apr 18 15:56:13 GMT 2025","passed","Fri Apr 18 15:56:13 GMT 2025","","","",""
"","0","Fails to push message bigger that 1MB","Waku Light Push: Multiple Nodes: Strict Check: true","Fri Apr 18 15:56:13 GMT 2025","passed","Fri Apr 18 15:56:13 GMT 2025","","","",""
"","0","should initialize bloom filter with correct parameters","BloomFilter","Fri Apr 18 15:45:27 GMT 2025","passed","Fri Apr 18 15:45:27 GMT 2025","","","",""
"","0","Check received message containing Chinese","Waku Filter V2: FilterPush: Multiple Nodes: Strict Checking: true","Fri Apr 18 15:52:36 GMT 2025","passed","Fri Apr 18 15:52:36 GMT 2025","","","",""
"","0","Nodes with multiple pubsub topic","Waku Relay, multiple pubsub topics","Fri Apr 18 15:47:46 GMT 2025","passed","Fri Apr 18 15:47:46 GMT 2025","","","",""
"","1","should track probabilistic acknowledgements of messages received in bloom filter","MessageChannel","Fri Apr 18 15:45:26 GMT 2025","passed","Fri Apr 18 15:45:26 GMT 2025","","reviewing ack status","",""
"","0","throws on content topic with generation field greater than 0","ensureValidContentTopic","Fri Apr 18 15:44:33 GMT 2025","passed","Fri Apr 18 15:44:33 GMT 2025","","","",""
"","0","Push message with content topic containing Arabic","Waku Light Push: Multiple Nodes: Strict Check: false","Fri Apr 18 15:56:13 GMT 2025","passed","Fri Apr 18 15:56:13 GMT 2025","","","",""
"","0","Query with Promise Callback, Wrong PubsubTopic","Waku Store, error handling","Fri Apr 18 15:49:24 GMT 2025","passed","Fri Apr 18 15:49:24 GMT 2025","","","",""
"","0","should throw an error for non-numeric clusterId: /waku/2/rs/-/1","pubsubTopicToSingleShardInfo with various invalid formats","Fri Apr 18 15:44:33 GMT 2025","passed","Fri Apr 18 15:44:33 GMT 2025","","","",""
