"DESCRIPTION","DURATION IN MS","NAME","PARENT SUITE","START TIME","STATUS","STOP TIME","SUB SUITE","SUITE","TEST CLASS","TEST METHOD"
"","1","Subscribe and receives messages on 20 topics","Waku Filter V2: Subscribe: Single Service Node","Fri Jan 17 10:34:15 GMT 2025","passed","Fri Jan 17 10:34:15 GMT 2025","","","",""
"","1","Reusing cursor across nodes","Waku Store, cursor","Fri Jan 17 10:39:17 GMT 2025","passed","Fri Jan 17 10:39:17 GMT 2025","","","",""
"","0","LightPush: 2 peers, Filter: 3 peers","Node Health Status Matrix Tests","Fri Jan 17 10:33:55 GMT 2025","skipped","Fri Jan 17 10:33:55 GMT 2025","","","",""
"","0","should find and add new peers","PeerManager","Fri Jan 17 10:32:23 GMT 2025","passed","Fri Jan 17 10:32:23 GMT 2025","","findAndAddPeers","",""
"","0","Check message received after nwaku node is restarted","Waku Filter V2: FilterPush: Multiple Nodes: Strict Checking: false","Fri Jan 17 10:47:57 GMT 2025","skipped","Fri Jan 17 10:47:57 GMT 2025","","","",""
"","0","Check received message containing Basic HTML tag","Waku Filter V2: FilterPush","Fri Jan 17 10:33:54 GMT 2025","passed","Fri Jan 17 10:33:54 GMT 2025","","","",""
"","0","Used by Waku Relay","Decryption Keys","Fri Jan 17 10:41:39 GMT 2025","passed","Fri Jan 17 10:41:39 GMT 2025","","","",""
"","1","Subscribe to topic containing Chinese and receive message","Waku Filter V2: Subscribe: Multiple Service Nodes: Strict Check mode: true","Fri Jan 17 10:51:29 GMT 2025","passed","Fri Jan 17 10:51:29 GMT 2025","","","",""
"","0","Passing a valid cursor at 19 index when there are 20 messages","Waku Store, cursor","Fri Jan 17 10:39:17 GMT 2025","passed","Fri Jan 17 10:39:17 GMT 2025","","","",""
"","0","Push message with JSON payload","Waku Light Push: Multiple Nodes: Strict Check: true","Fri Jan 17 11:31:39 GMT 2025","broken","Fri Jan 17 11:31:39 GMT 2025","","","",""
"","3","Push message with Chinese payload","Waku Light Push: Multiple Nodes: Strict Check: true","Fri Jan 17 11:31:39 GMT 2025","broken","Fri Jan 17 11:31:39 GMT 2025","","","",""
"","1","Encoder throws on undefined content topic","Ensures content topic is defined","Fri Jan 17 10:32:16 GMT 2025","passed","Fri Jan 17 10:32:16 GMT 2025","","","",""
"","0","using a protocol with unconfigured pubsub topic should fail","Autosharding: Running Nodes","Fri Jan 17 10:38:59 GMT 2025","passed","Fri Jan 17 10:38:59 GMT 2025","","Others","",""
"","1","ENRTree (tree): should error if DNS tree entry is mis-prefixed","ENRTree","Fri Jan 17 10:32:06 GMT 2025","passed","Fri Jan 17 10:32:06 GMT 2025","","","",""
"","1","should be able to decode the field with STORE and LIGHTPUSH protocols set to true","ENR waku2 codec","Fri Jan 17 10:31:50 GMT 2025","passed","Fri Jan 17 10:31:50 GMT 2025","","Decoding","",""
"","0","numPeers=2 -- returns total 2 peers, with max 2 bootstrap peers","getPeers","Fri Jan 17 10:33:55 GMT 2025","passed","Fri Jan 17 10:33:55 GMT 2025","maxBootstrapPeers=2","getPeers with varying maxBootstrapPeers","",""
"","1","Renews subscription after lossing a connection","Waku Filter V2: Subscribe: Multiple Service Nodes: Strict Check mode: false","Fri Jan 17 10:51:29 GMT 2025","passed","Fri Jan 17 10:51:29 GMT 2025","","","",""
"","0","msgTime: -19000 ms from now, startTime: -19000, endTime: -18000","Waku Store, time filter","Fri Jan 17 10:41:09 GMT 2025","passed","Fri Jan 17 10:41:09 GMT 2025","","","",""
"","0","random static sharding 4 - Cluster ID: 572, Shard ID: 820","Static Sharding: Running Nodes","Fri Jan 17 10:40:22 GMT 2025","broken","Fri Jan 17 10:40:22 GMT 2025","","Different clusters and shards","",""
"","0","Subscribe to topic containing shell command and receive message","Waku Filter V2: Subscribe: Single Service Node","Fri Jan 17 10:34:15 GMT 2025","passed","Fri Jan 17 10:34:15 GMT 2025","","","",""
"","0","Push message with emoji payload","Waku Light Push: Multiple Nodes: Strict Check: true","Fri Jan 17 11:31:39 GMT 2025","broken","Fri Jan 17 11:31:39 GMT 2025","","","",""
"","1","Check received message containing SQL Injection","Waku Filter V2: FilterPush","Fri Jan 17 10:33:54 GMT 2025","passed","Fri Jan 17 10:33:54 GMT 2025","","","",""
"","0","same cluster, different shard: nodes connect","Metadata Protocol","Fri Jan 17 10:35:28 GMT 2025","passed","Fri Jan 17 10:35:28 GMT 2025","","connections","",""
"","0","uses static shard pubsub topic instead of autosharding when set","Sets sharding configuration correctly","Fri Jan 17 10:31:59 GMT 2025","passed","Fri Jan 17 10:31:59 GMT 2025","","","",""
"","0","msgTime: -19000 ms from now, startTime: -18990, endTime: -19010","Waku Store, time filter","Fri Jan 17 10:41:09 GMT 2025","passed","Fri Jan 17 10:41:09 GMT 2025","","","",""
"","0","should correctly map /app/20/sometopic/someencoding to shard index 15 with networkShards 16","contentTopicToShardIndex","Fri Jan 17 10:31:42 GMT 2025","passed","Fri Jan 17 10:31:42 GMT 2025","","","",""
"","0","Register correct protocols","Waku Relay, Subscribe","Fri Jan 17 10:37:43 GMT 2025","passed","Fri Jan 17 10:37:43 GMT 2025","","","",""
"","1","Relay - dialed first","Wait for remote peer","Fri Jan 17 10:41:31 GMT 2025","passed","Fri Jan 17 10:41:31 GMT 2025","","","",""
"","1","should log when no additional peers are found","PeerManager","Fri Jan 17 10:32:23 GMT 2025","passed","Fri Jan 17 10:32:23 GMT 2025","","findAndAddPeers","",""
"","1","addEventListener with correct event","Public methods","Fri Jan 17 10:33:23 GMT 2025","passed","Fri Jan 17 10:33:23 GMT 2025","","","",""
"","0","Push message with Arabic payload","Waku Light Push: Multiple Nodes: Strict Check: true","Fri Jan 17 11:31:39 GMT 2025","broken","Fri Jan 17 11:31:39 GMT 2025","","","",""
"","1","Passing page size 1 when there are 4 messages","Waku Store, page size","Fri Jan 17 10:40:47 GMT 2025","passed","Fri Jan 17 10:40:47 GMT 2025","","","",""
"","0","Push message with special chars payload","Waku Light Push: Multiple Nodes: Strict Check: true","Fri Jan 17 11:31:39 GMT 2025","broken","Fri Jan 17 11:31:39 GMT 2025","","","",""
"","1","should throw an error for invalid PubsubTopic format: /waku/2/rs/1/2/extra","pubsubTopicToSingleShardInfo with various invalid formats","Fri Jan 17 10:31:42 GMT 2025","passed","Fri Jan 17 10:31:42 GMT 2025","","","",""
"","0","Subscribe and receive messages on custom pubsubtopic","Waku Filter V2: Multiple PubsubTopics","Fri Jan 17 10:33:15 GMT 2025","passed","Fri Jan 17 10:33:15 GMT 2025","","","",""
"","1","should be called for peers with PEER_EXCHANGE tags","Dials","Fri Jan 17 10:32:50 GMT 2025","passed","Fri Jan 17 10:32:50 GMT 2025","For peer-exchange peers","dialPeer method","",""
"","1","Check received message containing SQL Injection","Waku Filter V2: FilterPush: Multiple Nodes: Strict Checking: false","Fri Jan 17 10:47:57 GMT 2025","passed","Fri Jan 17 10:47:57 GMT 2025","","","",""
"","0","Check message with invalid timestamp is not received","Waku Filter V2: FilterPush: Multiple Nodes: Strict Checking: false","Fri Jan 17 10:47:57 GMT 2025","passed","Fri Jan 17 10:47:57 GMT 2025","","","",""
"","1","Check message received after nwaku node is restarted","Waku Filter V2: FilterPush: Multiple Nodes: Strict Checking: true","Fri Jan 17 10:47:57 GMT 2025","skipped","Fri Jan 17 10:47:57 GMT 2025","","","",""
"","0","Subscribe to topic containing special chars and receive message","Waku Filter V2: Subscribe: Multiple Service Nodes: Strict Check mode: true","Fri Jan 17 10:51:29 GMT 2025","passed","Fri Jan 17 10:51:29 GMT 2025","","","",""
"","0","Subscribe to 100 topics (new limit) at once and receives messages","Waku Filter V2: Subscribe: Multiple Service Nodes: Strict Check mode: false","Fri Jan 17 10:51:29 GMT 2025","passed","Fri Jan 17 10:51:29 GMT 2025","","","",""
"","1","Refresh subscription","Waku Filter V2: Subscribe: Multiple Service Nodes: Strict Check mode: true","Fri Jan 17 10:51:29 GMT 2025","passed","Fri Jan 17 10:51:29 GMT 2025","","","",""
"","1","should not receive a peer event after stop","Local Storage Discovery","Fri Jan 17 10:32:10 GMT 2025","passed","Fri Jan 17 10:32:10 GMT 2025","interface-peer-discovery compliance tests","Compliance Tests","",""
"","1","Check publish message containing Basic HTML tag","Waku Relay, Publish","Fri Jan 17 10:37:34 GMT 2025","passed","Fri Jan 17 10:37:34 GMT 2025","","","",""
"","1","different cluster, same shard: nodes don't connect","Metadata Protocol","Fri Jan 17 10:35:28 GMT 2025","passed","Fri Jan 17 10:35:28 GMT 2025","","connections","",""
"","0","should send to specified number of peers of used peers","LightPush SDK","Fri Jan 17 10:32:23 GMT 2025","passed","Fri Jan 17 10:32:23 GMT 2025","","","",""
"","0","should throw an error for non-numeric shard: /waku/2/rs/1/-","pubsubTopicToSingleShardInfo with various invalid formats","Fri Jan 17 10:31:42 GMT 2025","passed","Fri Jan 17 10:31:42 GMT 2025","","","",""
"","0","LightPush: 0 peers, Filter: 1 peers","Node Health Status Matrix Tests","Fri Jan 17 10:33:55 GMT 2025","skipped","Fri Jan 17 10:33:55 GMT 2025","","","",""
"","1","should throw an error for non-numeric shard: /waku/2/rs/1/","pubsubTopicToSingleShardInfo with various invalid formats","Fri Jan 17 10:31:42 GMT 2025","passed","Fri Jan 17 10:31:42 GMT 2025","","","",""
"","0","should throw an error for invalid PubsubTopic format: /incorrect/format","pubsubTopicToSingleShardInfo with various invalid formats","Fri Jan 17 10:31:42 GMT 2025","passed","Fri Jan 17 10:31:42 GMT 2025","","","",""
"","1","Check received message containing special chars","Waku Filter V2: FilterPush","Fri Jan 17 10:33:54 GMT 2025","passed","Fri Jan 17 10:33:54 GMT 2025","","","",""
"","0","Subscribe to topic containing Basic HTML tag and publish message","Waku Relay, Subscribe","Fri Jan 17 10:37:43 GMT 2025","passed","Fri Jan 17 10:37:43 GMT 2025","","","",""
"","0","LightPush: 0 peers, Filter: 0 peers","Node Health Status Matrix Tests","Fri Jan 17 10:33:55 GMT 2025","skipped","Fri Jan 17 10:33:55 GMT 2025","","","",""
"","0","Publish message with custom timestamp: Sat Jan 27 2024 10:37:27 GMT+0000 (Coordinated Universal Time)","Waku Relay, Publish","Fri Jan 17 10:37:34 GMT 2025","passed","Fri Jan 17 10:37:34 GMT 2025","","","",""
"","1","Passing an array","Waku Dial [node only]","Fri Jan 17 10:41:39 GMT 2025","passed","Fri Jan 17 10:41:39 GMT 2025","","Bootstrap","",""
"","1","should be called for bootstrap peers","Dials","Fri Jan 17 10:32:50 GMT 2025","passed","Fri Jan 17 10:32:50 GMT 2025","For bootstrap peers","dialPeer method","",""
"","0","should throw error - no id","ENR","Fri Jan 17 10:31:51 GMT 2025","passed","Fri Jan 17 10:31:51 GMT 2025","","Verify","",""
"","0","Store - dialed after - with timeout","Wait for remote peer","Fri Jan 17 10:41:31 GMT 2025","passed","Fri Jan 17 10:41:31 GMT 2025","","","",""
"","0","Symmetric encrypt & Decrypt","Waku Encryption","Fri Jan 17 10:32:17 GMT 2025","passed","Fri Jan 17 10:32:17 GMT 2025","","","",""
"","0","numPeers=1 -- returns one bootstrap peer ","getPeers","Fri Jan 17 10:33:55 GMT 2025","passed","Fri Jan 17 10:33:55 GMT 2025","maxBootstrapPeers=1","getPeers with varying maxBootstrapPeers","",""
"","1","Passing a valid cursor at 10 index when there are 40 messages","Waku Store, cursor","Fri Jan 17 10:39:17 GMT 2025","passed","Fri Jan 17 10:39:17 GMT 2025","","","",""
"","0","Push message on custom pubsubTopic","Waku Light Push (named sharding): Multiple PubsubTopics","Fri Jan 17 10:44:16 GMT 2025","broken","Fri Jan 17 10:44:16 GMT 2025","","","",""
"","0","Push message with content topic containing long","Waku Light Push: Multiple Nodes: Strict Check: true","Fri Jan 17 11:31:39 GMT 2025","broken","Fri Jan 17 11:31:39 GMT 2025","","","",""
"","0","should handle a minimal index list","Relay Shard codec","Fri Jan 17 10:31:42 GMT 2025","passed","Fri Jan 17 10:31:42 GMT 2025","","","",""
"","0","Check received message containing XML","Waku Filter V2: FilterPush","Fri Jan 17 10:33:54 GMT 2025","passed","Fri Jan 17 10:33:54 GMT 2025","","","",""
"","0","Check received message containing shell command","Waku Filter V2: FilterPush: Multiple Nodes: Strict Checking: true","Fri Jan 17 10:47:57 GMT 2025","passed","Fri Jan 17 10:47:57 GMT 2025","","","",""
"","1","Unsubscribe topics the node is not subscribed to","Waku Filter V2: Unsubscribe: Multiple Nodes: Strict Checking: true","Fri Jan 17 10:37:34 GMT 2025","passed","Fri Jan 17 10:37:34 GMT 2025","","","",""
"","0","Check received message containing Russian","Waku Filter V2: FilterPush","Fri Jan 17 10:33:54 GMT 2025","passed","Fri Jan 17 10:33:54 GMT 2025","","","",""
"","1","numPeers=1 -- returns one bootstrap peer ","getPeers","Fri Jan 17 10:33:55 GMT 2025","passed","Fri Jan 17 10:33:55 GMT 2025","maxBootstrapPeers=3","getPeers with varying maxBootstrapPeers","",""
"","1","should handle clusterId, application and version for autosharding with cluster iD 0","shardInfoToPubsubTopics","Fri Jan 17 10:31:42 GMT 2025","passed","Fri Jan 17 10:31:42 GMT 2025","","","",""
"","0","should fail to send if pubsub topics are misconfigured","LightPush SDK","Fri Jan 17 10:32:23 GMT 2025","passed","Fri Jan 17 10:32:23 GMT 2025","","","",""
"","1","throws on empty content topic","ensureValidContentTopic","Fri Jan 17 10:31:42 GMT 2025","passed","Fri Jan 17 10:31:42 GMT 2025","","","",""
"","0","Check message received after jswaku node is restarted","Waku Filter V2: FilterPush: Multiple Nodes: Strict Checking: true","Fri Jan 17 10:47:57 GMT 2025","skipped","Fri Jan 17 10:47:57 GMT 2025","","","",""
"","1","Round trip binary encryption [symmetric, no signature]","Symmetric Encryption","Fri Jan 17 10:32:16 GMT 2025","passed","Fri Jan 17 10:32:16 GMT 2025","","","",""
"","0","should correctly map a content topic to a pubsub topic for different network shard sizes","contentTopicToPubsubTopic","Fri Jan 17 10:31:42 GMT 2025","passed","Fri Jan 17 10:31:42 GMT 2025","","","",""
"","1","numPeers=3 -- returns total 3 peers, with max 4 bootstrap peers","getPeers","Fri Jan 17 10:33:55 GMT 2025","passed","Fri Jan 17 10:33:55 GMT 2025","maxBootstrapPeers=4","getPeers with varying maxBootstrapPeers","",""
"","0","Waku message hash computation (payload length 0)","RFC Test Vectors","Fri Jan 17 10:31:45 GMT 2025","passed","Fri Jan 17 10:31:45 GMT 2025","","","",""
"","0","Check received message containing special chars","Waku Filter V2: FilterPush: Multiple Nodes: Strict Checking: true","Fri Jan 17 10:47:57 GMT 2025","passed","Fri Jan 17 10:47:57 GMT 2025","","","",""
"","0","Subscribe to topic containing JSON and receive message","Waku Filter V2: Subscribe: Single Service Node","Fri Jan 17 10:34:15 GMT 2025","passed","Fri Jan 17 10:34:15 GMT 2025","","","",""
"","0","should reject if LightPush is requested but not mounted","waitForRemotePeer","Fri Jan 17 10:32:23 GMT 2025","passed","Fri Jan 17 10:32:23 GMT 2025","","","",""
"","0","Add multiple subscription objects on single nwaku node","Waku Filter V2: Subscribe: Multiple Service Nodes: Strict Check mode: false","Fri Jan 17 10:51:29 GMT 2025","passed","Fri Jan 17 10:51:29 GMT 2025","","","",""
"","0","Ordered Callback - false","Waku Store, order","Fri Jan 17 10:40:31 GMT 2025","passed","Fri Jan 17 10:40:31 GMT 2025","","","",""
"","0","Subscribe to topic containing Chinese and receive message","Waku Filter V2: Subscribe: Single Service Node","Fri Jan 17 10:34:15 GMT 2025","passed","Fri Jan 17 10:34:15 GMT 2025","","","",""
"","0","can start the service","DNS Discovery: Compliance Test","Fri Jan 17 10:32:55 GMT 2025","passed","Fri Jan 17 10:32:55 GMT 2025","","interface-peer-discovery compliance tests","",""
"","0","Subscribe to topic containing Arabic and receive message","Waku Filter V2: Subscribe: Multiple Service Nodes: Strict Check mode: false","Fri Jan 17 10:51:29 GMT 2025","passed","Fri Jan 17 10:51:29 GMT 2025","","","",""
"","1","throws on content topic with generation field greater than 0","ensureValidContentTopic","Fri Jan 17 10:31:42 GMT 2025","passed","Fri Jan 17 10:31:42 GMT 2025","","","",""
"","0","Check message with non string payload is not received","Waku Filter V2: FilterPush: Multiple Nodes: Strict Checking: false","Fri Jan 17 10:47:57 GMT 2025","passed","Fri Jan 17 10:47:57 GMT 2025","","","",""
"","0","Subscribe to topic containing escaped characters and receive message","Waku Filter V2: Subscribe: Multiple Service Nodes: Strict Check mode: true","Fri Jan 17 10:51:29 GMT 2025","passed","Fri Jan 17 10:51:29 GMT 2025","","","",""
"","1","Ephemeral field is preserved - symmetric encryption","Waku Message Ephemeral field","Fri Jan 17 10:32:50 GMT 2025","passed","Fri Jan 17 10:32:50 GMT 2025","","","",""
"","1","connects to nwaku","Waku Dial [node only]","Fri Jan 17 10:41:39 GMT 2025","passed","Fri Jan 17 10:41:39 GMT 2025","","Interop: ServiceNode","",""
"","1","Subscribe to topic containing escaped characters and receive message","Waku Filter V2: Subscribe: Single Service Node","Fri Jan 17 10:34:15 GMT 2025","passed","Fri Jan 17 10:34:15 GMT 2025","","","",""
"","0","through manual discovery","multiaddr: dialing","Fri Jan 17 10:35:30 GMT 2025","passed","Fri Jan 17 10:35:30 GMT 2025","","does not attempt the same peer discovered multiple times more than once","",""
"","0","Check received message containing numeric","Waku Filter V2: FilterPush","Fri Jan 17 10:33:54 GMT 2025","passed","Fri Jan 17 10:33:54 GMT 2025","","","",""
"","1","Ephemeral messages are not stored","Waku Message Ephemeral field","Fri Jan 17 10:32:50 GMT 2025","passed","Fri Jan 17 10:32:50 GMT 2025","","","",""
"","0","should emit `peer:connected:peer-exchange` event when a peer is connected","Events","Fri Jan 17 10:32:43 GMT 2025","passed","Fri Jan 17 10:32:43 GMT 2025","","peer:connect","",""
"","0","Subscribe to topic containing Arabic and receive message","Waku Filter V2: Subscribe: Multiple Service Nodes: Strict Check mode: true","Fri Jan 17 10:51:29 GMT 2025","passed","Fri Jan 17 10:51:29 GMT 2025","","","",""
"","0","Light push messages to 2 service nodes each with different pubsubtopics","Waku Light Push (named sharding): Multiple PubsubTopics","Fri Jan 17 10:44:16 GMT 2025","passed","Fri Jan 17 10:44:16 GMT 2025","","","",""
"","0","Subscribe to topic containing Script and publish message","Waku Relay, Subscribe","Fri Jan 17 10:37:43 GMT 2025","passed","Fri Jan 17 10:37:43 GMT 2025","","","",""
"","0","can start and stop the service","DNS Discovery: Compliance Test","Fri Jan 17 10:32:55 GMT 2025","passed","Fri Jan 17 10:32:55 GMT 2025","","interface-peer-discovery compliance tests","",""
"","1","new peer added after a peer was already found","Peer Exchange","Fri Jan 17 10:37:09 GMT 2025","skipped","Fri Jan 17 10:37:09 GMT 2025","","","",""
"","0","should map different content topics to different pubsub topics based on shard index","contentTopicToPubsubTopic","Fri Jan 17 10:31:42 GMT 2025","passed","Fri Jan 17 10:31:42 GMT 2025","","","",""
"","1","should throw an error for invalid PubsubTopic format: /waku/2/r/1/2","pubsubTopicToSingleShardInfo with various invalid formats","Fri Jan 17 10:31:42 GMT 2025","passed","Fri Jan 17 10:31:42 GMT 2025","","","",""
"","0","Ping on peer without subscriptions","Waku Filter V2: Ping: Multiple Nodes: Strict Checking: false","Fri Jan 17 10:35:16 GMT 2025","passed","Fri Jan 17 10:35:16 GMT 2025","","","",""
"","1","isConnected return false after peer stops","Connection state","Fri Jan 17 10:33:06 GMT 2025","passed","Fri Jan 17 10:33:06 GMT 2025","","","",""
"","1","Unsubscribe topics the node is not subscribed to","Waku Filter V2: Unsubscribe","Fri Jan 17 10:33:42 GMT 2025","passed","Fri Jan 17 10:33:42 GMT 2025","","","",""
"","0","peer:update - should not schedule stream creation IF protocol hit AND stream found on connection","StreamManager","Fri Jan 17 10:31:58 GMT 2025","passed","Fri Jan 17 10:31:58 GMT 2025","","","",""
"","1","Nwaku publishes","Waku Relay, Interop","Fri Jan 17 10:37:24 GMT 2025","passed","Fri Jan 17 10:37:24 GMT 2025","","","",""
"","0","Check received message containing escaped characters","Waku Filter V2: FilterPush: Multiple Nodes: Strict Checking: false","Fri Jan 17 10:47:57 GMT 2025","passed","Fri Jan 17 10:47:57 GMT 2025","","","",""
"","0","Using a function","Waku Dial [node only]","Fri Jan 17 10:41:39 GMT 2025","passed","Fri Jan 17 10:41:39 GMT 2025","","Bootstrap","",""
"","0","should return unique PubsubTopics for static sharding","shardInfoToPubsubTopics","Fri Jan 17 10:31:42 GMT 2025","passed","Fri Jan 17 10:31:42 GMT 2025","","","",""
"","0","numPeers=3 -- returns total 3 peers, with max 1 bootstrap peers","getPeers","Fri Jan 17 10:33:55 GMT 2025","passed","Fri Jan 17 10:33:55 GMT 2025","maxBootstrapPeers=1","getPeers with varying maxBootstrapPeers","",""
"","0","1 Relay, 1 fetch","Fetch nodes until capabilities are fulfilled","Fri Jan 17 10:32:07 GMT 2025","passed","Fri Jan 17 10:32:07 GMT 2025","","","",""
"","3","same cluster, same shard: nodes connect","Metadata Protocol","Fri Jan 17 10:35:28 GMT 2025","passed","Fri Jan 17 10:35:28 GMT 2025","","connections","",""
"","0","Check received message containing numeric","Waku Filter V2: FilterPush: Multiple Nodes: Strict Checking: true","Fri Jan 17 10:47:57 GMT 2025","passed","Fri Jan 17 10:47:57 GMT 2025","","","",""
"","1","numPeers=2 -- returns total 2 peers, with max 1 bootstrap peers","getPeers","Fri Jan 17 10:33:55 GMT 2025","passed","Fri Jan 17 10:33:55 GMT 2025","maxBootstrapPeers=1","getPeers with varying maxBootstrapPeers","",""
"","0","Push message on custom pubsubTopic","Waku Light Push : Multiple PubsubTopics","Fri Jan 17 10:44:16 GMT 2025","broken","Fri Jan 17 10:44:16 GMT 2025","","","",""
"","0","Check message with no payload is not received","Waku Filter V2: FilterPush: Multiple Nodes: Strict Checking: false","Fri Jan 17 10:47:57 GMT 2025","passed","Fri Jan 17 10:47:57 GMT 2025","","","",""
"","0","Check received message containing unicode special characters","Waku Filter V2: FilterPush","Fri Jan 17 10:33:54 GMT 2025","passed","Fri Jan 17 10:33:54 GMT 2025","","","",""
"","0","Check received message containing shell command","Waku Filter V2: FilterPush","Fri Jan 17 10:33:54 GMT 2025","passed","Fri Jan 17 10:33:54 GMT 2025","","","",""
"","0","should correctly map /app/22/sometopic/someencoding to shard index 2","contentTopicToShardIndex","Fri Jan 17 10:31:42 GMT 2025","passed","Fri Jan 17 10:31:42 GMT 2025","","","",""
"","0","Reopen subscription with peer with lost subscription","Waku Filter V2: Ping: Multiple Nodes: Strict Checking: true","Fri Jan 17 10:35:16 GMT 2025","passed","Fri Jan 17 10:35:16 GMT 2025","","","",""
"","1","random auto sharding 3 - Cluster ID: 10, Content Topic: /app29/1/topic872/test.js","Autosharding: Running Nodes","Fri Jan 17 10:38:59 GMT 2025","broken","Fri Jan 17 10:38:59 GMT 2025","","Different clusters and topics","",""
"","1","Ordered Callback sorting by timestamp while page direction is false","Waku Store, sorting","Fri Jan 17 10:40:53 GMT 2025","passed","Fri Jan 17 10:40:53 GMT 2025","","","",""
"","0","Subscribe at once to 10000 topics and publish messages","Waku Relay, Subscribe","Fri Jan 17 10:37:43 GMT 2025","passed","Fri Jan 17 10:37:43 GMT 2025","","","",""
"","0","Passing page size 19 when there are 20 messages","Waku Store, page size","Fri Jan 17 10:40:47 GMT 2025","passed","Fri Jan 17 10:40:47 GMT 2025","","","",""
"","1","Query generator for multiple messages","Waku Store, general","Fri Jan 17 10:40:03 GMT 2025","passed","Fri Jan 17 10:40:03 GMT 2025","","","",""
"","0","configure the node with multiple content topics","Autosharding: Running Nodes","Fri Jan 17 10:38:59 GMT 2025","broken","Fri Jan 17 10:38:59 GMT 2025","","Others","",""
"","0","should wait for LightPush peer to be connected","waitForRemotePeer","Fri Jan 17 10:32:23 GMT 2025","passed","Fri Jan 17 10:32:23 GMT 2025","","","",""
"","1","it tolerates circular branch references","DNS Node Discovery","Fri Jan 17 10:32:06 GMT 2025","passed","Fri Jan 17 10:32:06 GMT 2025","","","",""
"","1","random static sharding 3 - Cluster ID: 721, Shard ID: 788","Static Sharding: Running Nodes","Fri Jan 17 10:40:22 GMT 2025","broken","Fri Jan 17 10:40:22 GMT 2025","","Different clusters and shards","",""
"","1","Check received message containing special chars","Waku Filter V2: FilterPush: Multiple Nodes: Strict Checking: false","Fri Jan 17 10:47:57 GMT 2025","passed","Fri Jan 17 10:47:57 GMT 2025","","","",""
"","0","Push message with content topic containing Basic HTML tag","Waku Light Push: Multiple Nodes: Strict Check: true","Fri Jan 17 11:31:39 GMT 2025","broken","Fri Jan 17 11:31:39 GMT 2025","","","",""
"","0","Encoder throws on empty string content topic","Ensures content topic is defined","Fri Jan 17 10:31:59 GMT 2025","passed","Fri Jan 17 10:31:59 GMT 2025","","","",""
"","0","start node with empty shard should fail","Static Sharding: Running Nodes","Fri Jan 17 10:40:22 GMT 2025","passed","Fri Jan 17 10:40:22 GMT 2025","","Others","",""
"","0","should return valid sharding parameters for content topics autosharding","ensureShardingConfigured","Fri Jan 17 10:31:42 GMT 2025","passed","Fri Jan 17 10:31:42 GMT 2025","","","",""
"","1","Check received message containing emoji","Waku Filter V2: FilterPush","Fri Jan 17 10:33:54 GMT 2025","passed","Fri Jan 17 10:33:54 GMT 2025","","","",""
"","0","Query with Ordered Callback, No message returned","Waku Store, error handling","Fri Jan 17 10:39:34 GMT 2025","passed","Fri Jan 17 10:39:34 GMT 2025","","","",""
"","1","Light push messages to 2 service nodes each with different pubsubtopics","Waku Light Push : Multiple PubsubTopics","Fri Jan 17 10:44:16 GMT 2025","passed","Fri Jan 17 10:44:16 GMT 2025","","","",""
"","0","should reject if WakuNode is not started","waitForRemotePeer","Fri Jan 17 10:32:23 GMT 2025","passed","Fri Jan 17 10:32:23 GMT 2025","","","",""
"","0","Relay - times out","Wait for remote peer","Fri Jan 17 10:41:31 GMT 2025","passed","Fri Jan 17 10:41:31 GMT 2025","","","",""
"","0","Check received message containing Chinese","Waku Filter V2: FilterPush","Fri Jan 17 10:33:54 GMT 2025","passed","Fri Jan 17 10:33:54 GMT 2025","","","",""
"","0","numPeers=0 -- returns all peers including all non-bootstrap with maxBootstrapPeers: 6","getPeers","Fri Jan 17 10:33:55 GMT 2025","passed","Fri Jan 17 10:33:55 GMT 2025","maxBootstrapPeers=6","getPeers with varying maxBootstrapPeers","",""
"","1","Subscribe to topic containing JSON and receive message","Waku Filter V2: Subscribe: Multiple Service Nodes: Strict Check mode: true","Fri Jan 17 10:51:29 GMT 2025","passed","Fri Jan 17 10:51:29 GMT 2025","","","",""
"","0","should properly create peer info with all multiaddrs","ENR","Fri Jan 17 10:31:51 GMT 2025","passed","Fri Jan 17 10:31:51 GMT 2025","","Location multiaddr","",""
"","0","should process correctly when SingleShardInfo has no clusterId but has a shard","determinePubsubTopic","Fri Jan 17 10:31:42 GMT 2025","passed","Fri Jan 17 10:31:42 GMT 2025","","","",""
"","1","Fails to push message with large meta","Waku Light Push: Multiple Nodes: Strict Check: true","Fri Jan 17 11:31:39 GMT 2025","passed","Fri Jan 17 11:31:39 GMT 2025","","","",""
"","1","topics with same application and version share the same shard","contentTopicToShardIndex","Fri Jan 17 10:31:42 GMT 2025","passed","Fri Jan 17 10:31:42 GMT 2025","","","",""
"","0","should throw an error for empty SingleShardInfos array","singleShardInfosToShardInfo","Fri Jan 17 10:31:42 GMT 2025","passed","Fri Jan 17 10:31:42 GMT 2025","","","",""
"","1","Nodes with multiple pubsub topic","Waku Relay (Autosharding), multiple pubsub topics","Fri Jan 17 10:37:27 GMT 2025","passed","Fri Jan 17 10:37:27 GMT 2025","","","",""
"","0","3 nodes on /waku/2/rs/7/0 topic","Waku Relay (Autosharding), multiple pubsub topics","Fri Jan 17 10:37:27 GMT 2025","passed","Fri Jan 17 10:37:27 GMT 2025","","","",""
"","0","Subscribe and receive messages on 2 different content topics","Waku Filter V2: Subscribe: Single Service Node","Fri Jan 17 10:34:15 GMT 2025","passed","Fri Jan 17 10:34:15 GMT 2025","","","",""
"","0","Push message with escaped characters payload","Waku Light Push: Multiple Nodes: Strict Check: true","Fri Jan 17 11:31:39 GMT 2025","broken","Fri Jan 17 11:31:39 GMT 2025","","","",""
"","0","should not receive a peer event before start","Local Storage Discovery","Fri Jan 17 10:32:10 GMT 2025","passed","Fri Jan 17 10:32:10 GMT 2025","interface-peer-discovery compliance tests","Compliance Tests","",""
"","0","should not fail to stop the service if it was not started","Peer Exchange","Fri Jan 17 10:36:12 GMT 2025","passed","Fri Jan 17 10:36:12 GMT 2025","interface-peer-discovery compliance tests","Compliance Test","",""
"","1","Subscribe one by one to 100 topics and publish messages","Waku Relay, Subscribe","Fri Jan 17 10:37:43 GMT 2025","passed","Fri Jan 17 10:37:43 GMT 2025","","","",""
"","0","should not throw an error for a single configured topic","ensurePubsubTopicIsConfigured","Fri Jan 17 10:31:42 GMT 2025","passed","Fri Jan 17 10:31:42 GMT 2025","","","",""
"","1","Filter with 1 connections","Health Manager","Fri Jan 17 10:33:55 GMT 2025","skipped","Fri Jan 17 10:33:55 GMT 2025","","Should update the health status for protocols","",""
"","1","Subscribe to topic containing long and receive message","Waku Filter V2: Subscribe: Single Service Node","Fri Jan 17 10:34:15 GMT 2025","passed","Fri Jan 17 10:34:15 GMT 2025","","","",""
"","0","A test","This","Fri Jan 17 10:35:16 GMT 2025","passed","Fri Jan 17 10:35:16 GMT 2025","","Is","",""
"","0","Subscribe to topic containing XML and receive message","Waku Filter V2: Subscribe: Multiple Service Nodes: Strict Check mode: true","Fri Jan 17 10:51:29 GMT 2025","passed","Fri Jan 17 10:51:29 GMT 2025","","","",""
"","0","Push message with content topic containing Russian","Waku Light Push: Multiple Nodes: Strict Check: true","Fri Jan 17 11:31:39 GMT 2025","broken","Fri Jan 17 11:31:39 GMT 2025","","","",""
"","0","LightPush","Wait for remote peer","Fri Jan 17 10:41:31 GMT 2025","passed","Fri Jan 17 10:41:31 GMT 2025","","","",""
"","1","should return true when peers exist","PeerManager","Fri Jan 17 10:32:23 GMT 2025","passed","Fri Jan 17 10:32:23 GMT 2025","","hasPeers","",""
"","0","Subscribe to topic containing Russian and receive message","Waku Filter V2: Subscribe: Multiple Service Nodes: Strict Check mode: false","Fri Jan 17 10:51:29 GMT 2025","passed","Fri Jan 17 10:51:29 GMT 2025","","","",""
"","1","should emit `waku:online` event only when first peer is connected","Connection state","Fri Jan 17 10:33:06 GMT 2025","passed","Fri Jan 17 10:33:06 GMT 2025","","","",""
"","0","numPeers=4 -- returns total 4 peers, with max 2 bootstrap peers","getPeers","Fri Jan 17 10:33:55 GMT 2025","passed","Fri Jan 17 10:33:55 GMT 2025","maxBootstrapPeers=2","getPeers with varying maxBootstrapPeers","",""
"","0","Error when try to subscribe to more than 101 topics (new limit)","Waku Filter V2: Subscribe: Multiple Service Nodes: Strict Check mode: false","Fri Jan 17 10:51:29 GMT 2025","passed","Fri Jan 17 10:51:29 GMT 2025","","","",""
"","1","Subscribe and receive ecies encrypted messages via lightPush","Waku Filter V2: Subscribe: Multiple Service Nodes: Strict Check mode: true","Fri Jan 17 10:51:29 GMT 2025","passed","Fri Jan 17 10:51:29 GMT 2025","","","",""
"","0","Ping on unsubscribed peer","Waku Filter V2: Ping","Fri Jan 17 10:33:12 GMT 2025","passed","Fri Jan 17 10:33:12 GMT 2025","","","",""
"","0","should wait for Store peer to be connected","waitForRemotePeer","Fri Jan 17 10:32:23 GMT 2025","passed","Fri Jan 17 10:32:23 GMT 2025","","","",""
"","0","should decode valid ENR with multiaddrs successfully [shared test vector]","ENR","Fri Jan 17 10:31:51 GMT 2025","passed","Fri Jan 17 10:31:51 GMT 2025","","Txt codec","",""
"","1","Subscribe to topic containing short and publish message","Waku Relay, Subscribe","Fri Jan 17 10:37:43 GMT 2025","passed","Fri Jan 17 10:37:43 GMT 2025","","","",""
"","0","LightPush: 3 peers, Filter: 0 peers","Node Health Status Matrix Tests","Fri Jan 17 10:33:55 GMT 2025","skipped","Fri Jan 17 10:33:55 GMT 2025","","","",""
"","1","Query generator for multiple messages with different content topic format","Waku Store, general","Fri Jan 17 10:40:03 GMT 2025","passed","Fri Jan 17 10:40:03 GMT 2025","","","",""
"","0","Check publish message containing short","Waku Relay, Publish","Fri Jan 17 10:37:34 GMT 2025","passed","Fri Jan 17 10:37:34 GMT 2025","","","",""
"","0","should throw an error for non-numeric clusterId: /waku/2/rs/\/1","pubsubTopicToSingleShardInfo with various invalid formats","Fri Jan 17 10:31:42 GMT 2025","passed","Fri Jan 17 10:31:42 GMT 2025","","","",""
"","0","Query Generator, Wrong PubsubTopic","Waku Store, error handling","Fri Jan 17 10:39:34 GMT 2025","passed","Fri Jan 17 10:39:34 GMT 2025","","","",""
"","1","Check received message containing long","Waku Filter V2: FilterPush: Multiple Nodes: Strict Checking: false","Fri Jan 17 10:47:57 GMT 2025","passed","Fri Jan 17 10:47:57 GMT 2025","","","",""
"","0","isConnected between 2 js-waku relay nodes","Connection state","Fri Jan 17 10:33:06 GMT 2025","passed","Fri Jan 17 10:33:06 GMT 2025","","","",""
"","0","Check received message containing short","Waku Filter V2: FilterPush: Multiple Nodes: Strict Checking: false","Fri Jan 17 10:47:57 GMT 2025","passed","Fri Jan 17 10:47:57 GMT 2025","","","",""
"","0","should retrieve 3 multiaddrs for sandbox.waku.nodes.status.im","DNS Node Discovery [live data]","Fri Jan 17 10:32:06 GMT 2025","skipped","Fri Jan 17 10:32:06 GMT 2025","","","",""
"","0","Should update shard info","Peer Exchange Continuous Discovery","Fri Jan 17 10:36:13 GMT 2025","passed","Fri Jan 17 10:36:13 GMT 2025","","","",""
"","1","Subscribe to topic containing special chars and receive message","Waku Filter V2: Subscribe: Single Service Node","Fri Jan 17 10:34:15 GMT 2025","passed","Fri Jan 17 10:34:15 GMT 2025","","","",""
"","0","Decoder throws on empty string content topic","Ensures content topic is defined","Fri Jan 17 10:32:18 GMT 2025","passed","Fri Jan 17 10:32:18 GMT 2025","","","",""
"","1","random auto sharding 9 - Cluster ID: 10, Content Topic: /app38/5/topic117/xml","Autosharding: Running Nodes","Fri Jan 17 10:38:59 GMT 2025","broken","Fri Jan 17 10:38:59 GMT 2025","","Different clusters and topics","",""
"","0","numPeers=2 -- returns total 2 peers, with max 3 bootstrap peers","getPeers","Fri Jan 17 10:33:55 GMT 2025","passed","Fri Jan 17 10:33:55 GMT 2025","maxBootstrapPeers=3","getPeers with varying maxBootstrapPeers","",""
"","0","numPeers=2 -- returns total 2 peers, with max 6 bootstrap peers","getPeers","Fri Jan 17 10:33:55 GMT 2025","passed","Fri Jan 17 10:33:55 GMT 2025","maxBootstrapPeers=6","getPeers with varying maxBootstrapPeers","",""
"","0","Push message with custom timestamp: 1737113635980","Waku Light Push: Multiple Nodes: Strict Check: true","Fri Jan 17 11:31:39 GMT 2025","broken","Fri Jan 17 11:31:39 GMT 2025","","","",""
"","0","Push message with Basic HTML tag payload","Waku Light Push: Multiple Nodes: Strict Check: true","Fri Jan 17 11:31:39 GMT 2025","broken","Fri Jan 17 11:31:39 GMT 2025","","","",""
"","0","Query with Ordered Callback, Multiple PubsubTopics","Waku Store, error handling","Fri Jan 17 10:39:34 GMT 2025","passed","Fri Jan 17 10:39:34 GMT 2025","","","",""
"","1","Query Generator  - false","Waku Store, order","Fri Jan 17 10:40:31 GMT 2025","passed","Fri Jan 17 10:40:31 GMT 2025","","","",""
"","0","should throw an error for insufficient data","Relay Shard codec","Fri Jan 17 10:31:42 GMT 2025","passed","Fri Jan 17 10:31:42 GMT 2025","","","",""
"","0","should throw an error for non-numeric clusterId: /waku/2/rs/!/1","pubsubTopicToSingleShardInfo with various invalid formats","Fri Jan 17 10:31:42 GMT 2025","passed","Fri Jan 17 10:31:42 GMT 2025","","","",""
"","2","Add multiple subscription objects on single nwaku node","Waku Filter V2: Subscribe: Single Service Node","Fri Jan 17 10:34:15 GMT 2025","passed","Fri Jan 17 10:34:15 GMT 2025","","","",""
"","1","handles different networkShards values correctly","contentTopicsByPubsubTopic","Fri Jan 17 10:31:42 GMT 2025","passed","Fri Jan 17 10:31:42 GMT 2025","","","",""
"","0","Check message received after nwaku node is restarted","Waku Filter V2: FilterPush","Fri Jan 17 10:33:54 GMT 2025","skipped","Fri Jan 17 10:33:54 GMT 2025","","","",""
"","1","Refresh subscription","Waku Filter V2: Subscribe: Single Service Node","Fri Jan 17 10:34:15 GMT 2025","passed","Fri Jan 17 10:34:15 GMT 2025","","","",""
"","1","Subscribe to topic containing short and receive message","Waku Filter V2: Subscribe: Multiple Service Nodes: Strict Check mode: false","Fri Jan 17 10:51:29 GMT 2025","passed","Fri Jan 17 10:51:29 GMT 2025","","","",""
"","0","random static sharding 6 - Cluster ID: 29, Shard ID: 35","Static Sharding: Running Nodes","Fri Jan 17 10:40:22 GMT 2025","broken","Fri Jan 17 10:40:22 GMT 2025","","Different clusters and shards","",""
"","0","should handle corrupted local storage data gracefully","Local Storage Discovery","Fri Jan 17 10:32:10 GMT 2025","passed","Fri Jan 17 10:32:10 GMT 2025","","Unit Tests","",""
"","0","Push message with Russian payload","Waku Light Push: Multiple Nodes: Strict Check: true","Fri Jan 17 11:31:39 GMT 2025","broken","Fri Jan 17 11:31:39 GMT 2025","","","",""
"","0","should set field with all protocols enabled","ENR","Fri Jan 17 10:31:51 GMT 2025","passed","Fri Jan 17 10:31:51 GMT 2025","","waku2 key round trip","",""
"","0","Subscribe to topic containing shell command and publish message","Waku Relay, Subscribe","Fri Jan 17 10:37:43 GMT 2025","passed","Fri Jan 17 10:37:43 GMT 2025","","","",""
"","0","should be able to encode the field with only STORE set to true","ENR waku2 codec","Fri Jan 17 10:31:50 GMT 2025","passed","Fri Jan 17 10:31:50 GMT 2025","","Encoding","",""
"","0","Subscribe and receive messages on 2 different pubsubtopics","Waku Light Push (named sharding): Multiple PubsubTopics","Fri Jan 17 10:44:16 GMT 2025","broken","Fri Jan 17 10:44:16 GMT 2025","","","",""
"","0","numPeers=0 -- returns all peers including all non-bootstrap with maxBootstrapPeers: 3","getPeers","Fri Jan 17 10:33:55 GMT 2025","passed","Fri Jan 17 10:33:55 GMT 2025","maxBootstrapPeers=3","getPeers with varying maxBootstrapPeers","",""
"","0","Check meta is set [ecies]","Ecies Encryption","Fri Jan 17 10:32:18 GMT 2025","passed","Fri Jan 17 10:32:18 GMT 2025","","","",""
"","0","n1 and n2 uses a custom pubsub, n3 uses the default pubsub","Waku Relay, multiple pubsub topics","Fri Jan 17 10:37:27 GMT 2025","passed","Fri Jan 17 10:37:27 GMT 2025","","","",""
"","0","should throw error - invalid id","ENR","Fri Jan 17 10:31:51 GMT 2025","passed","Fri Jan 17 10:31:51 GMT 2025","","Verify","",""
"","0","numPeers=3 -- returns total 3 peers, with max 5 bootstrap peers","getPeers","Fri Jan 17 10:33:55 GMT 2025","passed","Fri Jan 17 10:33:55 GMT 2025","maxBootstrapPeers=5","getPeers with varying maxBootstrapPeers","",""
"","0","Check message received after jswaku node is restarted","Waku Filter V2: FilterPush","Fri Jan 17 10:33:54 GMT 2025","skipped","Fri Jan 17 10:33:54 GMT 2025","","","",""
"","0","should correctly map /waku/2/content/test.js to shard index 1","contentTopicToShardIndex","Fri Jan 17 10:31:42 GMT 2025","passed","Fri Jan 17 10:31:42 GMT 2025","","","",""
"","1","numPeers=3 -- returns total 3 peers, with max 6 bootstrap peers","getPeers","Fri Jan 17 10:33:55 GMT 2025","passed","Fri Jan 17 10:33:55 GMT 2025","maxBootstrapPeers=6","getPeers with varying maxBootstrapPeers","",""
"","1","Passing page size 110 when there are 120 messages","Waku Store, page size","Fri Jan 17 10:40:47 GMT 2025","passed","Fri Jan 17 10:40:47 GMT 2025","","","",""
"","0","Overlapping topic subscription","Waku Filter V2: Subscribe: Multiple Service Nodes: Strict Check mode: false","Fri Jan 17 10:51:29 GMT 2025","passed","Fri Jan 17 10:51:29 GMT 2025","","","",""
"","0","ENRTree (tree): should parse a DNS tree entry","ENRTree","Fri Jan 17 10:32:06 GMT 2025","passed","Fri Jan 17 10:32:06 GMT 2025","","","",""
"","1","Check received message containing Chinese","Waku Filter V2: FilterPush: Multiple Nodes: Strict Checking: true","Fri Jan 17 10:47:57 GMT 2025","passed","Fri Jan 17 10:47:57 GMT 2025","","","",""
"","1","Check received message with timestamp: 1737109963358000000 ","Waku Filter V2: FilterPush: Multiple Nodes: Strict Checking: false","Fri Jan 17 10:47:57 GMT 2025","passed","Fri Jan 17 10:47:57 GMT 2025","","","",""
"","1","Unsubscribe 1 topic - node subscribed to 1 topic","Waku Filter V2: Unsubscribe: Multiple Nodes: Strict Checking: true","Fri Jan 17 10:37:34 GMT 2025","passed","Fri Jan 17 10:37:34 GMT 2025","","","",""
"","0","Cluster ID 0 - Default/Global Cluster","Static Sharding: Running Nodes","Fri Jan 17 10:40:22 GMT 2025","broken","Fri Jan 17 10:40:22 GMT 2025","","Different clusters and shards","",""
"","1","Query Generator sorting by timestamp while page direction is true","Waku Store, sorting","Fri Jan 17 10:40:53 GMT 2025","passed","Fri Jan 17 10:40:53 GMT 2025","","","",""
"","1","should return empty list for no shard","shardInfoToPubsubTopics","Fri Jan 17 10:31:42 GMT 2025","passed","Fri Jan 17 10:31:42 GMT 2025","","","",""
"","0","Ping on subscribed peer","Waku Filter V2: Ping","Fri Jan 17 10:33:12 GMT 2025","passed","Fri Jan 17 10:33:12 GMT 2025","","","",""
"","0","numPeers=2 -- returns total 2 peers, with max 5 bootstrap peers","getPeers","Fri Jan 17 10:33:55 GMT 2025","passed","Fri Jan 17 10:33:55 GMT 2025","maxBootstrapPeers=5","getPeers with varying maxBootstrapPeers","",""
"","0","Publishes to nwaku","Waku Relay, Interop","Fri Jan 17 10:37:24 GMT 2025","passed","Fri Jan 17 10:37:24 GMT 2025","","","",""
"","0","using a protocol with unconfigured pubsub topic should fail","Static Sharding: Running Nodes","Fri Jan 17 10:40:22 GMT 2025","passed","Fri Jan 17 10:40:22 GMT 2025","","Others","",""
"","0","Timestamp too far from node time: 40000 ms from now","Waku Store, time filter","Fri Jan 17 10:41:09 GMT 2025","passed","Fri Jan 17 10:41:09 GMT 2025","","","",""
"","1","Asymmetric encrypt & decrypt","Waku Encryption","Fri Jan 17 10:32:17 GMT 2025","passed","Fri Jan 17 10:32:17 GMT 2025","","","",""
"","1","should be able to encode the field with only LIGHTPUSH set to true","ENR waku2 codec","Fri Jan 17 10:31:50 GMT 2025","passed","Fri Jan 17 10:31:50 GMT 2025","","Encoding","",""
"","0","PeerStore has remote peer's shard info after successful connection","Metadata Protocol","Fri Jan 17 10:35:28 GMT 2025","passed","Fri Jan 17 10:35:28 GMT 2025","","","",""
"","0","Error when try to subscribe to more than 101 topics (new limit)","Waku Filter V2: Subscribe: Single Service Node","Fri Jan 17 10:34:15 GMT 2025","passed","Fri Jan 17 10:34:15 GMT 2025","","","",""
"","0","Subscribe and receive 2 messages on the same topic","Waku Filter V2: Subscribe: Multiple Service Nodes: Strict Check mode: false","Fri Jan 17 10:51:29 GMT 2025","passed","Fri Jan 17 10:51:29 GMT 2025","","","",""
"","0","should only return 1 node with relay and store capability","DNS Node Discovery w/ capabilities","Fri Jan 17 10:32:06 GMT 2025","passed","Fri Jan 17 10:32:06 GMT 2025","","","",""
"","1","Push message with content topic containing special chars","Waku Light Push: Multiple Nodes: Strict Check: true","Fri Jan 17 11:31:39 GMT 2025","broken","Fri Jan 17 11:31:39 GMT 2025","","","",""
"","0","random auto sharding 6 - Cluster ID: 10, Content Topic: /app58/9/topic506/xml","Autosharding: Running Nodes","Fri Jan 17 10:38:59 GMT 2025","broken","Fri Jan 17 10:38:59 GMT 2025","","Different clusters and topics","",""
"","0","numPeers=0 -- returns all peers including all non-bootstrap with maxBootstrapPeers: 1","getPeers","Fri Jan 17 10:33:55 GMT 2025","passed","Fri Jan 17 10:33:55 GMT 2025","maxBootstrapPeers=1","getPeers with varying maxBootstrapPeers","",""
"","0","Check message received after jswaku node is restarted","Waku Filter V2: FilterPush: Multiple Nodes: Strict Checking: false","Fri Jan 17 10:47:57 GMT 2025","skipped","Fri Jan 17 10:47:57 GMT 2025","","","",""
"","1","Check received message containing SQL Injection","Waku Filter V2: FilterPush: Multiple Nodes: Strict Checking: true","Fri Jan 17 10:47:57 GMT 2025","passed","Fri Jan 17 10:47:57 GMT 2025","","","",""
"","0","Check received message with timestamp: 1649153314 ","Waku Filter V2: FilterPush","Fri Jan 17 10:33:54 GMT 2025","passed","Fri Jan 17 10:33:54 GMT 2025","","","",""
"","0","Subscribe and receive messages from multiple nwaku nodes","Waku Filter V2: Subscribe: Single Service Node","Fri Jan 17 10:34:15 GMT 2025","passed","Fri Jan 17 10:34:15 GMT 2025","","","",""
"","0","Check message with no content topic is not received","Waku Filter V2: FilterPush: Multiple Nodes: Strict Checking: false","Fri Jan 17 10:47:57 GMT 2025","passed","Fri Jan 17 10:47:57 GMT 2025","","","",""
"","1","Subscribe to topic containing numeric and receive message","Waku Filter V2: Subscribe: Multiple Service Nodes: Strict Check mode: false","Fri Jan 17 10:51:29 GMT 2025","passed","Fri Jan 17 10:51:29 GMT 2025","","","",""
"","0","numPeers=0 -- returns all peers including all non-bootstrap with maxBootstrapPeers: 2","getPeers","Fri Jan 17 10:33:55 GMT 2025","passed","Fri Jan 17 10:33:55 GMT 2025","maxBootstrapPeers=2","getPeers with varying maxBootstrapPeers","",""
"","0","handles different clusterIds correctly","contentTopicsByPubsubTopic","Fri Jan 17 10:31:42 GMT 2025","passed","Fri Jan 17 10:31:42 GMT 2025","","","",""
"","0","creates an iterator","Util: toAsyncIterator: Filter","Fri Jan 17 10:41:14 GMT 2025","passed","Fri Jan 17 10:41:14 GMT 2025","","","",""
"","0","Fails to push message bigger that 1MB","Waku Light Push: Multiple Nodes: Strict Check: true","Fri Jan 17 11:31:39 GMT 2025","passed","Fri Jan 17 11:31:39 GMT 2025","","","",""
"","1","should not fail to stop the service if it was not started","Local Storage Discovery","Fri Jan 17 10:32:10 GMT 2025","passed","Fri Jan 17 10:32:10 GMT 2025","interface-peer-discovery compliance tests","Compliance Tests","",""
"","0","Subscribe to topic containing JSON and receive message","Waku Filter V2: Subscribe: Multiple Service Nodes: Strict Check mode: false","Fri Jan 17 10:51:29 GMT 2025","passed","Fri Jan 17 10:51:29 GMT 2025","","","",""
"","1","Non TWN Cluster","Autosharding: Running Nodes","Fri Jan 17 10:38:59 GMT 2025","broken","Fri Jan 17 10:38:59 GMT 2025","","Different clusters and topics","",""
"","0","Passing page size 11 when there are 10 messages","Waku Store, page size","Fri Jan 17 10:40:47 GMT 2025","passed","Fri Jan 17 10:40:47 GMT 2025","","","",""
"","0","Push message with custom timestamp: 1706351635980","Waku Light Push: Multiple Nodes: Strict Check: true","Fri Jan 17 11:31:39 GMT 2025","broken","Fri Jan 17 11:31:39 GMT 2025","","","",""
"","0","should load peers from local storage and dispatch events","Local Storage Discovery","Fri Jan 17 10:32:10 GMT 2025","passed","Fri Jan 17 10:32:10 GMT 2025","","Unit Tests","",""
"","1","Subscribe and receive messages on 2 different pubsubtopics","Waku Light Push (Autosharding): Multiple PubsubTopics","Fri Jan 17 10:44:16 GMT 2025","broken","Fri Jan 17 10:44:16 GMT 2025","","","",""
"","0","Push message with content topic containing escaped characters","Waku Light Push: Multiple Nodes: Strict Check: true","Fri Jan 17 11:31:39 GMT 2025","broken","Fri Jan 17 11:31:39 GMT 2025","","","",""
"","0","Check publish message after service node is restarted","Waku Relay, Publish","Fri Jan 17 10:37:34 GMT 2025","skipped","Fri Jan 17 10:37:34 GMT 2025","","","",""
"","3","receiving a ping from a peer does not overwrite shard info","Metadata Protocol","Fri Jan 17 10:35:28 GMT 2025","passed","Fri Jan 17 10:35:28 GMT 2025","","","",""
"","1","Accepts a valid Waku Message","Message Validator","Fri Jan 17 10:32:27 GMT 2025","passed","Fri Jan 17 10:32:27 GMT 2025","","","",""
"","0","Check publish message after client node is restarted","Waku Relay, Publish","Fri Jan 17 10:37:34 GMT 2025","skipped","Fri Jan 17 10:37:34 GMT 2025","","","",""
"","1","connected peers and dial","Peer Exchange Query","Fri Jan 17 10:37:09 GMT 2025","skipped","Fri Jan 17 10:37:09 GMT 2025","","","",""
"","1","Subscribe to topic containing SQL Injection and receive message","Waku Filter V2: Subscribe: Single Service Node","Fri Jan 17 10:34:15 GMT 2025","passed","Fri Jan 17 10:34:15 GMT 2025","","","",""
"","1","Unsubscribes all - node subscribed to 10 topics","Waku Filter V2: Unsubscribe: Multiple Nodes: Strict Checking: false","Fri Jan 17 10:37:34 GMT 2025","passed","Fri Jan 17 10:37:34 GMT 2025","","","",""
"","0","Cluster ID 0 - Default/Global Cluster","Autosharding: Running Nodes","Fri Jan 17 10:38:59 GMT 2025","broken","Fri Jan 17 10:38:59 GMT 2025","","Different clusters and topics","",""
"","1","ENRTree (root): should error if DNS root entry is malformed","ENRTree","Fri Jan 17 10:32:06 GMT 2025","passed","Fri Jan 17 10:32:06 GMT 2025","","","",""
"","0","Subscribe to topic containing Arabic and publish message","Waku Relay, Subscribe","Fri Jan 17 10:37:43 GMT 2025","passed","Fri Jan 17 10:37:43 GMT 2025","","","",""
"","1","can start the service","Local Storage Discovery","Fri Jan 17 10:32:10 GMT 2025","passed","Fri Jan 17 10:32:10 GMT 2025","interface-peer-discovery compliance tests","Compliance Tests","",""
"","0","msgTime: -19000 ms from now, startTime: -20000, endTime: -19000","Waku Store, time filter","Fri Jan 17 10:41:09 GMT 2025","passed","Fri Jan 17 10:41:09 GMT 2025","","","",""
"","7","should not fail to start the service if it is already started","Peer Exchange","Fri Jan 17 10:36:12 GMT 2025","passed","Fri Jan 17 10:36:12 GMT 2025","interface-peer-discovery compliance tests","Compliance Test","",""
"","1","should reject if Relay is requested but not mounted","waitForRemotePeer","Fri Jan 17 10:32:23 GMT 2025","passed","Fri Jan 17 10:32:23 GMT 2025","","","",""
"","1","LightPush with 3 connections","Health Manager","Fri Jan 17 10:33:55 GMT 2025","skipped","Fri Jan 17 10:33:55 GMT 2025","","Should update the health status for protocols","",""
"","1","Push message with rate limit","Waku Light Push: Multiple Nodes: Strict Check: true","Fri Jan 17 11:31:39 GMT 2025","broken","Fri Jan 17 11:31:39 GMT 2025","","","",""
"","0","Subscribe to topic containing escaped characters and receive message","Waku Filter V2: Subscribe: Multiple Service Nodes: Strict Check mode: false","Fri Jan 17 10:51:29 GMT 2025","passed","Fri Jan 17 10:51:29 GMT 2025","","","",""
"","0","Subscribe to topic containing Basic HTML tag and receive message","Waku Filter V2: Subscribe: Multiple Service Nodes: Strict Check mode: false","Fri Jan 17 10:51:29 GMT 2025","passed","Fri Jan 17 10:51:29 GMT 2025","","","",""
"","2","should add a peer","PeerManager","Fri Jan 17 10:32:23 GMT 2025","passed","Fri Jan 17 10:32:23 GMT 2025","","addPeer","",""
"","1","Query Generator, No message returned","Waku Store, error handling","Fri Jan 17 10:39:34 GMT 2025","passed","Fri Jan 17 10:39:34 GMT 2025","","","",""
"","1","Check received message containing XML","Waku Filter V2: FilterPush: Multiple Nodes: Strict Checking: true","Fri Jan 17 10:47:57 GMT 2025","passed","Fri Jan 17 10:47:57 GMT 2025","","","",""
"","1","Refresh subscription","Waku Relay, Subscribe","Fri Jan 17 10:37:43 GMT 2025","skipped","Fri Jan 17 10:37:43 GMT 2025","","","",""
"","1","Check received message with timestamp: 1737109963154 ","Waku Filter V2: FilterPush","Fri Jan 17 10:33:54 GMT 2025","passed","Fri Jan 17 10:33:54 GMT 2025","","","",""
"","0","Subscribe to topic containing Russian and receive message","Waku Filter V2: Subscribe: Single Service Node","Fri Jan 17 10:34:15 GMT 2025","passed","Fri Jan 17 10:34:15 GMT 2025","","","",""
"","0","numPeers=3 -- returns total 3 peers, with max 2 bootstrap peers","getPeers","Fri Jan 17 10:33:55 GMT 2025","passed","Fri Jan 17 10:33:55 GMT 2025","maxBootstrapPeers=2","getPeers with varying maxBootstrapPeers","",""
"","1","Relay + Store","ENR Interop: ServiceNode","Fri Jan 17 10:32:50 GMT 2025","passed","Fri Jan 17 10:32:50 GMT 2025","","","",""
"","0","should be called at least once on all `peer:discovery` events","Dials","Fri Jan 17 10:32:50 GMT 2025","passed","Fri Jan 17 10:32:50 GMT 2025","","attemptDial method","",""
"","0","Push message with content topic containing JSON","Waku Light Push: Multiple Nodes: Strict Check: true","Fri Jan 17 11:31:39 GMT 2025","broken","Fri Jan 17 11:31:39 GMT 2025","","","",""
"","0","should remove the specified number of excess peers","PeerManager","Fri Jan 17 10:32:23 GMT 2025","passed","Fri Jan 17 10:32:23 GMT 2025","","removeExcessPeers","",""
"","0","different cluster, different shard: nodes don't connect","Metadata Protocol","Fri Jan 17 10:35:28 GMT 2025","passed","Fri Jan 17 10:35:28 GMT 2025","","connections","",""
"","0","1 Store, 2 fetches","Fetch nodes until capabilities are fulfilled","Fri Jan 17 10:32:07 GMT 2025","passed","Fri Jan 17 10:32:07 GMT 2025","","","",""
"","0","random auto sharding 1 - Cluster ID: 10, Content Topic: /app95/7/topic909/xml","Autosharding: Running Nodes","Fri Jan 17 10:38:59 GMT 2025","broken","Fri Jan 17 10:38:59 GMT 2025","","Different clusters and topics","",""
"","0","Check received message containing Script","Waku Filter V2: FilterPush: Multiple Nodes: Strict Checking: true","Fri Jan 17 10:47:57 GMT 2025","passed","Fri Jan 17 10:47:57 GMT 2025","","","",""
"","0","should throw an error for non-numeric shard: /waku/2/rs/1/ ","pubsubTopicToSingleShardInfo with various invalid formats","Fri Jan 17 10:31:42 GMT 2025","passed","Fri Jan 17 10:31:42 GMT 2025","","","",""
"","0","should throw an error for non-numeric clusterId: /waku/2/rs/$/1","pubsubTopicToSingleShardInfo with various invalid formats","Fri Jan 17 10:31:42 GMT 2025","passed","Fri Jan 17 10:31:42 GMT 2025","","","",""
"","1","Passing invalid cursor","Waku Store, cursor","Fri Jan 17 10:39:17 GMT 2025","passed","Fri Jan 17 10:39:17 GMT 2025","","","",""
"","1","Check received message containing Arabic","Waku Filter V2: FilterPush: Multiple Nodes: Strict Checking: false","Fri Jan 17 10:47:57 GMT 2025","passed","Fri Jan 17 10:47:57 GMT 2025","","","",""
"","0","caches peers it previously fetched","DNS Node Discovery","Fri Jan 17 10:32:06 GMT 2025","passed","Fri Jan 17 10:32:06 GMT 2025","","","",""
"","0","Subscribe and receives messages on 20 topics","Waku Filter V2: Subscribe: Multiple Service Nodes: Strict Check mode: false","Fri Jan 17 10:51:29 GMT 2025","passed","Fri Jan 17 10:51:29 GMT 2025","","","",""
"","2","ENRTree (root): should parse and verify and DNS root entry","ENRTree","Fri Jan 17 10:32:06 GMT 2025","passed","Fri Jan 17 10:32:06 GMT 2025","","","",""
"","1","Subscribe and receive 2 messages on the same topic","Waku Filter V2: Subscribe: Single Service Node","Fri Jan 17 10:34:15 GMT 2025","passed","Fri Jan 17 10:34:15 GMT 2025","","","",""
"","0","Subscribe and receive messages on 2 different pubsubtopics","Waku Light Push : Multiple PubsubTopics","Fri Jan 17 10:44:16 GMT 2025","broken","Fri Jan 17 10:44:16 GMT 2025","","","",""
"","1","Unsubscribes all - node subscribed to 1 topic","Waku Filter V2: Unsubscribe: Multiple Nodes: Strict Checking: false","Fri Jan 17 10:37:34 GMT 2025","passed","Fri Jan 17 10:37:34 GMT 2025","","","",""
"","0","Subscribe and receive messages via lightPush","Waku Filter V2: Subscribe: Multiple Service Nodes: Strict Check mode: false","Fri Jan 17 10:51:29 GMT 2025","passed","Fri Jan 17 10:51:29 GMT 2025","","","",""
"","0","wrong wakuPeerExchangeDiscovery pubsub topic","Peer Exchange","Fri Jan 17 10:37:09 GMT 2025","skipped","Fri Jan 17 10:37:09 GMT 2025","","","",""
"","1","Wrong topic","Autosharding: Running Nodes","Fri Jan 17 10:38:59 GMT 2025","passed","Fri Jan 17 10:38:59 GMT 2025","","Different clusters and topics","",""
"","0","LightPush: 2 peers, Filter: 0 peers","Node Health Status Matrix Tests","Fri Jan 17 10:33:55 GMT 2025","skipped","Fri Jan 17 10:33:55 GMT 2025","","","",""
"","0","groups multiple content topics into the same pubsub topic when they share the same shard index","contentTopicsByPubsubTopic","Fri Jan 17 10:31:42 GMT 2025","passed","Fri Jan 17 10:31:42 GMT 2025","","","",""
"","0","Encoder throws on empty string content topic","Ensures content topic is defined","Fri Jan 17 10:32:16 GMT 2025","passed","Fri Jan 17 10:32:16 GMT 2025","","","",""
"","0","msgTime: -19000 ms from now, startTime: -19002, endTime: -19001","Waku Store, time filter","Fri Jan 17 10:41:09 GMT 2025","passed","Fri Jan 17 10:41:09 GMT 2025","","","",""
"","1","LightPush: 3 peers, Filter: 2 peers","Node Health Status Matrix Tests","Fri Jan 17 10:33:55 GMT 2025","skipped","Fri Jan 17 10:33:55 GMT 2025","","","",""
"","0","throws on content topic with non-number generation field","ensureValidContentTopic","Fri Jan 17 10:31:42 GMT 2025","passed","Fri Jan 17 10:31:42 GMT 2025","","","",""
"","0","Subscribe to topic containing Script and receive message","Waku Filter V2: Subscribe: Single Service Node","Fri Jan 17 10:34:15 GMT 2025","passed","Fri Jan 17 10:34:15 GMT 2025","","","",""
"","0","removeEventListener with correct event","Public methods","Fri Jan 17 10:33:23 GMT 2025","passed","Fri Jan 17 10:33:23 GMT 2025","","","",""
"","0","Check received message with timestamp: 1737109963358000000 ","Waku Filter V2: FilterPush: Multiple Nodes: Strict Checking: true","Fri Jan 17 10:47:57 GMT 2025","passed","Fri Jan 17 10:47:57 GMT 2025","","","",""
"","0","Light push messages to 2 service nodes each with different pubsubtopics","Waku Light Push (Autosharding): Multiple PubsubTopics","Fri Jan 17 10:44:16 GMT 2025","passed","Fri Jan 17 10:44:16 GMT 2025","","","",""
"","1","should return one bootstrap peer, and all non-boostrap peers, when numPeers is 0 & maxBootstrap is 1","filterPeersByDiscovery function","Fri Jan 17 10:31:58 GMT 2025","passed","Fri Jan 17 10:31:58 GMT 2025","","","",""
"","0","3 nodes on /waku/2/rs/7/1 topic","Waku Relay (Autosharding), multiple pubsub topics","Fri Jan 17 10:37:27 GMT 2025","passed","Fri Jan 17 10:37:27 GMT 2025","","","",""
"","0","Meta field set when metaSetter is specified","Waku Message version 0","Fri Jan 17 10:31:59 GMT 2025","passed","Fri Jan 17 10:31:59 GMT 2025","","","",""
"","0","should retrieve 3 multiaddrs for test.waku.nodes.status.im","DNS Node Discovery [live data]","Fri Jan 17 10:32:06 GMT 2025","skipped","Fri Jan 17 10:32:06 GMT 2025","","","",""
"","0","should return valid sharding parameters for static sharding","ensureShardingConfigured","Fri Jan 17 10:31:42 GMT 2025","passed","Fri Jan 17 10:31:42 GMT 2025","","","",""
"","0","should throw an error for non-numeric clusterId: /waku/2/rs/x/1","pubsubTopicToSingleShardInfo with various invalid formats","Fri Jan 17 10:31:42 GMT 2025","passed","Fri Jan 17 10:31:42 GMT 2025","","","",""
"","1","Check message on other pubsub topic is not received","Waku Filter V2: FilterPush","Fri Jan 17 10:33:54 GMT 2025","passed","Fri Jan 17 10:33:54 GMT 2025","","","",""
"","0","listenerCount","Public methods","Fri Jan 17 10:33:23 GMT 2025","passed","Fri Jan 17 10:33:23 GMT 2025","","","",""
"","0","should return false","ENR","Fri Jan 17 10:31:51 GMT 2025","passed","Fri Jan 17 10:31:51 GMT 2025","","Verify","",""
"","0","Push message with Script payload","Waku Light Push: Multiple Nodes: Strict Check: true","Fri Jan 17 11:31:39 GMT 2025","broken","Fri Jan 17 11:31:39 GMT 2025","","","",""
"","0","Fails to publish message with wrong pubsubtopic","Waku Relay, Publish","Fri Jan 17 10:37:34 GMT 2025","passed","Fri Jan 17 10:37:34 GMT 2025","","","",""
"","0","Query with Ordered Callback, No Decoder","Waku Store, error handling","Fri Jan 17 10:39:34 GMT 2025","passed","Fri Jan 17 10:39:34 GMT 2025","","","",""
"","0","should correctly map /app/20/sometopic/someencoding to shard index 7","contentTopicToShardIndex","Fri Jan 17 10:31:42 GMT 2025","passed","Fri Jan 17 10:31:42 GMT 2025","","","",""
"","0","isConnected should return true after first peer connects","Connection state","Fri Jan 17 10:33:06 GMT 2025","passed","Fri Jan 17 10:33:06 GMT 2025","","","",""
"","0","should throw an error for invalid PubsubTopic format: /waku/1/rs/1/2","pubsubTopicToSingleShardInfo with various invalid formats","Fri Jan 17 10:31:42 GMT 2025","passed","Fri Jan 17 10:31:42 GMT 2025","","","",""
"","0","Subscribe and receive 2 messages on the same topic","Waku Filter V2: Subscribe: Multiple Service Nodes: Strict Check mode: true","Fri Jan 17 10:51:29 GMT 2025","passed","Fri Jan 17 10:51:29 GMT 2025","","","",""
"","0","should correctly map /app/20/sometopic/someencoding to shard index 0 with networkShards 1","contentTopicToShardIndex","Fri Jan 17 10:31:42 GMT 2025","passed","Fri Jan 17 10:31:42 GMT 2025","","","",""
"","0","Check received message with timestamp: 1949153314000 ","Waku Filter V2: FilterPush","Fri Jan 17 10:33:54 GMT 2025","passed","Fri Jan 17 10:33:54 GMT 2025","","","",""
"","0","Subscribe to topic containing Russian and receive message","Waku Filter V2: Subscribe: Multiple Service Nodes: Strict Check mode: true","Fri Jan 17 10:51:29 GMT 2025","passed","Fri Jan 17 10:51:29 GMT 2025","","","",""
"","0","Passing page size 10 when there are 10 messages","Waku Store, page size","Fri Jan 17 10:40:47 GMT 2025","passed","Fri Jan 17 10:40:47 GMT 2025","","","",""
"","0","should be able to encode the field with ALL protocols set to true","ENR waku2 codec","Fri Jan 17 10:31:50 GMT 2025","passed","Fri Jan 17 10:31:50 GMT 2025","","Encoding","",""
"","0","retrieves all peers (2) when cannot fulfill all requirements","DNS Node Discovery w/ capabilities","Fri Jan 17 10:32:06 GMT 2025","passed","Fri Jan 17 10:32:06 GMT 2025","","","",""
"","0","should use the provided clusterId for the pubsub topic","contentTopicToPubsubTopic","Fri Jan 17 10:31:42 GMT 2025","passed","Fri Jan 17 10:31:42 GMT 2025","","","",""
"","0","Push message with numeric payload","Waku Light Push: Multiple Nodes: Strict Check: true","Fri Jan 17 11:31:39 GMT 2025","broken","Fri Jan 17 11:31:39 GMT 2025","","","",""
"","0","Should fail to subscribe with decoder with wrong pubsubTopic","Waku Filter V2 (Autosharding): Multiple PubsubTopics","Fri Jan 17 10:33:15 GMT 2025","passed","Fri Jan 17 10:33:15 GMT 2025","","","",""
"","0","should encodeTxt and decodeTxt","ENR","Fri Jan 17 10:31:51 GMT 2025","passed","Fri Jan 17 10:31:51 GMT 2025","","Txt codec","",""
"","1","Ephemeral field set to true","Waku Message version 0","Fri Jan 17 10:31:59 GMT 2025","passed","Fri Jan 17 10:31:59 GMT 2025","","","",""
"","0","Check publish message containing Arabic","Waku Relay, Publish","Fri Jan 17 10:37:34 GMT 2025","passed","Fri Jan 17 10:37:34 GMT 2025","","","",""
"","0","should encode/decode to RLP encoding","ENR","Fri Jan 17 10:31:51 GMT 2025","passed","Fri Jan 17 10:31:51 GMT 2025","","Static tests","",""
"","1","should call waitForPeer on Relay","waitForRemotePeer","Fri Jan 17 10:32:23 GMT 2025","passed","Fri Jan 17 10:32:23 GMT 2025","","","",""
"","1","should return all peers when numPeers is 0","filterPeersByDiscovery function","Fri Jan 17 10:31:58 GMT 2025","passed","Fri Jan 17 10:31:58 GMT 2025","","","",""
"","0","Check received message containing short","Waku Filter V2: FilterPush","Fri Jan 17 10:33:54 GMT 2025","passed","Fri Jan 17 10:33:54 GMT 2025","","","",""
"","1","should wait for Filter peer to be connected","waitForRemotePeer","Fri Jan 17 10:32:23 GMT 2025","passed","Fri Jan 17 10:32:23 GMT 2025","","","",""
"","0","should encode/decode to text encoding","ENR","Fri Jan 17 10:31:51 GMT 2025","passed","Fri Jan 17 10:31:51 GMT 2025","","Static tests","",""
"","0","Check received message containing escaped characters","Waku Filter V2: FilterPush: Multiple Nodes: Strict Checking: true","Fri Jan 17 10:47:57 GMT 2025","passed","Fri Jan 17 10:47:57 GMT 2025","","","",""
"","1","dispatchEvent via connectionManager","Public methods","Fri Jan 17 10:33:23 GMT 2025","passed","Fri Jan 17 10:33:23 GMT 2025","","","",""
"","0","1 Relay, 1 Filter, gives up","Fetch nodes until capabilities are fulfilled","Fri Jan 17 10:32:07 GMT 2025","passed","Fri Jan 17 10:32:07 GMT 2025","","","",""
"","1","Relay - dialed after","Wait for remote peer","Fri Jan 17 10:41:31 GMT 2025","passed","Fri Jan 17 10:41:31 GMT 2025","","","",""
"","1","should correctly map /0/toychat/2/huilong/proto to shard index 3","contentTopicToShardIndex","Fri Jan 17 10:31:42 GMT 2025","passed","Fri Jan 17 10:31:42 GMT 2025","","","",""
"","1","all px service nodes subscribed to the shard topic should be dialed","Static Sharding: Peer Management","Fri Jan 17 10:38:46 GMT 2025","passed","Fri Jan 17 10:38:46 GMT 2025","","Peer Exchange","",""
"","0","Subscribe to topic containing Basic HTML tag and receive message","Waku Filter V2: Subscribe: Single Service Node","Fri Jan 17 10:34:15 GMT 2025","passed","Fri Jan 17 10:34:15 GMT 2025","","","",""
"","0","should fall back to default pubsub topic when pubsubTopicShardInfo is not provided","determinePubsubTopic","Fri Jan 17 10:31:42 GMT 2025","passed","Fri Jan 17 10:31:42 GMT 2025","","","",""
"","1","should properly create location multiaddrs - tcp4","ENR","Fri Jan 17 10:31:51 GMT 2025","passed","Fri Jan 17 10:31:51 GMT 2025","","Location multiaddr","",""
"","0","Push message with custom timestamp: 1737106435980","Waku Light Push: Multiple Nodes: Strict Check: true","Fri Jan 17 11:31:39 GMT 2025","broken","Fri Jan 17 11:31:39 GMT 2025","","","",""
"","1","Query Generator, Multiple PubsubTopics","Waku Store, error handling","Fri Jan 17 10:39:34 GMT 2025","passed","Fri Jan 17 10:39:34 GMT 2025","","","",""
"","0","Ping on peer without subscriptions","Waku Filter V2: Ping: Multiple Nodes: Strict Checking: true","Fri Jan 17 10:35:16 GMT 2025","passed","Fri Jan 17 10:35:16 GMT 2025","","","",""
"","1","should emit a peer event after start","Local Storage Discovery","Fri Jan 17 10:32:10 GMT 2025","passed","Fri Jan 17 10:32:10 GMT 2025","interface-peer-discovery compliance tests","Compliance Tests","",""
"","1","should throw an error for non-numeric clusterId: /waku/2/rs/-/1","pubsubTopicToSingleShardInfo with various invalid formats","Fri Jan 17 10:31:42 GMT 2025","passed","Fri Jan 17 10:31:42 GMT 2025","","","",""
"","1","should properly compute the node id","ENR","Fri Jan 17 10:31:51 GMT 2025","passed","Fri Jan 17 10:31:51 GMT 2025","","Static tests","",""
"","0","should emit a peer event after start","DNS Discovery: Compliance Test","Fri Jan 17 10:32:55 GMT 2025","passed","Fri Jan 17 10:32:55 GMT 2025","","interface-peer-discovery compliance tests","",""
"","0","Should update multiaddrs","Peer Exchange Continuous Discovery","Fri Jan 17 10:36:13 GMT 2025","passed","Fri Jan 17 10:36:13 GMT 2025","","","",""
"","1","should be able to encode the field with ALL protocols set to false","ENR waku2 codec","Fri Jan 17 10:31:50 GMT 2025","passed","Fri Jan 17 10:31:50 GMT 2025","","Encoding","",""
"","0","Subscribe to topic containing escaped characters and publish message","Waku Relay, Subscribe","Fri Jan 17 10:37:43 GMT 2025","passed","Fri Jan 17 10:37:43 GMT 2025","","","",""
"","1","Subscribe and receive messages from 2 nwaku nodes each with different pubsubtopics","Waku Filter V2 (Named sharding): Multiple PubsubTopics","Fri Jan 17 10:33:15 GMT 2025","passed","Fri Jan 17 10:33:15 GMT 2025","","","",""
"","1","should return the correct number of peers","PeerManager","Fri Jan 17 10:32:23 GMT 2025","passed","Fri Jan 17 10:32:23 GMT 2025","","getPeerCount","",""
"","0","Promise Callback  - true","Waku Store, order","Fri Jan 17 10:40:31 GMT 2025","passed","Fri Jan 17 10:40:31 GMT 2025","","","",""
"","0","should check connected peers if present and suitable","waitForRemotePeer","Fri Jan 17 10:32:23 GMT 2025","passed","Fri Jan 17 10:32:23 GMT 2025","","","",""
"","1","should not receive a peer event after stop","DNS Discovery: Compliance Test","Fri Jan 17 10:32:55 GMT 2025","passed","Fri Jan 17 10:32:55 GMT 2025","","interface-peer-discovery compliance tests","",""
"","0","less peers than existing","Peer Exchange Query","Fri Jan 17 10:37:09 GMT 2025","skipped","Fri Jan 17 10:37:09 GMT 2025","","","",""
"","0","Does not throw an exception when node disconnects","Waku Dial [node only]","Fri Jan 17 10:41:39 GMT 2025","passed","Fri Jan 17 10:41:39 GMT 2025","","Interop: ServiceNode","",""
"","0","should throw an error for missing sharding configuration","ensureShardingConfigured","Fri Jan 17 10:31:42 GMT 2025","passed","Fri Jan 17 10:31:42 GMT 2025","","","",""
"","0","Check publish message containing shell command","Waku Relay, Publish","Fri Jan 17 10:37:34 GMT 2025","passed","Fri Jan 17 10:37:34 GMT 2025","","","",""
"","0","Push message equal or less that 1MB","Waku Light Push: Multiple Nodes: Strict Check: true","Fri Jan 17 11:31:39 GMT 2025","broken","Fri Jan 17 11:31:39 GMT 2025","","","",""
"","0","All","ENR Interop: ServiceNode","Fri Jan 17 10:32:50 GMT 2025","passed","Fri Jan 17 10:32:50 GMT 2025","","","",""
"","0","recovers when dns.resolve returns empty","DNS Node Discovery","Fri Jan 17 10:32:06 GMT 2025","passed","Fri Jan 17 10:32:06 GMT 2025","","","",""
"","1","should throw an error for an unconfigured topic","ensurePubsubTopicIsConfigured","Fri Jan 17 10:31:42 GMT 2025","passed","Fri Jan 17 10:31:42 GMT 2025","","","",""
"","0","random static sharding 8 - Cluster ID: 381, Shard ID: 169","Static Sharding: Running Nodes","Fri Jan 17 10:40:22 GMT 2025","broken","Fri Jan 17 10:40:22 GMT 2025","","Different clusters and shards","",""
"","0","msgTime: -19000 ms from now, startTime: -18999, endTime: -18996","Waku Store, time filter","Fri Jan 17 10:41:09 GMT 2025","passed","Fri Jan 17 10:41:09 GMT 2025","","","",""
"","1","Check message with non string payload is not received","Waku Filter V2: FilterPush","Fri Jan 17 10:33:54 GMT 2025","passed","Fri Jan 17 10:33:54 GMT 2025","","","",""
"","0","should convert content topics to PubsubTopics for autosharding","shardInfoToPubsubTopics","Fri Jan 17 10:31:42 GMT 2025","passed","Fri Jan 17 10:31:42 GMT 2025","","","",""
"","0","Subscribe and receive messages via waku relay post","Waku Filter V2: Subscribe: Multiple Service Nodes: Strict Check mode: true","Fri Jan 17 10:51:29 GMT 2025","passed","Fri Jan 17 10:51:29 GMT 2025","","","",""
"","1","Subscribe to topic containing XML and publish message","Waku Relay, Subscribe","Fri Jan 17 10:37:43 GMT 2025","passed","Fri Jan 17 10:37:43 GMT 2025","","","",""
"","0","should aggregate SingleShardInfos into a ShardInfo","singleShardInfosToShardInfo","Fri Jan 17 10:31:42 GMT 2025","passed","Fri Jan 17 10:31:42 GMT 2025","","","",""
"","0","Subscribe to topic containing Chinese and publish message","Waku Relay, Subscribe","Fri Jan 17 10:37:43 GMT 2025","passed","Fri Jan 17 10:37:43 GMT 2025","","","",""
"","0","should decode valid enr successfully","ENR","Fri Jan 17 10:31:51 GMT 2025","passed","Fri Jan 17 10:31:51 GMT 2025","","Txt codec","",""
"","0","shard 0","Static Sharding: Running Nodes","Fri Jan 17 10:40:22 GMT 2025","broken","Fri Jan 17 10:40:22 GMT 2025","","Different clusters and shards","",""
"","0","Check message with no pubsub topic is not received","Waku Filter V2: FilterPush","Fri Jan 17 10:33:54 GMT 2025","passed","Fri Jan 17 10:33:54 GMT 2025","","","",""
"","0","should return all non-bootstrap peers and no bootstrap peer when numPeers is 0 and maxBootstrapPeers is 0","filterPeersByDiscovery function","Fri Jan 17 10:31:58 GMT 2025","passed","Fri Jan 17 10:31:58 GMT 2025","","","",""
"","0","random static sharding 9 - Cluster ID: 910, Shard ID: 879","Static Sharding: Running Nodes","Fri Jan 17 10:40:22 GMT 2025","broken","Fri Jan 17 10:40:22 GMT 2025","","Different clusters and shards","",""
"","1","can dial TLS multiaddrs","multiaddr: dialing","Fri Jan 17 10:35:30 GMT 2025","passed","Fri Jan 17 10:35:30 GMT 2025","","","",""
"","1","should be able to encode the field with RELAY and FILTER protocols set to true","ENR waku2 codec","Fri Jan 17 10:31:50 GMT 2025","passed","Fri Jan 17 10:31:50 GMT 2025","","Encoding","",""
"","0","Nodes with multiple pubsub topic","Waku Relay, multiple pubsub topics","Fri Jan 17 10:37:27 GMT 2025","passed","Fri Jan 17 10:37:27 GMT 2025","","","",""
"","0","can start and stop the service","Local Storage Discovery","Fri Jan 17 10:32:10 GMT 2025","passed","Fri Jan 17 10:32:10 GMT 2025","interface-peer-discovery compliance tests","Compliance Tests","",""
"","1","Unsubscribes all - node subscribed to 1 topic","Waku Filter V2: Unsubscribe: Multiple Nodes: Strict Checking: true","Fri Jan 17 10:37:34 GMT 2025","passed","Fri Jan 17 10:37:34 GMT 2025","","","",""
"","0","Subscribe to topic containing special chars and publish message","Waku Relay, Subscribe","Fri Jan 17 10:37:43 GMT 2025","passed","Fri Jan 17 10:37:43 GMT 2025","","","",""
"","0","Check received message containing shell command","Waku Filter V2: FilterPush: Multiple Nodes: Strict Checking: false","Fri Jan 17 10:47:57 GMT 2025","passed","Fri Jan 17 10:47:57 GMT 2025","","","",""
"","0","Check publish message containing Script","Waku Relay, Publish","Fri Jan 17 10:37:34 GMT 2025","passed","Fri Jan 17 10:37:34 GMT 2025","","","",""
"","0","Subscribe to topic containing Russian and publish message","Waku Relay, Subscribe","Fri Jan 17 10:37:43 GMT 2025","passed","Fri Jan 17 10:37:43 GMT 2025","","","",""
"","0","should throw an error for non-numeric clusterId: /waku/2/rs/y/1","pubsubTopicToSingleShardInfo with various invalid formats","Fri Jan 17 10:31:42 GMT 2025","passed","Fri Jan 17 10:31:42 GMT 2025","","","",""
"","0","numPeers=4 -- returns total 4 peers, with max 4 bootstrap peers","getPeers","Fri Jan 17 10:33:55 GMT 2025","passed","Fri Jan 17 10:33:55 GMT 2025","maxBootstrapPeers=4","getPeers with varying maxBootstrapPeers","",""
"","0","Push message with unicode special characters payload","Waku Light Push: Multiple Nodes: Strict Check: true","Fri Jan 17 11:31:39 GMT 2025","broken","Fri Jan 17 11:31:39 GMT 2025","","","",""
"","0","should properly create location multiaddrs - tcp6","ENR","Fri Jan 17 10:31:51 GMT 2025","passed","Fri Jan 17 10:31:51 GMT 2025","","Location multiaddr","",""
"","0","should be able to encode the field with only FILTER set to true","ENR waku2 codec","Fri Jan 17 10:31:50 GMT 2025","passed","Fri Jan 17 10:31:50 GMT 2025","","Encoding","",""
"","1","Subscribe to topic containing emoji and receive message","Waku Filter V2: Subscribe: Single Service Node","Fri Jan 17 10:34:15 GMT 2025","passed","Fri Jan 17 10:34:15 GMT 2025","","","",""
"","0","random static sharding 5 - Cluster ID: 267, Shard ID: 611","Static Sharding: Running Nodes","Fri Jan 17 10:40:22 GMT 2025","broken","Fri Jan 17 10:40:22 GMT 2025","","Different clusters and shards","",""
"","0","should be online or offline if network state changed","Events","Fri Jan 17 10:32:43 GMT 2025","passed","Fri Jan 17 10:32:43 GMT 2025","","waku:connection","",""
"","0","numPeers=4 -- returns total 4 peers, with max 7 bootstrap peers","getPeers","Fri Jan 17 10:33:55 GMT 2025","passed","Fri Jan 17 10:33:55 GMT 2025","maxBootstrapPeers=7","getPeers with varying maxBootstrapPeers","",""
"","0","Check received message containing unicode special characters","Waku Filter V2: FilterPush: Multiple Nodes: Strict Checking: false","Fri Jan 17 10:47:57 GMT 2025","passed","Fri Jan 17 10:47:57 GMT 2025","","","",""
"","0","1 Store, 2 relays, 2 fetches","Fetch nodes until capabilities are fulfilled","Fri Jan 17 10:32:07 GMT 2025","passed","Fri Jan 17 10:32:07 GMT 2025","","","",""
"","0","Overlapping topic subscription","Waku Relay, Subscribe","Fri Jan 17 10:37:43 GMT 2025","skipped","Fri Jan 17 10:37:43 GMT 2025","","","",""
"","0","Push message with content topic containing Chinese","Waku Light Push: Multiple Nodes: Strict Check: true","Fri Jan 17 11:31:39 GMT 2025","broken","Fri Jan 17 11:31:39 GMT 2025","","","",""
"","0","numPeers=1 -- returns one bootstrap peer ","getPeers","Fri Jan 17 10:33:55 GMT 2025","passed","Fri Jan 17 10:33:55 GMT 2025","maxBootstrapPeers=7","getPeers with varying maxBootstrapPeers","",""
"","0","should return the pubsub topic directly if a string is provided","determinePubsubTopic","Fri Jan 17 10:31:42 GMT 2025","passed","Fri Jan 17 10:31:42 GMT 2025","","","",""
"","0","Relay + Store","ENR","Fri Jan 17 10:31:51 GMT 2025","passed","Fri Jan 17 10:31:51 GMT 2025","","Waku2 key: decode","",""
"","0","should handle clusterId, application and version for autosharding with cluster iD 1","shardInfoToPubsubTopics","Fri Jan 17 10:31:42 GMT 2025","passed","Fri Jan 17 10:31:42 GMT 2025","","","",""
"","0","LightPush: 1 peers, Filter: 3 peers","Node Health Status Matrix Tests","Fri Jan 17 10:33:55 GMT 2025","skipped","Fri Jan 17 10:33:55 GMT 2025","","","",""
"","1","Query with Promise Callback, No Decoder","Waku Store, error handling","Fri Jan 17 10:39:34 GMT 2025","passed","Fri Jan 17 10:39:34 GMT 2025","","","",""
"","0","Reopen subscription with peer with lost subscription","Waku Filter V2: Ping: Multiple Nodes: Strict Checking: false","Fri Jan 17 10:35:16 GMT 2025","passed","Fri Jan 17 10:35:16 GMT 2025","","","",""
"","0","Check received message containing Russian","Waku Filter V2: FilterPush: Multiple Nodes: Strict Checking: true","Fri Jan 17 10:47:57 GMT 2025","passed","Fri Jan 17 10:47:57 GMT 2025","","","",""
"","1","Check message with no content topic is not received","Waku Filter V2: FilterPush","Fri Jan 17 10:33:54 GMT 2025","passed","Fri Jan 17 10:33:54 GMT 2025","","","",""
"","0","Check message on other pubsub topic is not received","Waku Filter V2: FilterPush: Multiple Nodes: Strict Checking: true","Fri Jan 17 10:47:57 GMT 2025","passed","Fri Jan 17 10:47:57 GMT 2025","","","",""
"","0","Subscribe to topic containing Script and receive message","Waku Filter V2: Subscribe: Multiple Service Nodes: Strict Check mode: true","Fri Jan 17 10:51:29 GMT 2025","passed","Fri Jan 17 10:51:29 GMT 2025","","","",""
"","1","Check message with non string payload is not received","Waku Filter V2: FilterPush: Multiple Nodes: Strict Checking: true","Fri Jan 17 10:47:57 GMT 2025","passed","Fri Jan 17 10:47:57 GMT 2025","","","",""
"","1","Subscribe and receive messages from 2 nwaku nodes each with different pubsubtopics","Waku Filter V2 (Autosharding): Multiple PubsubTopics","Fri Jan 17 10:33:15 GMT 2025","passed","Fri Jan 17 10:33:15 GMT 2025","","","",""
"","1","Ordered callback, aborts when callback returns true","Waku Store, general","Fri Jan 17 10:40:03 GMT 2025","passed","Fri Jan 17 10:40:03 GMT 2025","","","",""
"","1","all px service nodes subscribed to the shard topic should be dialed","Autosharding: Peer Management","Fri Jan 17 10:38:46 GMT 2025","passed","Fri Jan 17 10:38:46 GMT 2025","","Peer Exchange","",""
"","1","Fails to publish message with empty text","Waku Relay, Publish","Fri Jan 17 10:37:34 GMT 2025","passed","Fri Jan 17 10:37:34 GMT 2025","","","",""
"","0","should not be called more than DEFAULT_MAX_BOOTSTRAP_PEERS_ALLOWED times for bootstrap peers","Dials","Fri Jan 17 10:32:50 GMT 2025","passed","Fri Jan 17 10:32:50 GMT 2025","For bootstrap peers","dialPeer method","",""
"","0","Error when try to subscribe to more than 101 topics (new limit)","Waku Filter V2: Subscribe: Multiple Service Nodes: Strict Check mode: true","Fri Jan 17 10:51:29 GMT 2025","passed","Fri Jan 17 10:51:29 GMT 2025","","","",""
"","1","Check received message containing JSON","Waku Filter V2: FilterPush","Fri Jan 17 10:33:54 GMT 2025","passed","Fri Jan 17 10:33:54 GMT 2025","","","",""
"","0","Push message with content topic containing emoji","Waku Light Push: Multiple Nodes: Strict Check: true","Fri Jan 17 11:31:39 GMT 2025","broken","Fri Jan 17 11:31:39 GMT 2025","","","",""
"","0","random auto sharding 5 - Cluster ID: 10, Content Topic: /app13/9/topic428/xml","Autosharding: Running Nodes","Fri Jan 17 10:38:59 GMT 2025","broken","Fri Jan 17 10:38:59 GMT 2025","","Different clusters and topics","",""
"","0","Round trip binary encryption [ecies, signature]","Ecies Encryption","Fri Jan 17 10:32:18 GMT 2025","passed","Fri Jan 17 10:32:18 GMT 2025","","","",""
"","0","Query with Promise Callback, No message returned","Waku Store, error handling","Fri Jan 17 10:39:34 GMT 2025","passed","Fri Jan 17 10:39:34 GMT 2025","","","",""
"","0","Check message on other pubsub topic is not received","Waku Filter V2: FilterPush: Multiple Nodes: Strict Checking: false","Fri Jan 17 10:47:57 GMT 2025","passed","Fri Jan 17 10:47:57 GMT 2025","","","",""
"","1","should return different streams if requested simultaniously","StreamManager","Fri Jan 17 10:31:58 GMT 2025","passed","Fri Jan 17 10:31:58 GMT 2025","","","",""
"","1","Publish message with custom timestamp: Fri Jan 17 2025 09:37:27 GMT+0000 (Coordinated Universal Time)","Waku Relay, Publish","Fri Jan 17 10:37:34 GMT 2025","passed","Fri Jan 17 10:37:34 GMT 2025","","","",""
"","0","numPeers=1 -- returns one bootstrap peer ","getPeers","Fri Jan 17 10:33:55 GMT 2025","passed","Fri Jan 17 10:33:55 GMT 2025","maxBootstrapPeers=5","getPeers with varying maxBootstrapPeers","",""
"","0","numPeers=3 -- returns total 3 peers, with max 3 bootstrap peers","getPeers","Fri Jan 17 10:33:55 GMT 2025","passed","Fri Jan 17 10:33:55 GMT 2025","maxBootstrapPeers=3","getPeers with varying maxBootstrapPeers","",""
"","0","Subscribe to topic containing short and receive message","Waku Filter V2: Subscribe: Multiple Service Nodes: Strict Check mode: true","Fri Jan 17 10:51:29 GMT 2025","passed","Fri Jan 17 10:51:29 GMT 2025","","","",""
"","1","should be able to encode the field with only RELAY set to true","ENR waku2 codec","Fri Jan 17 10:31:50 GMT 2025","passed","Fri Jan 17 10:31:50 GMT 2025","","Encoding","",""
"","0","configure the node with multiple pubsub topics","Static Sharding: Running Nodes","Fri Jan 17 10:40:22 GMT 2025","broken","Fri Jan 17 10:40:22 GMT 2025","","Others","",""
"","0","Ordered Callback - true","Waku Store, order","Fri Jan 17 10:40:31 GMT 2025","passed","Fri Jan 17 10:40:31 GMT 2025","","","",""
"","1","retrieves all peers (3) when branch entries are composed of multiple strings","DNS Node Discovery w/ capabilities","Fri Jan 17 10:32:06 GMT 2025","passed","Fri Jan 17 10:32:06 GMT 2025","","","",""
"","1","Query with Promise Callback, Wrong PubsubTopic","Waku Store, error handling","Fri Jan 17 10:39:34 GMT 2025","passed","Fri Jan 17 10:39:34 GMT 2025","","","",""
"","0","Check message with no content topic is not received","Waku Filter V2: FilterPush: Multiple Nodes: Strict Checking: true","Fri Jan 17 10:47:57 GMT 2025","passed","Fri Jan 17 10:47:57 GMT 2025","","","",""
"","1","ENRTree (root): should error if DNS root entry signature is invalid","ENRTree","Fri Jan 17 10:32:06 GMT 2025","passed","Fri Jan 17 10:32:06 GMT 2025","","","",""
"","0","Query Generator  - true","Waku Store, order","Fri Jan 17 10:40:31 GMT 2025","passed","Fri Jan 17 10:40:31 GMT 2025","","","",""
"","1","Ephemeral field is preserved - asymmetric encryption","Waku Message Ephemeral field","Fri Jan 17 10:32:50 GMT 2025","passed","Fri Jan 17 10:32:50 GMT 2025","","","",""
"","0","groups content topics by expected pubsub topic","contentTopicsByPubsubTopic","Fri Jan 17 10:31:42 GMT 2025","passed","Fri Jan 17 10:31:42 GMT 2025","","","",""
"","0","Push message with XML payload","Waku Light Push: Multiple Nodes: Strict Check: true","Fri Jan 17 11:31:39 GMT 2025","broken","Fri Jan 17 11:31:39 GMT 2025","","","",""
"","1","Sign & Recover","Waku Encryption","Fri Jan 17 10:32:17 GMT 2025","passed","Fri Jan 17 10:32:17 GMT 2025","","","",""
"","0","handles empty contentTopics array correctly","ensureShardingConfigured","Fri Jan 17 10:31:42 GMT 2025","passed","Fri Jan 17 10:31:42 GMT 2025","","","",""
"","1","Check received message containing Script","Waku Filter V2: FilterPush","Fri Jan 17 10:33:54 GMT 2025","passed","Fri Jan 17 10:33:54 GMT 2025","","","",""
"","5","should correctly map /toychat/2/huilong/proto to shard index 3","contentTopicToShardIndex","Fri Jan 17 10:31:42 GMT 2025","passed","Fri Jan 17 10:31:42 GMT 2025","","","",""
"","1","numPeers=3 -- returns total 3 peers, with max 7 bootstrap peers","getPeers","Fri Jan 17 10:33:55 GMT 2025","passed","Fri Jan 17 10:33:55 GMT 2025","maxBootstrapPeers=7","getPeers with varying maxBootstrapPeers","",""
"","0","should not fail to stop the service if it was not started","DNS Discovery: Compliance Test","Fri Jan 17 10:32:55 GMT 2025","passed","Fri Jan 17 10:32:55 GMT 2025","","interface-peer-discovery compliance tests","",""
"","0","Overlapping topic subscription","Waku Filter V2: Subscribe: Multiple Service Nodes: Strict Check mode: true","Fri Jan 17 10:51:29 GMT 2025","passed","Fri Jan 17 10:51:29 GMT 2025","","","",""
"","0","Publish message with custom timestamp: Fri Jan 17 2025 11:37:27 GMT+0000 (Coordinated Universal Time)","Waku Relay, Publish","Fri Jan 17 10:37:34 GMT 2025","passed","Fri Jan 17 10:37:34 GMT 2025","","","",""
"","0","should correctly map /statusim/1/community/cbor to shard index 4","contentTopicToShardIndex","Fri Jan 17 10:31:42 GMT 2025","passed","Fri Jan 17 10:31:42 GMT 2025","","","",""
"","1","Push message with content topic containing unicode special characters","Waku Light Push: Multiple Nodes: Strict Check: true","Fri Jan 17 11:31:39 GMT 2025","broken","Fri Jan 17 11:31:39 GMT 2025","","","",""
"","0","Passing a valid cursor at 110 index when there are 120 messages","Waku Store, cursor","Fri Jan 17 10:39:17 GMT 2025","passed","Fri Jan 17 10:39:17 GMT 2025","","","",""
"","1","Ping on subscribed peer","Waku Filter V2: Ping: Multiple Nodes: Strict Checking: true","Fri Jan 17 10:35:16 GMT 2025","passed","Fri Jan 17 10:35:16 GMT 2025","","","",""
"","0","should not receive a peer event after stop","Peer Exchange","Fri Jan 17 10:36:12 GMT 2025","passed","Fri Jan 17 10:36:12 GMT 2025","interface-peer-discovery compliance tests","Compliance Test","",""
"","0","should correctly map /app/20/sometopic/someencoding to shard index 1 with networkShards 2","contentTopicToShardIndex","Fri Jan 17 10:31:42 GMT 2025","passed","Fri Jan 17 10:31:42 GMT 2025","","","",""
"","1","should throw error - no public key","ENR","Fri Jan 17 10:31:51 GMT 2025","passed","Fri Jan 17 10:31:51 GMT 2025","","Verify","",""
"","0","Subscribe and receive ecies encrypted messages via lightPush","Waku Filter V2: Subscribe: Multiple Service Nodes: Strict Check mode: false","Fri Jan 17 10:51:29 GMT 2025","passed","Fri Jan 17 10:51:29 GMT 2025","","","",""
"","0","start node with empty content topic","Autosharding: Running Nodes","Fri Jan 17 10:38:59 GMT 2025","passed","Fri Jan 17 10:38:59 GMT 2025","","Others","",""
"","0","Query with Promise Callback, Multiple PubsubTopics","Waku Store, error handling","Fri Jan 17 10:39:34 GMT 2025","passed","Fri Jan 17 10:39:34 GMT 2025","","","",""
"","1","Push message with content topic containing Script","Waku Light Push: Multiple Nodes: Strict Check: true","Fri Jan 17 11:31:39 GMT 2025","broken","Fri Jan 17 11:31:39 GMT 2025","","","",""
"","1","Subscribe to topic containing numeric and receive message","Waku Filter V2: Subscribe: Multiple Service Nodes: Strict Check mode: true","Fri Jan 17 10:51:29 GMT 2025","passed","Fri Jan 17 10:51:29 GMT 2025","","","",""
"","0","should not receive a peer event before start","Peer Exchange","Fri Jan 17 10:36:12 GMT 2025","passed","Fri Jan 17 10:36:12 GMT 2025","interface-peer-discovery compliance tests","Compliance Test","",""
"","1","LightPush: 0 peers, Filter: 3 peers","Node Health Status Matrix Tests","Fri Jan 17 10:33:55 GMT 2025","skipped","Fri Jan 17 10:33:55 GMT 2025","","","",""
"","1","Unsubscribe 2 topics - node subscribed to 2 topics","Waku Filter V2: Unsubscribe","Fri Jan 17 10:33:42 GMT 2025","passed","Fri Jan 17 10:33:42 GMT 2025","","","",""
"","0","Passing page size 3 when there are 20 messages","Waku Store, page size","Fri Jan 17 10:40:47 GMT 2025","passed","Fri Jan 17 10:40:47 GMT 2025","","","",""
"","0","should correctly map a content topic to a pubsub topic","contentTopicToPubsubTopic","Fri Jan 17 10:31:42 GMT 2025","passed","Fri Jan 17 10:31:42 GMT 2025","","","",""
"","1","Push message with content topic containing SQL Injection","Waku Light Push: Multiple Nodes: Strict Check: true","Fri Jan 17 11:31:39 GMT 2025","broken","Fri Jan 17 11:31:39 GMT 2025","","","",""
"","0","Subscribe to topic containing short and receive message","Waku Filter V2: Subscribe: Single Service Node","Fri Jan 17 10:34:15 GMT 2025","passed","Fri Jan 17 10:34:15 GMT 2025","","","",""
"","0","px service nodes not subscribed to the shard should not be dialed","Static Sharding: Peer Management","Fri Jan 17 10:38:46 GMT 2025","passed","Fri Jan 17 10:38:46 GMT 2025","","Peer Exchange","",""
"","0","Subscribe to topic containing unicode special characters and receive message","Waku Filter V2: Subscribe: Multiple Service Nodes: Strict Check mode: false","Fri Jan 17 10:51:29 GMT 2025","passed","Fri Jan 17 10:51:29 GMT 2025","","","",""
"","0","peerDiscovery without wakuPeerExchangeDiscovery","Peer Exchange","Fri Jan 17 10:37:09 GMT 2025","passed","Fri Jan 17 10:37:09 GMT 2025","","","",""
"","0","LightPush with 1 connections","Health Manager","Fri Jan 17 10:33:55 GMT 2025","skipped","Fri Jan 17 10:33:55 GMT 2025","","Should update the health status for protocols","",""
"","0","Throws when trying to push message with empty payload","Waku Light Push: Multiple Nodes: Strict Check: true","Fri Jan 17 11:31:39 GMT 2025","passed","Fri Jan 17 11:31:39 GMT 2025","","","",""
"","0","should throw if no connection provided","StreamManager","Fri Jan 17 10:31:58 GMT 2025","passed","Fri Jan 17 10:31:58 GMT 2025","","","",""
"","0","Check received message with timestamp: 1737109963358 ","Waku Filter V2: FilterPush: Multiple Nodes: Strict Checking: false","Fri Jan 17 10:47:57 GMT 2025","passed","Fri Jan 17 10:47:57 GMT 2025","","","",""
"","2","should emit `peer:discovery:bootstrap` event when a peer is discovered","Events","Fri Jan 17 10:32:43 GMT 2025","passed","Fri Jan 17 10:32:43 GMT 2025","","peer:discovery","",""
"","0","non connected peers","Peer Exchange Query","Fri Jan 17 10:37:09 GMT 2025","skipped","Fri Jan 17 10:37:09 GMT 2025","","","",""
"","1","msgTime: 19000 ms from now, startTime: 18990, endTime: 19010","Waku Store, time filter","Fri Jan 17 10:41:09 GMT 2025","passed","Fri Jan 17 10:41:09 GMT 2025","","","",""
"","0","removeEventListener with wrong event","Public methods","Fri Jan 17 10:33:23 GMT 2025","passed","Fri Jan 17 10:33:23 GMT 2025","","","",""
"","1","should emit `peer:connected:bootstrap` event when a peer is connected","Events","Fri Jan 17 10:32:43 GMT 2025","passed","Fri Jan 17 10:32:43 GMT 2025","","peer:connect","",""
"","1","Sets default value correctly","User Agent","Fri Jan 17 10:41:39 GMT 2025","passed","Fri Jan 17 10:41:39 GMT 2025","","","",""
"","0","should return only bootstrap peers up to maxBootstrapPeers","filterPeersByDiscovery function","Fri Jan 17 10:31:58 GMT 2025","passed","Fri Jan 17 10:31:58 GMT 2025","","","",""
"","1","should properly create location multiaddrs - udp","ENR","Fri Jan 17 10:31:51 GMT 2025","passed","Fri Jan 17 10:31:51 GMT 2025","","Location multiaddr","",""
"","0","should retrieve 3 multiaddrs for test.waku.nodes.status.im","DNS Node Discovery [live data]","Fri Jan 17 10:32:55 GMT 2025","skipped","Fri Jan 17 10:32:55 GMT 2025","","","",""
"","0","should not add existing peers","PeerManager","Fri Jan 17 10:32:23 GMT 2025","passed","Fri Jan 17 10:32:23 GMT 2025","","findAndAddPeers","",""
"","1","Decrypt messages","Waku Relay","Fri Jan 17 10:37:10 GMT 2025","passed","Fri Jan 17 10:37:10 GMT 2025","","","",""
"","0","throws on content topic with empty topic name field","ensureValidContentTopic","Fri Jan 17 10:31:42 GMT 2025","passed","Fri Jan 17 10:31:42 GMT 2025","","","",""
"","0","numPeers=1 -- returns one bootstrap peer ","getPeers","Fri Jan 17 10:33:55 GMT 2025","passed","Fri Jan 17 10:33:55 GMT 2025","maxBootstrapPeers=4","getPeers with varying maxBootstrapPeers","",""
"","0","random auto sharding 8 - Cluster ID: 10, Content Topic: /app64/8/topic760/proto","Autosharding: Running Nodes","Fri Jan 17 10:38:59 GMT 2025","broken","Fri Jan 17 10:38:59 GMT 2025","","Different clusters and topics","",""
"","1","should select older connection if present","selectOpenConnection","Fri Jan 17 10:31:58 GMT 2025","passed","Fri Jan 17 10:31:58 GMT 2025","","","",""
"","1","Subscribe to topic containing SQL Injection and receive message","Waku Filter V2: Subscribe: Multiple Service Nodes: Strict Check mode: true","Fri Jan 17 10:51:29 GMT 2025","passed","Fri Jan 17 10:51:29 GMT 2025","","","",""
"","0","should correctly encode and decode relay shards using rs format (Index List)","Relay Shard codec","Fri Jan 17 10:31:42 GMT 2025","passed","Fri Jan 17 10:31:42 GMT 2025","","","",""
"","1","throws on content topic with empty version field","ensureValidContentTopic","Fri Jan 17 10:31:42 GMT 2025","passed","Fri Jan 17 10:31:42 GMT 2025","","","",""
"","1","random static sharding 7 - Cluster ID: 475, Shard ID: 166","Static Sharding: Running Nodes","Fri Jan 17 10:40:22 GMT 2025","broken","Fri Jan 17 10:40:22 GMT 2025","","Different clusters and shards","",""
"","0","Subscribe to topic containing Chinese and receive message","Waku Filter V2: Subscribe: Multiple Service Nodes: Strict Check mode: false","Fri Jan 17 10:51:29 GMT 2025","passed","Fri Jan 17 10:51:29 GMT 2025","","","",""
"","0","should throw an error for non-numeric shard: /waku/2/rs/1/x","pubsubTopicToSingleShardInfo with various invalid formats","Fri Jan 17 10:31:42 GMT 2025","passed","Fri Jan 17 10:31:42 GMT 2025","","","",""
"","0","should correctly map /app/29/sometopic/someencoding to shard index 6","contentTopicToShardIndex","Fri Jan 17 10:31:42 GMT 2025","passed","Fri Jan 17 10:31:42 GMT 2025","","","",""
"","0","should return false when no peers exist","PeerManager","Fri Jan 17 10:32:23 GMT 2025","passed","Fri Jan 17 10:32:23 GMT 2025","","hasPeers","",""
"","0","Subscribe to topic containing emoji and publish message","Waku Relay, Subscribe","Fri Jan 17 10:37:43 GMT 2025","passed","Fri Jan 17 10:37:43 GMT 2025","","","",""
"","1","should set field with all protocols disabled","ENR","Fri Jan 17 10:31:51 GMT 2025","passed","Fri Jan 17 10:31:51 GMT 2025","","waku2 key round trip","",""
"","0","LightPush: 3 peers, Filter: 1 peers","Node Health Status Matrix Tests","Fri Jan 17 10:33:55 GMT 2025","skipped","Fri Jan 17 10:33:55 GMT 2025","","","",""
"","0","random auto sharding 2 - Cluster ID: 10, Content Topic: /app8/4/topic41/json","Autosharding: Running Nodes","Fri Jan 17 10:38:59 GMT 2025","broken","Fri Jan 17 10:38:59 GMT 2025","","Different clusters and topics","",""
"","1","random auto sharding 4 - Cluster ID: 10, Content Topic: /app42/5/topic4/xml","Autosharding: Running Nodes","Fri Jan 17 10:38:59 GMT 2025","broken","Fri Jan 17 10:38:59 GMT 2025","","Different clusters and topics","",""
"","1","should only return 1 node with store capability","DNS Node Discovery w/ capabilities","Fri Jan 17 10:32:06 GMT 2025","passed","Fri Jan 17 10:32:06 GMT 2025","","","",""
"","1","Publish message with custom timestamp: Sun Dec 17 1995 03:24:00 GMT+0000 (Coordinated Universal Time)","Waku Relay, Publish","Fri Jan 17 10:37:34 GMT 2025","passed","Fri Jan 17 10:37:34 GMT 2025","","","",""
"","0","Check received message containing unicode special characters","Waku Filter V2: FilterPush: Multiple Nodes: Strict Checking: true","Fri Jan 17 10:47:57 GMT 2025","passed","Fri Jan 17 10:47:57 GMT 2025","","","",""
"","0","Unsubscribe 2 topics - node subscribed to 2 topics","Waku Filter V2: Unsubscribe: Multiple Nodes: Strict Checking: false","Fri Jan 17 10:37:34 GMT 2025","passed","Fri Jan 17 10:37:34 GMT 2025","","","",""
"","0","Subscribe and receive messages on 2 different content topics","Waku Filter V2: Subscribe: Multiple Service Nodes: Strict Check mode: false","Fri Jan 17 10:51:29 GMT 2025","passed","Fri Jan 17 10:51:29 GMT 2025","","","",""
"","4","returns all values when wanted number matches available values","Discovery","Fri Jan 17 10:32:05 GMT 2025","passed","Fri Jan 17 10:32:05 GMT 2025","","","",""
"","0","Fails to publish duplicate message","Waku Relay, Publish","Fri Jan 17 10:37:34 GMT 2025","passed","Fri Jan 17 10:37:34 GMT 2025","","","",""
"","1","Decoder throws on undefined content topic","Ensures content topic is defined","Fri Jan 17 10:32:18 GMT 2025","passed","Fri Jan 17 10:32:18 GMT 2025","","","",""
"","1","random static sharding 2 - Cluster ID: 944, Shard ID: 940","Static Sharding: Running Nodes","Fri Jan 17 10:40:22 GMT 2025","broken","Fri Jan 17 10:40:22 GMT 2025","","Different clusters and shards","",""
"","1","Reopen subscription with peer with lost subscription","Waku Filter V2: Ping","Fri Jan 17 10:33:12 GMT 2025","passed","Fri Jan 17 10:33:12 GMT 2025","","","",""
"","2","Push to array if already present","pushOrInitMapSet","Fri Jan 17 10:31:42 GMT 2025","passed","Fri Jan 17 10:31:42 GMT 2025","","","",""
"","0","Check received message containing Arabic","Waku Filter V2: FilterPush: Multiple Nodes: Strict Checking: true","Fri Jan 17 10:47:57 GMT 2025","passed","Fri Jan 17 10:47:57 GMT 2025","","","",""
"","0","should reject on timeout if it was set","waitForRemotePeer","Fri Jan 17 10:32:23 GMT 2025","passed","Fri Jan 17 10:32:23 GMT 2025","","","",""
"","0","Relay","ENR Interop: ServiceNode","Fri Jan 17 10:32:50 GMT 2025","passed","Fri Jan 17 10:32:50 GMT 2025","","","",""
"","1","Fails to push message with empty content topic","Waku Light Push: Multiple Nodes: Strict Check: true","Fri Jan 17 11:31:39 GMT 2025","passed","Fri Jan 17 11:31:39 GMT 2025","","","",""
"","1","peer:update - should do nothing if another protocol hit","StreamManager","Fri Jan 17 10:31:58 GMT 2025","passed","Fri Jan 17 10:31:58 GMT 2025","","","",""
"","0","Subscribe to topic containing long and publish message","Waku Relay, Subscribe","Fri Jan 17 10:37:43 GMT 2025","passed","Fri Jan 17 10:37:43 GMT 2025","","","",""
"","0","Check message with no payload is not received","Waku Filter V2: FilterPush","Fri Jan 17 10:33:54 GMT 2025","passed","Fri Jan 17 10:33:54 GMT 2025","","","",""
"","1","ENRTree (tree): should error if DNS tree entry is misformatted","ENRTree","Fri Jan 17 10:32:06 GMT 2025","passed","Fri Jan 17 10:32:06 GMT 2025","","","",""
"","0","throws on content topic with empty application field","ensureValidContentTopic","Fri Jan 17 10:31:42 GMT 2025","passed","Fri Jan 17 10:31:42 GMT 2025","","","",""
"","1","Subscribe and receive messages on custom pubsubtopic","Waku Filter V2 (Named sharding): Multiple PubsubTopics","Fri Jan 17 10:33:15 GMT 2025","passed","Fri Jan 17 10:33:15 GMT 2025","","","",""
"","0","Query generator for 2000 messages","Waku Store, general","Fri Jan 17 10:40:03 GMT 2025","passed","Fri Jan 17 10:40:03 GMT 2025","","","",""
"","1","addEventListener with wrong event","Public methods","Fri Jan 17 10:33:23 GMT 2025","passed","Fri Jan 17 10:33:23 GMT 2025","","","",""
"","0","should be able to decode the field with RELAY and FILTER protocols set to true","ENR waku2 codec","Fri Jan 17 10:31:50 GMT 2025","passed","Fri Jan 17 10:31:50 GMT 2025","","Decoding","",""
"","0","numPeers=2 -- returns total 2 peers, with max 4 bootstrap peers","getPeers","Fri Jan 17 10:33:55 GMT 2025","passed","Fri Jan 17 10:33:55 GMT 2025","maxBootstrapPeers=4","getPeers with varying maxBootstrapPeers","",""
"","1","Unsubscribe 1 topic - node subscribed to 2 topics","Waku Filter V2: Unsubscribe: Multiple Nodes: Strict Checking: true","Fri Jan 17 10:37:34 GMT 2025","passed","Fri Jan 17 10:37:34 GMT 2025","","","",""
"","5","should be able to decode the field with only LIGHTPUSH set to true","ENR waku2 codec","Fri Jan 17 10:31:50 GMT 2025","passed","Fri Jan 17 10:31:50 GMT 2025","","Decoding","",""
"","0","A test","This","Fri Jan 17 10:35:16 GMT 2025","passed","Fri Jan 17 10:35:16 GMT 2025","","Is also","",""
"","0","Subscribe to topic containing JSON and publish message","Waku Relay, Subscribe","Fri Jan 17 10:37:43 GMT 2025","passed","Fri Jan 17 10:37:43 GMT 2025","","","",""
"","0","throws on content topic with empty encoding field","ensureValidContentTopic","Fri Jan 17 10:31:42 GMT 2025","passed","Fri Jan 17 10:31:42 GMT 2025","","","",""
"","0","Subscribe and receive symmetrically encrypted messages via lightPush","Waku Filter V2: Subscribe: Single Service Node","Fri Jan 17 10:34:15 GMT 2025","passed","Fri Jan 17 10:34:15 GMT 2025","","","",""
"","1","should be able to decode the field with only FILTER set to true","ENR waku2 codec","Fri Jan 17 10:31:50 GMT 2025","passed","Fri Jan 17 10:31:50 GMT 2025","","Decoding","",""
"","0","Check received message with timestamp: 1737109963154000000 ","Waku Filter V2: FilterPush","Fri Jan 17 10:33:54 GMT 2025","passed","Fri Jan 17 10:33:54 GMT 2025","","","",""
"","1","Check received message containing Arabic","Waku Filter V2: FilterPush","Fri Jan 17 10:33:54 GMT 2025","passed","Fri Jan 17 10:33:54 GMT 2025","","","",""
"","0","Unsubscribe 2 topics - node subscribed to 2 topics","Waku Filter V2: Unsubscribe: Multiple Nodes: Strict Checking: true","Fri Jan 17 10:37:34 GMT 2025","passed","Fri Jan 17 10:37:34 GMT 2025","","","",""
"","0","Filter with 3 connections","Health Manager","Fri Jan 17 10:33:55 GMT 2025","skipped","Fri Jan 17 10:33:55 GMT 2025","","Should update the health status for protocols","",""
"","0","Delete observer","Waku Relay","Fri Jan 17 10:37:10 GMT 2025","passed","Fri Jan 17 10:37:10 GMT 2025","","","",""
"","0","numPeers=4 -- returns total 4 peers, with max 6 bootstrap peers","getPeers","Fri Jan 17 10:33:55 GMT 2025","passed","Fri Jan 17 10:33:55 GMT 2025","maxBootstrapPeers=6","getPeers with varying maxBootstrapPeers","",""
"","0","nwaku subscribes","Waku Relay, Interop","Fri Jan 17 10:37:24 GMT 2025","passed","Fri Jan 17 10:37:24 GMT 2025","","","",""
"","1","Check publish message containing emoji","Waku Relay, Publish","Fri Jan 17 10:37:34 GMT 2025","passed","Fri Jan 17 10:37:34 GMT 2025","","","",""
"","0","Subscribe to topic containing numeric and receive message","Waku Filter V2: Subscribe: Single Service Node","Fri Jan 17 10:34:15 GMT 2025","passed","Fri Jan 17 10:34:15 GMT 2025","","","",""
"","1","Unsubscribes all - node subscribed to 10 topics","Waku Filter V2: Unsubscribe","Fri Jan 17 10:33:42 GMT 2025","passed","Fri Jan 17 10:33:42 GMT 2025","","","",""
"","1","should reject if Store is requested but not mounted","waitForRemotePeer","Fri Jan 17 10:32:23 GMT 2025","passed","Fri Jan 17 10:32:23 GMT 2025","","","",""
"","0","3 nodes on /waku/2/rs/3/2 topic","Waku Relay, multiple pubsub topics","Fri Jan 17 10:37:27 GMT 2025","passed","Fri Jan 17 10:37:27 GMT 2025","","","",""
"","0","Check message with invalid timestamp is not received","Waku Filter V2: FilterPush","Fri Jan 17 10:33:54 GMT 2025","passed","Fri Jan 17 10:33:54 GMT 2025","","","",""
"","0","numPeers=0 -- returns all peers including all non-bootstrap with maxBootstrapPeers: 7","getPeers","Fri Jan 17 10:33:55 GMT 2025","passed","Fri Jan 17 10:33:55 GMT 2025","maxBootstrapPeers=7","getPeers with varying maxBootstrapPeers","",""
"","1","should add and remove event listeners correctly","Local Storage Discovery","Fri Jan 17 10:32:10 GMT 2025","passed","Fri Jan 17 10:32:10 GMT 2025","","Unit Tests","",""
"","2","returns only open connection if one present","selectOpenConnection","Fri Jan 17 10:31:58 GMT 2025","passed","Fri Jan 17 10:31:58 GMT 2025","","","",""
"","0","should emit `waku:offline` event only when all peers disconnect","Connection state","Fri Jan 17 10:33:06 GMT 2025","passed","Fri Jan 17 10:33:06 GMT 2025","","","",""
"","2","Ping on peer without subscriptions","Waku Filter V2: Ping","Fri Jan 17 10:33:12 GMT 2025","passed","Fri Jan 17 10:33:12 GMT 2025","","","",""
"","1","Push message with SQL Injection payload","Waku Light Push: Multiple Nodes: Strict Check: true","Fri Jan 17 11:31:39 GMT 2025","broken","Fri Jan 17 11:31:39 GMT 2025","","","",""
"","0","should set field with only LIGHTPUSH enabled","ENR","Fri Jan 17 10:31:51 GMT 2025","passed","Fri Jan 17 10:31:51 GMT 2025","","waku2 key round trip","",""
"","0","Subscribe to topic containing shell command and receive message","Waku Filter V2: Subscribe: Multiple Service Nodes: Strict Check mode: true","Fri Jan 17 10:51:29 GMT 2025","passed","Fri Jan 17 10:51:29 GMT 2025","","","",""
"","0","Subscribe and publish messages on 2 different content topics","Waku Relay, Subscribe","Fri Jan 17 10:37:43 GMT 2025","passed","Fri Jan 17 10:37:43 GMT 2025","","","",""
"","1","ignores unrecognized TXT record formats","DNS Node Discovery","Fri Jan 17 10:32:06 GMT 2025","passed","Fri Jan 17 10:32:06 GMT 2025","","","",""
"","0","Add multiple subscription objects on single nwaku node","Waku Filter V2: Subscribe: Multiple Service Nodes: Strict Check mode: true","Fri Jan 17 10:51:29 GMT 2025","passed","Fri Jan 17 10:51:29 GMT 2025","","","",""
"","0","should properly create location multiaddrs - tcp","ENR","Fri Jan 17 10:31:51 GMT 2025","passed","Fri Jan 17 10:31:51 GMT 2025","","Location multiaddr","",""
"","0","Check received message containing numeric","Waku Filter V2: FilterPush: Multiple Nodes: Strict Checking: false","Fri Jan 17 10:47:57 GMT 2025","passed","Fri Jan 17 10:47:57 GMT 2025","","","",""
"","1","should fail to send if no connected peers found","LightPush SDK","Fri Jan 17 10:32:23 GMT 2025","passed","Fri Jan 17 10:32:23 GMT 2025","","","",""
"","0","Default pageSize","Waku Store, page size","Fri Jan 17 10:40:47 GMT 2025","passed","Fri Jan 17 10:40:47 GMT 2025","","","",""
"","0","Check publish message containing numeric","Waku Relay, Publish","Fri Jan 17 10:37:34 GMT 2025","passed","Fri Jan 17 10:37:34 GMT 2025","","","",""
"","0","should return the correct number of peers based on numPeers and maxBootstrapPeers","getPeers","Fri Jan 17 10:33:55 GMT 2025","passed","Fri Jan 17 10:33:55 GMT 2025","","getPeers property-based tests","",""
"","0","Push message with content topic containing short","Waku Light Push: Multiple Nodes: Strict Check: true","Fri Jan 17 11:31:39 GMT 2025","broken","Fri Jan 17 11:31:39 GMT 2025","","","",""
"","0","Decoder throws on empty string content topic","Ensures content topic is defined","Fri Jan 17 10:32:16 GMT 2025","passed","Fri Jan 17 10:32:16 GMT 2025","","","",""
"","1","peer:update - should schedule stream creation IF protocol hit AND no stream found on connection","StreamManager","Fri Jan 17 10:31:58 GMT 2025","passed","Fri Jan 17 10:31:58 GMT 2025","","","",""
"","0","Subscribe to 100 topics (new limit) at once and receives messages","Waku Filter V2: Subscribe: Single Service Node","Fri Jan 17 10:34:15 GMT 2025","passed","Fri Jan 17 10:34:15 GMT 2025","","","",""
"","0","should be able to decode the field with ALL protocols set to true","ENR waku2 codec","Fri Jan 17 10:31:50 GMT 2025","passed","Fri Jan 17 10:31:50 GMT 2025","","Decoding","",""
"","1","numPeers=0 -- returns all peers including all non-bootstrap with maxBootstrapPeers: 5","getPeers","Fri Jan 17 10:33:55 GMT 2025","passed","Fri Jan 17 10:33:55 GMT 2025","maxBootstrapPeers=5","getPeers with varying maxBootstrapPeers","",""
"","0","LightPush: 1 peers, Filter: 1 peers","Node Health Status Matrix Tests","Fri Jan 17 10:33:55 GMT 2025","skipped","Fri Jan 17 10:33:55 GMT 2025","","","",""
"","0","should throw an error for missing required configuration","shardInfoToPubsubTopics","Fri Jan 17 10:31:42 GMT 2025","passed","Fri Jan 17 10:31:42 GMT 2025","","","",""
"","1","Passing a valid cursor at 19 index when there are 50 messages","Waku Store, cursor","Fri Jan 17 10:39:17 GMT 2025","passed","Fri Jan 17 10:39:17 GMT 2025","","","",""
"","0","Generator, with asymmetric & symmetric encrypted messages","Waku Store, general","Fri Jan 17 10:40:03 GMT 2025","passed","Fri Jan 17 10:40:03 GMT 2025","","","",""
"","1","LightPush: 2 peers, Filter: 1 peers","Node Health Status Matrix Tests","Fri Jan 17 10:33:55 GMT 2025","skipped","Fri Jan 17 10:33:55 GMT 2025","","","",""
"","0","Subscribe to topic containing emoji and receive message","Waku Filter V2: Subscribe: Multiple Service Nodes: Strict Check mode: false","Fri Jan 17 10:51:29 GMT 2025","passed","Fri Jan 17 10:51:29 GMT 2025","","","",""
"","0","Waku message hash computation (meta size of 64 bytes)","RFC Test Vectors","Fri Jan 17 10:31:45 GMT 2025","passed","Fri Jan 17 10:31:45 GMT 2025","","","",""
"","0","Push message with meta","Waku Light Push: Multiple Nodes: Strict Check: true","Fri Jan 17 11:31:39 GMT 2025","broken","Fri Jan 17 11:31:39 GMT 2025","","","",""
"","0","should be able to decode the field with only STORE set to true","ENR waku2 codec","Fri Jan 17 10:31:50 GMT 2025","passed","Fri Jan 17 10:31:50 GMT 2025","","Decoding","",""
"","0","3 nodes on /waku/2/rs/3/1 topic","Waku Relay, multiple pubsub topics","Fri Jan 17 10:37:27 GMT 2025","passed","Fri Jan 17 10:37:27 GMT 2025","","","",""
"","1","should be able to decode the field with ALL protocols set to false","ENR waku2 codec","Fri Jan 17 10:31:50 GMT 2025","passed","Fri Jan 17 10:31:50 GMT 2025","","Decoding","",""
"","0","msgTime: -19000 ms from now, startTime: -19010, endTime: -18990","Waku Store, time filter","Fri Jan 17 10:41:09 GMT 2025","passed","Fri Jan 17 10:41:09 GMT 2025","","","",""
"","1","Subscribe to topic containing SQL Injection and receive message","Waku Filter V2: Subscribe: Multiple Service Nodes: Strict Check mode: false","Fri Jan 17 10:51:29 GMT 2025","passed","Fri Jan 17 10:51:29 GMT 2025","","","",""
"","0","should correctly encode and decode relay shards using rsv format (Bit Vector)","Relay Shard codec","Fri Jan 17 10:31:42 GMT 2025","passed","Fri Jan 17 10:31:42 GMT 2025","","","",""
"","0","throws an error for improperly formatted content topics","contentTopicsByPubsubTopic","Fri Jan 17 10:31:42 GMT 2025","passed","Fri Jan 17 10:31:42 GMT 2025","","","",""
"","0","Passing a valid cursor at 2 index when there are 4 messages","Waku Store, cursor","Fri Jan 17 10:39:17 GMT 2025","passed","Fri Jan 17 10:39:17 GMT 2025","","","",""
"","1","Number of peers are maintained correctly","Waku Filter: Peer Management: E2E","Fri Jan 17 10:33:40 GMT 2025","broken","Fri Jan 17 10:33:40 GMT 2025","","","",""
"","1","retrieves a single peer","DNS Node Discovery","Fri Jan 17 10:32:06 GMT 2025","passed","Fri Jan 17 10:32:06 GMT 2025","","","",""
"","0","should return a calculated topic if SingleShardInfo is provided","determinePubsubTopic","Fri Jan 17 10:31:42 GMT 2025","passed","Fri Jan 17 10:31:42 GMT 2025","","","",""
"","0","Subscribe and receive messages via lightPush","Waku Filter V2: Subscribe: Single Service Node","Fri Jan 17 10:34:15 GMT 2025","passed","Fri Jan 17 10:34:15 GMT 2025","","","",""
"","2","Fails to publish message with wrong content topic","Waku Relay, Publish","Fri Jan 17 10:37:34 GMT 2025","passed","Fri Jan 17 10:37:34 GMT 2025","","","",""
"","1","Subscribe to topic containing shell command and receive message","Waku Filter V2: Subscribe: Multiple Service Nodes: Strict Check mode: false","Fri Jan 17 10:51:29 GMT 2025","passed","Fri Jan 17 10:51:29 GMT 2025","","","",""
"","0","Subscribe and receive messages on 2 different pubsubtopics","Waku Filter V2 (Autosharding): Multiple PubsubTopics","Fri Jan 17 10:33:15 GMT 2025","passed","Fri Jan 17 10:33:15 GMT 2025","","","",""
"","0","numPeers=4 -- returns total 4 peers, with max 3 bootstrap peers","getPeers","Fri Jan 17 10:33:55 GMT 2025","passed","Fri Jan 17 10:33:55 GMT 2025","maxBootstrapPeers=3","getPeers with varying maxBootstrapPeers","",""
"","1","should emit events and trasition isConnected state when has peers or no peers","Events","Fri Jan 17 10:32:43 GMT 2025","passed","Fri Jan 17 10:32:43 GMT 2025","","waku:connection","",""
"","1","should return usable stream attached to connection","StreamManager","Fri Jan 17 10:31:58 GMT 2025","passed","Fri Jan 17 10:31:58 GMT 2025","","","",""
"","0","numPeers=2 -- returns total 2 peers, with max 7 bootstrap peers","getPeers","Fri Jan 17 10:33:55 GMT 2025","passed","Fri Jan 17 10:33:55 GMT 2025","maxBootstrapPeers=7","getPeers with varying maxBootstrapPeers","",""
"","0","Encoder throws on empty string content topic","Ensures content topic is defined","Fri Jan 17 10:32:18 GMT 2025","passed","Fri Jan 17 10:32:18 GMT 2025","","","",""
"","0","Check received message with timestamp: 1949153314000 ","Waku Filter V2: FilterPush: Multiple Nodes: Strict Checking: false","Fri Jan 17 10:47:57 GMT 2025","passed","Fri Jan 17 10:47:57 GMT 2025","","","",""
"","0","Round trip binary encryption [symmetric, signature]","Symmetric Encryption","Fri Jan 17 10:32:16 GMT 2025","passed","Fri Jan 17 10:32:16 GMT 2025","","","",""
"","0","Unsubscribes all - node subscribed to 10 topics","Waku Filter V2: Unsubscribe: Multiple Nodes: Strict Checking: true","Fri Jan 17 10:37:34 GMT 2025","passed","Fri Jan 17 10:37:34 GMT 2025","","","",""
"","0","Check received message containing long","Waku Filter V2: FilterPush: Multiple Nodes: Strict Checking: true","Fri Jan 17 10:47:57 GMT 2025","passed","Fri Jan 17 10:47:57 GMT 2025","","","",""
"","0","should throw error - no id","ENR","Fri Jan 17 10:31:51 GMT 2025","passed","Fri Jan 17 10:31:51 GMT 2025","","Txt codec","",""
"","0","Rejects garbage","Message Validator","Fri Jan 17 10:32:27 GMT 2025","passed","Fri Jan 17 10:32:27 GMT 2025","","","",""
"","0","unsubscribes","Util: toAsyncIterator: Filter","Fri Jan 17 10:41:14 GMT 2025","passed","Fri Jan 17 10:41:14 GMT 2025","","","",""
"","0","Check received message containing short","Waku Filter V2: FilterPush: Multiple Nodes: Strict Checking: true","Fri Jan 17 10:47:57 GMT 2025","passed","Fri Jan 17 10:47:57 GMT 2025","","","",""
"","0","should throw an error if shards are undefined for static sharding","shardInfoToPubsubTopics","Fri Jan 17 10:31:42 GMT 2025","passed","Fri Jan 17 10:31:42 GMT 2025","","","",""
"","0","Check received message containing Script","Waku Filter V2: FilterPush: Multiple Nodes: Strict Checking: false","Fri Jan 17 10:47:57 GMT 2025","passed","Fri Jan 17 10:47:57 GMT 2025","","","",""
"","0","Should fail to subscribe with decoder with wrong pubsubTopic","Waku Filter V2 (Named sharding): Multiple PubsubTopics","Fri Jan 17 10:33:15 GMT 2025","passed","Fri Jan 17 10:33:15 GMT 2025","","","",""
"","1","ENRTree (branch): should parse and verify a single component DNS branch entry","ENRTree","Fri Jan 17 10:32:06 GMT 2025","passed","Fri Jan 17 10:32:06 GMT 2025","","","",""
"","0","should throw an error for non-numeric shard: /waku/2/rs/1/$","pubsubTopicToSingleShardInfo with various invalid formats","Fri Jan 17 10:31:42 GMT 2025","passed","Fri Jan 17 10:31:42 GMT 2025","","","",""
"","0","Check received message containing Basic HTML tag","Waku Filter V2: FilterPush: Multiple Nodes: Strict Checking: false","Fri Jan 17 10:47:57 GMT 2025","passed","Fri Jan 17 10:47:57 GMT 2025","","","",""
"","1","should return no connections if no open connection provided","selectOpenConnection","Fri Jan 17 10:31:58 GMT 2025","passed","Fri Jan 17 10:31:58 GMT 2025","","","",""
"","0","Encoder throws on undefined content topic","Ensures content topic is defined","Fri Jan 17 10:31:59 GMT 2025","passed","Fri Jan 17 10:31:59 GMT 2025","","","",""
"","0","Subscribe and receive messages on 2 different pubsubtopics","Waku Filter V2 (Named sharding): Multiple PubsubTopics","Fri Jan 17 10:33:15 GMT 2025","passed","Fri Jan 17 10:33:15 GMT 2025","","","",""
"","0","Push message on custom pubsubTopic","Waku Light Push (Autosharding): Multiple PubsubTopics","Fri Jan 17 10:44:16 GMT 2025","broken","Fri Jan 17 10:44:16 GMT 2025","","","",""
"","1","Filter","Wait for remote peer","Fri Jan 17 10:41:31 GMT 2025","passed","Fri Jan 17 10:41:31 GMT 2025","","","",""
"","1","numPeers=1 -- returns one bootstrap peer ","getPeers","Fri Jan 17 10:33:55 GMT 2025","passed","Fri Jan 17 10:33:55 GMT 2025","maxBootstrapPeers=2","getPeers with varying maxBootstrapPeers","",""
"","0","Subscribe to 100 topics (new limit) at once and receives messages","Waku Filter V2: Subscribe: Multiple Service Nodes: Strict Check mode: true","Fri Jan 17 10:51:29 GMT 2025","passed","Fri Jan 17 10:51:29 GMT 2025","","","",""
"","1","Ephemeral field is preserved - encoder v0","Waku Message Ephemeral field","Fri Jan 17 10:32:50 GMT 2025","passed","Fri Jan 17 10:32:50 GMT 2025","","","",""
"","1","should be called for every peer with PEER_EXCHANGE tags","Dials","Fri Jan 17 10:32:50 GMT 2025","passed","Fri Jan 17 10:32:50 GMT 2025","For peer-exchange peers","dialPeer method","",""
"","1","should remove a peer","PeerManager","Fri Jan 17 10:32:23 GMT 2025","passed","Fri Jan 17 10:32:23 GMT 2025","","removePeer","",""
"","0","handles empty shards array correctly","ensureShardingConfigured","Fri Jan 17 10:31:42 GMT 2025","passed","Fri Jan 17 10:31:42 GMT 2025","","","",""
"","1","Ping on unsubscribed peer","Waku Filter V2: Ping: Multiple Nodes: Strict Checking: true","Fri Jan 17 10:35:16 GMT 2025","passed","Fri Jan 17 10:35:16 GMT 2025","","","",""
"","0","should extract SingleShardInfo from a valid PubsubTopic","pubsubTopicToSingleShardInfo with various invalid formats","Fri Jan 17 10:31:42 GMT 2025","passed","Fri Jan 17 10:31:42 GMT 2025","","","",""
"","0","Push message with content topic containing numeric","Waku Light Push: Multiple Nodes: Strict Check: true","Fri Jan 17 11:31:39 GMT 2025","broken","Fri Jan 17 11:31:39 GMT 2025","","","",""
"","0","Check publish message containing special chars","Waku Relay, Publish","Fri Jan 17 10:37:34 GMT 2025","passed","Fri Jan 17 10:37:34 GMT 2025","","","",""
"","0","Check received message containing long","Waku Filter V2: FilterPush","Fri Jan 17 10:33:54 GMT 2025","passed","Fri Jan 17 10:33:54 GMT 2025","","","",""
"","0","Query generator for multiple messages with multiple decoders","Waku Store, general","Fri Jan 17 10:40:03 GMT 2025","passed","Fri Jan 17 10:40:03 GMT 2025","","","",""
"","2","Check publish message containing XML","Waku Relay, Publish","Fri Jan 17 10:37:34 GMT 2025","passed","Fri Jan 17 10:37:34 GMT 2025","","","",""
"","0","should properly create location multiaddrs - udp6","ENR","Fri Jan 17 10:31:51 GMT 2025","passed","Fri Jan 17 10:31:51 GMT 2025","","Location multiaddr","",""
"","0","random static sharding 10 - Cluster ID: 387, Shard ID: 19","Static Sharding: Running Nodes","Fri Jan 17 10:40:22 GMT 2025","broken","Fri Jan 17 10:40:22 GMT 2025","","Different clusters and shards","",""
"","0","should correctly map /app/27/sometopic/someencoding to shard index 5","contentTopicToShardIndex","Fri Jan 17 10:31:42 GMT 2025","passed","Fri Jan 17 10:31:42 GMT 2025","","","",""
"","0","Check message with invalid timestamp is not received","Waku Filter V2: FilterPush: Multiple Nodes: Strict Checking: true","Fri Jan 17 10:47:57 GMT 2025","passed","Fri Jan 17 10:47:57 GMT 2025","","","",""
"","0","Privacy Node - default protocol","Wait for remote peer","Fri Jan 17 10:41:31 GMT 2025","passed","Fri Jan 17 10:41:31 GMT 2025","","","",""
"","1","Decoder throws on undefined content topic","Ensures content topic is defined","Fri Jan 17 10:32:16 GMT 2025","passed","Fri Jan 17 10:32:16 GMT 2025","","","",""
"","0","Decoder throws on empty string content topic","Ensures content topic is defined","Fri Jan 17 10:31:59 GMT 2025","passed","Fri Jan 17 10:31:59 GMT 2025","","","",""
"","0","Unsubscribe 1 topic - node subscribed to 2 topics","Waku Filter V2: Unsubscribe","Fri Jan 17 10:33:42 GMT 2025","passed","Fri Jan 17 10:33:42 GMT 2025","","","",""
"","0","should throw an error for non-numeric shard: /waku/2/rs/1/\","pubsubTopicToSingleShardInfo with various invalid formats","Fri Jan 17 10:31:42 GMT 2025","passed","Fri Jan 17 10:31:42 GMT 2025","","","",""
"","0","ignores domain fetching errors","DNS Node Discovery","Fri Jan 17 10:32:06 GMT 2025","passed","Fri Jan 17 10:32:06 GMT 2025","","","",""
"","1","Subscribe to topic containing SQL Injection and publish message","Waku Relay, Subscribe","Fri Jan 17 10:37:43 GMT 2025","passed","Fri Jan 17 10:37:43 GMT 2025","","","",""
"","1","Subscribe and receive messages via waku relay post","Waku Filter V2: Subscribe: Single Service Node","Fri Jan 17 10:34:15 GMT 2025","passed","Fri Jan 17 10:34:15 GMT 2025","","","",""
"","1","Subscribe and receive messages on autosharded pubsubtopic","Waku Filter V2 (Autosharding): Multiple PubsubTopics","Fri Jan 17 10:33:15 GMT 2025","passed","Fri Jan 17 10:33:15 GMT 2025","","","",""
"","0","LightPush: 2 peers, Filter: 2 peers","Node Health Status Matrix Tests","Fri Jan 17 10:33:55 GMT 2025","skipped","Fri Jan 17 10:33:55 GMT 2025","","","",""
"","0","Unsubscribe 1 topic - node subscribed to 1 topic","Waku Filter V2: Unsubscribe: Multiple Nodes: Strict Checking: false","Fri Jan 17 10:37:34 GMT 2025","passed","Fri Jan 17 10:37:34 GMT 2025","","","",""
"","0","Check message with no payload is not received","Waku Filter V2: FilterPush: Multiple Nodes: Strict Checking: true","Fri Jan 17 10:47:57 GMT 2025","passed","Fri Jan 17 10:47:57 GMT 2025","","","",""
"","0","Publish message with rate limit","Waku Relay, Publish","Fri Jan 17 10:37:34 GMT 2025","passed","Fri Jan 17 10:37:34 GMT 2025","","","",""
"","0","Promise Callback  - false","Waku Store, order","Fri Jan 17 10:40:31 GMT 2025","passed","Fri Jan 17 10:40:31 GMT 2025","","","",""
"","0","Push message with content topic containing Arabic","Waku Light Push: Multiple Nodes: Strict Check: true","Fri Jan 17 11:31:39 GMT 2025","broken","Fri Jan 17 11:31:39 GMT 2025","","","",""
"","0","numPeers=1 -- returns one bootstrap peer ","getPeers","Fri Jan 17 10:33:55 GMT 2025","passed","Fri Jan 17 10:33:55 GMT 2025","maxBootstrapPeers=6","getPeers with varying maxBootstrapPeers","",""
"","0","Query generator for multiple messages with different message text format","Waku Store, general","Fri Jan 17 10:40:03 GMT 2025","passed","Fri Jan 17 10:40:03 GMT 2025","","","",""
"","0","Ordered Callback sorting by timestamp while page direction is true","Waku Store, sorting","Fri Jan 17 10:40:53 GMT 2025","passed","Fri Jan 17 10:40:53 GMT 2025","","","",""
"","0","Check publish message containing JSON","Waku Relay, Publish","Fri Jan 17 10:37:34 GMT 2025","passed","Fri Jan 17 10:37:34 GMT 2025","","","",""
"","0","Check publish message containing unicode special characters","Waku Relay, Publish","Fri Jan 17 10:37:34 GMT 2025","passed","Fri Jan 17 10:37:34 GMT 2025","","","",""
"","1","Js publishes, other Js receives","Waku Relay, Interop","Fri Jan 17 10:37:24 GMT 2025","passed","Fri Jan 17 10:37:24 GMT 2025","","","",""
"","0","safeDispatchEvent","Public methods","Fri Jan 17 10:33:23 GMT 2025","passed","Fri Jan 17 10:33:23 GMT 2025","","","",""
"","1","Check received message containing JSON","Waku Filter V2: FilterPush: Multiple Nodes: Strict Checking: true","Fri Jan 17 10:47:57 GMT 2025","passed","Fri Jan 17 10:47:57 GMT 2025","","","",""
"","0","Renews subscription after lossing a connection","Waku Filter V2: Subscribe: Multiple Service Nodes: Strict Check mode: true","Fri Jan 17 10:51:29 GMT 2025","passed","Fri Jan 17 10:51:29 GMT 2025","","","",""
"","0","Subscribe and receive symmetrically encrypted messages via lightPush","Waku Filter V2: Subscribe: Multiple Service Nodes: Strict Check mode: false","Fri Jan 17 10:51:29 GMT 2025","passed","Fri Jan 17 10:51:29 GMT 2025","","","",""
"","1","Subscribe to topic containing unicode special characters and publish message","Waku Relay, Subscribe","Fri Jan 17 10:37:43 GMT 2025","passed","Fri Jan 17 10:37:43 GMT 2025","","","",""
"","0","Filter with 2 connections","Health Manager","Fri Jan 17 10:33:55 GMT 2025","skipped","Fri Jan 17 10:33:55 GMT 2025","","Should update the health status for protocols","",""
"","0","random static sharding 1 - Cluster ID: 596, Shard ID: 881","Static Sharding: Running Nodes","Fri Jan 17 10:40:22 GMT 2025","broken","Fri Jan 17 10:40:22 GMT 2025","","Different clusters and shards","",""
"","0","Light Node - default protocols","Wait for remote peer","Fri Jan 17 10:41:31 GMT 2025","passed","Fri Jan 17 10:41:31 GMT 2025","","","",""
"","1","Push message with shell command payload","Waku Light Push: Multiple Nodes: Strict Check: true","Fri Jan 17 11:31:39 GMT 2025","broken","Fri Jan 17 11:31:39 GMT 2025","","","",""
"","0","Correctly serialized arguments","nwaku","Fri Jan 17 10:35:30 GMT 2025","passed","Fri Jan 17 10:35:30 GMT 2025","","","",""
"","1","Publish message with large meta","Waku Relay, Publish","Fri Jan 17 10:37:34 GMT 2025","passed","Fri Jan 17 10:37:34 GMT 2025","","","",""
"","0","should convert a SingleShardInfo object to the correct PubsubTopic","singleShardInfoToPubsubTopic","Fri Jan 17 10:31:42 GMT 2025","passed","Fri Jan 17 10:31:42 GMT 2025","","","",""
"","0","should set field with only RELAY enabled","ENR","Fri Jan 17 10:31:51 GMT 2025","passed","Fri Jan 17 10:31:51 GMT 2025","","waku2 key round trip","",""
"","0","Store - dialed first","Wait for remote peer","Fri Jan 17 10:41:31 GMT 2025","passed","Fri Jan 17 10:41:31 GMT 2025","","","",""
"","0","random auto sharding 7 - Cluster ID: 10, Content Topic: /app97/3/topic198/test.js","Autosharding: Running Nodes","Fri Jan 17 10:38:59 GMT 2025","broken","Fri Jan 17 10:38:59 GMT 2025","","Different clusters and topics","",""
"","1","getPeersByDiscovery","Public methods","Fri Jan 17 10:33:23 GMT 2025","passed","Fri Jan 17 10:33:23 GMT 2025","","","",""
"","0","should not fail to start the service if it is already started","DNS Discovery: Compliance Test","Fri Jan 17 10:32:55 GMT 2025","passed","Fri Jan 17 10:32:55 GMT 2025","","interface-peer-discovery compliance tests","",""
"","0","numPeers=0 -- returns all peers including all non-bootstrap with maxBootstrapPeers: 4","getPeers","Fri Jan 17 10:33:55 GMT 2025","passed","Fri Jan 17 10:33:55 GMT 2025","maxBootstrapPeers=4","getPeers with varying maxBootstrapPeers","",""
"","1","should emit `peer:discovery:peer-exchange` event when a peer is discovered","Events","Fri Jan 17 10:32:43 GMT 2025","passed","Fri Jan 17 10:32:43 GMT 2025","","peer:discovery","",""
"","0","should derive a pubsub topic using contentTopic when SingleShardInfo only contains clusterId","determinePubsubTopic","Fri Jan 17 10:31:42 GMT 2025","passed","Fri Jan 17 10:31:42 GMT 2025","","","",""
"","0","Subscribe and receive ecies encrypted messages via lightPush","Waku Filter V2: Subscribe: Single Service Node","Fri Jan 17 10:34:15 GMT 2025","passed","Fri Jan 17 10:34:15 GMT 2025","","","",""
"","1","passes more than one ENR URLs and attempts connection","DNS Node Discovery [live data]","Fri Jan 17 10:32:55 GMT 2025","skipped","Fri Jan 17 10:32:55 GMT 2025","","","",""
"","1","should create a new stream if no existing for protocol found","StreamManager","Fri Jan 17 10:31:58 GMT 2025","passed","Fri Jan 17 10:31:58 GMT 2025","","","",""
"","0","more peers than existing","Peer Exchange Query","Fri Jan 17 10:37:09 GMT 2025","skipped","Fri Jan 17 10:37:09 GMT 2025","","","",""
"","0","Subscribe to topic containing XML and receive message","Waku Filter V2: Subscribe: Single Service Node","Fri Jan 17 10:34:15 GMT 2025","passed","Fri Jan 17 10:34:15 GMT 2025","","","",""
"","0","handles multiple messages","Util: toAsyncIterator: Filter","Fri Jan 17 10:41:14 GMT 2025","passed","Fri Jan 17 10:41:14 GMT 2025","","","",""
"","0","Subscribe and receive messages on 2 different pubsubtopics","Waku Filter V2: Multiple PubsubTopics","Fri Jan 17 10:33:15 GMT 2025","passed","Fri Jan 17 10:33:15 GMT 2025","","","",""
"","0","Subscribe and receive messages via lightPush","Waku Filter V2: Subscribe: Multiple Service Nodes: Strict Check mode: true","Fri Jan 17 10:51:29 GMT 2025","passed","Fri Jan 17 10:51:29 GMT 2025","","","",""
"","1","Timestamp too far from node time: -20000 ms from now","Waku Store, time filter","Fri Jan 17 10:41:09 GMT 2025","passed","Fri Jan 17 10:41:09 GMT 2025","","","",""
"","0","Subscribe and receive messages from 2 nwaku nodes each with different pubsubtopics","Waku Filter V2: Multiple PubsubTopics","Fri Jan 17 10:33:15 GMT 2025","passed","Fri Jan 17 10:33:15 GMT 2025","","","",""
"","1","should set field with only STORE enabled","ENR","Fri Jan 17 10:31:51 GMT 2025","passed","Fri Jan 17 10:31:51 GMT 2025","","waku2 key round trip","",""
"","0","Callback on promise","Waku Store, general","Fri Jan 17 10:40:03 GMT 2025","passed","Fri Jan 17 10:40:03 GMT 2025","","","",""
"","0","Decoder throws on undefined content topic","Ensures content topic is defined","Fri Jan 17 10:31:59 GMT 2025","passed","Fri Jan 17 10:31:59 GMT 2025","","","",""
"","0","Check received message containing Chinese","Waku Filter V2: FilterPush: Multiple Nodes: Strict Checking: false","Fri Jan 17 10:47:57 GMT 2025","passed","Fri Jan 17 10:47:57 GMT 2025","","","",""
"","0","should correctly map /myapp/1/latest/proto to shard index 0","contentTopicToShardIndex","Fri Jan 17 10:31:42 GMT 2025","passed","Fri Jan 17 10:31:42 GMT 2025","","","",""
"","0","Check publish message containing long","Waku Relay, Publish","Fri Jan 17 10:37:34 GMT 2025","passed","Fri Jan 17 10:37:34 GMT 2025","","","",""
"","0","should not fail to start the service if it is already started","Local Storage Discovery","Fri Jan 17 10:32:10 GMT 2025","passed","Fri Jan 17 10:32:10 GMT 2025","interface-peer-discovery compliance tests","Compliance Tests","",""
"","0","LightPush: 1 peers, Filter: 0 peers","Node Health Status Matrix Tests","Fri Jan 17 10:33:55 GMT 2025","skipped","Fri Jan 17 10:33:55 GMT 2025","","","",""
"","0","numPeers=4 -- returns total 4 peers, with max 5 bootstrap peers","getPeers","Fri Jan 17 10:33:55 GMT 2025","passed","Fri Jan 17 10:33:55 GMT 2025","maxBootstrapPeers=5","getPeers with varying maxBootstrapPeers","",""
"","0","should not throw an error when the topic is within a list of configured topics","ensurePubsubTopicIsConfigured","Fri Jan 17 10:31:42 GMT 2025","passed","Fri Jan 17 10:31:42 GMT 2025","","","",""
"","0","should reject if Filter is requested but not mounted","waitForRemotePeer","Fri Jan 17 10:32:23 GMT 2025","passed","Fri Jan 17 10:32:23 GMT 2025","","","",""
"","1","Subscribe and receive messages on 2 different content topics","Waku Filter V2: Subscribe: Multiple Service Nodes: Strict Check mode: true","Fri Jan 17 10:51:29 GMT 2025","passed","Fri Jan 17 10:51:29 GMT 2025","","","",""
"","4","should emit a peer event after start","Peer Exchange","Fri Jan 17 10:36:12 GMT 2025","passed","Fri Jan 17 10:36:12 GMT 2025","interface-peer-discovery compliance tests","Compliance Test","",""
"","0","Filter with 0 connections","Health Manager","Fri Jan 17 10:33:55 GMT 2025","skipped","Fri Jan 17 10:33:55 GMT 2025","","Should update the health status for protocols","",""
"","0","Subscribe to topic containing XML and receive message","Waku Filter V2: Subscribe: Multiple Service Nodes: Strict Check mode: false","Fri Jan 17 10:51:29 GMT 2025","passed","Fri Jan 17 10:51:29 GMT 2025","","","",""
"","1","Subscribe to topic containing unicode special characters and receive message","Waku Filter V2: Subscribe: Multiple Service Nodes: Strict Check mode: true","Fri Jan 17 10:51:29 GMT 2025","passed","Fri Jan 17 10:51:29 GMT 2025","","","",""
"","0","Subscribe to topic containing long and receive message","Waku Filter V2: Subscribe: Multiple Service Nodes: Strict Check mode: true","Fri Jan 17 10:51:29 GMT 2025","passed","Fri Jan 17 10:51:29 GMT 2025","","","",""
"","0","Push message with content topic containing shell command","Waku Light Push: Multiple Nodes: Strict Check: true","Fri Jan 17 11:31:39 GMT 2025","broken","Fri Jan 17 11:31:39 GMT 2025","","","",""
"","1","returns a subset of values when wanted number is lesser than available values","Discovery","Fri Jan 17 10:32:05 GMT 2025","passed","Fri Jan 17 10:32:05 GMT 2025","","","",""
"","0","should throw error - no public key","ENR","Fri Jan 17 10:31:51 GMT 2025","passed","Fri Jan 17 10:31:51 GMT 2025","","Txt codec","",""
"","0","Check received message containing escaped characters","Waku Filter V2: FilterPush","Fri Jan 17 10:33:54 GMT 2025","passed","Fri Jan 17 10:33:54 GMT 2025","","","",""
"","0","should throw an error for non-numeric clusterId: /waku/2/rs/ /1","pubsubTopicToSingleShardInfo with various invalid formats","Fri Jan 17 10:31:42 GMT 2025","passed","Fri Jan 17 10:31:42 GMT 2025","","","",""
"","0","should use DNS peer discovery with light client","DNS Node Discovery [live data]","Fri Jan 17 10:32:55 GMT 2025","skipped","Fri Jan 17 10:32:55 GMT 2025","","","",""
"","0","Subscribe to topic containing emoji and receive message","Waku Filter V2: Subscribe: Multiple Service Nodes: Strict Check mode: true","Fri Jan 17 10:51:29 GMT 2025","passed","Fri Jan 17 10:51:29 GMT 2025","","","",""
"","0","Callback on promise, aborts when callback returns true","Waku Store, general","Fri Jan 17 10:40:03 GMT 2025","passed","Fri Jan 17 10:40:03 GMT 2025","","","",""
"","0","should throw an error for non-numeric shard: /waku/2/rs/1/!","pubsubTopicToSingleShardInfo with various invalid formats","Fri Jan 17 10:31:42 GMT 2025","passed","Fri Jan 17 10:31:42 GMT 2025","","","",""
"","1","Round trip binary encryption [ecies, no signature]","Ecies Encryption","Fri Jan 17 10:32:18 GMT 2025","passed","Fri Jan 17 10:32:18 GMT 2025","","","",""
"","0","Waku message hash computation (message is IDecodedMessage)","RFC Test Vectors","Fri Jan 17 10:31:45 GMT 2025","passed","Fri Jan 17 10:31:45 GMT 2025","","","",""
"","0","should throw an error for invalid PubsubTopic format: /waku/2/rs","pubsubTopicToSingleShardInfo with various invalid formats","Fri Jan 17 10:31:42 GMT 2025","passed","Fri Jan 17 10:31:42 GMT 2025","","","",""
"","1","Subscribe to topic containing numeric and publish message","Waku Relay, Subscribe","Fri Jan 17 10:37:43 GMT 2025","passed","Fri Jan 17 10:37:43 GMT 2025","","","",""
"","0","Subscribe and publish message","Waku Relay, Subscribe","Fri Jan 17 10:37:43 GMT 2025","passed","Fri Jan 17 10:37:43 GMT 2025","","","",""
"","0","should get / set UDP multiaddr","ENR","Fri Jan 17 10:31:51 GMT 2025","passed","Fri Jan 17 10:31:51 GMT 2025","","Multiaddr getters and setters","",""
"","0","Passing cursor with wrong pubsubTopic","Waku Store, cursor","Fri Jan 17 10:39:17 GMT 2025","passed","Fri Jan 17 10:39:17 GMT 2025","","","",""
"","1","Ping on unsubscribed peer","Waku Filter V2: Ping: Multiple Nodes: Strict Checking: false","Fri Jan 17 10:35:16 GMT 2025","passed","Fri Jan 17 10:35:16 GMT 2025","","","",""
"","0","Unsubscribe 1 topic - node subscribed to 2 topics","Waku Filter V2: Unsubscribe: Multiple Nodes: Strict Checking: false","Fri Jan 17 10:37:34 GMT 2025","passed","Fri Jan 17 10:37:34 GMT 2025","","","",""
"","0","LightPush: 0 peers, Filter: 2 peers","Node Health Status Matrix Tests","Fri Jan 17 10:33:55 GMT 2025","skipped","Fri Jan 17 10:33:55 GMT 2025","","","",""
"","1","should decode valid enr with tcp successfully","ENR","Fri Jan 17 10:31:51 GMT 2025","passed","Fri Jan 17 10:31:51 GMT 2025","","Txt codec","",""
"","0","should handle clusterId, application and version for autosharding with cluster iD 6","shardInfoToPubsubTopics","Fri Jan 17 10:31:42 GMT 2025","passed","Fri Jan 17 10:31:42 GMT 2025","","","",""
"","1","numPeers=4 -- returns total 4 peers, with max 1 bootstrap peers","getPeers","Fri Jan 17 10:33:55 GMT 2025","passed","Fri Jan 17 10:33:55 GMT 2025","maxBootstrapPeers=1","getPeers with varying maxBootstrapPeers","",""
"","0","Subscribe to topic containing Script and receive message","Waku Filter V2: Subscribe: Multiple Service Nodes: Strict Check mode: false","Fri Jan 17 10:51:29 GMT 2025","passed","Fri Jan 17 10:51:29 GMT 2025","","","",""
"","0","should be able to decode the field with only RELAY set to true","ENR waku2 codec","Fri Jan 17 10:31:50 GMT 2025","passed","Fri Jan 17 10:31:50 GMT 2025","","Decoding","",""
"","1","Ping on subscribed peer","Waku Filter V2: Ping: Multiple Nodes: Strict Checking: false","Fri Jan 17 10:35:16 GMT 2025","passed","Fri Jan 17 10:35:16 GMT 2025","","","",""
"","0","Push message with short payload","Waku Light Push: Multiple Nodes: Strict Check: true","Fri Jan 17 11:31:39 GMT 2025","broken","Fri Jan 17 11:31:39 GMT 2025","","","",""
"","0","Query Generator, No Decoder","Waku Store, error handling","Fri Jan 17 10:39:34 GMT 2025","passed","Fri Jan 17 10:39:34 GMT 2025","","","",""
"","1","pre and post cipher","Waku Encryption","Fri Jan 17 10:32:17 GMT 2025","passed","Fri Jan 17 10:32:17 GMT 2025","","","",""
"","0","Check received message containing Basic HTML tag","Waku Filter V2: FilterPush: Multiple Nodes: Strict Checking: true","Fri Jan 17 10:47:57 GMT 2025","passed","Fri Jan 17 10:47:57 GMT 2025","","","",""
"","1","Check received message with timestamp: 1649153314 ","Waku Filter V2: FilterPush: Multiple Nodes: Strict Checking: false","Fri Jan 17 10:47:57 GMT 2025","passed","Fri Jan 17 10:47:57 GMT 2025","","","",""
"","0","does not throw on valid cases","ensureValidContentTopic","Fri Jan 17 10:31:42 GMT 2025","passed","Fri Jan 17 10:31:42 GMT 2025","","","",""
"","1","Mutual subscription","Waku Relay, Subscribe","Fri Jan 17 10:37:43 GMT 2025","passed","Fri Jan 17 10:37:43 GMT 2025","","","",""
"","0","Sample","ENR multiaddrs codec","Fri Jan 17 10:31:50 GMT 2025","passed","Fri Jan 17 10:31:50 GMT 2025","","","",""
"","1","ENRTree (root): should error if DNS root entry is mis-prefixed","ENRTree","Fri Jan 17 10:32:06 GMT 2025","passed","Fri Jan 17 10:32:06 GMT 2025","","","",""
"","0","should set field with only FILTER enabled","ENR","Fri Jan 17 10:31:51 GMT 2025","passed","Fri Jan 17 10:31:51 GMT 2025","","waku2 key round trip","",""
"","1","should only return 1 node with relay capability","DNS Node Discovery w/ capabilities","Fri Jan 17 10:32:06 GMT 2025","passed","Fri Jan 17 10:32:06 GMT 2025","","","",""
"","0","Check publish message containing Russian","Waku Relay, Publish","Fri Jan 17 10:37:34 GMT 2025","passed","Fri Jan 17 10:37:34 GMT 2025","","","",""
"","0","Push 30 different messages","Waku Light Push: Multiple Nodes: Strict Check: true","Fri Jan 17 11:31:39 GMT 2025","broken","Fri Jan 17 11:31:39 GMT 2025","","","",""
"","1","can start and stop the service","Peer Exchange","Fri Jan 17 10:36:12 GMT 2025","passed","Fri Jan 17 10:36:12 GMT 2025","interface-peer-discovery compliance tests","Compliance Test","",""
"","0","Check received message containing JSON","Waku Filter V2: FilterPush: Multiple Nodes: Strict Checking: false","Fri Jan 17 10:47:57 GMT 2025","passed","Fri Jan 17 10:47:57 GMT 2025","","","",""
"","1","Waku message hash computation (no timestamp)","RFC Test Vectors","Fri Jan 17 10:31:45 GMT 2025","passed","Fri Jan 17 10:31:45 GMT 2025","","","",""
"","0","Subscribe to topic containing unicode special characters and receive message","Waku Filter V2: Subscribe: Single Service Node","Fri Jan 17 10:34:15 GMT 2025","passed","Fri Jan 17 10:34:15 GMT 2025","","","",""
"","1","Check meta is set [symmetric]","Symmetric Encryption","Fri Jan 17 10:32:16 GMT 2025","passed","Fri Jan 17 10:32:16 GMT 2025","","","",""
"","0","`waku:online` between 2 js-waku relay nodes","Connection state","Fri Jan 17 10:33:06 GMT 2025","passed","Fri Jan 17 10:33:06 GMT 2025","","","",""
"","1","Check publish message containing Chinese","Waku Relay, Publish","Fri Jan 17 10:37:34 GMT 2025","passed","Fri Jan 17 10:37:34 GMT 2025","","","",""
"","0","Check received message containing Russian","Waku Filter V2: FilterPush: Multiple Nodes: Strict Checking: false","Fri Jan 17 10:47:57 GMT 2025","passed","Fri Jan 17 10:47:57 GMT 2025","","","",""
"","2","Init the array if not present","pushOrInitMapSet","Fri Jan 17 10:31:42 GMT 2025","passed","Fri Jan 17 10:31:42 GMT 2025","","","",""
"","0","should be able to encode the field with STORE and LIGHTPUSH protocols set to true","ENR waku2 codec","Fri Jan 17 10:31:50 GMT 2025","passed","Fri Jan 17 10:31:50 GMT 2025","","Encoding","",""
"","3","tcp ip4 address","Multiaddr from fields","Fri Jan 17 10:31:50 GMT 2025","passed","Fri Jan 17 10:31:50 GMT 2025","","","",""
"","0","should throw an error for non-numeric clusterId: /waku/2/rs//1","pubsubTopicToSingleShardInfo with various invalid formats","Fri Jan 17 10:31:42 GMT 2025","passed","Fri Jan 17 10:31:42 GMT 2025","","","",""
"","1","Passing a valid cursor at 0 index when there are 20 messages","Waku Store, cursor","Fri Jan 17 10:39:17 GMT 2025","passed","Fri Jan 17 10:39:17 GMT 2025","","","",""
"","0","Unsubscribe 1 topic - node subscribed to 1 topic","Waku Filter V2: Unsubscribe","Fri Jan 17 10:33:42 GMT 2025","passed","Fri Jan 17 10:33:42 GMT 2025","","","",""
"","1","LightPush: 1 peers, Filter: 2 peers","Node Health Status Matrix Tests","Fri Jan 17 10:33:55 GMT 2025","skipped","Fri Jan 17 10:33:55 GMT 2025","","","",""
"","0","throws on content topic with too few or too many fields","ensureValidContentTopic","Fri Jan 17 10:31:42 GMT 2025","passed","Fri Jan 17 10:31:42 GMT 2025","","","",""
"","1","Subscribe to topic containing Arabic and receive message","Waku Filter V2: Subscribe: Single Service Node","Fri Jan 17 10:34:15 GMT 2025","passed","Fri Jan 17 10:34:15 GMT 2025","","","",""
"","1","Check received message with timestamp: 1949153314000 ","Waku Filter V2: FilterPush: Multiple Nodes: Strict Checking: true","Fri Jan 17 10:47:57 GMT 2025","passed","Fri Jan 17 10:47:57 GMT 2025","","","",""
"","0","LightPush: 3 peers, Filter: 3 peers","Node Health Status Matrix Tests","Fri Jan 17 10:33:55 GMT 2025","skipped","Fri Jan 17 10:33:55 GMT 2025","","","",""
"","0","isConnected should return false after all peers disconnect","Connection state","Fri Jan 17 10:33:06 GMT 2025","passed","Fri Jan 17 10:33:06 GMT 2025","","","",""
"","0","Subscribe and receive symmetrically encrypted messages via lightPush","Waku Filter V2: Subscribe: Multiple Service Nodes: Strict Check mode: true","Fri Jan 17 10:51:29 GMT 2025","passed","Fri Jan 17 10:51:29 GMT 2025","","","",""
"","1","Check publish message containing SQL Injection","Waku Relay, Publish","Fri Jan 17 10:37:34 GMT 2025","passed","Fri Jan 17 10:37:34 GMT 2025","","","",""
"","0","Passing page size 0 when there are 110 messages","Waku Store, page size","Fri Jan 17 10:40:47 GMT 2025","passed","Fri Jan 17 10:40:47 GMT 2025","","","",""
"","0","Subscribe to topic containing Basic HTML tag and receive message","Waku Filter V2: Subscribe: Multiple Service Nodes: Strict Check mode: true","Fri Jan 17 10:51:29 GMT 2025","passed","Fri Jan 17 10:51:29 GMT 2025","","","",""
"","0","Check received message containing XML","Waku Filter V2: FilterPush: Multiple Nodes: Strict Checking: false","Fri Jan 17 10:47:57 GMT 2025","passed","Fri Jan 17 10:47:57 GMT 2025","","","",""
"","0","ENRTree (branch): should error if DNS branch entry is mis-prefixed","ENRTree","Fri Jan 17 10:32:06 GMT 2025","passed","Fri Jan 17 10:32:06 GMT 2025","","","",""
"","1","Check publish message containing escaped characters","Waku Relay, Publish","Fri Jan 17 10:37:34 GMT 2025","passed","Fri Jan 17 10:37:34 GMT 2025","","","",""
"","0","Query Generator sorting by timestamp while page direction is false","Waku Store, sorting","Fri Jan 17 10:40:53 GMT 2025","passed","Fri Jan 17 10:40:53 GMT 2025","","","",""
"","0","n1 and n2 uses a custom pubsub, n3 uses the default pubsub","Waku Relay (Autosharding), multiple pubsub topics","Fri Jan 17 10:37:27 GMT 2025","passed","Fri Jan 17 10:37:27 GMT 2025","","","",""
"","0","Push message with long payload","Waku Light Push: Multiple Nodes: Strict Check: true","Fri Jan 17 11:31:39 GMT 2025","broken","Fri Jan 17 11:31:39 GMT 2025","","","",""
"","1","Check received message containing emoji","Waku Filter V2: FilterPush: Multiple Nodes: Strict Checking: true","Fri Jan 17 10:47:57 GMT 2025","passed","Fri Jan 17 10:47:57 GMT 2025","","","",""
"","0","Fails to publish message with size larger than 1 MB","Waku Relay, Publish","Fri Jan 17 10:37:34 GMT 2025","passed","Fri Jan 17 10:37:34 GMT 2025","","","",""
"","0","Subscribe to topic containing special chars and receive message","Waku Filter V2: Subscribe: Multiple Service Nodes: Strict Check mode: false","Fri Jan 17 10:51:29 GMT 2025","passed","Fri Jan 17 10:51:29 GMT 2025","","","",""
"","0","Waku message hash computation (meta attribute not present)","RFC Test Vectors","Fri Jan 17 10:31:45 GMT 2025","passed","Fri Jan 17 10:31:45 GMT 2025","","","",""
"","0","should throw an error for non-numeric shard: /waku/2/rs/1/y","pubsubTopicToSingleShardInfo with various invalid formats","Fri Jan 17 10:31:42 GMT 2025","passed","Fri Jan 17 10:31:42 GMT 2025","","","",""
"","0","Fields are not dropped","to proto message","Fri Jan 17 10:31:58 GMT 2025","passed","Fri Jan 17 10:31:58 GMT 2025","","","",""
"","0","Encoder throws on undefined content topic","Ensures content topic is defined","Fri Jan 17 10:32:18 GMT 2025","passed","Fri Jan 17 10:32:18 GMT 2025","","","",""
"","0","Check received message containing emoji","Waku Filter V2: FilterPush: Multiple Nodes: Strict Checking: false","Fri Jan 17 10:47:57 GMT 2025","passed","Fri Jan 17 10:47:57 GMT 2025","","","",""
"","0","Refresh subscription","Waku Filter V2: Subscribe: Multiple Service Nodes: Strict Check mode: false","Fri Jan 17 10:51:29 GMT 2025","passed","Fri Jan 17 10:51:29 GMT 2025","","","",""
"","1","getPeersByDiscovery","Peer Exchange","Fri Jan 17 10:37:09 GMT 2025","passed","Fri Jan 17 10:37:09 GMT 2025","","","",""
"","0","random auto sharding 10 - Cluster ID: 10, Content Topic: /app24/1/topic98/utf8","Autosharding: Running Nodes","Fri Jan 17 10:38:59 GMT 2025","broken","Fri Jan 17 10:38:59 GMT 2025","","Different clusters and topics","",""
"","0","should correctly map /0/statusim/1/community/cbor to shard index 4","contentTopicToShardIndex","Fri Jan 17 10:31:42 GMT 2025","passed","Fri Jan 17 10:31:42 GMT 2025","","","",""
"","0","should get / set TCP multiaddr","ENR","Fri Jan 17 10:31:51 GMT 2025","passed","Fri Jan 17 10:31:51 GMT 2025","","Multiaddr getters and setters","",""
"","1","returns all values when wanted number is greater than available values","Discovery","Fri Jan 17 10:32:05 GMT 2025","passed","Fri Jan 17 10:32:05 GMT 2025","","","",""
"","3","should properly create location multiaddrs - udp4","ENR","Fri Jan 17 10:31:51 GMT 2025","passed","Fri Jan 17 10:31:51 GMT 2025","","Location multiaddr","",""
"","1","udp ip6 address","Multiaddr from fields","Fri Jan 17 10:31:50 GMT 2025","passed","Fri Jan 17 10:31:50 GMT 2025","","","",""
"","0","Overlapping topic subscription","Waku Filter V2: Subscribe: Single Service Node","Fri Jan 17 10:34:15 GMT 2025","passed","Fri Jan 17 10:34:15 GMT 2025","","","",""
"","1","should throw an error for SingleShardInfos with different clusterIds","singleShardInfosToShardInfo","Fri Jan 17 10:31:42 GMT 2025","passed","Fri Jan 17 10:31:42 GMT 2025","","","",""
"","1","Subscribe and publish 10000 messages on the same topic","Waku Relay, Subscribe","Fri Jan 17 10:37:43 GMT 2025","passed","Fri Jan 17 10:37:43 GMT 2025","","","",""
"","1","Waku message hash computation (meta size of 12 bytes)","RFC Test Vectors","Fri Jan 17 10:31:45 GMT 2025","passed","Fri Jan 17 10:31:45 GMT 2025","","","",""
"","0","Subscribe and receives messages on 20 topics","Waku Filter V2: Subscribe: Multiple Service Nodes: Strict Check mode: true","Fri Jan 17 10:51:29 GMT 2025","passed","Fri Jan 17 10:51:29 GMT 2025","","","",""
"","0","can start the service","Peer Exchange","Fri Jan 17 10:36:12 GMT 2025","passed","Fri Jan 17 10:36:12 GMT 2025","interface-peer-discovery compliance tests","Compliance Test","",""
"","0","LightPush with 0 connections","Health Manager","Fri Jan 17 10:33:55 GMT 2025","skipped","Fri Jan 17 10:33:55 GMT 2025","","Should update the health status for protocols","",""
"","1","px service nodes not subscribed to the shard should not be dialed","Autosharding: Peer Management","Fri Jan 17 10:38:46 GMT 2025","passed","Fri Jan 17 10:38:46 GMT 2025","","Peer Exchange","",""
"","0","Query with Ordered Callback, Wrong PubsubTopic","Waku Store, error handling","Fri Jan 17 10:39:34 GMT 2025","passed","Fri Jan 17 10:39:34 GMT 2025","","","",""
"","0","Unsubscribes all - node subscribed to 1 topic","Waku Filter V2: Unsubscribe","Fri Jan 17 10:33:42 GMT 2025","passed","Fri Jan 17 10:33:42 GMT 2025","","","",""
"","0","Check received message with timestamp: 1649153314 ","Waku Filter V2: FilterPush: Multiple Nodes: Strict Checking: true","Fri Jan 17 10:47:57 GMT 2025","passed","Fri Jan 17 10:47:57 GMT 2025","","","",""
"","0","LightPush with 2 connections","Health Manager","Fri Jan 17 10:33:55 GMT 2025","skipped","Fri Jan 17 10:33:55 GMT 2025","","Should update the health status for protocols","",""
"","1","stop","Public methods","Fri Jan 17 10:33:23 GMT 2025","passed","Fri Jan 17 10:33:23 GMT 2025","","","",""
"","0","Round trip binary serialization","Waku Message version 0","Fri Jan 17 10:31:59 GMT 2025","passed","Fri Jan 17 10:31:59 GMT 2025","","","",""
"","1","Subscribe and receive messages via waku relay post","Waku Filter V2: Subscribe: Multiple Service Nodes: Strict Check mode: false","Fri Jan 17 10:51:29 GMT 2025","passed","Fri Jan 17 10:51:29 GMT 2025","","","",""
"","0","should not receive a peer event before start","DNS Discovery: Compliance Test","Fri Jan 17 10:32:55 GMT 2025","passed","Fri Jan 17 10:32:55 GMT 2025","","interface-peer-discovery compliance tests","",""
"","1","should update peers in local storage on 'peer:identify' event","Local Storage Discovery","Fri Jan 17 10:32:10 GMT 2025","passed","Fri Jan 17 10:32:10 GMT 2025","","Unit Tests","",""
"","0","Subscribe to topic containing long and receive message","Waku Filter V2: Subscribe: Multiple Service Nodes: Strict Check mode: false","Fri Jan 17 10:51:29 GMT 2025","passed","Fri Jan 17 10:51:29 GMT 2025","","","",""
"","1","Unsubscribe topics the node is not subscribed to","Waku Filter V2: Unsubscribe: Multiple Nodes: Strict Checking: false","Fri Jan 17 10:37:34 GMT 2025","passed","Fri Jan 17 10:37:34 GMT 2025","","","",""
"","0","Push message with content topic containing XML","Waku Light Push: Multiple Nodes: Strict Check: true","Fri Jan 17 11:31:39 GMT 2025","broken","Fri Jan 17 11:31:39 GMT 2025","","","",""
"","1","Check received message with timestamp: 1737109963358 ","Waku Filter V2: FilterPush: Multiple Nodes: Strict Checking: true","Fri Jan 17 10:47:57 GMT 2025","passed","Fri Jan 17 10:47:57 GMT 2025","","","",""
"","1","Publish without waiting for remote peer","Waku Relay, Subscribe","Fri Jan 17 10:37:43 GMT 2025","passed","Fri Jan 17 10:37:43 GMT 2025","","","",""
"","0","should retry on failure if specified","LightPush SDK","Fri Jan 17 10:32:23 GMT 2025","passed","Fri Jan 17 10:32:23 GMT 2025","","","",""
"","2","returns nothing if no connections present","selectOpenConnection","Fri Jan 17 10:31:58 GMT 2025","passed","Fri Jan 17 10:31:58 GMT 2025","","","",""
