"DESCRIPTION","DURATION IN MS","NAME","PARENT SUITE","START TIME","STATUS","STOP TIME","SUB SUITE","SUITE","TEST CLASS","TEST METHOD"
"","0","should handle complete peer lifecycle","KeepAliveManager","Wed Aug 27 01:34:14 UTC 2025","passed","Wed Aug 27 01:34:14 UTC 2025","","integration","",""
"","11","should create NetworkMonitor with libp2p and events","NetworkMonitor","Wed Aug 27 01:34:12 UTC 2025","passed","Wed Aug 27 01:34:12 UTC 2025","","constructor","",""
"","0","should start peer exchange discovery","PeerExchangeDiscovery","Wed Aug 27 01:34:24 UTC 2025","passed","Wed Aug 27 01:34:24 UTC 2025","","start","",""
"","0","throws on content topic with empty topic name field","ensureValidContentTopic","Wed Aug 27 01:33:56 UTC 2025","passed","Wed Aug 27 01:33:56 UTC 2025","","","",""
"","0","should reject on timeout if it was set","waitForRemotePeer","Wed Aug 27 01:34:45 UTC 2025","passed","Wed Aug 27 01:34:45 UTC 2025","","","",""
"","3","should return true when peer is on the specified shard","ShardReader","Wed Aug 27 01:34:13 UTC 2025","passed","Wed Aug 27 01:34:13 UTC 2025","","isPeerOnShard","",""
"","1","rejects content-filtered query with only contentTopics","StoreQueryRequest validation","Wed Aug 27 01:34:13 UTC 2025","passed","Wed Aug 27 01:34:13 UTC 2025","","","",""
"","0","should remove event listeners from globalThis","NetworkMonitor","Wed Aug 27 01:34:12 UTC 2025","passed","Wed Aug 27 01:34:12 UTC 2025","","stop","",""
"","0","should handle different types of entries","TTLSet","Wed Aug 27 01:34:44 UTC 2025","passed","Wed Aug 27 01:34:44 UTC 2025","","","",""
"","0","throws on content topic with empty version field","ensureValidContentTopic","Wed Aug 27 01:33:56 UTC 2025","passed","Wed Aug 27 01:33:56 UTC 2025","","","",""
"","1","should initialize with default number of peers","PeerManager","Wed Aug 27 01:34:45 UTC 2025","passed","Wed Aug 27 01:34:45 UTC 2025","","","",""
"","1","should process up to 3 peers at once","Dialer","Wed Aug 27 01:34:13 UTC 2025","passed","Wed Aug 27 01:34:13 UTC 2025","","queue processing","",""
"","1","should be able to encode the field with ALL protocols set to true","ENR waku2 codec","Wed Aug 27 01:34:02 UTC 2025","passed","Wed Aug 27 01:34:02 UTC 2025","","Encoding","",""
"","1","should correctly map /myapp/1/latest/proto to shard index 0","contentTopicToShardIndex","Wed Aug 27 01:33:56 UTC 2025","passed","Wed Aug 27 01:33:56 UTC 2025","","","",""
"","0","should hash ""!@#$%^&*()"" with n=1 and maxValue=100 correctly","hashN","Wed Aug 27 01:34:58 UTC 2025","passed","Wed Aug 27 01:34:58 UTC 2025","","","",""
"","0","should dial with multiaddr and return stream","ConnectionManager","Wed Aug 27 01:34:14 UTC 2025","passed","Wed Aug 27 01:34:14 UTC 2025","","dial","",""
"","7","should decode valid ENR with multiaddrs successfully [shared test vector]","ENR","Wed Aug 27 01:34:03 UTC 2025","passed","Wed Aug 27 01:34:03 UTC 2025","","Txt codec","",""
"","1","should retry failed tasks","RetryManager","Wed Aug 27 01:34:44 UTC 2025","passed","Wed Aug 27 01:34:44 UTC 2025","","","",""
"","0","accepts valid message hash query","StoreQueryRequest validation","Wed Aug 27 01:34:13 UTC 2025","passed","Wed Aug 27 01:34:13 UTC 2025","","","",""
"","0","should not requeue if maxAttempts is exhausted and no peer is available","RetryManager","Wed Aug 27 01:34:44 UTC 2025","passed","Wed Aug 27 01:34:44 UTC 2025","","","",""
"","0","Ephemeral field set to true","Waku Message version 0","Wed Aug 27 01:34:14 UTC 2025","passed","Wed Aug 27 01:34:14 UTC 2025","","","",""
"","0","should correctly map /app/22/sometopic/someencoding to shard index 2","contentTopicToShardIndex","Wed Aug 27 01:33:56 UTC 2025","passed","Wed Aug 27 01:33:56 UTC 2025","","","",""
"","0","should clear existing timers before creating new ones","KeepAliveManager","Wed Aug 27 01:34:14 UTC 2025","passed","Wed Aug 27 01:34:14 UTC 2025","","timer cleanup","",""
"","1","should handle disconnect when peer has no timers","KeepAliveManager","Wed Aug 27 01:34:14 UTC 2025","passed","Wed Aug 27 01:34:14 UTC 2025","","timer cleanup","",""
"","0","it tolerates circular branch references","DNS Node Discovery","Wed Aug 27 01:34:24 UTC 2025","passed","Wed Aug 27 01:34:24 UTC 2025","","","",""
"","0","should return false when peer is not found","ShardReader","Wed Aug 27 01:34:13 UTC 2025","passed","Wed Aug 27 01:34:13 UTC 2025","","isPeerOnTopic","",""
"","0","rejects content-filtered query with only pubsubTopic","StoreQueryRequest validation","Wed Aug 27 01:34:13 UTC 2025","passed","Wed Aug 27 01:34:13 UTC 2025","","","",""
"","1","should handle errors when globalThis is not available","NetworkMonitor","Wed Aug 27 01:34:12 UTC 2025","passed","Wed Aug 27 01:34:12 UTC 2025","","start","",""
"","0","should hash """" with n=5 and maxValue=10000 correctly","hashN","Wed Aug 27 01:34:58 UTC 2025","passed","Wed Aug 27 01:34:58 UTC 2025","","","",""
"","0","can start the service","Peer Cache Discovery","Wed Aug 27 01:34:28 UTC 2025","passed","Wed Aug 27 01:34:28 UTC 2025","interface-peer-discovery compliance tests","Compliance Tests","",""
"","1","should correctly map /0/statusim/1/community/cbor to shard index 4","contentTopicToShardIndex","Wed Aug 27 01:33:56 UTC 2025","passed","Wed Aug 27 01:33:56 UTC 2025","","","",""
"","0","Encoder throws on empty string content topic","Ensures content topic is defined","Wed Aug 27 01:34:34 UTC 2025","passed","Wed Aug 27 01:34:34 UTC 2025","","","",""
"","0","ignores domain fetching errors","DNS Node Discovery","Wed Aug 27 01:34:24 UTC 2025","passed","Wed Aug 27 01:34:24 UTC 2025","","","",""
"","1","Round trip binary encryption [symmetric, no signature]","Symmetric Encryption","Wed Aug 27 01:34:34 UTC 2025","passed","Wed Aug 27 01:34:34 UTC 2025","","","",""
"","0","should do nothing if no non-locked connections to drop","ConnectionLimiter","Wed Aug 27 01:34:13 UTC 2025","passed","Wed Aug 27 01:34:13 UTC 2025","","maintainConnectionsCount","",""
"","2","should return true when peer is on the pubsub topic shard","ShardReader","Wed Aug 27 01:34:13 UTC 2025","passed","Wed Aug 27 01:34:13 UTC 2025","","isPeerOnTopic","",""
"","0","should handle corrupted shard info gracefully","ShardReader","Wed Aug 27 01:34:13 UTC 2025","passed","Wed Aug 27 01:34:13 UTC 2025","","error handling","",""
"","0","should skip peers that don't support peer exchange","PeerExchangeDiscovery","Wed Aug 27 01:34:24 UTC 2025","passed","Wed Aug 27 01:34:24 UTC 2025","","handlePeriodicDiscovery","",""
"","6","messageHashStr produces consistent results for the same input","messageHash and messageHashStr","Wed Aug 27 01:34:13 UTC 2025","passed","Wed Aug 27 01:34:13 UTC 2025","","","",""
"","0","should not be added to outgoing buffer, bloom filter, or local log","MessageChannel","Wed Aug 27 01:35:04 UTC 2025","passed","Wed Aug 27 01:35:04 UTC 2025","","Sync messages","",""
"","0","First message is missed, then re-sent, should be ack'd","MessageChannel","Wed Aug 27 01:35:04 UTC 2025","passed","Wed Aug 27 01:35:04 UTC 2025","","reviewing ack status","",""
"","0","should keep entries that haven't expired yet","TTLSet","Wed Aug 27 01:34:44 UTC 2025","passed","Wed Aug 27 01:34:44 UTC 2025","","","",""
"","1","should return false when peer is on different cluster","ShardReader","Wed Aug 27 01:34:13 UTC 2025","passed","Wed Aug 27 01:34:13 UTC 2025","","isPeerOnShard","",""
"","1","should hash ""test123"" with n=2 and maxValue=1000 correctly","hashN","Wed Aug 27 01:34:58 UTC 2025","passed","Wed Aug 27 01:34:58 UTC 2025","","","",""
"","0","should add event listeners to globalThis","NetworkMonitor","Wed Aug 27 01:34:12 UTC 2025","passed","Wed Aug 27 01:34:12 UTC 2025","","start","",""
"","0","should handle cache.get errors gracefully","Peer Cache Discovery","Wed Aug 27 01:34:28 UTC 2025","passed","Wed Aug 27 01:34:28 UTC 2025","","Unit Tests","",""
"","0","should hash """" with n=1 and maxValue=100 correctly","hashN","Wed Aug 27 01:34:58 UTC 2025","passed","Wed Aug 27 01:34:58 UTC 2025","","","",""
"","0","should hash ""Lorem ipsum dolor sit amet"" with n=0 and maxValue=10000 correctly","hashN","Wed Aug 27 01:34:58 UTC 2025","passed","Wed Aug 27 01:34:58 UTC 2025","","","",""
"","0","should hash ""Lorem ipsum dolor sit amet"" with n=1 and maxValue=100 correctly","hashN","Wed Aug 27 01:34:58 UTC 2025","passed","Wed Aug 27 01:34:58 UTC 2025","","","",""
"","2","should not allow unachievable error rate","Probabilities","Wed Aug 27 01:34:57 UTC 2025","passed","Wed Aug 27 01:34:57 UTC 2025","","","",""
"","0","should mark a message as irretrievably lost if timeout is exceeded","MessageChannel","Wed Aug 27 01:35:04 UTC 2025","passed","Wed Aug 27 01:35:04 UTC 2025","","Sweeping incoming buffer","",""
"","1","should sort peers by ping value","ConnectionManager","Wed Aug 27 01:34:14 UTC 2025","passed","Wed Aug 27 01:34:14 UTC 2025","","getConnectedPeers","",""
"","0","should start ping timers on peer connect","KeepAliveManager","Wed Aug 27 01:34:14 UTC 2025","passed","Wed Aug 27 01:34:14 UTC 2025","","peer connect event handling","",""
"","0","should retrieve 3 multiaddrs for test.waku.nodes.status.im","DNS Node Discovery [live data]","Wed Aug 27 01:34:24 UTC 2025","skipped","Wed Aug 27 01:34:24 UTC 2025","","","",""
"","1","should return false","ENR","Wed Aug 27 01:34:03 UTC 2025","passed","Wed Aug 27 01:34:03 UTC 2025","","Verify","",""
"","0","should correctly map /app/20/sometopic/someencoding to shard index 1 with networkShards 2","contentTopicToShardIndex","Wed Aug 27 01:33:56 UTC 2025","passed","Wed Aug 27 01:33:56 UTC 2025","","","",""
"","1","should filter out undefined ENRs","PeerExchange","Wed Aug 27 01:34:23 UTC 2025","passed","Wed Aug 27 01:34:23 UTC 2025","","query","",""
"","0","should hash ""test123"" with n=5 and maxValue=1000 correctly","hashN","Wed Aug 27 01:34:58 UTC 2025","passed","Wed Aug 27 01:34:58 UTC 2025","","","",""
"","0","should skip already querying peers","PeerExchangeDiscovery","Wed Aug 27 01:34:24 UTC 2025","passed","Wed Aug 27 01:34:24 UTC 2025","","runQuery","",""
"","0","messageHashStr works with IProtoMessage","messageHash and messageHashStr","Wed Aug 27 01:34:13 UTC 2025","passed","Wed Aug 27 01:34:13 UTC 2025","","","",""
"","1","should support chaining for add method","TTLSet","Wed Aug 27 01:34:44 UTC 2025","passed","Wed Aug 27 01:34:44 UTC 2025","","","",""
"","0","should not create ping timers when pingKeepAlive = 0","KeepAliveManager","Wed Aug 27 01:34:14 UTC 2025","passed","Wed Aug 27 01:34:14 UTC 2025","","ping timer management","",""
"","1","should skip peer when already connected","Dialer","Wed Aug 27 01:34:13 UTC 2025","passed","Wed Aug 27 01:34:13 UTC 2025","","dial","",""
"","0","should return false when peer has no shard info","ShardReader","Wed Aug 27 01:34:13 UTC 2025","passed","Wed Aug 27 01:34:13 UTC 2025","","isPeerOnNetwork","",""
"","1","should be sent with empty content","MessageChannel","Wed Aug 27 01:35:04 UTC 2025","passed","Wed Aug 27 01:35:04 UTC 2025","","Sync messages","",""
"","0","should handle all zero keep alive options","KeepAliveManager","Wed Aug 27 01:34:14 UTC 2025","passed","Wed Aug 27 01:34:14 UTC 2025","","edge cases","",""
"","1","should properly clean up resources when disposed","TTLSet","Wed Aug 27 01:34:44 UTC 2025","passed","Wed Aug 27 01:34:44 UTC 2025","","","",""
"","0","should return false when peer is not found","ShardReader","Wed Aug 27 01:34:13 UTC 2025","passed","Wed Aug 27 01:34:13 UTC 2025","","isPeerOnNetwork","",""
"","0","throws on content topic with generation field greater than 0","ensureValidContentTopic","Wed Aug 27 01:33:56 UTC 2025","passed","Wed Aug 27 01:33:56 UTC 2025","","","",""
"","0","should add and remove event listeners correctly","Peer Cache Discovery","Wed Aug 27 01:34:28 UTC 2025","passed","Wed Aug 27 01:34:28 UTC 2025","","Unit Tests","",""
"","0","should throw an error for invalid PubsubTopic format: /waku/1/rs/1/2","pubsubTopicToSingleShardInfo with various invalid formats","Wed Aug 27 01:33:57 UTC 2025","passed","Wed Aug 27 01:33:57 UTC 2025","","","",""
"","4","returns all values when wanted number is greater than available values","Discovery","Wed Aug 27 01:34:22 UTC 2025","passed","Wed Aug 27 01:34:22 UTC 2025","","","",""
"","1","should return DECODE_FAILED when RPC decode fails","PeerExchange","Wed Aug 27 01:34:23 UTC 2025","passed","Wed Aug 27 01:34:23 UTC 2025","","query","",""
"","0","should handle case when navigator is not available","NetworkMonitor","Wed Aug 27 01:34:12 UTC 2025","passed","Wed Aug 27 01:34:12 UTC 2025","","isConnected","",""
"","1","should throw an error for non-numeric clusterId: /waku/2/rs/y/1","pubsubTopicToSingleShardInfo with various invalid formats","Wed Aug 27 01:33:57 UTC 2025","passed","Wed Aug 27 01:33:57 UTC 2025","","","",""
"","0","Stops search when 2 null results are returned","Fetch nodes","Wed Aug 27 01:34:23 UTC 2025","passed","Wed Aug 27 01:34:23 UTC 2025","","","",""
"","0","should handle errors gracefully when getting peer info","ShardReader","Wed Aug 27 01:34:13 UTC 2025","passed","Wed Aug 27 01:34:13 UTC 2025","","error handling","",""
"","0","should delegate to shardReader.isPeerOnTopic()","ConnectionManager","Wed Aug 27 01:34:14 UTC 2025","passed","Wed Aug 27 01:34:14 UTC 2025","","isPeerOnTopic","",""
"","0","should not track probabilistic acknowledgements of messages received in bloom filter of own messages","MessageChannel","Wed Aug 27 01:35:04 UTC 2025","passed","Wed Aug 27 01:35:04 UTC 2025","","reviewing ack status","",""
"","0","should throw an error for non-numeric clusterId: /waku/2/rs/ /1","pubsubTopicToSingleShardInfo with various invalid formats","Wed Aug 27 01:33:57 UTC 2025","passed","Wed Aug 27 01:33:57 UTC 2025","","","",""
"","4","should handle multiple peer connections","KeepAliveManager","Wed Aug 27 01:34:14 UTC 2025","passed","Wed Aug 27 01:34:14 UTC 2025","","peer connect event handling","",""
"","0","should throw an error for non-numeric shard: /waku/2/rs/1/ ","pubsubTopicToSingleShardInfo with various invalid formats","Wed Aug 27 01:33:57 UTC 2025","passed","Wed Aug 27 01:33:57 UTC 2025","","","",""
"","1","should not stop if not started","PeerExchangeDiscovery","Wed Aug 27 01:34:24 UTC 2025","passed","Wed Aug 27 01:34:24 UTC 2025","","stop","",""
"","1","should handle case with all peers already connected","ConnectionLimiter","Wed Aug 27 01:34:13 UTC 2025","passed","Wed Aug 27 01:34:13 UTC 2025","","dialPeersFromStore","",""
"","1","should update peer store before dialing","DiscoveryDialer","Wed Aug 27 01:34:13 UTC 2025","passed","Wed Aug 27 01:34:13 UTC 2025","","peer discovery handling","",""
"","0","should clear all timers","KeepAliveManager","Wed Aug 27 01:34:14 UTC 2025","passed","Wed Aug 27 01:34:14 UTC 2025","","stop","",""
"","1","should return null for non-existent peer","ConnectionLimiter","Wed Aug 27 01:34:13 UTC 2025","passed","Wed Aug 27 01:34:13 UTC 2025","","getPeer","",""
"","0","should dispatch connect and disconnect events","PeerManager","Wed Aug 27 01:34:45 UTC 2025","passed","Wed Aug 27 01:34:45 UTC 2025","","","",""
"","1","should return false when peer is not on the specified shard","ShardReader","Wed Aug 27 01:34:13 UTC 2025","passed","Wed Aug 27 01:34:13 UTC 2025","","isPeerOnShard","",""
"","1","ENRTree (tree): should parse a DNS tree entry","ENRTree","Wed Aug 27 01:34:23 UTC 2025","passed","Wed Aug 27 01:34:23 UTC 2025","","","",""
"","0","Round trip binary serialization","Waku Message version 0","Wed Aug 27 01:34:14 UTC 2025","passed","Wed Aug 27 01:34:14 UTC 2025","","","",""
"","1","should remove CONNECTION_LOCKED_TAG from peer connections when unlocking","PeerManager","Wed Aug 27 01:34:45 UTC 2025","passed","Wed Aug 27 01:34:45 UTC 2025","","","",""
"","0","should throw an error for non-numeric clusterId: /waku/2/rs/$/1","pubsubTopicToSingleShardInfo with various invalid formats","Wed Aug 27 01:33:57 UTC 2025","passed","Wed Aug 27 01:33:57 UTC 2025","","","",""
"","1","should start connection monitor interval and dial on waku:connection if enableAutoRecovery is true","ConnectionLimiter","Wed Aug 27 01:34:13 UTC 2025","passed","Wed Aug 27 01:34:13 UTC 2025","","autoRecovery flag","",""
"","1","should remove event listeners","ConnectionLimiter","Wed Aug 27 01:34:13 UTC 2025","passed","Wed Aug 27 01:34:13 UTC 2025","","stop","",""
"","0","should wait for Filter peer to be connected","waitForRemotePeer","Wed Aug 27 01:34:45 UTC 2025","passed","Wed Aug 27 01:34:45 UTC 2025","","","",""
"","0","should invoke callbacks when receiving a message","Filter Subscription","Wed Aug 27 01:34:45 UTC 2025","passed","Wed Aug 27 01:34:45 UTC 2025","","","",""
"","0","should return false when peer shard info is not found","ShardReader","Wed Aug 27 01:34:13 UTC 2025","passed","Wed Aug 27 01:34:13 UTC 2025","","isPeerOnShard","",""
"","6","returns all values when wanted number matches available values","Discovery","Wed Aug 27 01:34:22 UTC 2025","passed","Wed Aug 27 01:34:22 UTC 2025","","","",""
"","3","should handle shard reader errors gracefully","Dialer","Wed Aug 27 01:34:13 UTC 2025","passed","Wed Aug 27 01:34:13 UTC 2025","","shard reader integration","",""
"","0","should return cached hash on subsequent access","DecodedMessage lazy hash initialization","Wed Aug 27 01:34:14 UTC 2025","passed","Wed Aug 27 01:34:14 UTC 2025","","","",""
"","1","should handle large number of peers request","PeerExchange","Wed Aug 27 01:34:23 UTC 2025","passed","Wed Aug 27 01:34:23 UTC 2025","","query","",""
"","1","Init the array if not present","pushOrInitMapSet","Wed Aug 27 01:33:56 UTC 2025","passed","Wed Aug 27 01:33:56 UTC 2025","","","",""
"","0","should be able to decode the field with STORE and LIGHTPUSH protocols set to true","ENR waku2 codec","Wed Aug 27 01:34:02 UTC 2025","passed","Wed Aug 27 01:34:02 UTC 2025","","Decoding","",""
"","1","should hash ""!@#$%^&*()"" with n=0 and maxValue=1000 correctly","hashN","Wed Aug 27 01:34:58 UTC 2025","passed","Wed Aug 27 01:34:58 UTC 2025","","","",""
"","0","Push to array if already present","pushOrInitMapSet","Wed Aug 27 01:33:56 UTC 2025","passed","Wed Aug 27 01:33:56 UTC 2025","","","",""
"","0","should start periodic discovery on start","PeerExchangeDiscovery","Wed Aug 27 01:34:24 UTC 2025","passed","Wed Aug 27 01:34:24 UTC 2025","","continuous discovery interval","",""
"","0","should stop and cleanup resources","Filter Subscription","Wed Aug 27 01:34:45 UTC 2025","passed","Wed Aug 27 01:34:45 UTC 2025","","","",""
"","0","should hash """" with n=1 and maxValue=10000 correctly","hashN","Wed Aug 27 01:34:58 UTC 2025","passed","Wed Aug 27 01:34:58 UTC 2025","","","",""
"","5","should add event listener for peer:discovery","DiscoveryDialer","Wed Aug 27 01:34:13 UTC 2025","passed","Wed Aug 27 01:34:13 UTC 2025","","start","",""
"","0","should be sent without a timestamp, causal history, or bloom filter","MessageChannel","Wed Aug 27 01:35:04 UTC 2025","passed","Wed Aug 27 01:35:04 UTC 2025","","Ephemeral messages","",""
"","0","groups content topics by expected pubsub topic","contentTopicsByPubsubTopic","Wed Aug 27 01:33:57 UTC 2025","passed","Wed Aug 27 01:33:57 UTC 2025","","","",""
"","0","should remove event listener for peer:discovery","DiscoveryDialer","Wed Aug 27 01:34:13 UTC 2025","passed","Wed Aug 27 01:34:13 UTC 2025","","stop","",""
"","1","should hash ""!@#$%^&*()"" with n=0 and maxValue=100 correctly","hashN","Wed Aug 27 01:34:58 UTC 2025","passed","Wed Aug 27 01:34:58 UTC 2025","","","",""
"","0","should create ShardReader with auto sharding network config","ShardReader","Wed Aug 27 01:34:13 UTC 2025","passed","Wed Aug 27 01:34:13 UTC 2025","","constructor","",""
"","1","Fields are not dropped","to proto message","Wed Aug 27 01:34:14 UTC 2025","passed","Wed Aug 27 01:34:14 UTC 2025","","","",""
"","0","throws on content topic with too few or too many fields","ensureValidContentTopic","Wed Aug 27 01:33:56 UTC 2025","passed","Wed Aug 27 01:33:56 UTC 2025","","","",""
"","0","should return false when pubsub topic parsing fails","ShardReader","Wed Aug 27 01:34:13 UTC 2025","passed","Wed Aug 27 01:34:13 UTC 2025","","isPeerOnTopic","",""
"","1","should hash ""test123"" with n=0 and maxValue=1000 correctly","hashN","Wed Aug 27 01:34:58 UTC 2025","passed","Wed Aug 27 01:34:58 UTC 2025","","","",""
"","1","should handle ENR without shardInfo","PeerExchangeDiscovery","Wed Aug 27 01:34:24 UTC 2025","passed","Wed Aug 27 01:34:24 UTC 2025","","query","",""
"","1","accepts valid content-filtered query","StoreQueryRequest validation","Wed Aug 27 01:34:13 UTC 2025","passed","Wed Aug 27 01:34:13 UTC 2025","","","",""
"","0","should return usable stream attached to connection","StreamManager","Wed Aug 27 01:34:14 UTC 2025","passed","Wed Aug 27 01:34:14 UTC 2025","","","",""
"","0","throws if decoders don't match content topics","StoreCore","Wed Aug 27 01:34:14 UTC 2025","passed","Wed Aug 27 01:34:14 UTC 2025","","queryPerPage","",""
"","0","should throw an error for invalid PubsubTopic format: /incorrect/format","pubsubTopicToSingleShardInfo with various invalid formats","Wed Aug 27 01:33:57 UTC 2025","passed","Wed Aug 27 01:33:57 UTC 2025","","","",""
"","0","should create PeerExchangeDiscovery instance","PeerExchangeDiscovery","Wed Aug 27 01:34:24 UTC 2025","passed","Wed Aug 27 01:34:24 UTC 2025","","wakuPeerExchangeDiscovery factory","",""
"","0","does not throw on valid cases","ensureValidContentTopic","Wed Aug 27 01:33:56 UTC 2025","passed","Wed Aug 27 01:33:56 UTC 2025","","","",""
"","0","should add received messages to bloom filter","MessageChannel","Wed Aug 27 01:35:04 UTC 2025","passed","Wed Aug 27 01:35:04 UTC 2025","","receiving a message","",""
"","0","messageHash returns a Uint8Array","messageHash and messageHashStr","Wed Aug 27 01:34:13 UTC 2025","passed","Wed Aug 27 01:34:13 UTC 2025","","","",""
"","1","should handle task timeouts","RetryManager","Wed Aug 27 01:34:44 UTC 2025","passed","Wed Aug 27 01:34:44 UTC 2025","","","",""
"","0","should attach causal history and bloom filter to each message","MessageChannel","Wed Aug 27 01:35:04 UTC 2025","passed","Wed Aug 27 01:35:04 UTC 2025","","sending a message ","",""
"","0","should dial peer when on same shard","Dialer","Wed Aug 27 01:34:13 UTC 2025","passed","Wed Aug 27 01:34:13 UTC 2025","","dial","",""
"","1","should reject if WakuNode is not started","waitForRemotePeer","Wed Aug 27 01:34:45 UTC 2025","passed","Wed Aug 27 01:34:45 UTC 2025","","","",""
"","0","should not receive a peer event before start","Peer Cache Discovery","Wed Aug 27 01:34:28 UTC 2025","passed","Wed Aug 27 01:34:28 UTC 2025","interface-peer-discovery compliance tests","Compliance Tests","",""
"","0","should stop peer exchange discovery","PeerExchangeDiscovery","Wed Aug 27 01:34:24 UTC 2025","passed","Wed Aug 27 01:34:24 UTC 2025","","stop","",""
"","0","should handle zero peers request","PeerExchange","Wed Aug 27 01:34:23 UTC 2025","passed","Wed Aug 27 01:34:23 UTC 2025","","query","",""
"","0","should hash """" with n=2 and maxValue=100 correctly","hashN","Wed Aug 27 01:34:58 UTC 2025","passed","Wed Aug 27 01:34:58 UTC 2025","","","",""
"","1","should maintain desired error rate","BloomFilter","Wed Aug 27 01:35:01 UTC 2025","passed","Wed Aug 27 01:35:01 UTC 2025","","","",""
"","0","should return false when peer is not on topic","ConnectionManager","Wed Aug 27 01:34:14 UTC 2025","passed","Wed Aug 27 01:34:14 UTC 2025","","isPeerOnTopic","",""
"","0","should set default options when no config provided","ConnectionManager","Wed Aug 27 01:34:14 UTC 2025","passed","Wed Aug 27 01:34:14 UTC 2025","","constructor","",""
"","0","should be empty after removing the only subscription","Filter Subscription","Wed Aug 27 01:34:45 UTC 2025","passed","Wed Aug 27 01:34:45 UTC 2025","","","",""
"","0","should increase lamport timestamp","MessageChannel","Wed Aug 27 01:35:04 UTC 2025","passed","Wed Aug 27 01:35:04 UTC 2025","","receiving a message","",""
"","1","should hash """" with n=1 and maxValue=1000 correctly","hashN","Wed Aug 27 01:34:58 UTC 2025","passed","Wed Aug 27 01:34:58 UTC 2025","","","",""
"","1","throws on content topic with empty encoding field","ensureValidContentTopic","Wed Aug 27 01:33:56 UTC 2025","passed","Wed Aug 27 01:33:56 UTC 2025","","","",""
"","0","should return true when peer is on the same cluster","ShardReader","Wed Aug 27 01:34:13 UTC 2025","passed","Wed Aug 27 01:34:13 UTC 2025","","isPeerOnNetwork","",""
"","0","should have no discoveries enabled by default","Default Peer Discoveries","Wed Aug 27 01:34:44 UTC 2025","passed","Wed Aug 27 01:34:44 UTC 2025","","","",""
"","0","should mark all messages in causal history as acknowledged","MessageChannel","Wed Aug 27 01:35:04 UTC 2025","passed","Wed Aug 27 01:35:04 UTC 2025","","reviewing ack status","",""
"","0","should correctly map /0/toychat/2/huilong/proto to shard index 3","contentTopicToShardIndex","Wed Aug 27 01:33:56 UTC 2025","passed","Wed Aug 27 01:33:56 UTC 2025","","","",""
"","0","should skip peers without ENR","PeerExchangeDiscovery","Wed Aug 27 01:34:24 UTC 2025","passed","Wed Aug 27 01:34:24 UTC 2025","","query","",""
"","0","should handle peer connect event","NetworkMonitor","Wed Aug 27 01:34:12 UTC 2025","passed","Wed Aug 27 01:34:12 UTC 2025","","peer connection events","",""
"","1","should hash ""hello"" with n=5 and maxValue=10000 correctly","hashN","Wed Aug 27 01:34:58 UTC 2025","passed","Wed Aug 27 01:34:58 UTC 2025","","","",""
"","0","should correctly encode and decode relay shards using rsv format (Bit Vector)","Relay Shard codec","Wed Aug 27 01:33:57 UTC 2025","passed","Wed Aug 27 01:33:57 UTC 2025","","","",""
"","0","should do nothing when connections still exist","ConnectionLimiter","Wed Aug 27 01:34:13 UTC 2025","passed","Wed Aug 27 01:34:13 UTC 2025","","onDisconnectedEvent","",""
"","0","should hash ""Lorem ipsum dolor sit amet"" with n=5 and maxValue=1000 correctly","hashN","Wed Aug 27 01:34:58 UTC 2025","passed","Wed Aug 27 01:34:58 UTC 2025","","","",""
"","1","should handle multiple query options for time ranges","Store","Wed Aug 27 01:34:45 UTC 2025","passed","Wed Aug 27 01:34:45 UTC 2025","","queryGenerator","",""
"","0","should successfully query peers and return peer infos","PeerExchange","Wed Aug 27 01:34:23 UTC 2025","passed","Wed Aug 27 01:34:23 UTC 2025","","query","",""
"","0","should be able to encode the field with ALL protocols set to false","ENR waku2 codec","Wed Aug 27 01:34:02 UTC 2025","passed","Wed Aug 27 01:34:02 UTC 2025","","Encoding","",""
"","1","should return empty array when no peers connected","ConnectionManager","Wed Aug 27 01:34:14 UTC 2025","passed","Wed Aug 27 01:34:14 UTC 2025","","getConnectedPeers","",""
"","1","should return Multiaddr when Multiaddr input is provided","mapToPeerIdOrMultiaddr","Wed Aug 27 01:34:13 UTC 2025","passed","Wed Aug 27 01:34:13 UTC 2025","","","",""
"","1","should maintain proper timestamps if all messages received","MessageChannel","Wed Aug 27 01:35:04 UTC 2025","passed","Wed Aug 27 01:35:04 UTC 2025","","receiving a message","",""
"","1","should fail to send if no connected peers found","LightPush SDK","Wed Aug 27 01:34:45 UTC 2025","passed","Wed Aug 27 01:34:45 UTC 2025","","","",""
"","0","should process successful peer exchange query","PeerExchangeDiscovery","Wed Aug 27 01:34:24 UTC 2025","passed","Wed Aug 27 01:34:24 UTC 2025","","query","",""
"","0","should create ConnectionManager with relay","ConnectionManager","Wed Aug 27 01:34:14 UTC 2025","passed","Wed Aug 27 01:34:14 UTC 2025","","constructor","",""
"","0","should handle network check errors gracefully","Dialer","Wed Aug 27 01:34:13 UTC 2025","passed","Wed Aug 27 01:34:13 UTC 2025","","shard reader integration","",""
"","1","should return false when unsubscribing from a non-existing subscription","Filter SDK","Wed Aug 27 01:34:45 UTC 2025","passed","Wed Aug 27 01:34:45 UTC 2025","","","",""
"","0","retrieves all peers (3) when branch entries are composed of multiple strings","DNS Node Discovery w/ capabilities","Wed Aug 27 01:34:24 UTC 2025","passed","Wed Aug 27 01:34:24 UTC 2025","","","",""
"","1","should throw error - no id","ENR","Wed Aug 27 01:34:03 UTC 2025","passed","Wed Aug 27 01:34:03 UTC 2025","","Verify","",""
"","2","should unlock peer and allow reuse after renewPeer","PeerManager","Wed Aug 27 01:34:45 UTC 2025","passed","Wed Aug 27 01:34:45 UTC 2025","","","",""
"","0","messageHashStr returns the same value as bytesToHex(messageHash)","messageHash and messageHashStr","Wed Aug 27 01:34:13 UTC 2025","passed","Wed Aug 27 01:34:13 UTC 2025","","","",""
"","1","should encodeTxt and decodeTxt","ENR","Wed Aug 27 01:34:03 UTC 2025","passed","Wed Aug 27 01:34:03 UTC 2025","","Txt codec","",""
"","0","should skip peers without peer exchange protocol","PeerExchangeDiscovery","Wed Aug 27 01:34:24 UTC 2025","passed","Wed Aug 27 01:34:24 UTC 2025","","runQuery","",""
"","1","yields undefined for messages without content topic","StoreCore","Wed Aug 27 01:34:14 UTC 2025","passed","Wed Aug 27 01:34:14 UTC 2025","","queryPerPage","",""
"","1","should respect custom numPeersToUse configuration","PeerManager","Wed Aug 27 01:34:45 UTC 2025","passed","Wed Aug 27 01:34:45 UTC 2025","","","",""
"","0","Waku message hash computation (message is IProtoMessage with version)","Message Hash: RFC Test Vectors","Wed Aug 27 01:34:13 UTC 2025","passed","Wed Aug 27 01:34:13 UTC 2025","","","",""
"","0","should stop ping timers on peer disconnect","KeepAliveManager","Wed Aug 27 01:34:14 UTC 2025","passed","Wed Aug 27 01:34:14 UTC 2025","","peer disconnect event handling","",""
"","0","should create PeerExchange instance with components","PeerExchange","Wed Aug 27 01:34:23 UTC 2025","passed","Wed Aug 27 01:34:23 UTC 2025","","query","",""
"","0","Relay + Store","ENR","Wed Aug 27 01:34:03 UTC 2025","passed","Wed Aug 27 01:34:03 UTC 2025","","Waku2 key: decode","",""
"","0","should be able to decode the field with only STORE set to true","ENR waku2 codec","Wed Aug 27 01:34:02 UTC 2025","passed","Wed Aug 27 01:34:02 UTC 2025","","Decoding","",""
"","0","should dial peer when peer is discovered","DiscoveryDialer","Wed Aug 27 01:34:13 UTC 2025","passed","Wed Aug 27 01:34:13 UTC 2025","","peer discovery handling","",""
"","0","should return PeerId when PeerId is provided","mapToPeerIdOrMultiaddr","Wed Aug 27 01:34:13 UTC 2025","passed","Wed Aug 27 01:34:13 UTC 2025","","","",""
"","0","should hash ""hello"" with n=0 and maxValue=1000 correctly","hashN","Wed Aug 27 01:34:58 UTC 2025","passed","Wed Aug 27 01:34:58 UTC 2025","","","",""
"","0","should compute hash only when first accessed","DecodedMessage lazy hash initialization","Wed Aug 27 01:34:14 UTC 2025","passed","Wed Aug 27 01:34:14 UTC 2025","","","",""
"","0","should return only peers supporting the requested protocol and pubsub topic","PeerManager","Wed Aug 27 01:34:45 UTC 2025","passed","Wed Aug 27 01:34:45 UTC 2025","","","",""
"","0","should encode/decode to text encoding","ENR","Wed Aug 27 01:34:03 UTC 2025","passed","Wed Aug 27 01:34:03 UTC 2025","","Static tests","",""
"","0","should successfully unsubscribe from an existing subscription","Filter SDK","Wed Aug 27 01:34:45 UTC 2025","passed","Wed Aug 27 01:34:45 UTC 2025","","","",""
"","0","should enable only dns and localPeerCache when peerExchange is disabled","Default Peer Discoveries","Wed Aug 27 01:34:44 UTC 2025","passed","Wed Aug 27 01:34:44 UTC 2025","","","",""
"","0","ENRTree (tree): should error if DNS tree entry is misformatted","ENRTree","Wed Aug 27 01:34:23 UTC 2025","passed","Wed Aug 27 01:34:23 UTC 2025","","","",""
"","1","messageHashStr returns a hex string","messageHash and messageHashStr","Wed Aug 27 01:34:13 UTC 2025","passed","Wed Aug 27 01:34:13 UTC 2025","","","",""
"","2","should hash """" with n=0 and maxValue=1000 correctly","hashN","Wed Aug 27 01:34:58 UTC 2025","passed","Wed Aug 27 01:34:58 UTC 2025","","","",""
"","1","does not validate decoders for hash queries","StoreCore","Wed Aug 27 01:34:14 UTC 2025","passed","Wed Aug 27 01:34:14 UTC 2025","","queryPerPage","",""
"","1","should correctly map /app/27/sometopic/someencoding to shard index 5","contentTopicToShardIndex","Wed Aug 27 01:33:56 UTC 2025","passed","Wed Aug 27 01:33:56 UTC 2025","","","",""
"","0","should add to incoming buffer if dependencies are not met","MessageChannel","Wed Aug 27 01:35:04 UTC 2025","passed","Wed Aug 27 01:35:04 UTC 2025","","receiving a message","",""
"","0","should decode valid enr successfully","ENR","Wed Aug 27 01:34:03 UTC 2025","passed","Wed Aug 27 01:34:03 UTC 2025","","Txt codec","",""
"","1","should insert message into bloom filter","MessageChannel","Wed Aug 27 01:35:04 UTC 2025","passed","Wed Aug 27 01:35:04 UTC 2025","","sending a message ","",""
"","0","should never report false negatives","BloomFilter","Wed Aug 27 01:35:01 UTC 2025","passed","Wed Aug 27 01:35:01 UTC 2025","","","",""
"","0","should be safe to call multiple times","ConnectionManager","Wed Aug 27 01:34:14 UTC 2025","passed","Wed Aug 27 01:34:14 UTC 2025","","start","",""
"","0","should hash ""Lorem ipsum dolor sit amet"" with n=2 and maxValue=100 correctly","hashN","Wed Aug 27 01:34:58 UTC 2025","passed","Wed Aug 27 01:34:58 UTC 2025","","","",""
"","1","should hash ""!@#$%^&*()"" with n=0 and maxValue=10000 correctly","hashN","Wed Aug 27 01:34:58 UTC 2025","passed","Wed Aug 27 01:34:58 UTC 2025","","","",""
"","1","Stops search when maxGet is reached","Fetch nodes","Wed Aug 27 01:34:23 UTC 2025","passed","Wed Aug 27 01:34:23 UTC 2025","","","",""
"","0","should be able to decode the field with only FILTER set to true","ENR waku2 codec","Wed Aug 27 01:34:02 UTC 2025","passed","Wed Aug 27 01:34:02 UTC 2025","","Decoding","",""
"","0","should hash ""Lorem ipsum dolor sit amet"" with n=0 and maxValue=100 correctly","hashN","Wed Aug 27 01:34:58 UTC 2025","passed","Wed Aug 27 01:34:58 UTC 2025","","","",""
"","0","should get / set UDP multiaddr","ENR","Wed Aug 27 01:34:03 UTC 2025","passed","Wed Aug 27 01:34:03 UTC 2025","","Multiaddr getters and setters","",""
"","1","should create RPC request with correct parameters","PeerExchange","Wed Aug 27 01:34:23 UTC 2025","passed","Wed Aug 27 01:34:23 UTC 2025","","query","",""
"","0","should push the message to the outgoing buffer","MessageChannel","Wed Aug 27 01:35:04 UTC 2025","passed","Wed Aug 27 01:35:04 UTC 2025","","sending a message ","",""
"","0","should get all peers from store","ConnectionLimiter","Wed Aug 27 01:34:13 UTC 2025","passed","Wed Aug 27 01:34:13 UTC 2025","","dialPeersFromStore","",""
"","0","should not dial on waku:connection if enableAutoRecovery is false, but should dial on start","ConnectionLimiter","Wed Aug 27 01:34:13 UTC 2025","passed","Wed Aug 27 01:34:13 UTC 2025","","autoRecovery flag","",""
"","0","Encoder throws on undefined content topic","Ensures content topic is defined","Wed Aug 27 01:34:14 UTC 2025","passed","Wed Aug 27 01:34:14 UTC 2025","","","",""
"","0","should dial peers from store when no connections remain","ConnectionLimiter","Wed Aug 27 01:34:13 UTC 2025","passed","Wed Aug 27 01:34:13 UTC 2025","","onDisconnectedEvent","",""
"","1","should update ack status of messages in outgoing buffer","MessageChannel","Wed Aug 27 01:35:04 UTC 2025","passed","Wed Aug 27 01:35:04 UTC 2025","","Sync messages","",""
"","1","should properly compute the node id","ENR","Wed Aug 27 01:34:03 UTC 2025","passed","Wed Aug 27 01:34:03 UTC 2025","","Static tests","",""
"","0","should create PeerExchangeDiscovery with default options","PeerExchangeDiscovery","Wed Aug 27 01:34:24 UTC 2025","passed","Wed Aug 27 01:34:24 UTC 2025","","wakuPeerExchangeDiscovery factory","",""
"","4","should perform ping and update peer store on timer","KeepAliveManager","Wed Aug 27 01:34:14 UTC 2025","passed","Wed Aug 27 01:34:14 UTC 2025","","ping timer management","",""
"","0","should allow redial after cooldown period","Dialer","Wed Aug 27 01:34:13 UTC 2025","passed","Wed Aug 27 01:34:13 UTC 2025","","dial","",""
"","1","should hash ""test123"" with n=5 and maxValue=100 correctly","hashN","Wed Aug 27 01:34:58 UTC 2025","passed","Wed Aug 27 01:34:58 UTC 2025","","","",""
"","1","udp ip6 address","Multiaddr from fields","Wed Aug 27 01:34:02 UTC 2025","passed","Wed Aug 27 01:34:02 UTC 2025","","","",""
"","1","should handle ping failures gracefully","KeepAliveManager","Wed Aug 27 01:34:14 UTC 2025","passed","Wed Aug 27 01:34:14 UTC 2025","","ping timer management","",""
"","0","should successfully stop","Filter SDK","Wed Aug 27 01:34:45 UTC 2025","passed","Wed Aug 27 01:34:45 UTC 2025","","","",""
"","0","should not be delivered","MessageChannel","Wed Aug 27 01:35:04 UTC 2025","passed","Wed Aug 27 01:35:04 UTC 2025","","Sync messages","",""
"","0","should throw an error for non-numeric shard: /waku/2/rs/1/!","pubsubTopicToSingleShardInfo with various invalid formats","Wed Aug 27 01:33:57 UTC 2025","passed","Wed Aug 27 01:33:57 UTC 2025","","","",""
"","0","should chunk queries when time window exceeds maxTimeLimit","Store","Wed Aug 27 01:34:45 UTC 2025","passed","Wed Aug 27 01:34:45 UTC 2025","","queryGenerator","",""
"","0","should start all internal components","ConnectionManager","Wed Aug 27 01:34:14 UTC 2025","passed","Wed Aug 27 01:34:14 UTC 2025","","start","",""
"","0","should correctly map /app/20/sometopic/someencoding to shard index 0 with networkShards 1","contentTopicToShardIndex","Wed Aug 27 01:33:56 UTC 2025","passed","Wed Aug 27 01:33:56 UTC 2025","","","",""
"","0","should hash ""hello"" with n=2 and maxValue=100 correctly","hashN","Wed Aug 27 01:34:58 UTC 2025","passed","Wed Aug 27 01:34:58 UTC 2025","","","",""
"","6","should serialize and deserialize correctly","BloomFilter","Wed Aug 27 01:35:01 UTC 2025","passed","Wed Aug 27 01:35:01 UTC 2025","","","",""
"","1","Accepts a valid Waku Message","Message Validator","Wed Aug 27 01:34:49 UTC 2025","passed","Wed Aug 27 01:34:49 UTC 2025","","","",""
"","1","should hash ""Lorem ipsum dolor sit amet"" with n=1 and maxValue=1000 correctly","hashN","Wed Aug 27 01:34:58 UTC 2025","passed","Wed Aug 27 01:34:58 UTC 2025","","","",""
"","0","Decoder throws on empty string content topic","Ensures content topic is defined","Wed Aug 27 01:34:14 UTC 2025","passed","Wed Aug 27 01:34:14 UTC 2025","","","",""
"","0","should create dialer with libp2p and shardReader","Dialer","Wed Aug 27 01:34:13 UTC 2025","passed","Wed Aug 27 01:34:13 UTC 2025","","constructor","",""
"","1","should properly create peer info with all multiaddrs","ENR","Wed Aug 27 01:34:03 UTC 2025","passed","Wed Aug 27 01:34:03 UTC 2025","","Location multiaddr","",""
"","0","should hash ""Lorem ipsum dolor sit amet"" with n=1 and maxValue=10000 correctly","hashN","Wed Aug 27 01:34:58 UTC 2025","passed","Wed Aug 27 01:34:58 UTC 2025","","","",""
"","0","should hash ""!@#$%^&*()"" with n=2 and maxValue=1000 correctly","hashN","Wed Aug 27 01:34:58 UTC 2025","passed","Wed Aug 27 01:34:58 UTC 2025","","","",""
"","0","should filter peers by codec","ConnectionManager","Wed Aug 27 01:34:14 UTC 2025","passed","Wed Aug 27 01:34:14 UTC 2025","","getConnectedPeers","",""
"","0","should hash ""hello"" with n=1 and maxValue=10000 correctly","hashN","Wed Aug 27 01:34:58 UTC 2025","passed","Wed Aug 27 01:34:58 UTC 2025","","","",""
"","9","should not create multiple intervals when called multiple times","Dialer","Wed Aug 27 01:34:13 UTC 2025","passed","Wed Aug 27 01:34:13 UTC 2025","","start","",""
"","0","should dial with PeerId and return stream","ConnectionManager","Wed Aug 27 01:34:14 UTC 2025","passed","Wed Aug 27 01:34:14 UTC 2025","","dial","",""
"","0","should not mark messages in causal history as acknowledged if it's our own message","MessageChannel","Wed Aug 27 01:35:04 UTC 2025","passed","Wed Aug 27 01:35:04 UTC 2025","","reviewing ack status","",""
"","1","should dispatch CustomEvent with correct type and detail","NetworkMonitor","Wed Aug 27 01:34:12 UTC 2025","passed","Wed Aug 27 01:34:12 UTC 2025","","dispatchNetworkEvent","",""
"","1","should retry if all attempts fail","RetryManager","Wed Aug 27 01:34:44 UTC 2025","passed","Wed Aug 27 01:34:44 UTC 2025","","","",""
"","15","should send to specified number of peers of used peers","LightPush SDK","Wed Aug 27 01:34:45 UTC 2025","passed","Wed Aug 27 01:34:45 UTC 2025","","","",""
"","0","Meta field set when metaSetter is specified","Waku Message version 0","Wed Aug 27 01:34:14 UTC 2025","passed","Wed Aug 27 01:34:14 UTC 2025","","","",""
"","0","should sort by messageId when timestamps are equal","ContentMessage comparison with < operator","Wed Aug 27 01:35:03 UTC 2025","passed","Wed Aug 27 01:35:03 UTC 2025","","","",""
"","1","should properly create location multiaddrs - tcp6","ENR","Wed Aug 27 01:34:03 UTC 2025","passed","Wed Aug 27 01:34:03 UTC 2025","","Location multiaddr","",""
"","1","Check meta is set [ecies]","Ecies Encryption","Wed Aug 27 01:34:35 UTC 2025","passed","Wed Aug 27 01:34:35 UTC 2025","","","",""
"","1","ENRTree (branch): should parse and verify a single component DNS branch entry","ENRTree","Wed Aug 27 01:34:23 UTC 2025","passed","Wed Aug 27 01:34:23 UTC 2025","","","",""
"","1","ends if response has no messages","StoreCore","Wed Aug 27 01:34:14 UTC 2025","passed","Wed Aug 27 01:34:14 UTC 2025","","queryPerPage","",""
"","1","should return false when peer is not on the pubsub topic shard","ShardReader","Wed Aug 27 01:34:13 UTC 2025","passed","Wed Aug 27 01:34:13 UTC 2025","","isPeerOnTopic","",""
"","0","should enable only peerCache when dns and peerExchange are disabled","Default Peer Discoveries","Wed Aug 27 01:34:44 UTC 2025","passed","Wed Aug 27 01:34:44 UTC 2025","","","",""
"","1","Encoder throws on undefined content topic","Ensures content topic is defined","Wed Aug 27 01:34:34 UTC 2025","passed","Wed Aug 27 01:34:34 UTC 2025","","","",""
"","1","should invoke callbacks only when newly receiving message is given","Filter Subscription","Wed Aug 27 01:34:45 UTC 2025","passed","Wed Aug 27 01:34:45 UTC 2025","","","",""
"","0","should not fail to stop the service if it was not started","Peer Cache Discovery","Wed Aug 27 01:34:28 UTC 2025","passed","Wed Aug 27 01:34:28 UTC 2025","interface-peer-discovery compliance tests","Compliance Tests","",""
"","0","should be able to decode the field with only RELAY set to true","ENR waku2 codec","Wed Aug 27 01:34:02 UTC 2025","passed","Wed Aug 27 01:34:02 UTC 2025","","Decoding","",""
"","0","should return EMPTY_PAYLOAD when response field is missing","PeerExchange","Wed Aug 27 01:34:23 UTC 2025","passed","Wed Aug 27 01:34:23 UTC 2025","","query","",""
"","1","should properly create location multiaddrs - udp4","ENR","Wed Aug 27 01:34:03 UTC 2025","passed","Wed Aug 27 01:34:03 UTC 2025","","Location multiaddr","",""
"","0","should update lamport timestamp if greater than current timestamp and dependencies are met","MessageChannel","Wed Aug 27 01:35:04 UTC 2025","passed","Wed Aug 27 01:35:04 UTC 2025","","receiving a message","",""
"","0","should handle peer store errors gracefully","ConnectionLimiter","Wed Aug 27 01:34:13 UTC 2025","passed","Wed Aug 27 01:34:13 UTC 2025","","getPeer","",""
"","1","should not create timers for topics where peer is not in mesh","KeepAliveManager","Wed Aug 27 01:34:14 UTC 2025","passed","Wed Aug 27 01:34:14 UTC 2025","","relay timer management","",""
"","0","should throw an error for non-numeric clusterId: /waku/2/rs/-/1","pubsubTopicToSingleShardInfo with various invalid formats","Wed Aug 27 01:33:57 UTC 2025","passed","Wed Aug 27 01:33:57 UTC 2025","","","",""
"","0","should properly create location multiaddrs - tcp4","ENR","Wed Aug 27 01:34:03 UTC 2025","passed","Wed Aug 27 01:34:03 UTC 2025","","Location multiaddr","",""
"","0","should return different streams if requested simultaniously","StreamManager","Wed Aug 27 01:34:14 UTC 2025","passed","Wed Aug 27 01:34:14 UTC 2025","","","",""
"","0","should dial all remaining peers","ConnectionLimiter","Wed Aug 27 01:34:13 UTC 2025","passed","Wed Aug 27 01:34:13 UTC 2025","","dialPeersFromStore","",""
"","0","should skip peers without peerInfo in ENR","PeerExchangeDiscovery","Wed Aug 27 01:34:24 UTC 2025","passed","Wed Aug 27 01:34:24 UTC 2025","","query","",""
"","0","should load peers from local storage and dispatch events","Peer Cache Discovery","Wed Aug 27 01:34:28 UTC 2025","passed","Wed Aug 27 01:34:28 UTC 2025","","Unit Tests","",""
"","1","should dial peers from store when browser is connected","ConnectionLimiter","Wed Aug 27 01:34:13 UTC 2025","passed","Wed Aug 27 01:34:13 UTC 2025","","onWakuConnectionEvent","",""
"","2","should hash ""test123"" with n=2 and maxValue=10000 correctly","hashN","Wed Aug 27 01:34:58 UTC 2025","passed","Wed Aug 27 01:34:58 UTC 2025","","","",""
"","0","peer:update - should schedule stream creation IF protocol hit AND no stream found on connection","StreamManager","Wed Aug 27 01:34:14 UTC 2025","passed","Wed Aug 27 01:34:14 UTC 2025","","","",""
"","0","should hash """" with n=5 and maxValue=1000 correctly","hashN","Wed Aug 27 01:34:58 UTC 2025","passed","Wed Aug 27 01:34:58 UTC 2025","","","",""
"","3","should hash """" with n=0 and maxValue=100 correctly","hashN","Wed Aug 27 01:34:58 UTC 2025","passed","Wed Aug 27 01:34:58 UTC 2025","","","",""
"","0","should be able to encode the field with STORE and LIGHTPUSH protocols set to true","ENR waku2 codec","Wed Aug 27 01:34:02 UTC 2025","passed","Wed Aug 27 01:34:02 UTC 2025","","Encoding","",""
"","0","returns a subset of values when wanted number is lesser than available values","Discovery","Wed Aug 27 01:34:22 UTC 2025","passed","Wed Aug 27 01:34:22 UTC 2025","","","",""
"","0","should remove expired entries after TTL has passed","TTLSet","Wed Aug 27 01:34:44 UTC 2025","passed","Wed Aug 27 01:34:44 UTC 2025","","","",""
"","1","should throw an error for non-numeric shard: /waku/2/rs/1/$","pubsubTopicToSingleShardInfo with various invalid formats","Wed Aug 27 01:33:57 UTC 2025","passed","Wed Aug 27 01:33:57 UTC 2025","","","",""
"","0","should hash """" with n=2 and maxValue=1000 correctly","hashN","Wed Aug 27 01:34:58 UTC 2025","passed","Wed Aug 27 01:34:58 UTC 2025","","","",""
"","0","should decode valid enr with tcp successfully","ENR","Wed Aug 27 01:34:03 UTC 2025","passed","Wed Aug 27 01:34:03 UTC 2025","","Txt codec","",""
"","1","Decoder throws on undefined content topic","Ensures content topic is defined","Wed Aug 27 01:34:35 UTC 2025","passed","Wed Aug 27 01:34:35 UTC 2025","","","",""
"","0","should reject if Relay is requested but not mounted","waitForRemotePeer","Wed Aug 27 01:34:45 UTC 2025","passed","Wed Aug 27 01:34:45 UTC 2025","","","",""
"","0","should hash ""test123"" with n=0 and maxValue=100 correctly","hashN","Wed Aug 27 01:34:58 UTC 2025","passed","Wed Aug 27 01:34:58 UTC 2025","","","",""
"","1","should handle incoming messages","Filter SDK","Wed Aug 27 01:34:45 UTC 2025","passed","Wed Aug 27 01:34:45 UTC 2025","","","",""
"","1","should hash ""test123"" with n=2 and maxValue=100 correctly","hashN","Wed Aug 27 01:34:58 UTC 2025","passed","Wed Aug 27 01:34:58 UTC 2025","","","",""
"","1","ignores unrecognized TXT record formats","DNS Node Discovery","Wed Aug 27 01:34:24 UTC 2025","passed","Wed Aug 27 01:34:24 UTC 2025","","","",""
"","5","should add and check entries correctly","TTLSet","Wed Aug 27 01:34:44 UTC 2025","passed","Wed Aug 27 01:34:44 UTC 2025","","","",""
"","2","should return false when navigator.onLine is true but network is not connected","NetworkMonitor","Wed Aug 27 01:34:12 UTC 2025","passed","Wed Aug 27 01:34:12 UTC 2025","","isConnected","",""
"","0","should create ping timers when pingKeepAlive > 0","KeepAliveManager","Wed Aug 27 01:34:14 UTC 2025","passed","Wed Aug 27 01:34:14 UTC 2025","","ping timer management","",""
"","1","should throw an error for non-numeric clusterId: /waku/2/rs/\/1","pubsubTopicToSingleShardInfo with various invalid formats","Wed Aug 27 01:33:57 UTC 2025","passed","Wed Aug 27 01:33:57 UTC 2025","","","",""
"","1","Asymmetric encrypt & decrypt","Waku Encryption","Wed Aug 27 01:34:34 UTC 2025","passed","Wed Aug 27 01:34:34 UTC 2025","","","",""
"","0","should do nothing if at or below maxBootstrapPeers","ConnectionLimiter","Wed Aug 27 01:34:13 UTC 2025","passed","Wed Aug 27 01:34:13 UTC 2025","","maintainBootstrapConnections","",""
"","0","should check false positive rate","BloomFilter with special patterns","Wed Aug 27 01:35:01 UTC 2025","passed","Wed Aug 27 01:35:01 UTC 2025","","","",""
"","0","should register libp2p event listeners when start is called","PeerManager","Wed Aug 27 01:34:45 UTC 2025","passed","Wed Aug 27 01:34:45 UTC 2025","","","",""
"","1","should return the correct m/n for k = 7, targetError = 0.001","Probabilities","Wed Aug 27 01:34:57 UTC 2025","passed","Wed Aug 27 01:34:57 UTC 2025","","","",""
"","0","should not create relay timers when relay is not provided","KeepAliveManager","Wed Aug 27 01:34:14 UTC 2025","passed","Wed Aug 27 01:34:14 UTC 2025","","relay timer management","",""
"","0","should enable only dns and peerExchange when peerCache is disabled","Default Peer Discoveries","Wed Aug 27 01:34:44 UTC 2025","passed","Wed Aug 27 01:34:44 UTC 2025","","","",""
"","2","should handle queue overflow by adding peers to queue","Dialer","Wed Aug 27 01:34:13 UTC 2025","passed","Wed Aug 27 01:34:13 UTC 2025","","dial","",""
"","1","should hash ""hello"" with n=1 and maxValue=100 correctly","hashN","Wed Aug 27 01:34:58 UTC 2025","passed","Wed Aug 27 01:34:58 UTC 2025","","","",""
"","1","should be safe to call multiple times","Dialer","Wed Aug 27 01:34:13 UTC 2025","passed","Wed Aug 27 01:34:13 UTC 2025","","stop","",""
"","0","should not receive a peer event after stop","Peer Cache Discovery","Wed Aug 27 01:34:28 UTC 2025","passed","Wed Aug 27 01:34:28 UTC 2025","interface-peer-discovery compliance tests","Compliance Tests","",""
"","0","should start and setup intervals and event listeners","Filter Subscription","Wed Aug 27 01:34:45 UTC 2025","passed","Wed Aug 27 01:34:45 UTC 2025","","","",""
"","6","should clear dial history on stop","Dialer","Wed Aug 27 01:34:13 UTC 2025","passed","Wed Aug 27 01:34:13 UTC 2025","","stop","",""
"","0","should not dispatch event when already connected","NetworkMonitor","Wed Aug 27 01:34:12 UTC 2025","passed","Wed Aug 27 01:34:12 UTC 2025","","peer connection events","",""
"","0","Symmetric encrypt & Decrypt","Waku Encryption","Wed Aug 27 01:34:34 UTC 2025","passed","Wed Aug 27 01:34:34 UTC 2025","","","",""
"","0","should handle general insertion and lookup correctly","BloomFilter with special patterns","Wed Aug 27 01:35:01 UTC 2025","passed","Wed Aug 27 01:35:01 UTC 2025","","","",""
"","0","should hash ""Lorem ipsum dolor sit amet"" with n=2 and maxValue=1000 correctly","hashN","Wed Aug 27 01:34:58 UTC 2025","passed","Wed Aug 27 01:34:58 UTC 2025","","","",""
"","0","should create KeepAliveManager with required options","KeepAliveManager","Wed Aug 27 01:34:14 UTC 2025","passed","Wed Aug 27 01:34:14 UTC 2025","","constructor","",""
"","0","should handle hash queries without validation","Store","Wed Aug 27 01:34:45 UTC 2025","passed","Wed Aug 27 01:34:45 UTC 2025","","queryGenerator","",""
"","1","throws if time range exceeds MAX_TIME_RANGE","StoreCore","Wed Aug 27 01:34:14 UTC 2025","passed","Wed Aug 27 01:34:14 UTC 2025","","queryPerPage","",""
"","0","should initialize with custom TTL","PeerExchangeDiscovery","Wed Aug 27 01:34:24 UTC 2025","passed","Wed Aug 27 01:34:24 UTC 2025","","constructor","",""
"","2","should handle errors when removing globalThis listeners","NetworkMonitor","Wed Aug 27 01:34:12 UTC 2025","passed","Wed Aug 27 01:34:12 UTC 2025","","stop","",""
"","0","should not process empty queue","Dialer","Wed Aug 27 01:34:13 UTC 2025","passed","Wed Aug 27 01:34:13 UTC 2025","","queue processing","",""
"","0","throws an error for improperly formatted content topics","contentTopicsByPubsubTopic","Wed Aug 27 01:33:57 UTC 2025","passed","Wed Aug 27 01:33:57 UTC 2025","","","",""
"","0","should filter out already connected peers","ConnectionLimiter","Wed Aug 27 01:34:13 UTC 2025","passed","Wed Aug 27 01:34:13 UTC 2025","","dialPeersFromStore","",""
"","0","Waku message hash computation (meta attribute not present)","Message Hash: RFC Test Vectors","Wed Aug 27 01:34:13 UTC 2025","passed","Wed Aug 27 01:34:13 UTC 2025","","","",""
"","0","should reject if Filter is requested but not mounted","waitForRemotePeer","Wed Aug 27 01:34:45 UTC 2025","passed","Wed Aug 27 01:34:45 UTC 2025","","","",""
"","1","should return available peers with correct protocol and pubsub topic","PeerManager","Wed Aug 27 01:34:45 UTC 2025","passed","Wed Aug 27 01:34:45 UTC 2025","","","",""
"","0","Encoder throws on undefined content topic","Ensures content topic is defined","Wed Aug 27 01:34:35 UTC 2025","passed","Wed Aug 27 01:34:35 UTC 2025","","","",""
"","0","should requeue task if no peer is available","RetryManager","Wed Aug 27 01:34:44 UTC 2025","passed","Wed Aug 27 01:34:44 UTC 2025","","","",""
"","1","should hash ""test123"" with n=5 and maxValue=10000 correctly","hashN","Wed Aug 27 01:34:58 UTC 2025","passed","Wed Aug 27 01:34:58 UTC 2025","","","",""
"","3","should return NO_STREAM_AVAILABLE when stream creation fails","PeerExchange","Wed Aug 27 01:34:23 UTC 2025","passed","Wed Aug 27 01:34:23 UTC 2025","","query","",""
"","0","should correctly map /app/29/sometopic/someencoding to shard index 6","contentTopicToShardIndex","Wed Aug 27 01:33:56 UTC 2025","passed","Wed Aug 27 01:33:56 UTC 2025","","","",""
"","0","should allow a peer to be returned again after renewPeer is called","PeerManager","Wed Aug 27 01:34:45 UTC 2025","passed","Wed Aug 27 01:34:45 UTC 2025","","","",""
"","1","should not retry if at least one success","RetryManager","Wed Aug 27 01:34:44 UTC 2025","passed","Wed Aug 27 01:34:44 UTC 2025","","","",""
"","0","should return true even if peer has no overlapping shards","ShardReader","Wed Aug 27 01:34:13 UTC 2025","passed","Wed Aug 27 01:34:13 UTC 2025","","isPeerOnNetwork","",""
"","0","should skip peer when failed to dial recently","Dialer","Wed Aug 27 01:34:13 UTC 2025","passed","Wed Aug 27 01:34:13 UTC 2025","","dial","",""
"","6","should return false when navigator.onLine is false","NetworkMonitor","Wed Aug 27 01:34:12 UTC 2025","passed","Wed Aug 27 01:34:12 UTC 2025","","isConnected","",""
"","1","should skip peers without peer exchange protocol","PeerExchangeDiscovery","Wed Aug 27 01:34:24 UTC 2025","passed","Wed Aug 27 01:34:24 UTC 2025","","handleDiscoveredPeer","",""
"","0","should use configured peers when available","Store","Wed Aug 27 01:34:45 UTC 2025","passed","Wed Aug 27 01:34:45 UTC 2025","","queryGenerator","",""
"","0","should encode/decode to RLP encoding","ENR","Wed Aug 27 01:34:03 UTC 2025","passed","Wed Aug 27 01:34:03 UTC 2025","","Static tests","",""
"","1","should initialize with libp2p components","PeerExchange","Wed Aug 27 01:34:23 UTC 2025","passed","Wed Aug 27 01:34:23 UTC 2025","","constructor","",""
"","0","should skip peer when dialed recently","Dialer","Wed Aug 27 01:34:13 UTC 2025","passed","Wed Aug 27 01:34:13 UTC 2025","","dial","",""
"","6","should successfully query store with valid decoders and options","Store","Wed Aug 27 01:34:45 UTC 2025","passed","Wed Aug 27 01:34:45 UTC 2025","","queryGenerator","",""
"","1","returns nothing if no connections present","selectOpenConnection","Wed Aug 27 01:34:13 UTC 2025","passed","Wed Aug 27 01:34:13 UTC 2025","","","",""
"","0","uses static shard pubsub topic instead of autosharding when set","Sets sharding configuration correctly","Wed Aug 27 01:34:14 UTC 2025","passed","Wed Aug 27 01:34:14 UTC 2025","","","",""
"","0","should hash ""test123"" with n=1 and maxValue=10000 correctly","hashN","Wed Aug 27 01:34:58 UTC 2025","passed","Wed Aug 27 01:34:58 UTC 2025","","","",""
"","0","should add peer to queue when queue is not empty","Dialer","Wed Aug 27 01:34:13 UTC 2025","passed","Wed Aug 27 01:34:13 UTC 2025","","dial","",""
"","0","should throw an error for invalid PubsubTopic format: /waku/2/r/1/2","pubsubTopicToSingleShardInfo with various invalid formats","Wed Aug 27 01:33:57 UTC 2025","passed","Wed Aug 27 01:33:57 UTC 2025","","","",""
"","0","should throw an error for non-numeric clusterId: /waku/2/rs/x/1","pubsubTopicToSingleShardInfo with various invalid formats","Wed Aug 27 01:33:57 UTC 2025","passed","Wed Aug 27 01:33:57 UTC 2025","","","",""
"","0","should handle browser offline state overriding peer connections","NetworkMonitor","Wed Aug 27 01:34:12 UTC 2025","passed","Wed Aug 27 01:34:12 UTC 2025","","integration","",""
"","0","should not start if already started","PeerExchangeDiscovery","Wed Aug 27 01:34:24 UTC 2025","passed","Wed Aug 27 01:34:24 UTC 2025","","start","",""
"","1","Waku message hash computation (no timestamp)","Message Hash: RFC Test Vectors","Wed Aug 27 01:34:13 UTC 2025","passed","Wed Aug 27 01:34:13 UTC 2025","","","",""
"","0","should enable all discoveries when explicitly set","Default Peer Discoveries","Wed Aug 27 01:34:44 UTC 2025","passed","Wed Aug 27 01:34:44 UTC 2025","","","",""
"","0","should hash ""!@#$%^&*()"" with n=5 and maxValue=100 correctly","hashN","Wed Aug 27 01:34:58 UTC 2025","passed","Wed Aug 27 01:34:58 UTC 2025","","","",""
"","4","should handle empty peer infos gracefully","PeerExchange","Wed Aug 27 01:34:23 UTC 2025","passed","Wed Aug 27 01:34:23 UTC 2025","","query","",""
"","0","should handle peer identify event","PeerExchangeDiscovery","Wed Aug 27 01:34:24 UTC 2025","passed","Wed Aug 27 01:34:24 UTC 2025","","handleDiscoveredPeer","",""
"","4","should create ShardReader with static shards network config","ShardReader","Wed Aug 27 01:34:13 UTC 2025","passed","Wed Aug 27 01:34:13 UTC 2025","","constructor","",""
"","0","should be empty when created","Filter Subscription","Wed Aug 27 01:34:45 UTC 2025","passed","Wed Aug 27 01:34:45 UTC 2025","","","",""
"","1","should remove event listeners","KeepAliveManager","Wed Aug 27 01:34:14 UTC 2025","passed","Wed Aug 27 01:34:14 UTC 2025","","stop","",""
"","1","should track probabilistic acknowledgements of messages received in bloom filter","MessageChannel","Wed Aug 27 01:35:04 UTC 2025","passed","Wed Aug 27 01:35:04 UTC 2025","","reviewing ack status","",""
"","1","yields decoded messages","StoreCore","Wed Aug 27 01:34:14 UTC 2025","passed","Wed Aug 27 01:34:14 UTC 2025","","queryPerPage","",""
"","0","should hang up with PeerId and return true on success","ConnectionManager","Wed Aug 27 01:34:14 UTC 2025","passed","Wed Aug 27 01:34:14 UTC 2025","","hangUp","",""
"","0","should set field with only RELAY enabled","ENR","Wed Aug 27 01:34:03 UTC 2025","passed","Wed Aug 27 01:34:03 UTC 2025","","waku2 key round trip","",""
"","0","should hash ""!@#$%^&*()"" with n=2 and maxValue=10000 correctly","hashN","Wed Aug 27 01:34:58 UTC 2025","passed","Wed Aug 27 01:34:58 UTC 2025","","","",""
"","0","should lock peers when selected","PeerManager","Wed Aug 27 01:34:45 UTC 2025","passed","Wed Aug 27 01:34:45 UTC 2025","","","",""
"","0","should handle case with no peers in store","ConnectionLimiter","Wed Aug 27 01:34:13 UTC 2025","passed","Wed Aug 27 01:34:13 UTC 2025","","dialPeersFromStore","",""
"","0","should query peers that support peer exchange","PeerExchangeDiscovery","Wed Aug 27 01:34:24 UTC 2025","passed","Wed Aug 27 01:34:24 UTC 2025","","handlePeriodicDiscovery","",""
"","0","should partition messages based on acknowledgement status","MessageChannel","Wed Aug 27 01:35:04 UTC 2025","passed","Wed Aug 27 01:35:04 UTC 2025","","Sweeping outgoing buffer","",""
"","0","should set field with only LIGHTPUSH enabled","ENR","Wed Aug 27 01:34:03 UTC 2025","passed","Wed Aug 27 01:34:03 UTC 2025","","waku2 key round trip","",""
"","0","should correctly map /app/20/sometopic/someencoding to shard index 15 with networkShards 16","contentTopicToShardIndex","Wed Aug 27 01:33:56 UTC 2025","passed","Wed Aug 27 01:33:56 UTC 2025","","","",""
"","3","should return the correct m/n for k = 2, targetError = 0.1","Probabilities","Wed Aug 27 01:34:57 UTC 2025","passed","Wed Aug 27 01:34:57 UTC 2025","","","",""
"","0","should check connected peers if present and suitable","waitForRemotePeer","Wed Aug 27 01:34:45 UTC 2025","passed","Wed Aug 27 01:34:45 UTC 2025","","","",""
"","0","should create a new stream if no existing for protocol found","StreamManager","Wed Aug 27 01:34:14 UTC 2025","passed","Wed Aug 27 01:34:14 UTC 2025","","","",""
"","1","should handle errors when accessing navigator","NetworkMonitor","Wed Aug 27 01:34:12 UTC 2025","passed","Wed Aug 27 01:34:12 UTC 2025","","error handling","",""
"","0","should create ConnectionManager with required options","ConnectionManager","Wed Aug 27 01:34:14 UTC 2025","passed","Wed Aug 27 01:34:14 UTC 2025","","constructor","",""
"","0","should sort by lamportTimestamp when timestamps differ","ContentMessage comparison with < operator","Wed Aug 27 01:35:03 UTC 2025","passed","Wed Aug 27 01:35:03 UTC 2025","","","",""
"","0","should hash """" with n=0 and maxValue=10000 correctly","hashN","Wed Aug 27 01:34:58 UTC 2025","passed","Wed Aug 27 01:34:58 UTC 2025","","","",""
"","1","should increase lamport timestamp","MessageChannel","Wed Aug 27 01:35:04 UTC 2025","passed","Wed Aug 27 01:35:04 UTC 2025","","sending a message ","",""
"","1","should remove messages without delivering if timeout is exceeded","MessageChannel","Wed Aug 27 01:35:04 UTC 2025","passed","Wed Aug 27 01:35:04 UTC 2025","","Sweeping incoming buffer","",""
"","0","Decoder throws on empty string content topic","Ensures content topic is defined","Wed Aug 27 01:34:34 UTC 2025","passed","Wed Aug 27 01:34:34 UTC 2025","","","",""
"","0","should handle dial errors gracefully","DiscoveryDialer","Wed Aug 27 01:34:13 UTC 2025","passed","Wed Aug 27 01:34:13 UTC 2025","","peer discovery handling","",""
"","0","ENRTree (tree): should error if DNS tree entry is mis-prefixed","ENRTree","Wed Aug 27 01:34:23 UTC 2025","passed","Wed Aug 27 01:34:23 UTC 2025","","","",""
"","0","should hash ""hello"" with n=0 and maxValue=100 correctly","hashN","Wed Aug 27 01:34:58 UTC 2025","passed","Wed Aug 27 01:34:58 UTC 2025","","","",""
"","5","should hash """" with n=2 and maxValue=10000 correctly","hashN","Wed Aug 27 01:34:58 UTC 2025","passed","Wed Aug 27 01:34:58 UTC 2025","","","",""
"","1","should hash ""hello"" with n=0 and maxValue=10000 correctly","hashN","Wed Aug 27 01:34:58 UTC 2025","passed","Wed Aug 27 01:34:58 UTC 2025","","","",""
"","0","should be safe to call multiple times","ConnectionLimiter","Wed Aug 27 01:34:13 UTC 2025","passed","Wed Aug 27 01:34:13 UTC 2025","","start","",""
"","0","should hash ""test123"" with n=1 and maxValue=1000 correctly","hashN","Wed Aug 27 01:34:58 UTC 2025","passed","Wed Aug 27 01:34:58 UTC 2025","","","",""
"","0","should retry on complete failure if specified","LightPush SDK","Wed Aug 27 01:34:45 UTC 2025","passed","Wed Aug 27 01:34:45 UTC 2025","","","",""
"","0","Encoder throws on empty string content topic","Ensures content topic is defined","Wed Aug 27 01:34:35 UTC 2025","passed","Wed Aug 27 01:34:35 UTC 2025","","","",""
"","0","should be safe to call multiple times","DiscoveryDialer","Wed Aug 27 01:34:13 UTC 2025","passed","Wed Aug 27 01:34:13 UTC 2025","","start","",""
"","2","should correctly map /toychat/2/huilong/proto to shard index 3","contentTopicToShardIndex","Wed Aug 27 01:33:56 UTC 2025","passed","Wed Aug 27 01:33:56 UTC 2025","","","",""
"","0","handles different clusterIds correctly","contentTopicsByPubsubTopic","Wed Aug 27 01:33:57 UTC 2025","passed","Wed Aug 27 01:33:57 UTC 2025","","","",""
"","1","should not change state when connections remain after disconnect","NetworkMonitor","Wed Aug 27 01:34:12 UTC 2025","passed","Wed Aug 27 01:34:12 UTC 2025","","peer connection events","",""
"","0","should handle dial errors","ConnectionManager","Wed Aug 27 01:34:14 UTC 2025","passed","Wed Aug 27 01:34:14 UTC 2025","","dial","",""
"","0","ENRTree (branch): should error if DNS branch entry is mis-prefixed","ENRTree","Wed Aug 27 01:34:23 UTC 2025","passed","Wed Aug 27 01:34:23 UTC 2025","","","",""
"","0","should return peer for existing peer","ConnectionLimiter","Wed Aug 27 01:34:13 UTC 2025","passed","Wed Aug 27 01:34:13 UTC 2025","","getPeer","",""
"","0","should correctly map /statusim/1/community/cbor to shard index 4","contentTopicToShardIndex","Wed Aug 27 01:33:56 UTC 2025","passed","Wed Aug 27 01:33:56 UTC 2025","","","",""
"","0","should reject if Store is requested but not mounted","waitForRemotePeer","Wed Aug 27 01:34:45 UTC 2025","passed","Wed Aug 27 01:34:45 UTC 2025","","","",""
"","0","should continually clean up expired entries at intervals","TTLSet","Wed Aug 27 01:34:44 UTC 2025","passed","Wed Aug 27 01:34:44 UTC 2025","","","",""
"","0","should handle peerStore errors gracefully","ConnectionManager","Wed Aug 27 01:34:14 UTC 2025","passed","Wed Aug 27 01:34:14 UTC 2025","","getConnectedPeers","",""
"","0","should correctly encode and decode relay shards using rs format (Index List)","Relay Shard codec","Wed Aug 27 01:33:57 UTC 2025","passed","Wed Aug 27 01:33:57 UTC 2025","","","",""
"","1","should be able to encode the field with only RELAY set to true","ENR waku2 codec","Wed Aug 27 01:34:02 UTC 2025","passed","Wed Aug 27 01:34:02 UTC 2025","","Encoding","",""
"","1","should handle dial errors gracefully","Dialer","Wed Aug 27 01:34:13 UTC 2025","passed","Wed Aug 27 01:34:13 UTC 2025","","dial","",""
"","1","should query peer with peer exchange protocol","PeerExchangeDiscovery","Wed Aug 27 01:34:24 UTC 2025","passed","Wed Aug 27 01:34:24 UTC 2025","","runQuery","",""
"","1","should update peers in cache on 'peer:identify' event","Peer Cache Discovery","Wed Aug 27 01:34:28 UTC 2025","passed","Wed Aug 27 01:34:28 UTC 2025","","Unit Tests","",""
"","0","should not create relay timers when relayKeepAlive = 0","KeepAliveManager","Wed Aug 27 01:34:14 UTC 2025","passed","Wed Aug 27 01:34:14 UTC 2025","","relay timer management","",""
"","0","throws if store query response has error status","StoreCore","Wed Aug 27 01:34:14 UTC 2025","passed","Wed Aug 27 01:34:14 UTC 2025","","queryPerPage","",""
"","0","should initialize with default options","PeerExchangeDiscovery","Wed Aug 27 01:34:24 UTC 2025","passed","Wed Aug 27 01:34:24 UTC 2025","","constructor","",""
"","0","should handle a minimal index list","Relay Shard codec","Wed Aug 27 01:33:57 UTC 2025","passed","Wed Aug 27 01:33:57 UTC 2025","","","",""
"","0","should throw error - no public key","ENR","Wed Aug 27 01:34:03 UTC 2025","passed","Wed Aug 27 01:34:03 UTC 2025","","Txt codec","",""
"","1","should handle case when globalThis is not available","NetworkMonitor","Wed Aug 27 01:34:12 UTC 2025","passed","Wed Aug 27 01:34:12 UTC 2025","","isConnected","",""
"","1","should hash ""!@#$%^&*()"" with n=1 and maxValue=1000 correctly","hashN","Wed Aug 27 01:34:58 UTC 2025","passed","Wed Aug 27 01:34:58 UTC 2025","","","",""
"","6","should handle peer disconnect event when no connections remain","NetworkMonitor","Wed Aug 27 01:34:12 UTC 2025","passed","Wed Aug 27 01:34:12 UTC 2025","","peer connection events","",""
"","4","should hash ""hello"" with n=2 and maxValue=10000 correctly","hashN","Wed Aug 27 01:34:58 UTC 2025","passed","Wed Aug 27 01:34:58 UTC 2025","","","",""
"","1","should handle complete dial lifecycle","Dialer","Wed Aug 27 01:34:13 UTC 2025","passed","Wed Aug 27 01:34:13 UTC 2025","","integration","",""
"","0","should stop all internal components","ConnectionManager","Wed Aug 27 01:34:14 UTC 2025","passed","Wed Aug 27 01:34:14 UTC 2025","","stop","",""
"","0","should process queue every 500ms","Dialer","Wed Aug 27 01:34:13 UTC 2025","passed","Wed Aug 27 01:34:13 UTC 2025","","queue processing","",""
"","0","should add event listeners for peer connect and disconnect","KeepAliveManager","Wed Aug 27 01:34:14 UTC 2025","passed","Wed Aug 27 01:34:14 UTC 2025","","start","",""
"","1","throws on content topic with empty application field","ensureValidContentTopic","Wed Aug 27 01:33:56 UTC 2025","passed","Wed Aug 27 01:33:56 UTC 2025","","","",""
"","0","should dial peer when no shard info available","Dialer","Wed Aug 27 01:34:13 UTC 2025","passed","Wed Aug 27 01:34:13 UTC 2025","","dial","",""
"","1","throws on content topic with non-number generation field","ensureValidContentTopic","Wed Aug 27 01:33:56 UTC 2025","passed","Wed Aug 27 01:33:56 UTC 2025","","","",""
"","0","should reject if LightPush is requested but not mounted","waitForRemotePeer","Wed Aug 27 01:34:45 UTC 2025","passed","Wed Aug 27 01:34:45 UTC 2025","","","",""
"","1","retrieves a single peer","DNS Node Discovery","Wed Aug 27 01:34:24 UTC 2025","passed","Wed Aug 27 01:34:24 UTC 2025","","","",""
"","0","should be able to encode the field with only LIGHTPUSH set to true","ENR waku2 codec","Wed Aug 27 01:34:02 UTC 2025","passed","Wed Aug 27 01:34:02 UTC 2025","","Encoding","",""
"","0","should throw an error for invalid PubsubTopic format: /waku/2/rs/1/2/extra","pubsubTopicToSingleShardInfo with various invalid formats","Wed Aug 27 01:33:57 UTC 2025","passed","Wed Aug 27 01:33:57 UTC 2025","","","",""
"","0","should throw error - invalid id","ENR","Wed Aug 27 01:34:03 UTC 2025","passed","Wed Aug 27 01:34:03 UTC 2025","","Verify","",""
"","1","should dial peers from store on start","ConnectionLimiter","Wed Aug 27 01:34:13 UTC 2025","passed","Wed Aug 27 01:34:13 UTC 2025","","start","",""
"","0","should skip updating peer store if peer has same addresses","DiscoveryDialer","Wed Aug 27 01:34:13 UTC 2025","passed","Wed Aug 27 01:34:13 UTC 2025","","updatePeerStore","",""
"","0","should return the correct m/n for k = 7, targetError = 0.01","Probabilities","Wed Aug 27 01:34:57 UTC 2025","passed","Wed Aug 27 01:34:57 UTC 2025","","","",""
"","0","Rejects garbage","Message Validator","Wed Aug 27 01:34:49 UTC 2025","passed","Wed Aug 27 01:34:49 UTC 2025","","","",""
"","1","should start the dialing interval","Dialer","Wed Aug 27 01:34:13 UTC 2025","passed","Wed Aug 27 01:34:13 UTC 2025","","start","",""
"","1","should detect messages with missing dependencies","MessageChannel","Wed Aug 27 01:35:04 UTC 2025","passed","Wed Aug 27 01:35:04 UTC 2025","","Sweeping incoming buffer","",""
"","0","should handle shardReader errors","ConnectionManager","Wed Aug 27 01:34:14 UTC 2025","passed","Wed Aug 27 01:34:14 UTC 2025","","isPeerOnTopic","",""
"","0","should return PeerId when PeerId is provided","mapToPeerId","Wed Aug 27 01:34:13 UTC 2025","passed","Wed Aug 27 01:34:13 UTC 2025","","","",""
"","0","should handle peer store errors gracefully","DiscoveryDialer","Wed Aug 27 01:34:13 UTC 2025","passed","Wed Aug 27 01:34:13 UTC 2025","","peer discovery handling","",""
"","1","should return PeerId when Multiaddr input is provided","mapToPeerId","Wed Aug 27 01:34:13 UTC 2025","passed","Wed Aug 27 01:34:13 UTC 2025","","","",""
"","2","should handle malformed response data","PeerExchange","Wed Aug 27 01:34:23 UTC 2025","passed","Wed Aug 27 01:34:23 UTC 2025","","query","",""
"","0","should be safe to call multiple times","KeepAliveManager","Wed Aug 27 01:34:14 UTC 2025","passed","Wed Aug 27 01:34:14 UTC 2025","","stop","",""
"","0","Waku message hash computation (payload length 0)","Message Hash: RFC Test Vectors","Wed Aug 27 01:34:13 UTC 2025","passed","Wed Aug 27 01:34:13 UTC 2025","","","",""
"","6","should not allow k > 12","Probabilities","Wed Aug 27 01:34:57 UTC 2025","passed","Wed Aug 27 01:34:57 UTC 2025","","","",""
"","1","yields undefined for messages without decoder","StoreCore","Wed Aug 27 01:34:14 UTC 2025","passed","Wed Aug 27 01:34:14 UTC 2025","","queryPerPage","",""
"","0","should delegate to networkMonitor.isConnected()","ConnectionManager","Wed Aug 27 01:34:14 UTC 2025","passed","Wed Aug 27 01:34:14 UTC 2025","","isConnected","",""
"","0","Waku message hash computation (meta size of 12 bytes)","Message Hash: RFC Test Vectors","Wed Aug 27 01:34:13 UTC 2025","passed","Wed Aug 27 01:34:13 UTC 2025","","","",""
"","0","should save new peer to store","DiscoveryDialer","Wed Aug 27 01:34:13 UTC 2025","passed","Wed Aug 27 01:34:13 UTC 2025","","updatePeerStore","",""
"","0","should clear interval on stop","PeerExchangeDiscovery","Wed Aug 27 01:34:24 UTC 2025","passed","Wed Aug 27 01:34:24 UTC 2025","","continuous discovery interval","",""
"","0","should not retry if at least one success","LightPush SDK","Wed Aug 27 01:34:45 UTC 2025","passed","Wed Aug 27 01:34:45 UTC 2025","","","",""
"","2","ENRTree (root): should error if DNS root entry signature is invalid","ENRTree","Wed Aug 27 01:34:23 UTC 2025","passed","Wed Aug 27 01:34:23 UTC 2025","","","",""
"","1","Decoder throws on undefined content topic","Ensures content topic is defined","Wed Aug 27 01:34:34 UTC 2025","passed","Wed Aug 27 01:34:34 UTC 2025","","","",""
"","1","should handle peer not in mesh for all topics","KeepAliveManager","Wed Aug 27 01:34:14 UTC 2025","passed","Wed Aug 27 01:34:14 UTC 2025","","edge cases","",""
"","1","ENRTree (root): should parse and verify and DNS root entry","ENRTree","Wed Aug 27 01:34:23 UTC 2025","passed","Wed Aug 27 01:34:23 UTC 2025","","","",""
"","0","should insert elements correctly","BloomFilter","Wed Aug 27 01:35:01 UTC 2025","passed","Wed Aug 27 01:35:01 UTC 2025","","","",""
"","0","should handle complete discovery-to-dial flow","DiscoveryDialer","Wed Aug 27 01:34:13 UTC 2025","passed","Wed Aug 27 01:34:13 UTC 2025","","integration","",""
"","1","should create an instance with libp2p and dialer","DiscoveryDialer","Wed Aug 27 01:34:13 UTC 2025","passed","Wed Aug 27 01:34:13 UTC 2025","","constructor","",""
"","0","should return false and handle errors gracefully","ConnectionManager","Wed Aug 27 01:34:14 UTC 2025","passed","Wed Aug 27 01:34:14 UTC 2025","","hangUp","",""
"","0","should hang up with multiaddr and return true on success","ConnectionManager","Wed Aug 27 01:34:14 UTC 2025","passed","Wed Aug 27 01:34:14 UTC 2025","","hangUp","",""
"","1","should hash ""hello"" with n=1 and maxValue=1000 correctly","hashN","Wed Aug 27 01:34:58 UTC 2025","passed","Wed Aug 27 01:34:58 UTC 2025","","","",""
"","0","should add event listeners for waku:connection and peer:disconnect","ConnectionLimiter","Wed Aug 27 01:34:13 UTC 2025","passed","Wed Aug 27 01:34:13 UTC 2025","","start","",""
"","0","should handle peer store update failures gracefully","KeepAliveManager","Wed Aug 27 01:34:14 UTC 2025","passed","Wed Aug 27 01:34:14 UTC 2025","","ping timer management","",""
"","0","return first retrieved peers without further DNS queries","DNS Node Discovery w/ capabilities","Wed Aug 27 01:34:24 UTC 2025","passed","Wed Aug 27 01:34:24 UTC 2025","","","",""
"","0","should add CONNECTION_LOCKED_TAG to peer connections when locking","PeerManager","Wed Aug 27 01:34:45 UTC 2025","passed","Wed Aug 27 01:34:45 UTC 2025","","","",""
"","0","should throw an error for non-numeric shard: /waku/2/rs/1/x","pubsubTopicToSingleShardInfo with various invalid formats","Wed Aug 27 01:33:57 UTC 2025","passed","Wed Aug 27 01:33:57 UTC 2025","","","",""
"","0","rejects hash query with time filter","StoreQueryRequest validation","Wed Aug 27 01:34:13 UTC 2025","passed","Wed Aug 27 01:34:13 UTC 2025","","","",""
"","1","ends after yielding if response size indicates end","StoreCore","Wed Aug 27 01:34:14 UTC 2025","passed","Wed Aug 27 01:34:14 UTC 2025","","queryPerPage","",""
"","0","throws on empty content topic","ensureValidContentTopic","Wed Aug 27 01:33:56 UTC 2025","passed","Wed Aug 27 01:33:56 UTC 2025","","","",""
"","0","should only return 1 node with relay and store capability","DNS Node Discovery w/ capabilities","Wed Aug 27 01:34:24 UTC 2025","passed","Wed Aug 27 01:34:24 UTC 2025","","","",""
"","0","should return all connected peers without codec filter","ConnectionManager","Wed Aug 27 01:34:14 UTC 2025","passed","Wed Aug 27 01:34:14 UTC 2025","","getConnectedPeers","",""
"","0","should skip peer when not on same cluster","Dialer","Wed Aug 27 01:34:13 UTC 2025","passed","Wed Aug 27 01:34:13 UTC 2025","","dial","",""
"","0","handles different networkShards values correctly","contentTopicsByPubsubTopic","Wed Aug 27 01:33:57 UTC 2025","passed","Wed Aug 27 01:33:57 UTC 2025","","","",""
"","0","Decoder throws on empty string content topic","Ensures content topic is defined","Wed Aug 27 01:34:35 UTC 2025","passed","Wed Aug 27 01:34:35 UTC 2025","","","",""
"","0","ENRTree (root): should error if DNS root entry is malformed","ENRTree","Wed Aug 27 01:34:23 UTC 2025","passed","Wed Aug 27 01:34:23 UTC 2025","","","",""
"","0","should hash ""hello"" with n=2 and maxValue=1000 correctly","hashN","Wed Aug 27 01:34:58 UTC 2025","passed","Wed Aug 27 01:34:58 UTC 2025","","","",""
"","6","should enable only peerExchange and peerCache when dns is disabled","Default Peer Discoveries","Wed Aug 27 01:34:44 UTC 2025","passed","Wed Aug 27 01:34:44 UTC 2025","","","",""
"","0","should select older connection if present","selectOpenConnection","Wed Aug 27 01:34:13 UTC 2025","passed","Wed Aug 27 01:34:13 UTC 2025","","","",""
"","0","Bloom filter","Message serialization","Wed Aug 27 01:35:03 UTC 2025","passed","Wed Aug 27 01:35:03 UTC 2025","","","",""
"","0","should properly create location multiaddrs - tcp","ENR","Wed Aug 27 01:34:03 UTC 2025","passed","Wed Aug 27 01:34:03 UTC 2025","","Location multiaddr","",""
"","0","should handle peer store errors gracefully","PeerExchangeDiscovery","Wed Aug 27 01:34:24 UTC 2025","passed","Wed Aug 27 01:34:24 UTC 2025","","handlePeriodicDiscovery","",""
"","0","should throw an error for insufficient data","Relay Shard codec","Wed Aug 27 01:33:57 UTC 2025","passed","Wed Aug 27 01:33:57 UTC 2025","","","",""
"","0","Check meta is set [symmetric]","Symmetric Encryption","Wed Aug 27 01:34:34 UTC 2025","passed","Wed Aug 27 01:34:34 UTC 2025","","","",""
"","1","tcp ip4 address","Multiaddr from fields","Wed Aug 27 01:34:02 UTC 2025","passed","Wed Aug 27 01:34:02 UTC 2025","","","",""
"","0","should request peer renewal on specific errors","RetryManager","Wed Aug 27 01:34:44 UTC 2025","passed","Wed Aug 27 01:34:44 UTC 2025","","","",""
"","0","should clear dial history on start","Dialer","Wed Aug 27 01:34:13 UTC 2025","passed","Wed Aug 27 01:34:13 UTC 2025","","start","",""
"","0","should create relay timers when relay exists and relayKeepAlive > 0","KeepAliveManager","Wed Aug 27 01:34:14 UTC 2025","passed","Wed Aug 27 01:34:14 UTC 2025","","relay timer management","",""
"","1","should be able to encode the field with only FILTER set to true","ENR waku2 codec","Wed Aug 27 01:34:02 UTC 2025","passed","Wed Aug 27 01:34:02 UTC 2025","","Encoding","",""
"","0","should handle renewPeer for a non-existent or disconnected peer gracefully","PeerManager","Wed Aug 27 01:34:45 UTC 2025","passed","Wed Aug 27 01:34:45 UTC 2025","","","",""
"","1","should successfully subscribe to supported pubsub topic","Filter SDK","Wed Aug 27 01:34:45 UTC 2025","passed","Wed Aug 27 01:34:45 UTC 2025","","","",""
"","0","should throw an error for non-numeric shard: /waku/2/rs/1/\","pubsubTopicToSingleShardInfo with various invalid formats","Wed Aug 27 01:33:57 UTC 2025","passed","Wed Aug 27 01:33:57 UTC 2025","","","",""
"","0","should handle complete connection lifecycle","NetworkMonitor","Wed Aug 27 01:34:12 UTC 2025","passed","Wed Aug 27 01:34:12 UTC 2025","","integration","",""
"","0","recovers when dns.resolve returns empty","DNS Node Discovery","Wed Aug 27 01:34:24 UTC 2025","passed","Wed Aug 27 01:34:24 UTC 2025","","","",""
"","6","should start and stop interval correctly","RetryManager","Wed Aug 27 01:34:44 UTC 2025","passed","Wed Aug 27 01:34:44 UTC 2025","","","",""
"","0","should properly create location multiaddrs - udp6","ENR","Wed Aug 27 01:34:03 UTC 2025","passed","Wed Aug 27 01:34:03 UTC 2025","","Location multiaddr","",""
"","1","should hash """" with n=5 and maxValue=100 correctly","hashN","Wed Aug 27 01:34:58 UTC 2025","passed","Wed Aug 27 01:34:58 UTC 2025","","","",""
"","0","should wait for Store peer to be connected","waitForRemotePeer","Wed Aug 27 01:34:45 UTC 2025","passed","Wed Aug 27 01:34:45 UTC 2025","","","",""
"","10","should remove event listeners from libp2p","NetworkMonitor","Wed Aug 27 01:34:12 UTC 2025","passed","Wed Aug 27 01:34:12 UTC 2025","","stop","",""
"","7","should initialize bloom filter with correct parameters","BloomFilter","Wed Aug 27 01:35:01 UTC 2025","passed","Wed Aug 27 01:35:01 UTC 2025","","","",""
"","0","should return DECODE_FAILED when ENR decoding fails","PeerExchange","Wed Aug 27 01:34:23 UTC 2025","passed","Wed Aug 27 01:34:23 UTC 2025","","query","",""
"","0","Encoder throws on empty string content topic","Ensures content topic is defined","Wed Aug 27 01:34:14 UTC 2025","passed","Wed Aug 27 01:34:14 UTC 2025","","","",""
"","1","should set field with all protocols enabled","ENR","Wed Aug 27 01:34:03 UTC 2025","passed","Wed Aug 27 01:34:03 UTC 2025","","waku2 key round trip","",""
"","0","should not modify tags of connections for different peers","PeerManager","Wed Aug 27 01:34:45 UTC 2025","passed","Wed Aug 27 01:34:45 UTC 2025","","","",""
"","1","groups multiple content topics into the same pubsub topic when they share the same shard index","contentTopicsByPubsubTopic","Wed Aug 27 01:33:57 UTC 2025","passed","Wed Aug 27 01:33:57 UTC 2025","","","",""
"","0","should be able to encode the field with RELAY and FILTER protocols set to true","ENR waku2 codec","Wed Aug 27 01:34:02 UTC 2025","passed","Wed Aug 27 01:34:02 UTC 2025","","Encoding","",""
"","0","should hash ""Lorem ipsum dolor sit amet"" with n=2 and maxValue=10000 correctly","hashN","Wed Aug 27 01:34:58 UTC 2025","passed","Wed Aug 27 01:34:58 UTC 2025","","","",""
"","0","should handle errors when getting connections","NetworkMonitor","Wed Aug 27 01:34:12 UTC 2025","passed","Wed Aug 27 01:34:12 UTC 2025","","error handling","",""
"","0","should be safe to call multiple times","KeepAliveManager","Wed Aug 27 01:34:14 UTC 2025","passed","Wed Aug 27 01:34:14 UTC 2025","","start","",""
"","0","should handle query errors gracefully","PeerExchangeDiscovery","Wed Aug 27 01:34:24 UTC 2025","passed","Wed Aug 27 01:34:24 UTC 2025","","runQuery","",""
"","8","rejects hash query with content filter parameters","StoreQueryRequest validation","Wed Aug 27 01:34:13 UTC 2025","passed","Wed Aug 27 01:34:13 UTC 2025","","","",""
"","0","should create timers for each pubsub topic where peer is in mesh","KeepAliveManager","Wed Aug 27 01:34:14 UTC 2025","passed","Wed Aug 27 01:34:14 UTC 2025","","relay timer management","",""
"","0","should dispatch network event when browser goes offline","NetworkMonitor","Wed Aug 27 01:34:12 UTC 2025","passed","Wed Aug 27 01:34:12 UTC 2025","","browser online/offline events","",""
"","8","should add event listeners to libp2p","NetworkMonitor","Wed Aug 27 01:34:12 UTC 2025","passed","Wed Aug 27 01:34:12 UTC 2025","","start","",""
"","1","should handle relay send failures gracefully","KeepAliveManager","Wed Aug 27 01:34:14 UTC 2025","passed","Wed Aug 27 01:34:14 UTC 2025","","relay timer management","",""
"","0","should deliver messages after dependencies are met","MessageChannel","Wed Aug 27 01:35:04 UTC 2025","passed","Wed Aug 27 01:35:04 UTC 2025","","Sweeping incoming buffer","",""
"","0","Round trip binary encryption [symmetric, signature]","Symmetric Encryption","Wed Aug 27 01:34:34 UTC 2025","passed","Wed Aug 27 01:34:34 UTC 2025","","","",""
"","0","Waku message hash computation (meta size of 64 bytes)","Message Hash: RFC Test Vectors","Wed Aug 27 01:34:13 UTC 2025","passed","Wed Aug 27 01:34:13 UTC 2025","","","",""
"","1","should throw error - no id","ENR","Wed Aug 27 01:34:03 UTC 2025","passed","Wed Aug 27 01:34:03 UTC 2025","","Txt codec","",""
"","0","ENRTree (root): should error if DNS root entry is mis-prefixed","ENRTree","Wed Aug 27 01:34:23 UTC 2025","passed","Wed Aug 27 01:34:23 UTC 2025","","","",""
"","1","should send relay ping messages on timer","KeepAliveManager","Wed Aug 27 01:34:14 UTC 2025","passed","Wed Aug 27 01:34:14 UTC 2025","","relay timer management","",""
"","0","should throw an error for invalid PubsubTopic format: /waku/2/rs","pubsubTopicToSingleShardInfo with various invalid formats","Wed Aug 27 01:33:57 UTC 2025","passed","Wed Aug 27 01:33:57 UTC 2025","","","",""
"","1","should hash ""Lorem ipsum dolor sit amet"" with n=5 and maxValue=10000 correctly","hashN","Wed Aug 27 01:34:58 UTC 2025","passed","Wed Aug 27 01:34:58 UTC 2025","","","",""
"","0","should not be empty after adding a subscription","Filter Subscription","Wed Aug 27 01:34:45 UTC 2025","passed","Wed Aug 27 01:34:45 UTC 2025","","","",""
"","0","should throw an error for non-numeric clusterId: /waku/2/rs/!/1","pubsubTopicToSingleShardInfo with various invalid formats","Wed Aug 27 01:33:57 UTC 2025","passed","Wed Aug 27 01:33:57 UTC 2025","","","",""
"","0","peer:update - should not schedule stream creation IF protocol hit AND stream found on connection","StreamManager","Wed Aug 27 01:34:14 UTC 2025","passed","Wed Aug 27 01:34:14 UTC 2025","","","",""
"","0","should only return 1 node with relay capability","DNS Node Discovery w/ capabilities","Wed Aug 27 01:34:24 UTC 2025","passed","Wed Aug 27 01:34:24 UTC 2025","","","",""
"","0","should be safe to call multiple times","DiscoveryDialer","Wed Aug 27 01:34:13 UTC 2025","passed","Wed Aug 27 01:34:13 UTC 2025","","stop","",""
"","0","should be safe to call multiple times","ConnectionManager","Wed Aug 27 01:34:14 UTC 2025","passed","Wed Aug 27 01:34:14 UTC 2025","","stop","",""
"","0","should merge provided config with defaults","ConnectionManager","Wed Aug 27 01:34:14 UTC 2025","passed","Wed Aug 27 01:34:14 UTC 2025","","constructor","",""
"","0","should correctly map /waku/2/content/test.js to shard index 1","contentTopicToShardIndex","Wed Aug 27 01:33:56 UTC 2025","passed","Wed Aug 27 01:33:56 UTC 2025","","","",""
"","0","should be delivered immediately if received","MessageChannel","Wed Aug 27 01:35:04 UTC 2025","passed","Wed Aug 27 01:35:04 UTC 2025","","Ephemeral messages","",""
"","1","peer:update - should do nothing if another protocol hit","StreamManager","Wed Aug 27 01:34:14 UTC 2025","passed","Wed Aug 27 01:34:14 UTC 2025","","","",""
"","0","should handle multiple peers with different shard configurations","Dialer","Wed Aug 27 01:34:13 UTC 2025","passed","Wed Aug 27 01:34:13 UTC 2025","","integration","",""
"","2","Sample","ENR multiaddrs codec","Wed Aug 27 01:34:02 UTC 2025","passed","Wed Aug 27 01:34:02 UTC 2025","","","",""
"","0","should hash ""Lorem ipsum dolor sit amet"" with n=0 and maxValue=1000 correctly","hashN","Wed Aug 27 01:34:58 UTC 2025","passed","Wed Aug 27 01:34:58 UTC 2025","","","",""
"","0","should throw an error for non-numeric clusterId: /waku/2/rs//1","pubsubTopicToSingleShardInfo with various invalid formats","Wed Aug 27 01:33:57 UTC 2025","passed","Wed Aug 27 01:33:57 UTC 2025","","","",""
"","0","should hash ""test123"" with n=1 and maxValue=100 correctly","hashN","Wed Aug 27 01:34:58 UTC 2025","passed","Wed Aug 27 01:34:58 UTC 2025","","","",""
"","0","should clear the dialing interval","Dialer","Wed Aug 27 01:34:13 UTC 2025","passed","Wed Aug 27 01:34:13 UTC 2025","","stop","",""
"","0","returns only open connection if one present","selectOpenConnection","Wed Aug 27 01:34:13 UTC 2025","passed","Wed Aug 27 01:34:13 UTC 2025","","","",""
"","1","should extract SingleShardInfo from a valid PubsubTopic","pubsubTopicToSingleShardInfo with various invalid formats","Wed Aug 27 01:33:57 UTC 2025","passed","Wed Aug 27 01:33:57 UTC 2025","","","",""
"","8","should populate queue if has active dial","Dialer","Wed Aug 27 01:34:13 UTC 2025","passed","Wed Aug 27 01:34:13 UTC 2025","","dial","",""
"","0","should dial peer immediately when queue is empty","Dialer","Wed Aug 27 01:34:13 UTC 2025","passed","Wed Aug 27 01:34:13 UTC 2025","","dial","",""
"","0","should properly create location multiaddrs - udp","ENR","Wed Aug 27 01:34:03 UTC 2025","passed","Wed Aug 27 01:34:03 UTC 2025","","Location multiaddr","",""
"","0","should be able to encode the field with only STORE set to true","ENR waku2 codec","Wed Aug 27 01:34:02 UTC 2025","passed","Wed Aug 27 01:34:02 UTC 2025","","Encoding","",""
"","1","should be able to decode the field with RELAY and FILTER protocols set to true","ENR waku2 codec","Wed Aug 27 01:34:02 UTC 2025","passed","Wed Aug 27 01:34:02 UTC 2025","","Decoding","",""
"","2","should handle special patterns correctly","BloomFilter with special patterns","Wed Aug 27 01:35:01 UTC 2025","passed","Wed Aug 27 01:35:01 UTC 2025","","","",""
"","0","should insert message id into causal history","MessageChannel","Wed Aug 27 01:35:04 UTC 2025","passed","Wed Aug 27 01:35:04 UTC 2025","","sending a message ","",""
"","0","should initialize with isNetworkConnected as false","NetworkMonitor","Wed Aug 27 01:34:12 UTC 2025","passed","Wed Aug 27 01:34:12 UTC 2025","","constructor","",""
"","0","should initialize with custom number of peers","PeerManager","Wed Aug 27 01:34:45 UTC 2025","passed","Wed Aug 27 01:34:45 UTC 2025","","","",""
"","1","should correctly map /app/20/sometopic/someencoding to shard index 7","contentTopicToShardIndex","Wed Aug 27 01:33:56 UTC 2025","passed","Wed Aug 27 01:33:56 UTC 2025","","","",""
"","1","should call waitForPeer on Relay","waitForRemotePeer","Wed Aug 27 01:34:45 UTC 2025","passed","Wed Aug 27 01:34:45 UTC 2025","","","",""
"","0","accepts time-filtered query with content filter","StoreQueryRequest validation","Wed Aug 27 01:34:13 UTC 2025","passed","Wed Aug 27 01:34:13 UTC 2025","","","",""
"","6","should merge peer addresses if peer exists with different addresses","DiscoveryDialer","Wed Aug 27 01:34:13 UTC 2025","passed","Wed Aug 27 01:34:13 UTC 2025","","updatePeerStore","",""
"","0","should return exactly numPeersToUse peers when enough are available","PeerManager","Wed Aug 27 01:34:45 UTC 2025","passed","Wed Aug 27 01:34:45 UTC 2025","","","",""
"","1","Round trip binary encryption [ecies, no signature]","Ecies Encryption","Wed Aug 27 01:34:35 UTC 2025","passed","Wed Aug 27 01:34:35 UTC 2025","","","",""
"","0","Decoder throws on undefined content topic","Ensures content topic is defined","Wed Aug 27 01:34:14 UTC 2025","passed","Wed Aug 27 01:34:14 UTC 2025","","","",""
"","0","should return NO_PEER_AVAILABLE when peer is not in peer store","PeerExchange","Wed Aug 27 01:34:23 UTC 2025","passed","Wed Aug 27 01:34:23 UTC 2025","","query","",""
"","0","should throw error when no peers are available","Store","Wed Aug 27 01:34:45 UTC 2025","passed","Wed Aug 27 01:34:45 UTC 2025","","queryGenerator","",""
"","0","should be able to decode the field with ALL protocols set to true","ENR waku2 codec","Wed Aug 27 01:34:02 UTC 2025","passed","Wed Aug 27 01:34:02 UTC 2025","","Decoding","",""
"","0","should hash ""!@#$%^&*()"" with n=5 and maxValue=1000 correctly","hashN","Wed Aug 27 01:34:58 UTC 2025","passed","Wed Aug 27 01:34:58 UTC 2025","","","",""
"","0","should create all internal components","ConnectionManager","Wed Aug 27 01:34:14 UTC 2025","passed","Wed Aug 27 01:34:14 UTC 2025","","constructor","",""
"","0","Round trip binary encryption [ecies, signature]","Ecies Encryption","Wed Aug 27 01:34:35 UTC 2025","passed","Wed Aug 27 01:34:35 UTC 2025","","","",""
"","0","should retrieve 3 multiaddrs for sandbox.waku.nodes.status.im","DNS Node Discovery [live data]","Wed Aug 27 01:34:24 UTC 2025","skipped","Wed Aug 27 01:34:24 UTC 2025","","","",""
"","1","should throw an error for non-numeric shard: /waku/2/rs/1/","pubsubTopicToSingleShardInfo with various invalid formats","Wed Aug 27 01:33:57 UTC 2025","passed","Wed Aug 27 01:33:57 UTC 2025","","","",""
"","1","can start and stop the service","Peer Cache Discovery","Wed Aug 27 01:34:28 UTC 2025","passed","Wed Aug 27 01:34:28 UTC 2025","interface-peer-discovery compliance tests","Compliance Tests","",""
"","1","should return false when peer is on different cluster","ShardReader","Wed Aug 27 01:34:13 UTC 2025","passed","Wed Aug 27 01:34:13 UTC 2025","","isPeerOnNetwork","",""
"","1","should hash ""!@#$%^&*()"" with n=2 and maxValue=100 correctly","hashN","Wed Aug 27 01:34:58 UTC 2025","passed","Wed Aug 27 01:34:58 UTC 2025","","","",""
"","5","should hash ""hello"" with n=5 and maxValue=100 correctly","hashN","Wed Aug 27 01:34:58 UTC 2025","passed","Wed Aug 27 01:34:58 UTC 2025","","","",""
"","1","should get / set TCP multiaddr","ENR","Wed Aug 27 01:34:03 UTC 2025","passed","Wed Aug 27 01:34:03 UTC 2025","","Multiaddr getters and setters","",""
"","0","pre and post cipher","Waku Encryption","Wed Aug 27 01:34:34 UTC 2025","passed","Wed Aug 27 01:34:34 UTC 2025","","","",""
"","0","should throw an error for non-numeric shard: /waku/2/rs/1/y","pubsubTopicToSingleShardInfo with various invalid formats","Wed Aug 27 01:33:57 UTC 2025","passed","Wed Aug 27 01:33:57 UTC 2025","","","",""
"","0","should dial more peers if under maxConnections","ConnectionLimiter","Wed Aug 27 01:34:13 UTC 2025","passed","Wed Aug 27 01:34:13 UTC 2025","","maintainConnectionsCount","",""
"","1","should hash ""test123"" with n=0 and maxValue=10000 correctly","hashN","Wed Aug 27 01:34:58 UTC 2025","passed","Wed Aug 27 01:34:58 UTC 2025","","","",""
"","1","should set field with only FILTER enabled","ENR","Wed Aug 27 01:34:03 UTC 2025","passed","Wed Aug 27 01:34:03 UTC 2025","","waku2 key round trip","",""
"","0","should not fail to start the service if it is already started","Peer Cache Discovery","Wed Aug 27 01:34:28 UTC 2025","passed","Wed Aug 27 01:34:28 UTC 2025","interface-peer-discovery compliance tests","Compliance Tests","",""
"","1","should drop only non-locked connections when over maxConnections","ConnectionLimiter","Wed Aug 27 01:34:13 UTC 2025","passed","Wed Aug 27 01:34:13 UTC 2025","","maintainConnectionsCount","",""
"","0","should emit a peer event after start","Peer Cache Discovery","Wed Aug 27 01:34:28 UTC 2025","passed","Wed Aug 27 01:34:28 UTC 2025","interface-peer-discovery compliance tests","Compliance Tests","",""
"","0","should set field with all protocols disabled","ENR","Wed Aug 27 01:34:03 UTC 2025","passed","Wed Aug 27 01:34:03 UTC 2025","","waku2 key round trip","",""
"","1","should unregister libp2p event listeners when stop is called","PeerManager","Wed Aug 27 01:34:45 UTC 2025","passed","Wed Aug 27 01:34:45 UTC 2025","","","",""
"","0","should be able to decode the field with only LIGHTPUSH set to true","ENR waku2 codec","Wed Aug 27 01:34:02 UTC 2025","passed","Wed Aug 27 01:34:02 UTC 2025","","Decoding","",""
"","0","ends if stream creation fails","StoreCore","Wed Aug 27 01:34:14 UTC 2025","passed","Wed Aug 27 01:34:14 UTC 2025","","queryPerPage","",""
"","1","should hash ""!@#$%^&*()"" with n=5 and maxValue=10000 correctly","hashN","Wed Aug 27 01:34:58 UTC 2025","passed","Wed Aug 27 01:34:58 UTC 2025","","","",""
"","1","should return undefined if no connection provided","StreamManager","Wed Aug 27 01:34:14 UTC 2025","passed","Wed Aug 27 01:34:14 UTC 2025","","","",""
"","0","should wait for LightPush peer to be connected","waitForRemotePeer","Wed Aug 27 01:34:45 UTC 2025","passed","Wed Aug 27 01:34:45 UTC 2025","","","",""
"","0","should allow redial after failed dial cooldown expires","Dialer","Wed Aug 27 01:34:13 UTC 2025","passed","Wed Aug 27 01:34:13 UTC 2025","","dial","",""
"","0","should handle onConnected and onDisconnected","PeerManager","Wed Aug 27 01:34:45 UTC 2025","passed","Wed Aug 27 01:34:45 UTC 2025","","","",""
"","0","should hash ""Lorem ipsum dolor sit amet"" with n=5 and maxValue=100 correctly","hashN","Wed Aug 27 01:34:58 UTC 2025","passed","Wed Aug 27 01:34:58 UTC 2025","","","",""
"","0","should create KeepAliveManager with relay","KeepAliveManager","Wed Aug 27 01:34:14 UTC 2025","passed","Wed Aug 27 01:34:14 UTC 2025","","constructor","",""
"","0","Get Nodes","Fetch nodes","Wed Aug 27 01:34:23 UTC 2025","passed","Wed Aug 27 01:34:23 UTC 2025","","","",""
"","0","should skip peers that were recently queried","PeerExchangeDiscovery","Wed Aug 27 01:34:24 UTC 2025","passed","Wed Aug 27 01:34:24 UTC 2025","","handlePeriodicDiscovery","",""
"","0","should not execute task if max attempts is 0","RetryManager","Wed Aug 27 01:34:44 UTC 2025","passed","Wed Aug 27 01:34:44 UTC 2025","","","",""
"","1","should dispatch network event when browser goes online","NetworkMonitor","Wed Aug 27 01:34:12 UTC 2025","passed","Wed Aug 27 01:34:12 UTC 2025","","browser online/offline events","",""
"","1","should handle query errors","PeerExchangeDiscovery","Wed Aug 27 01:34:24 UTC 2025","passed","Wed Aug 27 01:34:24 UTC 2025","","query","",""
"","1","should handle queue processing errors gracefully","Dialer","Wed Aug 27 01:34:13 UTC 2025","passed","Wed Aug 27 01:34:13 UTC 2025","","queue processing","",""
"","0","should throw an error for non-numeric shard: /waku/2/rs/1/-","pubsubTopicToSingleShardInfo with various invalid formats","Wed Aug 27 01:33:57 UTC 2025","passed","Wed Aug 27 01:33:57 UTC 2025","","","",""
"","0","should be able to decode the field with ALL protocols set to false","ENR waku2 codec","Wed Aug 27 01:34:02 UTC 2025","passed","Wed Aug 27 01:34:02 UTC 2025","","Decoding","",""
"","1","should not dispatch event when already disconnected","NetworkMonitor","Wed Aug 27 01:34:12 UTC 2025","passed","Wed Aug 27 01:34:12 UTC 2025","","peer connection events","",""
"","0","should throw error - no public key","ENR","Wed Aug 27 01:34:03 UTC 2025","passed","Wed Aug 27 01:34:03 UTC 2025","","Verify","",""
"","1","messageHashStr produces different results for different inputs","messageHash and messageHashStr","Wed Aug 27 01:34:13 UTC 2025","passed","Wed Aug 27 01:34:13 UTC 2025","","","",""
"","3","should handle empty pubsub topics","KeepAliveManager","Wed Aug 27 01:34:14 UTC 2025","passed","Wed Aug 27 01:34:14 UTC 2025","","edge cases","",""
"","0","should hash ""!@#$%^&*()"" with n=1 and maxValue=10000 correctly","hashN","Wed Aug 27 01:34:58 UTC 2025","passed","Wed Aug 27 01:34:58 UTC 2025","","","",""
"","1","should return no connections if no open connection provided","selectOpenConnection","Wed Aug 27 01:34:13 UTC 2025","passed","Wed Aug 27 01:34:13 UTC 2025","","","",""
"","0","should not dial peers from store when browser is not connected","ConnectionLimiter","Wed Aug 27 01:34:13 UTC 2025","passed","Wed Aug 27 01:34:13 UTC 2025","","onWakuConnectionEvent","",""
"","0","should clear timers for specific peer on disconnect","KeepAliveManager","Wed Aug 27 01:34:14 UTC 2025","passed","Wed Aug 27 01:34:14 UTC 2025","","timer cleanup","",""
"","1","should drop excess bootstrap peers if over maxBootstrapPeers","ConnectionLimiter","Wed Aug 27 01:34:13 UTC 2025","passed","Wed Aug 27 01:34:13 UTC 2025","","maintainBootstrapConnections","",""
"","0","should not return the same peer twice in consecutive getPeers calls without renew","PeerManager","Wed Aug 27 01:34:45 UTC 2025","passed","Wed Aug 27 01:34:45 UTC 2025","","","",""
"","1","topics with same application and version share the same shard","contentTopicToShardIndex","Wed Aug 27 01:33:56 UTC 2025","passed","Wed Aug 27 01:33:57 UTC 2025","","","",""
"","0","should be safe to call multiple times","ConnectionLimiter","Wed Aug 27 01:34:13 UTC 2025","passed","Wed Aug 27 01:34:13 UTC 2025","","stop","",""
"","0","caches peers it previously fetched","DNS Node Discovery","Wed Aug 27 01:34:24 UTC 2025","passed","Wed Aug 27 01:34:24 UTC 2025","","","",""
"","0","should process tasks in queue","RetryManager","Wed Aug 27 01:34:44 UTC 2025","passed","Wed Aug 27 01:34:44 UTC 2025","","","",""
"","1","should return false when network is not connected","ConnectionManager","Wed Aug 27 01:34:14 UTC 2025","passed","Wed Aug 27 01:34:14 UTC 2025","","isConnected","",""
"","1","should not return locked peers if enough unlocked are available","PeerManager","Wed Aug 27 01:34:45 UTC 2025","passed","Wed Aug 27 01:34:45 UTC 2025","","","",""
"","0","should prioritize bootstrap, then peer exchange, then local peers","ConnectionLimiter","Wed Aug 27 01:34:13 UTC 2025","passed","Wed Aug 27 01:34:13 UTC 2025","","dialPeersFromStore prioritization","",""
"","0","should hash ""hello"" with n=5 and maxValue=1000 correctly","hashN","Wed Aug 27 01:34:58 UTC 2025","passed","Wed Aug 27 01:34:58 UTC 2025","","","",""
"","13","should handle dial errors gracefully","ConnectionLimiter","Wed Aug 27 01:34:13 UTC 2025","passed","Wed Aug 27 01:34:13 UTC 2025","","dialPeersFromStore","",""
"","0","Sign & Recover","Waku Encryption","Wed Aug 27 01:34:34 UTC 2025","passed","Wed Aug 27 01:34:34 UTC 2025","","","",""
"","0","should set field with only STORE enabled","ENR","Wed Aug 27 01:34:03 UTC 2025","passed","Wed Aug 27 01:34:03 UTC 2025","","waku2 key round trip","",""
