"DESCRIPTION","DURATION IN MS","NAME","PARENT SUITE","START TIME","STATUS","STOP TIME","SUB SUITE","SUITE","TEST CLASS","TEST METHOD"
"","1","should hash """" with n=2 and maxValue=100 correctly","hashN","Sat Aug 02 02:27:14 GMT 2025","passed","Sat Aug 02 02:27:14 GMT 2025","","","",""
"","0","different cluster:  nodes don't connect","Metadata Protocol","Sat Aug 02 02:28:49 GMT 2025","passed","Sat Aug 02 02:28:49 GMT 2025","","static sharding","",""
"","1","should handle peer disconnect event when no connections remain","NetworkMonitor","Sat Aug 02 02:26:34 GMT 2025","passed","Sat Aug 02 02:26:34 GMT 2025","","peer connection events","",""
"","0","Publish message with custom timestamp: Sun Dec 17 1995 03:24:00 GMT+0000 (Coordinated Universal Time)","Waku Relay, Publish","Sat Aug 02 02:29:52 GMT 2025","passed","Sat Aug 02 02:29:52 GMT 2025","","","",""
"","1","should be able to dial TLS multiaddrs","Dialing","Sat Aug 02 02:29:01 GMT 2025","passed","Sat Aug 02 02:29:01 GMT 2025","","","",""
"","0","should be safe to call multiple times","ConnectionLimiter","Sat Aug 02 02:26:34 GMT 2025","passed","Sat Aug 02 02:26:34 GMT 2025","","start","",""
"","0","should properly create location multiaddrs - tcp","ENR","Sat Aug 02 02:26:24 GMT 2025","passed","Sat Aug 02 02:26:24 GMT 2025","","Location multiaddr","",""
"","0","Generator, 2 different shards","Waku Store, different static shards","Sat Aug 02 02:31:46 GMT 2025","passed","Sat Aug 02 02:31:46 GMT 2025","","","",""
"","1","Subscribe to topic containing escaped characters and receive message","Waku Filter: Subscribe: Multiple Service Nodes: Strict Check mode: false","Sat Aug 02 02:35:22 GMT 2025","passed","Sat Aug 02 02:35:22 GMT 2025","","","",""
"","1","should check false positive rate","BloomFilter with special patterns","Sat Aug 02 02:27:16 GMT 2025","passed","Sat Aug 02 02:27:16 GMT 2025","","","",""
"","0","should be able to encode the field with STORE and LIGHTPUSH protocols set to true","ENR waku2 codec","Sat Aug 02 02:26:24 GMT 2025","passed","Sat Aug 02 02:26:24 GMT 2025","","Encoding","",""
"","1","Check received message with timestamp: 1754101652589000000 ","Waku Filter: FilterPush: Multiple Nodes: Strict Checking: true","Sat Aug 02 02:35:00 GMT 2025","passed","Sat Aug 02 02:35:00 GMT 2025","","","",""
"","0","Check received message containing emoji","Waku Filter: FilterPush: Multiple Nodes: Strict Checking: false","Sat Aug 02 02:35:00 GMT 2025","passed","Sat Aug 02 02:35:00 GMT 2025","","","",""
"","0","should dial one peer on dial","Dialing","Sat Aug 02 02:29:01 GMT 2025","passed","Sat Aug 02 02:29:01 GMT 2025","","","",""
"","1","Query with Ordered Callback, Multiple PubsubTopics","Waku Store, error handling","Sat Aug 02 02:31:54 GMT 2025","passed","Sat Aug 02 02:31:54 GMT 2025","","","",""
"","1","Round trip binary encryption [symmetric, no signature]","Symmetric Encryption","Sat Aug 02 02:26:53 GMT 2025","passed","Sat Aug 02 02:26:53 GMT 2025","","","",""
"","1","should be able to decode the field with STORE and LIGHTPUSH protocols set to true","ENR waku2 codec","Sat Aug 02 02:26:24 GMT 2025","passed","Sat Aug 02 02:26:24 GMT 2025","","Decoding","",""
"","0","should dial all peers on dial","Dialing","Sat Aug 02 02:29:01 GMT 2025","passed","Sat Aug 02 02:29:01 GMT 2025","","","",""
"","0","should transition to Unhealthy when no connections","HealthIndicator","Sat Aug 02 02:27:04 GMT 2025","passed","Sat Aug 02 02:27:04 GMT 2025","","","",""
"","0","should stop ping timers on peer disconnect","KeepAliveManager","Sat Aug 02 02:26:34 GMT 2025","passed","Sat Aug 02 02:26:34 GMT 2025","","peer disconnect event handling","",""
"","0","3 nodes on /waku/2/rs/7/0 topic","Waku Relay auto-sharding, multiple pubsub topics","Sat Aug 02 02:29:44 GMT 2025","passed","Sat Aug 02 02:29:44 GMT 2025","","","",""
"","0","Subscribe to topic containing short and receive message","Waku Filter: Subscribe: Multiple Service Nodes: Strict Check mode: false","Sat Aug 02 02:35:22 GMT 2025","passed","Sat Aug 02 02:35:22 GMT 2025","","","",""
"","1","random auto sharding 3 - Cluster ID: 10, Content Topic: /app1/4/topic843/proto","Autosharding: Running Nodes","Sat Aug 02 02:31:29 GMT 2025","passed","Sat Aug 02 02:31:29 GMT 2025","","","",""
"","0","should encodeTxt and decodeTxt","ENR","Sat Aug 02 02:26:24 GMT 2025","passed","Sat Aug 02 02:26:24 GMT 2025","","Txt codec","",""
"","1","should be empty after removing the only subscription","Filter Subscription","Sat Aug 02 02:27:05 GMT 2025","passed","Sat Aug 02 02:27:05 GMT 2025","","","",""
"","1","should hash ""test123"" with n=2 and maxValue=100 correctly","hashN","Sat Aug 02 02:27:14 GMT 2025","passed","Sat Aug 02 02:27:14 GMT 2025","","","",""
"","0","Subscribe and receives messages on 20 topics","Waku Filter: Subscribe: Multiple Service Nodes: Strict Check mode: true","Sat Aug 02 02:35:22 GMT 2025","passed","Sat Aug 02 02:35:22 GMT 2025","","","",""
"","0","should handle dial errors gracefully","ConnectionLimiter","Sat Aug 02 02:26:34 GMT 2025","passed","Sat Aug 02 02:26:34 GMT 2025","","dialPeersFromStore","",""
"","1","ignores domain fetching errors","DNS Node Discovery","Sat Aug 02 02:26:43 GMT 2025","passed","Sat Aug 02 02:26:43 GMT 2025","","","",""
"","1","handles different clusterIds correctly","contentTopicsByPubsubTopic","Sat Aug 02 02:26:18 GMT 2025","passed","Sat Aug 02 02:26:18 GMT 2025","","","",""
"","2","Query generator for multiple messages with multiple decoders","Waku Store, general","Sat Aug 02 02:32:23 GMT 2025","passed","Sat Aug 02 02:32:23 GMT 2025","","","",""
"","1","Subscribe to topic containing short and publish message","Waku Relay, Subscribe","Sat Aug 02 02:30:02 GMT 2025","passed","Sat Aug 02 02:30:02 GMT 2025","","","",""
"","1","Check received message with timestamp: 1949153314000 ","Waku Filter: FilterPush: Multiple Nodes: Strict Checking: true","Sat Aug 02 02:35:00 GMT 2025","passed","Sat Aug 02 02:35:00 GMT 2025","","","",""
"","1","Get Nodes","Fetch nodes","Sat Aug 02 02:26:42 GMT 2025","passed","Sat Aug 02 02:26:42 GMT 2025","","","",""
"","0","should initialize with Unhealthy status","HealthIndicator","Sat Aug 02 02:27:04 GMT 2025","passed","Sat Aug 02 02:27:04 GMT 2025","","","",""
"","0","Fails to publish message with size larger than 1 MB","Waku Relay, Publish","Sat Aug 02 02:29:52 GMT 2025","passed","Sat Aug 02 02:29:52 GMT 2025","","","",""
"","0","same cluster: nodes connect","Metadata Protocol","Sat Aug 02 02:28:49 GMT 2025","passed","Sat Aug 02 02:28:49 GMT 2025","","auto sharding","",""
"","0","Error when try to subscribe to more than 101 topics (new limit)","Waku Filter: Subscribe: Multiple Service Nodes: Strict Check mode: false","Sat Aug 02 02:35:22 GMT 2025","passed","Sat Aug 02 02:35:22 GMT 2025","","","",""
"","0","Relay - times out","Wait for remote peer","Sat Aug 02 02:32:39 GMT 2025","passed","Sat Aug 02 02:32:39 GMT 2025","","","",""
"","0","Subscribe to topic containing Russian and receive message","Waku Filter: Subscribe: Multiple Service Nodes: Strict Check mode: true","Sat Aug 02 02:35:22 GMT 2025","passed","Sat Aug 02 02:35:22 GMT 2025","","","",""
"","0","should hash ""test123"" with n=2 and maxValue=1000 correctly","hashN","Sat Aug 02 02:27:14 GMT 2025","passed","Sat Aug 02 02:27:14 GMT 2025","","","",""
"","1","Subscribe to topic containing shell command and publish message","Waku Relay, Subscribe","Sat Aug 02 02:30:02 GMT 2025","passed","Sat Aug 02 02:30:02 GMT 2025","","","",""
"","0","should throw an error for invalid PubsubTopic format: /waku/1/rs/1/2","pubsubTopicToSingleShardInfo with various invalid formats","Sat Aug 02 02:26:18 GMT 2025","passed","Sat Aug 02 02:26:18 GMT 2025","","","",""
"","0","throws an error for improperly formatted content topics","contentTopicsByPubsubTopic","Sat Aug 02 02:26:18 GMT 2025","passed","Sat Aug 02 02:26:18 GMT 2025","","","",""
"","0","Subscribe and publish messages on 2 different content topics","Waku Relay, Subscribe","Sat Aug 02 02:30:02 GMT 2025","passed","Sat Aug 02 02:30:02 GMT 2025","","","",""
"","1","Subscribe to topic containing XML and receive message","Waku Filter: Subscribe: Multiple Service Nodes: Strict Check mode: true","Sat Aug 02 02:35:22 GMT 2025","passed","Sat Aug 02 02:35:22 GMT 2025","","","",""
"","2","should dial all remaining peers","ConnectionLimiter","Sat Aug 02 02:26:34 GMT 2025","passed","Sat Aug 02 02:26:34 GMT 2025","","dialPeersFromStore","",""
"","0","Push message with content topic containing unicode special characters","Waku Light Push: Multiple Nodes: Strict Check: false","Sat Aug 02 02:36:48 GMT 2025","passed","Sat Aug 02 02:36:48 GMT 2025","","","",""
"","0","should hash ""hello"" with n=0 and maxValue=1000 correctly","hashN","Sat Aug 02 02:27:14 GMT 2025","passed","Sat Aug 02 02:27:14 GMT 2025","","","",""
"","0","random auto sharding 1 - Cluster ID: 10, Content Topic: /app57/2/topic114/test.js","Autosharding: Running Nodes","Sat Aug 02 02:31:29 GMT 2025","passed","Sat Aug 02 02:31:29 GMT 2025","","","",""
"","0","should push the message to the outgoing buffer","MessageChannel","Sat Aug 02 02:27:17 GMT 2025","passed","Sat Aug 02 02:27:17 GMT 2025","","sending a message ","",""
"","1","should hash ""Lorem ipsum dolor sit amet"" with n=2 and maxValue=10000 correctly","hashN","Sat Aug 02 02:27:14 GMT 2025","passed","Sat Aug 02 02:27:14 GMT 2025","","","",""
"","0","Push message with short payload","Waku Light Push: Multiple Nodes: Strict Check: false","Sat Aug 02 02:36:48 GMT 2025","passed","Sat Aug 02 02:36:48 GMT 2025","","","",""
"","0","messageHashStr produces consistent results for the same input","messageHash and messageHashStr","Sat Aug 02 02:26:34 GMT 2025","passed","Sat Aug 02 02:26:34 GMT 2025","","","",""
"","1","Push message with content topic containing numeric","Waku Light Push: Multiple Nodes: Strict Check: false","Sat Aug 02 02:36:48 GMT 2025","passed","Sat Aug 02 02:36:48 GMT 2025","","","",""
"","0","should handle peerStore errors gracefully","ConnectionManager","Sat Aug 02 02:26:35 GMT 2025","passed","Sat Aug 02 02:26:35 GMT 2025","","getConnectedPeers","",""
"","0","should skip peer when dialed recently","Dialer","Sat Aug 02 02:26:34 GMT 2025","passed","Sat Aug 02 02:26:34 GMT 2025","","dial","",""
"","0","Encoder throws on undefined content topic","Ensures content topic is defined","Sat Aug 02 02:26:54 GMT 2025","passed","Sat Aug 02 02:26:54 GMT 2025","","","",""
"","0","more peers than existing","Peer Exchange Query","Sat Aug 02 02:29:28 GMT 2025","skipped","Sat Aug 02 02:29:28 GMT 2025","","","",""
"","0","should correctly map /app/22/sometopic/someencoding to shard index 2","contentTopicToShardIndex","Sat Aug 02 02:26:18 GMT 2025","passed","Sat Aug 02 02:26:18 GMT 2025","","","",""
"","0","should remove expired entries after TTL has passed","TTLSet","Sat Aug 02 02:27:03 GMT 2025","passed","Sat Aug 02 02:27:03 GMT 2025","","","",""
"","1","should update peer store before dialing","DiscoveryDialer","Sat Aug 02 02:26:33 GMT 2025","passed","Sat Aug 02 02:26:33 GMT 2025","","peer discovery handling","",""
"","1","should remove event listeners","KeepAliveManager","Sat Aug 02 02:26:34 GMT 2025","passed","Sat Aug 02 02:26:34 GMT 2025","","stop","",""
"","0","3 nodes on /waku/2/rs/7/1 topic","Waku Relay auto-sharding, multiple pubsub topics","Sat Aug 02 02:29:44 GMT 2025","passed","Sat Aug 02 02:29:44 GMT 2025","","","",""
"","0","should handle renewPeer for a non-existent or disconnected peer gracefully","PeerManager","Sat Aug 02 02:27:04 GMT 2025","passed","Sat Aug 02 02:27:04 GMT 2025","","","",""
"","4","should return false when peer is on different cluster","ShardReader","Sat Aug 02 02:26:34 GMT 2025","passed","Sat Aug 02 02:26:34 GMT 2025","","isPeerOnNetwork","",""
"","1","should hash ""test123"" with n=1 and maxValue=100 correctly","hashN","Sat Aug 02 02:27:14 GMT 2025","passed","Sat Aug 02 02:27:14 GMT 2025","","","",""
"","0","Fails to publish duplicate message","Waku Relay, Publish","Sat Aug 02 02:29:52 GMT 2025","passed","Sat Aug 02 02:29:52 GMT 2025","","","",""
"","0","should not receive a peer event after stop","DNS Discovery: Compliance Test","Sat Aug 02 02:27:38 GMT 2025","passed","Sat Aug 02 02:27:38 GMT 2025","","interface-peer-discovery compliance tests","",""
"","0","Check message with non string payload is not received","Waku Filter: FilterPush: Multiple Nodes: Strict Checking: false","Sat Aug 02 02:35:00 GMT 2025","passed","Sat Aug 02 02:35:00 GMT 2025","","","",""
"","0","Check message on other pubsub topic is not received","Waku Filter: FilterPush: Multiple Nodes: Strict Checking: false","Sat Aug 02 02:35:00 GMT 2025","passed","Sat Aug 02 02:35:00 GMT 2025","","","",""
"","0","Query Generator  - true","Waku Store, order","Sat Aug 02 02:32:05 GMT 2025","passed","Sat Aug 02 02:32:05 GMT 2025","","","",""
"","7","should add event listener for peer:discovery","DiscoveryDialer","Sat Aug 02 02:26:33 GMT 2025","passed","Sat Aug 02 02:26:33 GMT 2025","","start","",""
"","1","Check publish message containing Basic HTML tag","Waku Relay, Publish","Sat Aug 02 02:29:52 GMT 2025","passed","Sat Aug 02 02:29:52 GMT 2025","","","",""
"","0","accepts time-filtered query with content filter","StoreQueryRequest validation","Sat Aug 02 02:26:34 GMT 2025","passed","Sat Aug 02 02:26:34 GMT 2025","","","",""
"","0","should be safe to call multiple times","ConnectionManager","Sat Aug 02 02:26:35 GMT 2025","passed","Sat Aug 02 02:26:35 GMT 2025","","stop","",""
"","1","Refresh subscription","Waku Filter: Subscribe: Multiple Service Nodes: Strict Check mode: false","Sat Aug 02 02:35:22 GMT 2025","passed","Sat Aug 02 02:35:22 GMT 2025","","","",""
"","0","should properly create location multiaddrs - udp6","ENR","Sat Aug 02 02:26:24 GMT 2025","passed","Sat Aug 02 02:26:24 GMT 2025","","Location multiaddr","",""
"","0","Generator, one shard","Waku Store, different static shards","Sat Aug 02 02:31:46 GMT 2025","passed","Sat Aug 02 02:31:46 GMT 2025","","","",""
"","1","Waku message hash computation (message is IProtoMessage with version)","Message Hash: RFC Test Vectors","Sat Aug 02 02:26:34 GMT 2025","passed","Sat Aug 02 02:26:34 GMT 2025","","","",""
"","1","should hash """" with n=0 and maxValue=10000 correctly","hashN","Sat Aug 02 02:27:14 GMT 2025","passed","Sat Aug 02 02:27:14 GMT 2025","","","",""
"","1","Query generator for multiple messages","Waku Store, general","Sat Aug 02 02:32:23 GMT 2025","passed","Sat Aug 02 02:32:23 GMT 2025","","","",""
"","0","Push message equal or less that 1MB","Waku Light Push: Multiple Nodes: Strict Check: true","Sat Aug 02 02:36:48 GMT 2025","passed","Sat Aug 02 02:36:48 GMT 2025","","","",""
"","1","Check received message containing XML","Waku Filter: FilterPush: Multiple Nodes: Strict Checking: true","Sat Aug 02 02:35:00 GMT 2025","passed","Sat Aug 02 02:35:00 GMT 2025","","","",""
"","0","groups content topics by expected pubsub topic","contentTopicsByPubsubTopic","Sat Aug 02 02:26:18 GMT 2025","passed","Sat Aug 02 02:26:18 GMT 2025","","","",""
"","0","should attach causal history and bloom filter to each message","MessageChannel","Sat Aug 02 02:27:17 GMT 2025","passed","Sat Aug 02 02:27:17 GMT 2025","","sending a message ","",""
"","1","Subscribe to topic containing Chinese and receive message","Waku Filter: Subscribe: Multiple Service Nodes: Strict Check mode: false","Sat Aug 02 02:35:22 GMT 2025","passed","Sat Aug 02 02:35:22 GMT 2025","","","",""
"","1","should hash """" with n=0 and maxValue=1000 correctly","hashN","Sat Aug 02 02:27:14 GMT 2025","passed","Sat Aug 02 02:27:14 GMT 2025","","","",""
"","0","Push message with custom timestamp: 1754105277202","Waku Light Push: Multiple Nodes: Strict Check: true","Sat Aug 02 02:36:48 GMT 2025","passed","Sat Aug 02 02:36:48 GMT 2025","","","",""
"","0","Subscribe to topic containing Chinese and receive message","Waku Filter: Subscribe: Multiple Service Nodes: Strict Check mode: true","Sat Aug 02 02:35:22 GMT 2025","passed","Sat Aug 02 02:35:22 GMT 2025","","","",""
"","1","should reject if Relay is requested but not mounted","waitForRemotePeer","Sat Aug 02 02:27:04 GMT 2025","passed","Sat Aug 02 02:27:04 GMT 2025","","","",""
"","0","receiving a ping from a peer does not overwrite shard info","Metadata Protocol","Sat Aug 02 02:28:49 GMT 2025","passed","Sat Aug 02 02:28:49 GMT 2025","","auto sharding","",""
"","1","Relay + Store","ENR","Sat Aug 02 02:26:24 GMT 2025","passed","Sat Aug 02 02:26:24 GMT 2025","","Waku2 key: decode","",""
"","0","Check meta is set [symmetric]","Symmetric Encryption","Sat Aug 02 02:26:53 GMT 2025","passed","Sat Aug 02 02:26:53 GMT 2025","","","",""
"","0","should throw an error for non-numeric shard: /waku/2/rs/1/-","pubsubTopicToSingleShardInfo with various invalid formats","Sat Aug 02 02:26:18 GMT 2025","passed","Sat Aug 02 02:26:18 GMT 2025","","","",""
"","1","should be sent with empty content","MessageChannel","Sat Aug 02 02:27:17 GMT 2025","passed","Sat Aug 02 02:27:17 GMT 2025","","Sync messages","",""
"","0","Check received message containing JSON","Waku Filter: FilterPush: Multiple Nodes: Strict Checking: true","Sat Aug 02 02:35:00 GMT 2025","passed","Sat Aug 02 02:35:00 GMT 2025","","","",""
"","0","Check publish message containing emoji","Waku Relay, Publish","Sat Aug 02 02:29:52 GMT 2025","passed","Sat Aug 02 02:29:52 GMT 2025","","","",""
"","1","Push message with content topic containing emoji","Waku Light Push: Multiple Nodes: Strict Check: false","Sat Aug 02 02:36:48 GMT 2025","passed","Sat Aug 02 02:36:48 GMT 2025","","","",""
"","0","Meta field set when metaSetter is specified","Waku Message version 0","Sat Aug 02 02:26:35 GMT 2025","passed","Sat Aug 02 02:26:35 GMT 2025","","","",""
"","1","should remove event listeners from libp2p","NetworkMonitor","Sat Aug 02 02:26:34 GMT 2025","passed","Sat Aug 02 02:26:34 GMT 2025","","stop","",""
"","0","Subscribe to topic containing JSON and receive message","Waku Filter: Subscribe: Multiple Service Nodes: Strict Check mode: false","Sat Aug 02 02:35:22 GMT 2025","passed","Sat Aug 02 02:35:22 GMT 2025","","","",""
"","0","Subscribe and receive messages from 2 nwaku nodes each with different static shards","Waku Filter: Subscribe: Multiple Service Nodes on Static Shard: Strict Check mode: false","Sat Aug 02 02:27:56 GMT 2025","passed","Sat Aug 02 02:27:56 GMT 2025","","","",""
"","1","Check received message containing Russian","Waku Filter: FilterPush: Multiple Nodes: Strict Checking: true","Sat Aug 02 02:35:00 GMT 2025","passed","Sat Aug 02 02:35:00 GMT 2025","","","",""
"","1","Encoder throws on empty string content topic","Ensures content topic is defined","Sat Aug 02 02:26:53 GMT 2025","passed","Sat Aug 02 02:26:53 GMT 2025","","","",""
"","0","should return the correct m/n for k = 2, targetError = 0.1","Probabilities","Sat Aug 02 02:27:13 GMT 2025","passed","Sat Aug 02 02:27:13 GMT 2025","","","",""
"","1","returns a subset of values when wanted number is lesser than available values","Discovery","Sat Aug 02 02:26:42 GMT 2025","passed","Sat Aug 02 02:26:42 GMT 2025","","","",""
"","1","should be safe to call multiple times","DiscoveryDialer","Sat Aug 02 02:26:33 GMT 2025","passed","Sat Aug 02 02:26:33 GMT 2025","","start","",""
"","1","should drop connection via multiaddr with hangUp","Dialing","Sat Aug 02 02:29:01 GMT 2025","passed","Sat Aug 02 02:29:01 GMT 2025","","","",""
"","2","should not create relay timers when relay is not provided","KeepAliveManager","Sat Aug 02 02:26:34 GMT 2025","passed","Sat Aug 02 02:26:34 GMT 2025","","relay timer management","",""
"","1","Query Generator  - false","Waku Store, order","Sat Aug 02 02:32:05 GMT 2025","passed","Sat Aug 02 02:32:05 GMT 2025","","","",""
"","0","should dial more peers if under maxConnections","ConnectionLimiter","Sat Aug 02 02:26:34 GMT 2025","passed","Sat Aug 02 02:26:34 GMT 2025","","maintainConnectionsCount","",""
"","0","Overlapping topic subscription","Waku Relay, Subscribe","Sat Aug 02 02:30:02 GMT 2025","skipped","Sat Aug 02 02:30:02 GMT 2025","","","",""
"","0","Check publish message containing Script","Waku Relay, Publish","Sat Aug 02 02:29:52 GMT 2025","passed","Sat Aug 02 02:29:52 GMT 2025","","","",""
"","0","Subscribe to topic containing shell command and receive message","Waku Filter: Subscribe: Multiple Service Nodes: Strict Check mode: true","Sat Aug 02 02:35:22 GMT 2025","passed","Sat Aug 02 02:35:22 GMT 2025","","","",""
"","0","should hash ""!@#$%^&*()"" with n=5 and maxValue=100 correctly","hashN","Sat Aug 02 02:27:14 GMT 2025","passed","Sat Aug 02 02:27:14 GMT 2025","","","",""
"","4","Query with Promise Callback, No message returned","Waku Store, error handling","Sat Aug 02 02:31:54 GMT 2025","passed","Sat Aug 02 02:31:54 GMT 2025","","","",""
"","0","Throws when trying to push message with empty payload","Waku Light Push: Multiple Nodes: Strict Check: false","Sat Aug 02 02:36:48 GMT 2025","passed","Sat Aug 02 02:36:48 GMT 2025","","","",""
"","1","should hash ""hello"" with n=5 and maxValue=1000 correctly","hashN","Sat Aug 02 02:27:14 GMT 2025","passed","Sat Aug 02 02:27:14 GMT 2025","","","",""
"","0","Push message with content topic containing long","Waku Light Push: Multiple Nodes: Strict Check: false","Sat Aug 02 02:36:48 GMT 2025","passed","Sat Aug 02 02:36:48 GMT 2025","","","",""
"","0","should discard bootstrap peers when has more than set limit","Connection Limiter","Sat Aug 02 02:28:15 GMT 2025","passed","Sat Aug 02 02:28:15 GMT 2025","","","",""
"","1","throws on content topic with too few or too many fields","ensureValidContentTopic","Sat Aug 02 02:26:18 GMT 2025","passed","Sat Aug 02 02:26:18 GMT 2025","","","",""
"","7","should not retry if at least one success","LightPush SDK","Sat Aug 02 02:27:04 GMT 2025","passed","Sat Aug 02 02:27:04 GMT 2025","","","",""
"","1","Push message with custom timestamp: 1754098077202","Waku Light Push: Multiple Nodes: Strict Check: true","Sat Aug 02 02:36:48 GMT 2025","passed","Sat Aug 02 02:36:48 GMT 2025","","","",""
"","1","Subscribe to topic containing SQL Injection and receive message","Waku Filter: Subscribe: Multiple Service Nodes: Strict Check mode: false","Sat Aug 02 02:35:22 GMT 2025","passed","Sat Aug 02 02:35:22 GMT 2025","","","",""
"","0","Push message with content topic containing Russian","Waku Light Push: Multiple Nodes: Strict Check: true","Sat Aug 02 02:36:48 GMT 2025","passed","Sat Aug 02 02:36:48 GMT 2025","","","",""
"","0","Subscribe to topic containing Chinese and publish message","Waku Relay, Subscribe","Sat Aug 02 02:30:02 GMT 2025","passed","Sat Aug 02 02:30:02 GMT 2025","","","",""
"","0","should throw an error for invalid PubsubTopic format: /waku/2/rs","pubsubTopicToSingleShardInfo with various invalid formats","Sat Aug 02 02:26:18 GMT 2025","passed","Sat Aug 02 02:26:18 GMT 2025","","","",""
"","0","Push message with custom timestamp: 1754098077203","Waku Light Push: Multiple Nodes: Strict Check: false","Sat Aug 02 02:36:48 GMT 2025","passed","Sat Aug 02 02:36:48 GMT 2025","","","",""
"","0","should properly create location multiaddrs - udp4","ENR","Sat Aug 02 02:26:24 GMT 2025","passed","Sat Aug 02 02:26:24 GMT 2025","","Location multiaddr","",""
"","4","should skip peer when not on same cluster","Dialer","Sat Aug 02 02:26:34 GMT 2025","passed","Sat Aug 02 02:26:34 GMT 2025","","dial","",""
"","0","should requeue task if no peer is available","RetryManager","Sat Aug 02 02:27:04 GMT 2025","passed","Sat Aug 02 02:27:04 GMT 2025","","","",""
"","1","Subscribe and receive messages via waku relay post","Waku Filter: Subscribe: Multiple Service Nodes: Strict Check mode: true","Sat Aug 02 02:35:22 GMT 2025","passed","Sat Aug 02 02:35:22 GMT 2025","","","",""
"","0","should return Multiaddr when Multiaddr input is provided","mapToPeerIdOrMultiaddr","Sat Aug 02 02:26:34 GMT 2025","passed","Sat Aug 02 02:26:34 GMT 2025","","","",""
"","0","should do nothing if no non-locked connections to drop","ConnectionLimiter","Sat Aug 02 02:26:34 GMT 2025","passed","Sat Aug 02 02:26:34 GMT 2025","","maintainConnectionsCount","",""
"","0","PeerStore has remote peer's shard info after successful connection","Metadata Protocol","Sat Aug 02 02:28:49 GMT 2025","passed","Sat Aug 02 02:28:49 GMT 2025","","auto sharding","",""
"","1","px service nodes in same cluster, no matter the shard, should be dialed","Static Sharding: Peer Management","Sat Aug 02 02:32:27 GMT 2025","passed","Sat Aug 02 02:32:27 GMT 2025","","Peer Exchange","",""
"","0","should throw error - no public key","ENR","Sat Aug 02 02:26:24 GMT 2025","passed","Sat Aug 02 02:26:24 GMT 2025","","Txt codec","",""
"","0","should be delivered immediately if received","MessageChannel","Sat Aug 02 02:27:17 GMT 2025","passed","Sat Aug 02 02:27:17 GMT 2025","","Ephemeral messages","",""
"","0","Subscribe to topic containing unicode special characters and receive message","Waku Filter: Subscribe: Multiple Service Nodes: Strict Check mode: true","Sat Aug 02 02:35:22 GMT 2025","passed","Sat Aug 02 02:35:22 GMT 2025","","","",""
"","5","should return true even if peer has no overlapping shards","ShardReader","Sat Aug 02 02:26:34 GMT 2025","passed","Sat Aug 02 02:26:34 GMT 2025","","isPeerOnNetwork","",""
"","0","should dial with multiaddr and return stream","ConnectionManager","Sat Aug 02 02:26:35 GMT 2025","passed","Sat Aug 02 02:26:35 GMT 2025","","dial","",""
"","0","should hash ""test123"" with n=1 and maxValue=1000 correctly","hashN","Sat Aug 02 02:27:14 GMT 2025","passed","Sat Aug 02 02:27:14 GMT 2025","","","",""
"","0","should enable only localPeerCache when dns and peerExchange are disabled","Default Peer Discoveries","Sat Aug 02 02:27:04 GMT 2025","passed","Sat Aug 02 02:27:04 GMT 2025","","","",""
"","0","Push message with shell command payload","Waku Light Push: Multiple Nodes: Strict Check: false","Sat Aug 02 02:36:48 GMT 2025","passed","Sat Aug 02 02:36:48 GMT 2025","","","",""
"","0","Check received message with timestamp: 1649153314 ","Waku Filter: FilterPush: Multiple Nodes: Strict Checking: false","Sat Aug 02 02:35:00 GMT 2025","passed","Sat Aug 02 02:35:00 GMT 2025","","","",""
"","0","Publish without waiting for remote peer","Waku Relay, Subscribe","Sat Aug 02 02:30:02 GMT 2025","passed","Sat Aug 02 02:30:02 GMT 2025","","","",""
"","2","Init the array if not present","pushOrInitMapSet","Sat Aug 02 02:26:18 GMT 2025","passed","Sat Aug 02 02:26:18 GMT 2025","","","",""
"","1","Cluster ID 0, shard 1","Static Sharding: Running Nodes","Sat Aug 02 02:31:51 GMT 2025","passed","Sat Aug 02 02:31:51 GMT 2025","","","",""
"","0","Check received message containing XML","Waku Filter: FilterPush: Multiple Nodes: Strict Checking: false","Sat Aug 02 02:35:00 GMT 2025","passed","Sat Aug 02 02:35:00 GMT 2025","","","",""
"","3","should not create relay timers when relayKeepAlive = 0","KeepAliveManager","Sat Aug 02 02:26:34 GMT 2025","passed","Sat Aug 02 02:26:34 GMT 2025","","relay timer management","",""
"","1","should hash ""Lorem ipsum dolor sit amet"" with n=5 and maxValue=100 correctly","hashN","Sat Aug 02 02:27:14 GMT 2025","passed","Sat Aug 02 02:27:14 GMT 2025","","","",""
"","2","should not process empty queue","Dialer","Sat Aug 02 02:26:34 GMT 2025","passed","Sat Aug 02 02:26:34 GMT 2025","","queue processing","",""
"","0","Unsubscribe 2 topics - node subscribed to 2 topics","Waku Filter: Unsubscribe: Multiple Nodes: Strict Checking: true","Sat Aug 02 02:30:27 GMT 2025","passed","Sat Aug 02 02:30:27 GMT 2025","","","",""
"","0","should handle all zero keep alive options","KeepAliveManager","Sat Aug 02 02:26:34 GMT 2025","passed","Sat Aug 02 02:26:34 GMT 2025","","edge cases","",""
"","0","Encoder throws on empty string content topic","Ensures content topic is defined","Sat Aug 02 02:26:54 GMT 2025","passed","Sat Aug 02 02:26:54 GMT 2025","","","",""
"","0","Nwaku publishes","Waku Relay, Interop","Sat Aug 02 02:29:41 GMT 2025","passed","Sat Aug 02 02:29:41 GMT 2025","","","",""
"","0","should handle onConnected and onDisconnected","PeerManager","Sat Aug 02 02:27:04 GMT 2025","passed","Sat Aug 02 02:27:04 GMT 2025","","","",""
"","1","should hash """" with n=5 and maxValue=100 correctly","hashN","Sat Aug 02 02:27:14 GMT 2025","passed","Sat Aug 02 02:27:14 GMT 2025","","","",""
"","1","can query messages normally","Waku Store, message hash query","Sat Aug 02 02:31:57 GMT 2025","passed","Sat Aug 02 02:31:57 GMT 2025","","","",""
"","0","should do nothing if at or below maxBootstrapPeers","ConnectionLimiter","Sat Aug 02 02:26:34 GMT 2025","passed","Sat Aug 02 02:26:34 GMT 2025","","maintainBootstrapConnections","",""
"","0","should return true when peer is on the specified shard","ShardReader","Sat Aug 02 02:26:34 GMT 2025","passed","Sat Aug 02 02:26:34 GMT 2025","","isPeerOnShard","",""
"","1","should do nothing when connections still exist","ConnectionLimiter","Sat Aug 02 02:26:34 GMT 2025","passed","Sat Aug 02 02:26:34 GMT 2025","","onDisconnectedEvent","",""
"","2","should be able to encode the field with ALL protocols set to true","ENR waku2 codec","Sat Aug 02 02:26:24 GMT 2025","passed","Sat Aug 02 02:26:24 GMT 2025","","Encoding","",""
"","2","yields undefined for messages without content topic","StoreCore","Sat Aug 02 02:26:35 GMT 2025","passed","Sat Aug 02 02:26:35 GMT 2025","","queryPerPage","",""
"","1","Check publish message containing XML","Waku Relay, Publish","Sat Aug 02 02:29:52 GMT 2025","passed","Sat Aug 02 02:29:52 GMT 2025","","","",""
"","1","retrieves a single peer","DNS Node Discovery","Sat Aug 02 02:26:43 GMT 2025","passed","Sat Aug 02 02:26:43 GMT 2025","","","",""
"","0","Passing page size 19 when there are 20 messages","Waku Store, page size","Sat Aug 02 02:32:18 GMT 2025","passed","Sat Aug 02 02:32:18 GMT 2025","","","",""
"","0","should dial with PeerId and return stream","ConnectionManager","Sat Aug 02 02:26:35 GMT 2025","passed","Sat Aug 02 02:26:35 GMT 2025","","dial","",""
"","0","random auto sharding 2 - Cluster ID: 10, Content Topic: /app12/3/topic644/json","Autosharding: Running Nodes","Sat Aug 02 02:31:29 GMT 2025","passed","Sat Aug 02 02:31:29 GMT 2025","","","",""
"","1","should be safe to call multiple times","Dialer","Sat Aug 02 02:26:34 GMT 2025","passed","Sat Aug 02 02:26:34 GMT 2025","","stop","",""
"","1","less peers than existing","Peer Exchange Query","Sat Aug 02 02:29:28 GMT 2025","skipped","Sat Aug 02 02:29:28 GMT 2025","","","",""
"","0","Push message with content topic containing emoji","Waku Light Push: Multiple Nodes: Strict Check: true","Sat Aug 02 02:36:48 GMT 2025","passed","Sat Aug 02 02:36:48 GMT 2025","","","",""
"","0","should populate queue if has active dial","Dialer","Sat Aug 02 02:26:34 GMT 2025","passed","Sat Aug 02 02:26:34 GMT 2025","","dial","",""
"","0","should not mark messages in causal history as acknowledged if it's our own message","MessageChannel","Sat Aug 02 02:27:17 GMT 2025","passed","Sat Aug 02 02:27:17 GMT 2025","","reviewing ack status","",""
"","0","Subscribe to topic containing Script and receive message","Waku Filter: Subscribe: Multiple Service Nodes: Strict Check mode: false","Sat Aug 02 02:35:22 GMT 2025","passed","Sat Aug 02 02:35:22 GMT 2025","","","",""
"","0","should return false when navigator.onLine is true but network is not connected","NetworkMonitor","Sat Aug 02 02:26:34 GMT 2025","passed","Sat Aug 02 02:26:34 GMT 2025","","isConnected","",""
"","0","should hash ""hello"" with n=1 and maxValue=100 correctly","hashN","Sat Aug 02 02:27:14 GMT 2025","passed","Sat Aug 02 02:27:14 GMT 2025","","","",""
"","0","should return false and handle errors gracefully","ConnectionManager","Sat Aug 02 02:26:35 GMT 2025","passed","Sat Aug 02 02:26:35 GMT 2025","","hangUp","",""
"","1","Check publish message containing SQL Injection","Waku Relay, Publish","Sat Aug 02 02:29:52 GMT 2025","passed","Sat Aug 02 02:29:52 GMT 2025","","","",""
"","0","Push message with numeric payload","Waku Light Push: Multiple Nodes: Strict Check: true","Sat Aug 02 02:36:48 GMT 2025","passed","Sat Aug 02 02:36:48 GMT 2025","","","",""
"","1","should update ack status of messages in outgoing buffer","MessageChannel","Sat Aug 02 02:27:17 GMT 2025","passed","Sat Aug 02 02:27:17 GMT 2025","","Sync messages","",""
"","2","should emit a peer event after start","Peer Exchange","Sat Aug 02 02:29:27 GMT 2025","passed","Sat Aug 02 02:29:27 GMT 2025","interface-peer-discovery compliance tests","Compliance Test","",""
"","0","should add to incoming buffer if dependencies are not met","MessageChannel","Sat Aug 02 02:27:17 GMT 2025","passed","Sat Aug 02 02:27:17 GMT 2025","","receiving a message","",""
"","0","should hash ""hello"" with n=2 and maxValue=1000 correctly","hashN","Sat Aug 02 02:27:14 GMT 2025","passed","Sat Aug 02 02:27:14 GMT 2025","","","",""
"","1","Passing a valid cursor at 19 index when there are 50 messages","Waku Store, cursor","Sat Aug 02 02:31:40 GMT 2025","passed","Sat Aug 02 02:31:40 GMT 2025","","","",""
"","1","configure the node with multiple content topics","Autosharding: Running Nodes","Sat Aug 02 02:31:29 GMT 2025","passed","Sat Aug 02 02:31:29 GMT 2025","","","",""
"","1","should add received messages to bloom filter","MessageChannel","Sat Aug 02 02:27:17 GMT 2025","passed","Sat Aug 02 02:27:17 GMT 2025","","receiving a message","",""
"","0","Subscribe to topic containing long and receive message","Waku Filter: Subscribe: Multiple Service Nodes: Strict Check mode: true","Sat Aug 02 02:35:22 GMT 2025","passed","Sat Aug 02 02:35:22 GMT 2025","","","",""
"","1","Check received message with timestamp: 1754101652589 ","Waku Filter: FilterPush: Multiple Nodes: Strict Checking: false","Sat Aug 02 02:35:00 GMT 2025","passed","Sat Aug 02 02:35:00 GMT 2025","","","",""
"","0","Check received message containing Script","Waku Filter: FilterPush: Multiple Nodes: Strict Checking: false","Sat Aug 02 02:35:00 GMT 2025","passed","Sat Aug 02 02:35:00 GMT 2025","","","",""
"","0","should return available peers with correct protocol and pubsub topic","PeerManager","Sat Aug 02 02:27:04 GMT 2025","passed","Sat Aug 02 02:27:04 GMT 2025","","","",""
"","0","should fail to send if no connected peers found","LightPush SDK","Sat Aug 02 02:27:04 GMT 2025","passed","Sat Aug 02 02:27:04 GMT 2025","","","",""
"","0","Overlapping topic subscription","Waku Filter: Subscribe: Multiple Service Nodes: Strict Check mode: false","Sat Aug 02 02:35:22 GMT 2025","passed","Sat Aug 02 02:35:22 GMT 2025","","","",""
"","0","Publish message with custom timestamp: Sat Aug 02 2025 03:29:45 GMT+0000 (Coordinated Universal Time)","Waku Relay, Publish","Sat Aug 02 02:29:52 GMT 2025","passed","Sat Aug 02 02:29:52 GMT 2025","","","",""
"","0","Check message with no content topic is not received","Waku Filter: FilterPush: Multiple Nodes: Strict Checking: false","Sat Aug 02 02:35:00 GMT 2025","passed","Sat Aug 02 02:35:00 GMT 2025","","","",""
"","0","LightPush","Wait for remote peer","Sat Aug 02 02:32:39 GMT 2025","passed","Sat Aug 02 02:32:39 GMT 2025","","","",""
"","0","Renews subscription after lossing a connection","Waku Filter: Subscribe: Multiple Service Nodes: Strict Check mode: true","Sat Aug 02 02:35:22 GMT 2025","passed","Sat Aug 02 02:35:22 GMT 2025","","","",""
"","0","Fails to publish message with empty text","Waku Relay, Publish","Sat Aug 02 02:29:52 GMT 2025","passed","Sat Aug 02 02:29:52 GMT 2025","","","",""
"","0","Check received message containing Script","Waku Filter: FilterPush: Multiple Nodes: Strict Checking: true","Sat Aug 02 02:35:00 GMT 2025","passed","Sat Aug 02 02:35:00 GMT 2025","","","",""
"","1","should extract SingleShardInfo from a valid PubsubTopic","pubsubTopicToSingleShardInfo with various invalid formats","Sat Aug 02 02:26:18 GMT 2025","passed","Sat Aug 02 02:26:18 GMT 2025","","","",""
"","0","Js publishes, other Js receives","Waku Relay, Interop","Sat Aug 02 02:29:41 GMT 2025","passed","Sat Aug 02 02:29:41 GMT 2025","","","",""
"","0","should process up to 3 peers at once","Dialer","Sat Aug 02 02:26:34 GMT 2025","passed","Sat Aug 02 02:26:34 GMT 2025","","queue processing","",""
"","0","should create KeepAliveManager with relay","KeepAliveManager","Sat Aug 02 02:26:34 GMT 2025","passed","Sat Aug 02 02:26:34 GMT 2025","","constructor","",""
"","2","should handle errors gracefully when getting peer info","ShardReader","Sat Aug 02 02:26:34 GMT 2025","passed","Sat Aug 02 02:26:34 GMT 2025","","error handling","",""
"","0","should be able to decode the field with only FILTER set to true","ENR waku2 codec","Sat Aug 02 02:26:24 GMT 2025","passed","Sat Aug 02 02:26:24 GMT 2025","","Decoding","",""
"","1","Register correct protocols","Waku Relay, Subscribe","Sat Aug 02 02:30:02 GMT 2025","passed","Sat Aug 02 02:30:02 GMT 2025","","","",""
"","0","should be delivered but not added to local log or bloom filter","MessageChannel","Sat Aug 02 02:27:17 GMT 2025","passed","Sat Aug 02 02:27:17 GMT 2025","","Sync messages","",""
"","0","Passing page size 10 when there are 10 messages","Waku Store, page size","Sat Aug 02 02:32:18 GMT 2025","passed","Sat Aug 02 02:32:18 GMT 2025","","","",""
"","1","should select older connection if present","selectOpenConnection","Sat Aug 02 02:26:34 GMT 2025","passed","Sat Aug 02 02:26:34 GMT 2025","","","",""
"","7","should return false when peer is on different cluster","ShardReader","Sat Aug 02 02:26:34 GMT 2025","passed","Sat Aug 02 02:26:34 GMT 2025","","isPeerOnShard","",""
"","0","should initialize with isNetworkConnected as false","NetworkMonitor","Sat Aug 02 02:26:34 GMT 2025","passed","Sat Aug 02 02:26:34 GMT 2025","","constructor","",""
"","0","Push message with custom timestamp: 1723343277202","Waku Light Push: Multiple Nodes: Strict Check: true","Sat Aug 02 02:36:48 GMT 2025","passed","Sat Aug 02 02:36:48 GMT 2025","","","",""
"","0","passes more than one ENR URLs and attempts connection","DNS Node Discovery [live data]","Sat Aug 02 02:27:38 GMT 2025","skipped","Sat Aug 02 02:27:38 GMT 2025","","","",""
"","0","Fails to push message with large meta","Waku Light Push: Multiple Nodes: Strict Check: true","Sat Aug 02 02:36:48 GMT 2025","passed","Sat Aug 02 02:36:48 GMT 2025","","","",""
"","0","should properly compute the node id","ENR","Sat Aug 02 02:26:24 GMT 2025","passed","Sat Aug 02 02:26:24 GMT 2025","","Static tests","",""
"","0","Push message with long payload","Waku Light Push: Multiple Nodes: Strict Check: false","Sat Aug 02 02:36:48 GMT 2025","passed","Sat Aug 02 02:36:48 GMT 2025","","","",""
"","0","should correctly map /app/20/sometopic/someencoding to shard index 0 with networkShards 1","contentTopicToShardIndex","Sat Aug 02 02:26:18 GMT 2025","passed","Sat Aug 02 02:26:18 GMT 2025","","","",""
"","0","should invoke callbacks only when newly receiving message is given","Filter Subscription","Sat Aug 02 02:27:05 GMT 2025","passed","Sat Aug 02 02:27:05 GMT 2025","","","",""
"","0","should be able to decode the field with ALL protocols set to false","ENR waku2 codec","Sat Aug 02 02:26:24 GMT 2025","passed","Sat Aug 02 02:26:24 GMT 2025","","Decoding","",""
"","0","Subscribe to topic containing Basic HTML tag and receive message","Waku Filter: Subscribe: Multiple Service Nodes: Strict Check mode: true","Sat Aug 02 02:35:22 GMT 2025","passed","Sat Aug 02 02:35:22 GMT 2025","","","",""
"","0","ends if stream creation fails","StoreCore","Sat Aug 02 02:26:35 GMT 2025","passed","Sat Aug 02 02:26:35 GMT 2025","","queryPerPage","",""
"","0","should serialize and deserialize correctly","BloomFilter","Sat Aug 02 02:27:16 GMT 2025","passed","Sat Aug 02 02:27:16 GMT 2025","","","",""
"","0","Push message with special chars payload","Waku Light Push: Multiple Nodes: Strict Check: false","Sat Aug 02 02:36:48 GMT 2025","passed","Sat Aug 02 02:36:48 GMT 2025","","","",""
"","0","should emit events and transition isConnected state when has peers or no peers","waku:connection","Sat Aug 02 02:27:53 GMT 2025","passed","Sat Aug 02 02:27:53 GMT 2025","","","",""
"","0","msgTime: -19000 ms from now, startTime: -20000, endTime: -19000","Waku Store, time filter","Sat Aug 02 02:32:41 GMT 2025","passed","Sat Aug 02 02:32:41 GMT 2025","","","",""
"","3","should keep entries that haven't expired yet","TTLSet","Sat Aug 02 02:27:03 GMT 2025","passed","Sat Aug 02 02:27:03 GMT 2025","","","",""
"","0","Check received message containing special chars","Waku Filter: FilterPush: Multiple Nodes: Strict Checking: false","Sat Aug 02 02:35:00 GMT 2025","passed","Sat Aug 02 02:35:00 GMT 2025","","","",""
"","1","Accepts a valid Waku Message","Message Validator","Sat Aug 02 02:27:08 GMT 2025","passed","Sat Aug 02 02:27:08 GMT 2025","","","",""
"","1","Unsubscribe 1 topic - node subscribed to 2 topics","Waku Filter: Unsubscribe: Multiple Nodes: Strict Checking: true","Sat Aug 02 02:30:27 GMT 2025","passed","Sat Aug 02 02:30:27 GMT 2025","","","",""
"","0","Subscribe at once to 10000 topics and publish messages","Waku Relay, Subscribe","Sat Aug 02 02:30:02 GMT 2025","passed","Sat Aug 02 02:30:02 GMT 2025","","","",""
"","0","Callback on promise","Waku Store, general","Sat Aug 02 02:32:23 GMT 2025","passed","Sat Aug 02 02:32:23 GMT 2025","","","",""
"","0","should use configured peers when available","Store","Sat Aug 02 02:27:05 GMT 2025","passed","Sat Aug 02 02:27:05 GMT 2025","","queryGenerator","",""
"","0","pre and post cipher","Waku Encryption","Sat Aug 02 02:26:53 GMT 2025","passed","Sat Aug 02 02:26:53 GMT 2025","","","",""
"","0","should throw an error for non-numeric shard: /waku/2/rs/1/","pubsubTopicToSingleShardInfo with various invalid formats","Sat Aug 02 02:26:18 GMT 2025","passed","Sat Aug 02 02:26:18 GMT 2025","","","",""
"","0","should return PeerId when PeerId is provided","mapToPeerId","Sat Aug 02 02:26:34 GMT 2025","passed","Sat Aug 02 02:26:34 GMT 2025","","","",""
"","0","Stops search when 2 null results are returned","Fetch nodes","Sat Aug 02 02:26:42 GMT 2025","passed","Sat Aug 02 02:26:42 GMT 2025","","","",""
"","0","should throw error - no id","ENR","Sat Aug 02 02:26:24 GMT 2025","passed","Sat Aug 02 02:26:24 GMT 2025","","Verify","",""
"","0","Subscribe to topic containing numeric and receive message","Waku Filter: Subscribe: Multiple Service Nodes: Strict Check mode: false","Sat Aug 02 02:35:22 GMT 2025","passed","Sat Aug 02 02:35:22 GMT 2025","","","",""
"","1","should properly create location multiaddrs - tcp6","ENR","Sat Aug 02 02:26:24 GMT 2025","passed","Sat Aug 02 02:26:24 GMT 2025","","Location multiaddr","",""
"","6","should unregister libp2p event listeners when stop is called","PeerManager","Sat Aug 02 02:27:04 GMT 2025","passed","Sat Aug 02 02:27:04 GMT 2025","","","",""
"","0","should handle complete discovery-to-dial flow","DiscoveryDialer","Sat Aug 02 02:26:33 GMT 2025","passed","Sat Aug 02 02:26:33 GMT 2025","","integration","",""
"","1","should return false when navigator.onLine is false","NetworkMonitor","Sat Aug 02 02:26:34 GMT 2025","passed","Sat Aug 02 02:26:34 GMT 2025","","isConnected","",""
"","0","Ordered Callback sorting by timestamp while page direction is true","Waku Store, sorting","Sat Aug 02 02:32:24 GMT 2025","passed","Sat Aug 02 02:32:24 GMT 2025","","","",""
"","0","Check message received after old nwaku nodes are not available and new are created","Waku Filter: FilterPush: Multiple Nodes: Strict Checking: true","Sat Aug 02 02:35:00 GMT 2025","passed","Sat Aug 02 02:35:00 GMT 2025","","","",""
"","0","should not dispatch event when already connected","NetworkMonitor","Sat Aug 02 02:26:34 GMT 2025","passed","Sat Aug 02 02:26:34 GMT 2025","","peer connection events","",""
"","1","Decoder throws on empty string content topic","Ensures content topic is defined","Sat Aug 02 02:26:53 GMT 2025","passed","Sat Aug 02 02:26:53 GMT 2025","","","",""
"","1","Check message with invalid timestamp is not received","Waku Filter: FilterPush: Multiple Nodes: Strict Checking: true","Sat Aug 02 02:35:00 GMT 2025","passed","Sat Aug 02 02:35:00 GMT 2025","","","",""
"","1","Store - dialed first","Wait for remote peer","Sat Aug 02 02:32:39 GMT 2025","passed","Sat Aug 02 02:32:39 GMT 2025","","","",""
"","0","Unsubscribe 1 topic - node subscribed to 2 topics","Waku Filter: Unsubscribe: Multiple Nodes: Strict Checking: false","Sat Aug 02 02:30:27 GMT 2025","passed","Sat Aug 02 02:30:27 GMT 2025","","","",""
"","0","msgTime: 19000 ms from now, startTime: 18990, endTime: 19010","Waku Store, time filter","Sat Aug 02 02:32:41 GMT 2025","passed","Sat Aug 02 02:32:41 GMT 2025","","","",""
"","0","should throw an error for non-numeric shard: /waku/2/rs/1/x","pubsubTopicToSingleShardInfo with various invalid formats","Sat Aug 02 02:26:18 GMT 2025","passed","Sat Aug 02 02:26:18 GMT 2025","","","",""
"","0","should stop and cleanup resources","Filter Subscription","Sat Aug 02 02:27:05 GMT 2025","passed","Sat Aug 02 02:27:05 GMT 2025","","","",""
"","0","should set field with only RELAY enabled","ENR","Sat Aug 02 02:26:24 GMT 2025","passed","Sat Aug 02 02:26:24 GMT 2025","","waku2 key round trip","",""
"","1","should not dial peers from store when browser is not connected","ConnectionLimiter","Sat Aug 02 02:26:34 GMT 2025","passed","Sat Aug 02 02:26:34 GMT 2025","","onWakuConnectionEvent","",""
"","0","throws if store query response has error status","StoreCore","Sat Aug 02 02:26:35 GMT 2025","passed","Sat Aug 02 02:26:35 GMT 2025","","queryPerPage","",""
"","0","should successfully query store with valid decoders and options","Store","Sat Aug 02 02:27:05 GMT 2025","passed","Sat Aug 02 02:27:05 GMT 2025","","queryGenerator","",""
"","0","should throw an error for non-numeric clusterId: /waku/2/rs/ /1","pubsubTopicToSingleShardInfo with various invalid formats","Sat Aug 02 02:26:18 GMT 2025","passed","Sat Aug 02 02:26:18 GMT 2025","","","",""
"","0","Push message with numeric payload","Waku Light Push: Multiple Nodes: Strict Check: false","Sat Aug 02 02:36:48 GMT 2025","passed","Sat Aug 02 02:36:48 GMT 2025","","","",""
"","1","Check received message containing Arabic","Waku Filter: FilterPush: Multiple Nodes: Strict Checking: false","Sat Aug 02 02:35:00 GMT 2025","passed","Sat Aug 02 02:35:00 GMT 2025","","","",""
"","0","should correctly map /toychat/2/huilong/proto to shard index 3","contentTopicToShardIndex","Sat Aug 02 02:26:18 GMT 2025","passed","Sat Aug 02 02:26:18 GMT 2025","","","",""
"","1","throws if decoders don't match content topics","StoreCore","Sat Aug 02 02:26:35 GMT 2025","passed","Sat Aug 02 02:26:35 GMT 2025","","queryPerPage","",""
"","0","Push message with content topic containing escaped characters","Waku Light Push: Multiple Nodes: Strict Check: false","Sat Aug 02 02:36:48 GMT 2025","passed","Sat Aug 02 02:36:48 GMT 2025","","","",""
"","0","random static sharding 3 - Cluster ID: 311, Shard ID: 309","Static Sharding: Running Nodes","Sat Aug 02 02:31:51 GMT 2025","passed","Sat Aug 02 02:31:51 GMT 2025","","","",""
"","0","should transition to SufficientlyHealthy with multiple compatible peers","HealthIndicator","Sat Aug 02 02:27:04 GMT 2025","passed","Sat Aug 02 02:27:04 GMT 2025","","","",""
"","0","Relay + Store","ENR Interop: ServiceNode","Sat Aug 02 02:27:38 GMT 2025","passed","Sat Aug 02 02:27:38 GMT 2025","","","",""
"","0","Subscribe and receive messages via waku relay post","Waku Filter: Subscribe: Multiple Service Nodes: Strict Check mode: false","Sat Aug 02 02:35:22 GMT 2025","passed","Sat Aug 02 02:35:22 GMT 2025","","","",""
"","1","should reject if Store is requested but not mounted","waitForRemotePeer","Sat Aug 02 02:27:04 GMT 2025","passed","Sat Aug 02 02:27:04 GMT 2025","","","",""
"","1","should hash ""Lorem ipsum dolor sit amet"" with n=0 and maxValue=10000 correctly","hashN","Sat Aug 02 02:27:14 GMT 2025","passed","Sat Aug 02 02:27:14 GMT 2025","","","",""
"","0","Ephemeral messages are not stored","Waku Message Ephemeral field","Sat Aug 02 02:27:39 GMT 2025","passed","Sat Aug 02 02:27:39 GMT 2025","","","",""
"","0","Push message with Arabic payload","Waku Light Push: Multiple Nodes: Strict Check: true","Sat Aug 02 02:36:48 GMT 2025","passed","Sat Aug 02 02:36:48 GMT 2025","","","",""
"","5","should save new peer to store","DiscoveryDialer","Sat Aug 02 02:26:33 GMT 2025","passed","Sat Aug 02 02:26:33 GMT 2025","","updatePeerStore","",""
"","0","should hash ""test123"" with n=2 and maxValue=10000 correctly","hashN","Sat Aug 02 02:27:14 GMT 2025","passed","Sat Aug 02 02:27:14 GMT 2025","","","",""
"","0","Reusing cursor across nodes","Waku Store, cursor","Sat Aug 02 02:31:40 GMT 2025","passed","Sat Aug 02 02:31:40 GMT 2025","","","",""
"","1","should dial peer when peer is discovered","DiscoveryDialer","Sat Aug 02 02:26:33 GMT 2025","passed","Sat Aug 02 02:26:33 GMT 2025","","peer discovery handling","",""
"","1","messageHash returns a Uint8Array","messageHash and messageHashStr","Sat Aug 02 02:26:34 GMT 2025","passed","Sat Aug 02 02:26:34 GMT 2025","","","",""
"","0","return first retrieved peers without further DNS queries","DNS Node Discovery w/ capabilities","Sat Aug 02 02:26:43 GMT 2025","passed","Sat Aug 02 02:26:43 GMT 2025","","","",""
"","0","should throw an error for non-numeric clusterId: /waku/2/rs/\/1","pubsubTopicToSingleShardInfo with various invalid formats","Sat Aug 02 02:26:18 GMT 2025","passed","Sat Aug 02 02:26:18 GMT 2025","","","",""
"","1","should properly start and stop event listening","HealthIndicator","Sat Aug 02 02:27:04 GMT 2025","passed","Sat Aug 02 02:27:04 GMT 2025","","","",""
"","1","Passing page size 1 when there are 4 messages","Waku Store, page size","Sat Aug 02 02:32:18 GMT 2025","passed","Sat Aug 02 02:32:18 GMT 2025","","","",""
"","0","should handle dial errors gracefully","DiscoveryDialer","Sat Aug 02 02:26:33 GMT 2025","passed","Sat Aug 02 02:26:33 GMT 2025","","peer discovery handling","",""
"","0","should increase lamport timestamp","MessageChannel","Sat Aug 02 02:27:17 GMT 2025","passed","Sat Aug 02 02:27:17 GMT 2025","","receiving a message","",""
"","0","Subscribe and receive ecies encrypted messages via lightPush","Waku Filter: Subscribe: Multiple Service Nodes: Strict Check mode: false","Sat Aug 02 02:35:22 GMT 2025","passed","Sat Aug 02 02:35:22 GMT 2025","","","",""
"","0","should load peers from local storage and dispatch events","Local Storage Discovery","Sat Aug 02 02:26:47 GMT 2025","passed","Sat Aug 02 02:26:47 GMT 2025","","Unit Tests","",""
"","1","should hash ""hello"" with n=0 and maxValue=100 correctly","hashN","Sat Aug 02 02:27:14 GMT 2025","passed","Sat Aug 02 02:27:14 GMT 2025","","","",""
"","6","should create an instance with libp2p and dialer","DiscoveryDialer","Sat Aug 02 02:26:33 GMT 2025","passed","Sat Aug 02 02:26:33 GMT 2025","","constructor","",""
"","0","3 nodes on /waku/2/rs/3/2 topic","Waku Relay, static sharding, multiple pubsub topics","Sat Aug 02 02:29:44 GMT 2025","passed","Sat Aug 02 02:29:44 GMT 2025","","","",""
"","0","Nodes with multiple pubsub topic","Waku Relay auto-sharding, multiple pubsub topics","Sat Aug 02 02:29:44 GMT 2025","passed","Sat Aug 02 02:29:44 GMT 2025","","","",""
"","1","Check received message containing numeric","Waku Filter: FilterPush: Multiple Nodes: Strict Checking: true","Sat Aug 02 02:35:00 GMT 2025","passed","Sat Aug 02 02:35:00 GMT 2025","","","",""
"","0","ignores unrecognized TXT record formats","DNS Node Discovery","Sat Aug 02 02:26:43 GMT 2025","passed","Sat Aug 02 02:26:43 GMT 2025","","","",""
"","0","should correctly map /app/27/sometopic/someencoding to shard index 5","contentTopicToShardIndex","Sat Aug 02 02:26:18 GMT 2025","passed","Sat Aug 02 02:26:18 GMT 2025","","","",""
"","0","should return false when peer is not on topic","ConnectionManager","Sat Aug 02 02:26:35 GMT 2025","passed","Sat Aug 02 02:26:35 GMT 2025","","isPeerOnTopic","",""
"","0","Waku message hash computation (payload length 0)","Message Hash: RFC Test Vectors","Sat Aug 02 02:26:34 GMT 2025","passed","Sat Aug 02 02:26:34 GMT 2025","","","",""
"","0","Check publish message containing Arabic","Waku Relay, Publish","Sat Aug 02 02:29:52 GMT 2025","passed","Sat Aug 02 02:29:52 GMT 2025","","","",""
"","1","Push message with unicode special characters payload","Waku Light Push: Multiple Nodes: Strict Check: false","Sat Aug 02 02:36:48 GMT 2025","passed","Sat Aug 02 02:36:48 GMT 2025","","","",""
"","0","throws on content topic with empty encoding field","ensureValidContentTopic","Sat Aug 02 02:26:18 GMT 2025","passed","Sat Aug 02 02:26:18 GMT 2025","","","",""
"","1","Push message with meta","Waku Light Push: Multiple Nodes: Strict Check: true","Sat Aug 02 02:36:48 GMT 2025","passed","Sat Aug 02 02:36:48 GMT 2025","","","",""
"","0","Round trip binary serialization","Waku Message version 0","Sat Aug 02 02:26:35 GMT 2025","passed","Sat Aug 02 02:26:35 GMT 2025","","","",""
"","0","Check message received after jswaku node is restarted","Waku Filter: FilterPush: Multiple Nodes: Strict Checking: true","Sat Aug 02 02:35:00 GMT 2025","passed","Sat Aug 02 02:35:00 GMT 2025","","","",""
"","0","should handle disconnect when peer has no timers","KeepAliveManager","Sat Aug 02 02:26:34 GMT 2025","passed","Sat Aug 02 02:26:34 GMT 2025","","timer cleanup","",""
"","4","should clear dial history on start","Dialer","Sat Aug 02 02:26:34 GMT 2025","passed","Sat Aug 02 02:26:34 GMT 2025","","start","",""
"","0","Check message with no payload is not received","Waku Filter: FilterPush: Multiple Nodes: Strict Checking: false","Sat Aug 02 02:35:00 GMT 2025","passed","Sat Aug 02 02:35:00 GMT 2025","","","",""
"","1","should hash ""Lorem ipsum dolor sit amet"" with n=1 and maxValue=100 correctly","hashN","Sat Aug 02 02:27:14 GMT 2025","passed","Sat Aug 02 02:27:14 GMT 2025","","","",""
"","1","Check publish message containing Chinese","Waku Relay, Publish","Sat Aug 02 02:29:52 GMT 2025","passed","Sat Aug 02 02:29:52 GMT 2025","","","",""
"","1","should handle dial errors","ConnectionManager","Sat Aug 02 02:26:35 GMT 2025","passed","Sat Aug 02 02:26:35 GMT 2025","","dial","",""
"","0","should not discard bootstrap peers if under the limit","Connection Limiter","Sat Aug 02 02:28:15 GMT 2025","passed","Sat Aug 02 02:28:15 GMT 2025","","","",""
"","0","should get / set UDP multiaddr","ENR","Sat Aug 02 02:26:24 GMT 2025","passed","Sat Aug 02 02:26:24 GMT 2025","","Multiaddr getters and setters","",""
"","0","should send to specified number of peers of used peers","LightPush SDK","Sat Aug 02 02:27:04 GMT 2025","passed","Sat Aug 02 02:27:04 GMT 2025","","","",""
"","0","Rejects garbage","Message Validator","Sat Aug 02 02:27:08 GMT 2025","passed","Sat Aug 02 02:27:08 GMT 2025","","","",""
"","0","Subscribe to topic containing SQL Injection and receive message","Waku Filter: Subscribe: Multiple Service Nodes: Strict Check mode: true","Sat Aug 02 02:35:22 GMT 2025","passed","Sat Aug 02 02:35:22 GMT 2025","","","",""
"","3","peer exchange sets tag","Peer Exchange","Sat Aug 02 02:29:57 GMT 2025","passed","Sat Aug 02 02:29:57 GMT 2025","","","",""
"","0","should remove event listeners","ConnectionLimiter","Sat Aug 02 02:26:34 GMT 2025","passed","Sat Aug 02 02:26:34 GMT 2025","","stop","",""
"","0","Subscribe to topic containing emoji and publish message","Waku Relay, Subscribe","Sat Aug 02 02:30:02 GMT 2025","passed","Sat Aug 02 02:30:02 GMT 2025","","","",""
"","1","should hash """" with n=1 and maxValue=1000 correctly","hashN","Sat Aug 02 02:27:14 GMT 2025","passed","Sat Aug 02 02:27:14 GMT 2025","","","",""
"","0","random auto sharding 6 - Cluster ID: 10, Content Topic: /app44/1/topic321/xml","Autosharding: Running Nodes","Sat Aug 02 02:31:29 GMT 2025","passed","Sat Aug 02 02:31:29 GMT 2025","","","",""
"","0","should partition messages based on acknowledgement status","MessageChannel","Sat Aug 02 02:27:17 GMT 2025","passed","Sat Aug 02 02:27:17 GMT 2025","","Sweeping outgoing buffer","",""
"","0","should hash ""!@#$%^&*()"" with n=5 and maxValue=1000 correctly","hashN","Sat Aug 02 02:27:14 GMT 2025","passed","Sat Aug 02 02:27:14 GMT 2025","","","",""
"","0","peer:update - should schedule stream creation IF protocol hit AND no stream found on connection","StreamManager","Sat Aug 02 02:26:35 GMT 2025","passed","Sat Aug 02 02:26:35 GMT 2025","","","",""
"","1","should hash ""hello"" with n=1 and maxValue=1000 correctly","hashN","Sat Aug 02 02:27:14 GMT 2025","passed","Sat Aug 02 02:27:14 GMT 2025","","","",""
"","0","Check received message containing long","Waku Filter: FilterPush: Multiple Nodes: Strict Checking: false","Sat Aug 02 02:35:00 GMT 2025","passed","Sat Aug 02 02:35:00 GMT 2025","","","",""
"","1","Subscribe and receive symmetrically encrypted messages via lightPush","Waku Filter: Subscribe: Multiple Service Nodes: Strict Check mode: false","Sat Aug 02 02:35:22 GMT 2025","passed","Sat Aug 02 02:35:22 GMT 2025","","","",""
"","1","should throw an error for non-numeric clusterId: /waku/2/rs/-/1","pubsubTopicToSingleShardInfo with various invalid formats","Sat Aug 02 02:26:18 GMT 2025","passed","Sat Aug 02 02:26:18 GMT 2025","","","",""
"","0","Fields are not dropped","to proto message","Sat Aug 02 02:26:34 GMT 2025","passed","Sat Aug 02 02:26:34 GMT 2025","","","",""
"","1","Push message with Chinese payload","Waku Light Push: Multiple Nodes: Strict Check: true","Sat Aug 02 02:36:48 GMT 2025","passed","Sat Aug 02 02:36:48 GMT 2025","","","",""
"","1","should not create timers for topics where peer is not in mesh","KeepAliveManager","Sat Aug 02 02:26:34 GMT 2025","passed","Sat Aug 02 02:26:34 GMT 2025","","relay timer management","",""
"","1","Push message with Script payload","Waku Light Push: Multiple Nodes: Strict Check: false","Sat Aug 02 02:36:48 GMT 2025","passed","Sat Aug 02 02:36:48 GMT 2025","","","",""
"","0","random static sharding 1 - Cluster ID: 243, Shard ID: 902","Static Sharding: Running Nodes","Sat Aug 02 02:31:51 GMT 2025","passed","Sat Aug 02 02:31:51 GMT 2025","","","",""
"","1","Check received message containing numeric","Waku Filter: FilterPush: Multiple Nodes: Strict Checking: false","Sat Aug 02 02:35:00 GMT 2025","passed","Sat Aug 02 02:35:00 GMT 2025","","","",""
"","0","should hash ""test123"" with n=1 and maxValue=10000 correctly","hashN","Sat Aug 02 02:27:14 GMT 2025","passed","Sat Aug 02 02:27:14 GMT 2025","","","",""
"","1","throws on empty content topic","ensureValidContentTopic","Sat Aug 02 02:26:18 GMT 2025","passed","Sat Aug 02 02:26:18 GMT 2025","","","",""
"","17","should add event listeners to globalThis","NetworkMonitor","Sat Aug 02 02:26:34 GMT 2025","passed","Sat Aug 02 02:26:34 GMT 2025","","start","",""
"","0","should hash ""Lorem ipsum dolor sit amet"" with n=1 and maxValue=10000 correctly","hashN","Sat Aug 02 02:27:14 GMT 2025","passed","Sat Aug 02 02:27:14 GMT 2025","","","",""
"","0","Subscribe to topic containing XML and publish message","Waku Relay, Subscribe","Sat Aug 02 02:30:02 GMT 2025","passed","Sat Aug 02 02:30:02 GMT 2025","","","",""
"","0","Fails to push message bigger that 1MB","Waku Light Push: Multiple Nodes: Strict Check: true","Sat Aug 02 02:36:48 GMT 2025","passed","Sat Aug 02 02:36:48 GMT 2025","","","",""
"","0","can start and stop the service","DNS Discovery: Compliance Test","Sat Aug 02 02:27:38 GMT 2025","passed","Sat Aug 02 02:27:38 GMT 2025","","interface-peer-discovery compliance tests","",""
"","0","should create ConnectionManager with relay","ConnectionManager","Sat Aug 02 02:26:35 GMT 2025","passed","Sat Aug 02 02:26:35 GMT 2025","","constructor","",""
"","1","should hang up with multiaddr and return true on success","ConnectionManager","Sat Aug 02 02:26:35 GMT 2025","passed","Sat Aug 02 02:26:35 GMT 2025","","hangUp","",""
"","1","Subscribe and receive messages on 2 different content topics","Waku Filter: Subscribe: Multiple Service Nodes: Strict Check mode: false","Sat Aug 02 02:35:22 GMT 2025","passed","Sat Aug 02 02:35:22 GMT 2025","","","",""
"","0","should emit a peer event after start","Local Storage Discovery","Sat Aug 02 02:26:47 GMT 2025","passed","Sat Aug 02 02:26:47 GMT 2025","interface-peer-discovery compliance tests","Compliance Tests","",""
"","0","should return no connections if no open connection provided","selectOpenConnection","Sat Aug 02 02:26:34 GMT 2025","passed","Sat Aug 02 02:26:34 GMT 2025","","","",""
"","0","Check received message containing short","Waku Filter: FilterPush: Multiple Nodes: Strict Checking: false","Sat Aug 02 02:35:00 GMT 2025","passed","Sat Aug 02 02:35:00 GMT 2025","","","",""
"","0","should reject if WakuNode is not started","waitForRemotePeer","Sat Aug 02 02:27:04 GMT 2025","passed","Sat Aug 02 02:27:04 GMT 2025","","","",""
"","0","Subscribe and receive messages on 2 different content topics","Waku Filter: Subscribe: Multiple Service Nodes: Strict Check mode: true","Sat Aug 02 02:35:22 GMT 2025","passed","Sat Aug 02 02:35:22 GMT 2025","","","",""
"","0","should correctly encode and decode relay shards using rs format (Index List)","Relay Shard codec","Sat Aug 02 02:26:18 GMT 2025","passed","Sat Aug 02 02:26:18 GMT 2025","","","",""
"","0","should return true when peer is on the same cluster","ShardReader","Sat Aug 02 02:26:34 GMT 2025","passed","Sat Aug 02 02:26:34 GMT 2025","","isPeerOnNetwork","",""
"","2","can start and stop the service","Peer Exchange","Sat Aug 02 02:29:27 GMT 2025","passed","Sat Aug 02 02:29:27 GMT 2025","interface-peer-discovery compliance tests","Compliance Test","",""
"","0","should handle multiple query options for time ranges","Store","Sat Aug 02 02:27:05 GMT 2025","passed","Sat Aug 02 02:27:05 GMT 2025","","queryGenerator","",""
"","2","Query Generator, No message returned","Waku Store, error handling","Sat Aug 02 02:31:54 GMT 2025","passed","Sat Aug 02 02:31:54 GMT 2025","","","",""
"","1","should initialize with default number of peers","PeerManager","Sat Aug 02 02:27:04 GMT 2025","passed","Sat Aug 02 02:27:04 GMT 2025","","","",""
"","0","can query messages by message hash","Waku Store, message hash query","Sat Aug 02 02:31:57 GMT 2025","passed","Sat Aug 02 02:31:57 GMT 2025","","","",""
"","0","should not return the same peer twice in consecutive getPeers calls without renew","PeerManager","Sat Aug 02 02:27:04 GMT 2025","passed","Sat Aug 02 02:27:04 GMT 2025","","","",""
"","0","Push message with Russian payload","Waku Light Push: Multiple Nodes: Strict Check: false","Sat Aug 02 02:36:48 GMT 2025","passed","Sat Aug 02 02:36:48 GMT 2025","","","",""
"","1","should return exactly numPeersToUse peers when enough are available","PeerManager","Sat Aug 02 02:27:04 GMT 2025","passed","Sat Aug 02 02:27:04 GMT 2025","","","",""
"","1","should hash ""!@#$%^&*()"" with n=1 and maxValue=10000 correctly","hashN","Sat Aug 02 02:27:14 GMT 2025","passed","Sat Aug 02 02:27:14 GMT 2025","","","",""
"","0","should have no discoveries enabled by default","Default Peer Discoveries","Sat Aug 02 02:27:04 GMT 2025","passed","Sat Aug 02 02:27:04 GMT 2025","","","",""
"","0","Fails to push message with large meta","Waku Light Push: Multiple Nodes: Strict Check: false","Sat Aug 02 02:36:48 GMT 2025","passed","Sat Aug 02 02:36:48 GMT 2025","","","",""
"","0","Add multiple subscription objects on single nwaku node","Waku Filter: Subscribe: Multiple Service Nodes: Strict Check mode: true","Sat Aug 02 02:35:22 GMT 2025","passed","Sat Aug 02 02:35:22 GMT 2025","","","",""
"","0","Subscribe and receive 2 messages on the same topic","Waku Filter: Subscribe: Multiple Service Nodes: Strict Check mode: true","Sat Aug 02 02:35:22 GMT 2025","passed","Sat Aug 02 02:35:22 GMT 2025","","","",""
"","0","Overlapping topic subscription","Waku Filter: Subscribe: Multiple Service Nodes: Strict Check mode: true","Sat Aug 02 02:35:22 GMT 2025","passed","Sat Aug 02 02:35:22 GMT 2025","","","",""
"","0","throws on content topic with generation field greater than 0","ensureValidContentTopic","Sat Aug 02 02:26:18 GMT 2025","passed","Sat Aug 02 02:26:18 GMT 2025","","","",""
"","0","should be able to encode the field with only LIGHTPUSH set to true","ENR waku2 codec","Sat Aug 02 02:26:24 GMT 2025","passed","Sat Aug 02 02:26:24 GMT 2025","","Encoding","",""
"","1","Publishes to nwaku","Waku Relay, Interop","Sat Aug 02 02:29:41 GMT 2025","passed","Sat Aug 02 02:29:41 GMT 2025","","","",""
"","0","should be empty when created","Filter Subscription","Sat Aug 02 02:27:05 GMT 2025","passed","Sat Aug 02 02:27:05 GMT 2025","","","",""
"","0","should throw an error for non-numeric clusterId: /waku/2/rs/x/1","pubsubTopicToSingleShardInfo with various invalid formats","Sat Aug 02 02:26:18 GMT 2025","passed","Sat Aug 02 02:26:18 GMT 2025","","","",""
"","0","should be safe to call multiple times","ConnectionManager","Sat Aug 02 02:26:35 GMT 2025","passed","Sat Aug 02 02:26:35 GMT 2025","","start","",""
"","0","Push message with JSON payload","Waku Light Push: Multiple Nodes: Strict Check: true","Sat Aug 02 02:36:48 GMT 2025","passed","Sat Aug 02 02:36:48 GMT 2025","","","",""
"","0","Query with Promise Callback, Multiple PubsubTopics","Waku Store, error handling","Sat Aug 02 02:31:54 GMT 2025","passed","Sat Aug 02 02:31:54 GMT 2025","","","",""
"","1","Subscribe to topic containing Basic HTML tag and publish message","Waku Relay, Subscribe","Sat Aug 02 02:30:02 GMT 2025","passed","Sat Aug 02 02:30:02 GMT 2025","","","",""
"","0","connected peers and dial","Peer Exchange Query","Sat Aug 02 02:29:28 GMT 2025","skipped","Sat Aug 02 02:29:28 GMT 2025","","","",""
"","1","should dial all known peers when reached zero connections","Connection Limiter","Sat Aug 02 02:28:15 GMT 2025","passed","Sat Aug 02 02:28:15 GMT 2025","","","",""
"","3","should not requeue if maxAttempts is exhausted and no peer is available","RetryManager","Sat Aug 02 02:27:04 GMT 2025","passed","Sat Aug 02 02:27:04 GMT 2025","","","",""
"","0","Check publish message containing Russian","Waku Relay, Publish","Sat Aug 02 02:29:52 GMT 2025","passed","Sat Aug 02 02:29:52 GMT 2025","","","",""
"","0","Ordered Callback - true","Waku Store, order","Sat Aug 02 02:32:05 GMT 2025","passed","Sat Aug 02 02:32:05 GMT 2025","","","",""
"","1","should throw if no connection provided","StreamManager","Sat Aug 02 02:26:35 GMT 2025","passed","Sat Aug 02 02:26:35 GMT 2025","","","",""
"","0","Subscribe to topic containing Arabic and publish message","Waku Relay, Subscribe","Sat Aug 02 02:30:02 GMT 2025","passed","Sat Aug 02 02:30:02 GMT 2025","","","",""
"","0","should be safe to call multiple times","ConnectionLimiter","Sat Aug 02 02:26:34 GMT 2025","passed","Sat Aug 02 02:26:34 GMT 2025","","stop","",""
"","0","should be able to encode the field with only STORE set to true","ENR waku2 codec","Sat Aug 02 02:26:24 GMT 2025","passed","Sat Aug 02 02:26:24 GMT 2025","","Encoding","",""
"","0","Query with Ordered Callback, No Decoder","Waku Store, error handling","Sat Aug 02 02:31:54 GMT 2025","passed","Sat Aug 02 02:31:54 GMT 2025","","","",""
"","0","Fails to publish message with wrong pubsubtopic","Waku Relay, Publish","Sat Aug 02 02:29:52 GMT 2025","passed","Sat Aug 02 02:29:52 GMT 2025","","","",""
"","0","should hash """" with n=1 and maxValue=100 correctly","hashN","Sat Aug 02 02:27:14 GMT 2025","passed","Sat Aug 02 02:27:14 GMT 2025","","","",""
"","1","should add event listeners for peer connect and disconnect","KeepAliveManager","Sat Aug 02 02:26:34 GMT 2025","passed","Sat Aug 02 02:26:34 GMT 2025","","start","",""
"","0","recovers when dns.resolve returns empty","DNS Node Discovery","Sat Aug 02 02:26:43 GMT 2025","passed","Sat Aug 02 02:26:43 GMT 2025","","","",""
"","1","Check publish message containing short","Waku Relay, Publish","Sat Aug 02 02:29:52 GMT 2025","passed","Sat Aug 02 02:29:52 GMT 2025","","","",""
"","0","Push message with content topic containing escaped characters","Waku Light Push: Multiple Nodes: Strict Check: true","Sat Aug 02 02:36:48 GMT 2025","passed","Sat Aug 02 02:36:48 GMT 2025","","","",""
"","0","should return empty array when no peers connected","ConnectionManager","Sat Aug 02 02:26:35 GMT 2025","passed","Sat Aug 02 02:26:35 GMT 2025","","getConnectedPeers","",""
"","0","should check connected peers if present and suitable","waitForRemotePeer","Sat Aug 02 02:27:04 GMT 2025","passed","Sat Aug 02 02:27:04 GMT 2025","","","",""
"","0","Check publish message containing long","Waku Relay, Publish","Sat Aug 02 02:29:52 GMT 2025","passed","Sat Aug 02 02:29:52 GMT 2025","","","",""
"","6","Passing page size 11 when there are 10 messages","Waku Store, page size","Sat Aug 02 02:32:18 GMT 2025","passed","Sat Aug 02 02:32:18 GMT 2025","","","",""
"","5","Unsubscribe from 100 topics (new limit) at once and receives messages","Waku Filter: Unsubscribe: Multiple Nodes: Strict Checking: true","Sat Aug 02 02:30:27 GMT 2025","passed","Sat Aug 02 02:30:27 GMT 2025","","","",""
"","4","should hash ""hello"" with n=2 and maxValue=10000 correctly","hashN","Sat Aug 02 02:27:14 GMT 2025","passed","Sat Aug 02 02:27:14 GMT 2025","","","",""
"","1","returns nothing if no connections present","selectOpenConnection","Sat Aug 02 02:26:34 GMT 2025","passed","Sat Aug 02 02:26:34 GMT 2025","","","",""
"","0","Push message with content topic containing SQL Injection","Waku Light Push: Multiple Nodes: Strict Check: true","Sat Aug 02 02:36:48 GMT 2025","passed","Sat Aug 02 02:36:48 GMT 2025","","","",""
"","1","should hash ""test123"" with n=0 and maxValue=100 correctly","hashN","Sat Aug 02 02:27:14 GMT 2025","passed","Sat Aug 02 02:27:14 GMT 2025","","","",""
"","1","Push message with emoji payload","Waku Light Push: Multiple Nodes: Strict Check: true","Sat Aug 02 02:36:48 GMT 2025","passed","Sat Aug 02 02:36:48 GMT 2025","","","",""
"","0","should process tasks in queue","RetryManager","Sat Aug 02 02:27:04 GMT 2025","passed","Sat Aug 02 02:27:04 GMT 2025","","","",""
"","0","Unsubscribe topics the node is not subscribed to","Waku Filter: Unsubscribe: Multiple Nodes: Strict Checking: false","Sat Aug 02 02:30:27 GMT 2025","passed","Sat Aug 02 02:30:27 GMT 2025","","","",""
"","1","Subscribe to 100 topics (new limit) at once and receives messages","Waku Filter: Subscribe: Multiple Service Nodes: Strict Check mode: false","Sat Aug 02 02:35:22 GMT 2025","passed","Sat Aug 02 02:35:22 GMT 2025","","","",""
"","0","msgTime: -19000 ms from now, startTime: -19010, endTime: -18990","Waku Store, time filter","Sat Aug 02 02:32:41 GMT 2025","passed","Sat Aug 02 02:32:41 GMT 2025","","","",""
"","0","throws on content topic with empty version field","ensureValidContentTopic","Sat Aug 02 02:26:18 GMT 2025","passed","Sat Aug 02 02:26:18 GMT 2025","","","",""
"","0","should remove messages without delivering if timeout is exceeded","MessageChannel","Sat Aug 02 02:27:17 GMT 2025","passed","Sat Aug 02 02:27:17 GMT 2025","","Sweeping incoming buffer","",""
"","0","Asymmetric encrypt & decrypt","Waku Encryption","Sat Aug 02 02:26:53 GMT 2025","passed","Sat Aug 02 02:26:53 GMT 2025","","","",""
"","0","Passing page size 110 when there are 120 messages","Waku Store, page size","Sat Aug 02 02:32:18 GMT 2025","passed","Sat Aug 02 02:32:18 GMT 2025","","","",""
"","0","Encoder throws on undefined content topic","Ensures content topic is defined","Sat Aug 02 02:26:35 GMT 2025","passed","Sat Aug 02 02:26:35 GMT 2025","","","",""
"","1","should not fail to start the service if it is already started","Peer Exchange","Sat Aug 02 02:29:27 GMT 2025","passed","Sat Aug 02 02:29:27 GMT 2025","interface-peer-discovery compliance tests","Compliance Test","",""
"","0","topics with same application and version share the same shard","contentTopicToShardIndex","Sat Aug 02 02:26:18 GMT 2025","passed","Sat Aug 02 02:26:18 GMT 2025","","","",""
"","1","should correctly map /0/toychat/2/huilong/proto to shard index 3","contentTopicToShardIndex","Sat Aug 02 02:26:18 GMT 2025","passed","Sat Aug 02 02:26:18 GMT 2025","","","",""
"","4","should handle errors when removing globalThis listeners","NetworkMonitor","Sat Aug 02 02:26:34 GMT 2025","passed","Sat Aug 02 02:26:34 GMT 2025","","stop","",""
"","0","should throw an error for invalid PubsubTopic format: /waku/2/r/1/2","pubsubTopicToSingleShardInfo with various invalid formats","Sat Aug 02 02:26:18 GMT 2025","passed","Sat Aug 02 02:26:18 GMT 2025","","","",""
"","0","should return the correct m/n for k = 7, targetError = 0.01","Probabilities","Sat Aug 02 02:27:13 GMT 2025","passed","Sat Aug 02 02:27:13 GMT 2025","","","",""
"","0","should hash ""Lorem ipsum dolor sit amet"" with n=2 and maxValue=100 correctly","hashN","Sat Aug 02 02:27:14 GMT 2025","passed","Sat Aug 02 02:27:14 GMT 2025","","","",""
"","1","Check publish message containing shell command","Waku Relay, Publish","Sat Aug 02 02:29:52 GMT 2025","passed","Sat Aug 02 02:29:52 GMT 2025","","","",""
"","0","should handle browser offline state overriding peer connections","NetworkMonitor","Sat Aug 02 02:26:34 GMT 2025","passed","Sat Aug 02 02:26:34 GMT 2025","","integration","",""
"","0","Query Generator, No Decoder","Waku Store, error handling","Sat Aug 02 02:31:54 GMT 2025","passed","Sat Aug 02 02:31:54 GMT 2025","","","",""
"","0","should not be added to outgoing buffer, bloom filter, or local log","MessageChannel","Sat Aug 02 02:27:17 GMT 2025","passed","Sat Aug 02 02:27:17 GMT 2025","","Sync messages","",""
"","1","Check received message with timestamp: 1649153314 ","Waku Filter: FilterPush: Multiple Nodes: Strict Checking: true","Sat Aug 02 02:35:00 GMT 2025","passed","Sat Aug 02 02:35:00 GMT 2025","","","",""
"","0","rejects content-filtered query with only contentTopics","StoreQueryRequest validation","Sat Aug 02 02:26:34 GMT 2025","passed","Sat Aug 02 02:26:34 GMT 2025","","","",""
"","0","Subscribe to topic containing XML and receive message","Waku Filter: Subscribe: Multiple Service Nodes: Strict Check mode: false","Sat Aug 02 02:35:22 GMT 2025","passed","Sat Aug 02 02:35:22 GMT 2025","","","",""
"","0","should retry on complete failure if specified","LightPush SDK","Sat Aug 02 02:27:04 GMT 2025","passed","Sat Aug 02 02:27:04 GMT 2025","","","",""
"","0","should drop connection to one peer on hangUp","Dialing","Sat Aug 02 02:29:01 GMT 2025","passed","Sat Aug 02 02:29:01 GMT 2025","","","",""
"","0","Push message with short payload","Waku Light Push: Multiple Nodes: Strict Check: true","Sat Aug 02 02:36:48 GMT 2025","passed","Sat Aug 02 02:36:48 GMT 2025","","","",""
"","0","should wait for Store peer to be connected","waitForRemotePeer","Sat Aug 02 02:27:04 GMT 2025","passed","Sat Aug 02 02:27:04 GMT 2025","","","",""
"","1","should encode/decode to text encoding","ENR","Sat Aug 02 02:26:24 GMT 2025","passed","Sat Aug 02 02:26:24 GMT 2025","","Static tests","",""
"","0","Check received message containing Chinese","Waku Filter: FilterPush: Multiple Nodes: Strict Checking: false","Sat Aug 02 02:35:00 GMT 2025","passed","Sat Aug 02 02:35:00 GMT 2025","","","",""
"","0","should throw error - no public key","ENR","Sat Aug 02 02:26:24 GMT 2025","passed","Sat Aug 02 02:26:24 GMT 2025","","Verify","",""
"","0","should clear all timers","KeepAliveManager","Sat Aug 02 02:26:34 GMT 2025","passed","Sat Aug 02 02:26:34 GMT 2025","","stop","",""
"","2","random static sharding 4 - Cluster ID: 198, Shard ID: 724","Static Sharding: Running Nodes","Sat Aug 02 02:31:51 GMT 2025","passed","Sat Aug 02 02:31:51 GMT 2025","","","",""
"","0","Push 30 different messages","Waku Light Push: Multiple Nodes: Strict Check: true","Sat Aug 02 02:36:48 GMT 2025","skipped","Sat Aug 02 02:36:48 GMT 2025","","","",""
"","0","should return usable stream attached to connection","StreamManager","Sat Aug 02 02:26:35 GMT 2025","passed","Sat Aug 02 02:26:35 GMT 2025","","","",""
"","1","should handle queue processing errors gracefully","Dialer","Sat Aug 02 02:26:34 GMT 2025","passed","Sat Aug 02 02:26:34 GMT 2025","","queue processing","",""
"","0","Subscribe to topic containing Arabic and receive message","Waku Filter: Subscribe: Multiple Service Nodes: Strict Check mode: false","Sat Aug 02 02:35:22 GMT 2025","passed","Sat Aug 02 02:35:22 GMT 2025","","","",""
"","0","Push message with long payload","Waku Light Push: Multiple Nodes: Strict Check: true","Sat Aug 02 02:36:48 GMT 2025","passed","Sat Aug 02 02:36:48 GMT 2025","","","",""
"","0","Waku message hash computation (meta attribute not present)","Message Hash: RFC Test Vectors","Sat Aug 02 02:26:34 GMT 2025","passed","Sat Aug 02 02:26:34 GMT 2025","","","",""
"","0","Subscribe to topic containing Russian and receive message","Waku Filter: Subscribe: Multiple Service Nodes: Strict Check mode: false","Sat Aug 02 02:35:22 GMT 2025","passed","Sat Aug 02 02:35:22 GMT 2025","","","",""
"","3","should not allow k > 12","Probabilities","Sat Aug 02 02:27:13 GMT 2025","passed","Sat Aug 02 02:27:13 GMT 2025","","","",""
"","1","Add multiple subscription objects on single nwaku node","Waku Filter: Subscribe: Multiple Service Nodes: Strict Check mode: false","Sat Aug 02 02:35:22 GMT 2025","passed","Sat Aug 02 02:35:22 GMT 2025","","","",""
"","1","should handle different types of entries","TTLSet","Sat Aug 02 02:27:03 GMT 2025","passed","Sat Aug 02 02:27:03 GMT 2025","","","",""
"","1","msgTime: -19000 ms from now, startTime: -18999, endTime: -18996","Waku Store, time filter","Sat Aug 02 02:32:41 GMT 2025","passed","Sat Aug 02 02:32:41 GMT 2025","","","",""
"","0","should retrieve 3 multiaddrs for sandbox.waku.nodes.status.im","DNS Node Discovery [live data]","Sat Aug 02 02:27:38 GMT 2025","skipped","Sat Aug 02 02:27:38 GMT 2025","","","",""
"","0","should handle errors when globalThis is not available","NetworkMonitor","Sat Aug 02 02:26:34 GMT 2025","passed","Sat Aug 02 02:26:34 GMT 2025","","start","",""
"","0","ENRTree (tree): should error if DNS tree entry is mis-prefixed","ENRTree","Sat Aug 02 02:26:43 GMT 2025","passed","Sat Aug 02 02:26:43 GMT 2025","","","",""
"","1","ENRTree (root): should error if DNS root entry signature is invalid","ENRTree","Sat Aug 02 02:26:43 GMT 2025","passed","Sat Aug 02 02:26:43 GMT 2025","","","",""
"","0","should maintain desired error rate","BloomFilter","Sat Aug 02 02:27:16 GMT 2025","passed","Sat Aug 02 02:27:16 GMT 2025","","","",""
"","0","Wrong topic","Autosharding: Running Nodes","Sat Aug 02 02:31:29 GMT 2025","passed","Sat Aug 02 02:31:29 GMT 2025","","","",""
"","0","should emit `waku:online` event only when first peer is connected","Connection state","Sat Aug 02 02:27:53 GMT 2025","passed","Sat Aug 02 02:27:53 GMT 2025","","","",""
"","1","should not allow unachievable error rate","Probabilities","Sat Aug 02 02:27:13 GMT 2025","passed","Sat Aug 02 02:27:13 GMT 2025","","","",""
"","1","Subscribe and receive ecies encrypted messages via lightPush","Waku Filter: Subscribe: Multiple Service Nodes: Strict Check mode: true","Sat Aug 02 02:35:22 GMT 2025","passed","Sat Aug 02 02:35:22 GMT 2025","","","",""
"","0","should hash ""Lorem ipsum dolor sit amet"" with n=0 and maxValue=100 correctly","hashN","Sat Aug 02 02:27:14 GMT 2025","passed","Sat Aug 02 02:27:14 GMT 2025","","","",""
"","0","Push message with meta","Waku Light Push: Multiple Nodes: Strict Check: false","Sat Aug 02 02:36:48 GMT 2025","passed","Sat Aug 02 02:36:48 GMT 2025","","","",""
"","0","should return false when pubsub topic parsing fails","ShardReader","Sat Aug 02 02:26:34 GMT 2025","passed","Sat Aug 02 02:26:34 GMT 2025","","isPeerOnTopic","",""
"","0","should never report false negatives","BloomFilter","Sat Aug 02 02:27:16 GMT 2025","passed","Sat Aug 02 02:27:16 GMT 2025","","","",""
"","0","Push to array if already present","pushOrInitMapSet","Sat Aug 02 02:26:18 GMT 2025","passed","Sat Aug 02 02:26:18 GMT 2025","","","",""
"","0","Check received message containing unicode special characters","Waku Filter: FilterPush: Multiple Nodes: Strict Checking: true","Sat Aug 02 02:35:00 GMT 2025","passed","Sat Aug 02 02:35:00 GMT 2025","","","",""
"","0","should set field with all protocols enabled","ENR","Sat Aug 02 02:26:24 GMT 2025","passed","Sat Aug 02 02:26:24 GMT 2025","","waku2 key round trip","",""
"","4","should successfully subscribe to supported pubsub topic","Filter SDK","Sat Aug 02 02:27:04 GMT 2025","passed","Sat Aug 02 02:27:04 GMT 2025","","","",""
"","0","Push message with content topic containing SQL Injection","Waku Light Push: Multiple Nodes: Strict Check: false","Sat Aug 02 02:36:48 GMT 2025","passed","Sat Aug 02 02:36:48 GMT 2025","","","",""
"","0","Using a function","Waku Dial [node only]","Sat Aug 02 02:32:34 GMT 2025","passed","Sat Aug 02 02:32:34 GMT 2025","","Bootstrap","",""
"","0","should track probabilistic acknowledgements of messages received in bloom filter","MessageChannel","Sat Aug 02 02:27:17 GMT 2025","passed","Sat Aug 02 02:27:17 GMT 2025","","reviewing ack status","",""
"","0","Subscribe to topic containing special chars and receive message","Waku Filter: Subscribe: Multiple Service Nodes: Strict Check mode: false","Sat Aug 02 02:35:22 GMT 2025","passed","Sat Aug 02 02:35:22 GMT 2025","","","",""
"","0","should return false when peer shard info is not found","ShardReader","Sat Aug 02 02:26:34 GMT 2025","passed","Sat Aug 02 02:26:34 GMT 2025","","isPeerOnShard","",""
"","0","should correctly map /waku/2/content/test.js to shard index 1","contentTopicToShardIndex","Sat Aug 02 02:26:18 GMT 2025","passed","Sat Aug 02 02:26:18 GMT 2025","","","",""
"","9","should add CONNECTION_LOCKED_TAG to peer connections when locking","PeerManager","Sat Aug 02 02:27:04 GMT 2025","passed","Sat Aug 02 02:27:04 GMT 2025","","","",""
"","0","Push message with unicode special characters payload","Waku Light Push: Multiple Nodes: Strict Check: true","Sat Aug 02 02:36:48 GMT 2025","passed","Sat Aug 02 02:36:48 GMT 2025","","","",""
"","1","should hash ""!@#$%^&*()"" with n=2 and maxValue=1000 correctly","hashN","Sat Aug 02 02:27:14 GMT 2025","passed","Sat Aug 02 02:27:14 GMT 2025","","","",""
"","1","should handle dial errors gracefully","Dialer","Sat Aug 02 02:26:34 GMT 2025","passed","Sat Aug 02 02:26:34 GMT 2025","","dial","",""
"","0","should dial peers from store when no connections remain","ConnectionLimiter","Sat Aug 02 02:26:34 GMT 2025","passed","Sat Aug 02 02:26:34 GMT 2025","","onDisconnectedEvent","",""
"","1","should handle task timeouts","RetryManager","Sat Aug 02 02:27:04 GMT 2025","passed","Sat Aug 02 02:27:04 GMT 2025","","","",""
"","1","Push message with rate limit","Waku Light Push: Multiple Nodes: Strict Check: false","Sat Aug 02 02:36:48 GMT 2025","passed","Sat Aug 02 02:36:48 GMT 2025","","","",""
"","1","should be able to encode the field with ALL protocols set to false","ENR waku2 codec","Sat Aug 02 02:26:24 GMT 2025","passed","Sat Aug 02 02:26:24 GMT 2025","","Encoding","",""
"","0","should get / set TCP multiaddr","ENR","Sat Aug 02 02:26:24 GMT 2025","passed","Sat Aug 02 02:26:24 GMT 2025","","Multiaddr getters and setters","",""
"","0","should return true when peer is on the pubsub topic shard","ShardReader","Sat Aug 02 02:26:34 GMT 2025","passed","Sat Aug 02 02:26:34 GMT 2025","","isPeerOnTopic","",""
"","1","should support chaining for add method","TTLSet","Sat Aug 02 02:27:03 GMT 2025","passed","Sat Aug 02 02:27:03 GMT 2025","","","",""
"","3","Subscribe and receive messages on 2 different pubsubtopics","Waku Light Push (Autosharding): Multiple Shards","Sat Aug 02 02:28:33 GMT 2025","passed","Sat Aug 02 02:28:33 GMT 2025","","","",""
"","0","should decode valid enr successfully","ENR","Sat Aug 02 02:26:24 GMT 2025","passed","Sat Aug 02 02:26:24 GMT 2025","","Txt codec","",""
"","1","Check publish message after client node is restarted","Waku Relay, Publish","Sat Aug 02 02:29:52 GMT 2025","skipped","Sat Aug 02 02:29:52 GMT 2025","","","",""
"","1","ENRTree (tree): should error if DNS tree entry is misformatted","ENRTree","Sat Aug 02 02:26:43 GMT 2025","passed","Sat Aug 02 02:26:43 GMT 2025","","","",""
"","1","Subscribe to topic containing Arabic and receive message","Waku Filter: Subscribe: Multiple Service Nodes: Strict Check mode: true","Sat Aug 02 02:35:22 GMT 2025","passed","Sat Aug 02 02:35:22 GMT 2025","","","",""
"","1","returns all values when wanted number is greater than available values","Discovery","Sat Aug 02 02:26:42 GMT 2025","passed","Sat Aug 02 02:26:42 GMT 2025","","","",""
"","0","Push message with Chinese payload","Waku Light Push: Multiple Nodes: Strict Check: false","Sat Aug 02 02:36:48 GMT 2025","passed","Sat Aug 02 02:36:48 GMT 2025","","","",""
"","0","Subscribe to topic containing unicode special characters and receive message","Waku Filter: Subscribe: Multiple Service Nodes: Strict Check mode: false","Sat Aug 02 02:35:22 GMT 2025","passed","Sat Aug 02 02:35:22 GMT 2025","","","",""
"","0","Subscribe to topic containing escaped characters and publish message","Waku Relay, Subscribe","Sat Aug 02 02:30:02 GMT 2025","passed","Sat Aug 02 02:30:02 GMT 2025","","","",""
"","0","Check received message containing JSON","Waku Filter: FilterPush: Multiple Nodes: Strict Checking: false","Sat Aug 02 02:35:00 GMT 2025","passed","Sat Aug 02 02:35:00 GMT 2025","","","",""
"","0","should not fail to stop the service if it was not started","Peer Exchange","Sat Aug 02 02:29:27 GMT 2025","passed","Sat Aug 02 02:29:27 GMT 2025","interface-peer-discovery compliance tests","Compliance Test","",""
"","1","Query generator for multiple messages with different message text format","Waku Store, general","Sat Aug 02 02:32:23 GMT 2025","passed","Sat Aug 02 02:32:23 GMT 2025","","","",""
"","1","msgTime: -19000 ms from now, startTime: -18990, endTime: -19010","Waku Store, time filter","Sat Aug 02 02:32:41 GMT 2025","passed","Sat Aug 02 02:32:41 GMT 2025","","","",""
"","1","all px service nodes subscribed to the shard topic should be dialed","Static Sharding: Peer Management","Sat Aug 02 02:32:27 GMT 2025","passed","Sat Aug 02 02:32:27 GMT 2025","","Peer Exchange","",""
"","10","should dial peers from store on start","ConnectionLimiter","Sat Aug 02 02:26:34 GMT 2025","passed","Sat Aug 02 02:26:34 GMT 2025","","start","",""
"","0","groups multiple content topics into the same pubsub topic when they share the same shard index","contentTopicsByPubsubTopic","Sat Aug 02 02:26:18 GMT 2025","passed","Sat Aug 02 02:26:18 GMT 2025","","","",""
"","1","does not throw on valid cases","ensureValidContentTopic","Sat Aug 02 02:26:18 GMT 2025","passed","Sat Aug 02 02:26:18 GMT 2025","","","",""
"","4","should lock peers when selected","PeerManager","Sat Aug 02 02:27:04 GMT 2025","passed","Sat Aug 02 02:27:04 GMT 2025","","","",""
"","0","Decoder throws on empty string content topic","Ensures content topic is defined","Sat Aug 02 02:26:35 GMT 2025","passed","Sat Aug 02 02:26:35 GMT 2025","","","",""
"","1","Relay - dialed after","Wait for remote peer","Sat Aug 02 02:32:39 GMT 2025","passed","Sat Aug 02 02:32:39 GMT 2025","","","",""
"","0","should not receive a peer event before start","Local Storage Discovery","Sat Aug 02 02:26:47 GMT 2025","passed","Sat Aug 02 02:26:47 GMT 2025","interface-peer-discovery compliance tests","Compliance Tests","",""
"","1","Subscribe to topic containing unicode special characters and publish message","Waku Relay, Subscribe","Sat Aug 02 02:30:02 GMT 2025","passed","Sat Aug 02 02:30:02 GMT 2025","","","",""
"","0","Push message with content topic containing Chinese","Waku Light Push: Multiple Nodes: Strict Check: false","Sat Aug 02 02:36:48 GMT 2025","passed","Sat Aug 02 02:36:48 GMT 2025","","","",""
"","0","Subscribe to topic containing escaped characters and receive message","Waku Filter: Subscribe: Multiple Service Nodes: Strict Check mode: true","Sat Aug 02 02:35:22 GMT 2025","passed","Sat Aug 02 02:35:22 GMT 2025","","","",""
"","1","should throw an error for invalid PubsubTopic format: /incorrect/format","pubsubTopicToSingleShardInfo with various invalid formats","Sat Aug 02 02:26:18 GMT 2025","passed","Sat Aug 02 02:26:18 GMT 2025","","","",""
"","12","should be safe to call multiple times","DiscoveryDialer","Sat Aug 02 02:26:33 GMT 2025","passed","Sat Aug 02 02:26:33 GMT 2025","","stop","",""
"","0","should insert message id into causal history","MessageChannel","Sat Aug 02 02:27:17 GMT 2025","passed","Sat Aug 02 02:27:17 GMT 2025","","sending a message ","",""
"","0","should properly create location multiaddrs - tcp4","ENR","Sat Aug 02 02:26:24 GMT 2025","passed","Sat Aug 02 02:26:24 GMT 2025","","Location multiaddr","",""
"","0","should throw error when no peers are available","Store","Sat Aug 02 02:27:05 GMT 2025","passed","Sat Aug 02 02:27:05 GMT 2025","","queryGenerator","",""
"","0","should return false when peer has no shard info","ShardReader","Sat Aug 02 02:26:34 GMT 2025","passed","Sat Aug 02 02:26:34 GMT 2025","","isPeerOnNetwork","",""
"","0","should hash ""test123"" with n=5 and maxValue=10000 correctly","hashN","Sat Aug 02 02:27:14 GMT 2025","passed","Sat Aug 02 02:27:14 GMT 2025","","","",""
"","0","should enable only dns and localPeerCache when peerExchange is disabled","Default Peer Discoveries","Sat Aug 02 02:27:04 GMT 2025","passed","Sat Aug 02 02:27:04 GMT 2025","","","",""
"","0","should not receive a peer event before start","DNS Discovery: Compliance Test","Sat Aug 02 02:27:38 GMT 2025","passed","Sat Aug 02 02:27:38 GMT 2025","","interface-peer-discovery compliance tests","",""
"","1","should hash ""test123"" with n=5 and maxValue=100 correctly","hashN","Sat Aug 02 02:27:14 GMT 2025","passed","Sat Aug 02 02:27:14 GMT 2025","","","",""
"","0","PeerStore has remote peer's shard info after successful connection","Metadata Protocol","Sat Aug 02 02:28:49 GMT 2025","passed","Sat Aug 02 02:28:49 GMT 2025","","static sharding","",""
"","1","should initialize with custom number of peers","PeerManager","Sat Aug 02 02:27:04 GMT 2025","passed","Sat Aug 02 02:27:04 GMT 2025","","","",""
"","0","should hash """" with n=5 and maxValue=1000 correctly","hashN","Sat Aug 02 02:27:14 GMT 2025","passed","Sat Aug 02 02:27:14 GMT 2025","","","",""
"","1","nwaku subscribes","Waku Relay, Interop","Sat Aug 02 02:29:41 GMT 2025","passed","Sat Aug 02 02:29:41 GMT 2025","","","",""
"","0","ENRTree (root): should error if DNS root entry is malformed","ENRTree","Sat Aug 02 02:26:43 GMT 2025","passed","Sat Aug 02 02:26:43 GMT 2025","","","",""
"","0","Push message with content topic containing numeric","Waku Light Push: Multiple Nodes: Strict Check: true","Sat Aug 02 02:36:48 GMT 2025","passed","Sat Aug 02 02:36:48 GMT 2025","","","",""
"","0","messageHashStr returns a hex string","messageHash and messageHashStr","Sat Aug 02 02:26:34 GMT 2025","passed","Sat Aug 02 02:26:34 GMT 2025","","","",""
"","0","should return false","ENR","Sat Aug 02 02:26:24 GMT 2025","passed","Sat Aug 02 02:26:24 GMT 2025","","Verify","",""
"","1","Subscribe to topic containing long and receive message","Waku Filter: Subscribe: Multiple Service Nodes: Strict Check mode: false","Sat Aug 02 02:35:22 GMT 2025","passed","Sat Aug 02 02:35:22 GMT 2025","","","",""
"","0","should hash ""test123"" with n=0 and maxValue=1000 correctly","hashN","Sat Aug 02 02:27:14 GMT 2025","passed","Sat Aug 02 02:27:14 GMT 2025","","","",""
"","0","Publish message with custom timestamp: Sun Aug 11 2024 02:29:45 GMT+0000 (Coordinated Universal Time)","Waku Relay, Publish","Sat Aug 02 02:29:52 GMT 2025","passed","Sat Aug 02 02:29:52 GMT 2025","","","",""
"","0","Light push messages to 2 nwaku nodes each with different pubsubtopics","Waku Light Push (Autosharding): Multiple Shards","Sat Aug 02 02:28:33 GMT 2025","passed","Sat Aug 02 02:28:33 GMT 2025","","","",""
"","0","Query Generator sorting by timestamp while page direction is false","Waku Store, sorting","Sat Aug 02 02:32:24 GMT 2025","passed","Sat Aug 02 02:32:24 GMT 2025","","","",""
"","1","ENRTree (root): should parse and verify and DNS root entry","ENRTree","Sat Aug 02 02:26:43 GMT 2025","passed","Sat Aug 02 02:26:43 GMT 2025","","","",""
"","0","should create ConnectionManager with required options","ConnectionManager","Sat Aug 02 02:26:35 GMT 2025","passed","Sat Aug 02 02:26:35 GMT 2025","","constructor","",""
"","0","Push message with XML payload","Waku Light Push: Multiple Nodes: Strict Check: true","Sat Aug 02 02:36:48 GMT 2025","passed","Sat Aug 02 02:36:48 GMT 2025","","","",""
"","1","should not track probabilistic acknowledgements of messages received in bloom filter of own messages","MessageChannel","Sat Aug 02 02:27:17 GMT 2025","passed","Sat Aug 02 02:27:17 GMT 2025","","reviewing ack status","",""
"","5","Waku message hash computation (no timestamp)","Message Hash: RFC Test Vectors","Sat Aug 02 02:26:34 GMT 2025","passed","Sat Aug 02 02:26:34 GMT 2025","","","",""
"","0","Subscribe to topic containing JSON and receive message","Waku Filter: Subscribe: Multiple Service Nodes: Strict Check mode: true","Sat Aug 02 02:35:22 GMT 2025","passed","Sat Aug 02 02:35:22 GMT 2025","","","",""
"","0","should sort peers by ping value","ConnectionManager","Sat Aug 02 02:26:35 GMT 2025","passed","Sat Aug 02 02:26:35 GMT 2025","","getConnectedPeers","",""
"","0","Query generator for 2000 messages","Waku Store, general","Sat Aug 02 02:32:23 GMT 2025","passed","Sat Aug 02 02:32:23 GMT 2025","","","",""
"","1","Passing a valid cursor at 2 index when there are 4 messages","Waku Store, cursor","Sat Aug 02 02:31:40 GMT 2025","passed","Sat Aug 02 02:31:40 GMT 2025","","","",""
"","1","should handle peer store update failures gracefully","KeepAliveManager","Sat Aug 02 02:26:34 GMT 2025","passed","Sat Aug 02 02:26:34 GMT 2025","","ping timer management","",""
"","0","Publish message with large meta","Waku Relay, Publish","Sat Aug 02 02:29:52 GMT 2025","passed","Sat Aug 02 02:29:52 GMT 2025","","","",""
"","4","should retry if all attempts fail","RetryManager","Sat Aug 02 02:27:04 GMT 2025","passed","Sat Aug 02 02:27:04 GMT 2025","","","",""
"","0","Delete observer","Waku Relay","Sat Aug 02 02:29:29 GMT 2025","passed","Sat Aug 02 02:29:29 GMT 2025","","","",""
"","1","Subscribe and publish message","Waku Relay, Subscribe","Sat Aug 02 02:30:02 GMT 2025","passed","Sat Aug 02 02:30:02 GMT 2025","","","",""
"","1","should insert message into bloom filter","MessageChannel","Sat Aug 02 02:27:17 GMT 2025","passed","Sat Aug 02 02:27:17 GMT 2025","","sending a message ","",""
"","0","Push message with content topic containing special chars","Waku Light Push: Multiple Nodes: Strict Check: false","Sat Aug 02 02:36:48 GMT 2025","passed","Sat Aug 02 02:36:48 GMT 2025","","","",""
"","1","should process queue every 500ms","Dialer","Sat Aug 02 02:26:34 GMT 2025","passed","Sat Aug 02 02:26:34 GMT 2025","","queue processing","",""
"","0","should return false when network is not connected","ConnectionManager","Sat Aug 02 02:26:35 GMT 2025","passed","Sat Aug 02 02:26:35 GMT 2025","","isConnected","",""
"","0","yields decoded messages","StoreCore","Sat Aug 02 02:26:35 GMT 2025","passed","Sat Aug 02 02:26:35 GMT 2025","","queryPerPage","",""
"","0","Decrypt messages","Waku Relay","Sat Aug 02 02:29:29 GMT 2025","passed","Sat Aug 02 02:29:29 GMT 2025","","","",""
"","0","should not fail to start the service if it is already started","Local Storage Discovery","Sat Aug 02 02:26:47 GMT 2025","passed","Sat Aug 02 02:26:47 GMT 2025","interface-peer-discovery compliance tests","Compliance Tests","",""
"","0","Renews subscription after lossing a connection","Waku Filter: Subscribe: Multiple Service Nodes: Strict Check mode: false","Sat Aug 02 02:35:22 GMT 2025","passed","Sat Aug 02 02:35:22 GMT 2025","","","",""
"","0","Timestamp too far from node time: -20000 ms from now","Waku Store, time filter","Sat Aug 02 02:32:41 GMT 2025","passed","Sat Aug 02 02:32:41 GMT 2025","","","",""
"","0","should correctly map /app/20/sometopic/someencoding to shard index 1 with networkShards 2","contentTopicToShardIndex","Sat Aug 02 02:26:18 GMT 2025","passed","Sat Aug 02 02:26:18 GMT 2025","","","",""
"","1","should handle peer store errors gracefully","DiscoveryDialer","Sat Aug 02 02:26:33 GMT 2025","passed","Sat Aug 02 02:26:33 GMT 2025","","peer discovery handling","",""
"","0","random auto sharding 10 - Cluster ID: 10, Content Topic: /app93/9/topic215/json","Autosharding: Running Nodes","Sat Aug 02 02:31:29 GMT 2025","passed","Sat Aug 02 02:31:29 GMT 2025","","","",""
"","1","Push message with escaped characters payload","Waku Light Push: Multiple Nodes: Strict Check: true","Sat Aug 02 02:36:48 GMT 2025","passed","Sat Aug 02 02:36:48 GMT 2025","","","",""
"","0","Filter","Wait for remote peer","Sat Aug 02 02:32:39 GMT 2025","passed","Sat Aug 02 02:32:39 GMT 2025","","","",""
"","1","Round trip binary encryption [symmetric, signature]","Symmetric Encryption","Sat Aug 02 02:26:53 GMT 2025","passed","Sat Aug 02 02:26:53 GMT 2025","","","",""
"","0","should allow a peer to be returned again after renewPeer is called","PeerManager","Sat Aug 02 02:27:04 GMT 2025","passed","Sat Aug 02 02:27:04 GMT 2025","","","",""
"","0","Query with Promise Callback, No Decoder","Waku Store, error handling","Sat Aug 02 02:31:54 GMT 2025","passed","Sat Aug 02 02:31:54 GMT 2025","","","",""
"","0","Default pageSize","Waku Store, page size","Sat Aug 02 02:32:18 GMT 2025","passed","Sat Aug 02 02:32:18 GMT 2025","","","",""
"","0","should hang up with PeerId and return true on success","ConnectionManager","Sat Aug 02 02:26:35 GMT 2025","passed","Sat Aug 02 02:26:35 GMT 2025","","hangUp","",""
"","1","should successfully stop","Filter SDK","Sat Aug 02 02:27:04 GMT 2025","passed","Sat Aug 02 02:27:04 GMT 2025","","","",""
"","0","Subscribe to topic containing JSON and publish message","Waku Relay, Subscribe","Sat Aug 02 02:30:02 GMT 2025","passed","Sat Aug 02 02:30:02 GMT 2025","","","",""
"","1","should initialize bloom filter with correct parameters","BloomFilter","Sat Aug 02 02:27:16 GMT 2025","passed","Sat Aug 02 02:27:16 GMT 2025","","","",""
"","4","Waku message hash computation (meta size of 12 bytes)","Message Hash: RFC Test Vectors","Sat Aug 02 02:26:34 GMT 2025","passed","Sat Aug 02 02:26:34 GMT 2025","","","",""
"","1","should create dialer with libp2p and shardReader","Dialer","Sat Aug 02 02:26:34 GMT 2025","passed","Sat Aug 02 02:26:34 GMT 2025","","constructor","",""
"","1","Should update multiaddrs","Peer Exchange Continuous Discovery","Sat Aug 02 02:29:02 GMT 2025","passed","Sat Aug 02 02:29:02 GMT 2025","","","",""
"","0","Passing a valid cursor at 19 index when there are 20 messages","Waku Store, cursor","Sat Aug 02 02:31:40 GMT 2025","passed","Sat Aug 02 02:31:40 GMT 2025","","","",""
"","1","should be able to decode the field with RELAY and FILTER protocols set to true","ENR waku2 codec","Sat Aug 02 02:26:24 GMT 2025","passed","Sat Aug 02 02:26:24 GMT 2025","","Decoding","",""
"","0","Refresh subscription","Waku Filter: Subscribe: Multiple Service Nodes: Strict Check mode: true","Sat Aug 02 02:35:22 GMT 2025","passed","Sat Aug 02 02:35:22 GMT 2025","","","",""
"","0","random static sharding 5 - Cluster ID: 926, Shard ID: 194","Static Sharding: Running Nodes","Sat Aug 02 02:31:51 GMT 2025","passed","Sat Aug 02 02:31:51 GMT 2025","","","",""
"","0","can start and stop the service","Local Storage Discovery","Sat Aug 02 02:26:47 GMT 2025","passed","Sat Aug 02 02:26:47 GMT 2025","interface-peer-discovery compliance tests","Compliance Tests","",""
"","1","should start connection monitor interval and dial on waku:connection if enableAutoRecovery is true","ConnectionLimiter","Sat Aug 02 02:26:34 GMT 2025","passed","Sat Aug 02 02:26:34 GMT 2025","","autoRecovery flag","",""
"","1","should hash """" with n=5 and maxValue=10000 correctly","hashN","Sat Aug 02 02:27:14 GMT 2025","passed","Sat Aug 02 02:27:14 GMT 2025","","","",""
"","0","Check message with no pubsub topic is not received","Waku Filter: FilterPush: Multiple Nodes: Strict Checking: true","Sat Aug 02 02:35:00 GMT 2025","passed","Sat Aug 02 02:35:00 GMT 2025","","","",""
"","1","should not receive a peer event after stop","Peer Exchange","Sat Aug 02 02:29:27 GMT 2025","passed","Sat Aug 02 02:29:27 GMT 2025","interface-peer-discovery compliance tests","Compliance Test","",""
"","0","Subscribe to topic containing Script and receive message","Waku Filter: Subscribe: Multiple Service Nodes: Strict Check mode: true","Sat Aug 02 02:35:22 GMT 2025","passed","Sat Aug 02 02:35:22 GMT 2025","","","",""
"","7","should allow redial after cooldown period","Dialer","Sat Aug 02 02:26:34 GMT 2025","passed","Sat Aug 02 02:26:34 GMT 2025","","dial","",""
"","1","Light Node - default protocols","Wait for remote peer","Sat Aug 02 02:32:39 GMT 2025","passed","Sat Aug 02 02:32:39 GMT 2025","","","",""
"","1","Relay - dialed first","Wait for remote peer","Sat Aug 02 02:32:39 GMT 2025","passed","Sat Aug 02 02:32:39 GMT 2025","","","",""
"","0","Subscribe to topic containing special chars and receive message","Waku Filter: Subscribe: Multiple Service Nodes: Strict Check mode: true","Sat Aug 02 02:35:22 GMT 2025","passed","Sat Aug 02 02:35:22 GMT 2025","","","",""
"","3","Check received message containing Russian","Waku Filter: FilterPush: Multiple Nodes: Strict Checking: false","Sat Aug 02 02:35:00 GMT 2025","passed","Sat Aug 02 02:35:00 GMT 2025","","","",""
"","0","`waku:online` between 2 js-waku relay nodes","Connection state","Sat Aug 02 02:27:53 GMT 2025","passed","Sat Aug 02 02:27:53 GMT 2025","","","",""
"","0","Check received message containing Basic HTML tag","Waku Filter: FilterPush: Multiple Nodes: Strict Checking: false","Sat Aug 02 02:35:00 GMT 2025","passed","Sat Aug 02 02:35:00 GMT 2025","","","",""
"","0","random static sharding 10 - Cluster ID: 953, Shard ID: 10","Static Sharding: Running Nodes","Sat Aug 02 02:31:51 GMT 2025","passed","Sat Aug 02 02:31:51 GMT 2025","","","",""
"","1","Check received message containing Chinese","Waku Filter: FilterPush: Multiple Nodes: Strict Checking: true","Sat Aug 02 02:35:00 GMT 2025","passed","Sat Aug 02 02:35:00 GMT 2025","","","",""
"","3","Cluster id 0, shard 0","Static Sharding: Running Nodes","Sat Aug 02 02:31:51 GMT 2025","passed","Sat Aug 02 02:31:51 GMT 2025","","","",""
"","0","Subscribe to topic containing Russian and publish message","Waku Relay, Subscribe","Sat Aug 02 02:30:02 GMT 2025","passed","Sat Aug 02 02:30:02 GMT 2025","","","",""
"","1","Push message with SQL Injection payload","Waku Light Push: Multiple Nodes: Strict Check: true","Sat Aug 02 02:36:48 GMT 2025","passed","Sat Aug 02 02:36:48 GMT 2025","","","",""
"","0","should wait for Filter peer to be connected","waitForRemotePeer","Sat Aug 02 02:27:04 GMT 2025","passed","Sat Aug 02 02:27:04 GMT 2025","","","",""
"","1","should not retry if at least one success","RetryManager","Sat Aug 02 02:27:04 GMT 2025","passed","Sat Aug 02 02:27:04 GMT 2025","","","",""
"","0","n1 and n2 uses relay shard 1, n3 uses relay shard 2","Waku Relay, static sharding, multiple pubsub topics","Sat Aug 02 02:29:44 GMT 2025","passed","Sat Aug 02 02:29:44 GMT 2025","","","",""
"","0","should handle hash queries without validation","Store","Sat Aug 02 02:27:05 GMT 2025","passed","Sat Aug 02 02:27:05 GMT 2025","","queryGenerator","",""
"","0","should handle errors when accessing navigator","NetworkMonitor","Sat Aug 02 02:26:34 GMT 2025","passed","Sat Aug 02 02:26:34 GMT 2025","","error handling","",""
"","0","isConnected between 2 js-waku relay nodes","Connection state","Sat Aug 02 02:27:53 GMT 2025","passed","Sat Aug 02 02:27:53 GMT 2025","","","",""
"","0","caches peers it previously fetched","DNS Node Discovery","Sat Aug 02 02:26:43 GMT 2025","passed","Sat Aug 02 02:26:43 GMT 2025","","","",""
"","0","should not create multiple intervals when called multiple times","Dialer","Sat Aug 02 02:26:34 GMT 2025","passed","Sat Aug 02 02:26:34 GMT 2025","","start","",""
"","0","Subscribe and receives messages on 20 topics","Waku Filter: Subscribe: Multiple Service Nodes: Strict Check mode: false","Sat Aug 02 02:35:22 GMT 2025","passed","Sat Aug 02 02:35:22 GMT 2025","","","",""
"","0","random static sharding 8 - Cluster ID: 627, Shard ID: 771","Static Sharding: Running Nodes","Sat Aug 02 02:31:51 GMT 2025","passed","Sat Aug 02 02:31:51 GMT 2025","","","",""
"","0","should handle queue overflow by adding peers to queue","Dialer","Sat Aug 02 02:26:34 GMT 2025","passed","Sat Aug 02 02:26:34 GMT 2025","","dial","",""
"","0","should hash ""!@#$%^&*()"" with n=1 and maxValue=100 correctly","hashN","Sat Aug 02 02:27:14 GMT 2025","passed","Sat Aug 02 02:27:14 GMT 2025","","","",""
"","0","should add peer to queue when queue is not empty","Dialer","Sat Aug 02 02:26:34 GMT 2025","passed","Sat Aug 02 02:26:34 GMT 2025","","dial","",""
"","0","should clear timers for specific peer on disconnect","KeepAliveManager","Sat Aug 02 02:26:34 GMT 2025","passed","Sat Aug 02 02:26:34 GMT 2025","","timer cleanup","",""
"","1","should update lamport timestamp if greater than current timestamp and dependencies are met","MessageChannel","Sat Aug 02 02:27:17 GMT 2025","passed","Sat Aug 02 02:27:17 GMT 2025","","receiving a message","",""
"","0","should hash ""hello"" with n=0 and maxValue=10000 correctly","hashN","Sat Aug 02 02:27:14 GMT 2025","passed","Sat Aug 02 02:27:14 GMT 2025","","","",""
"","1","rejects content-filtered query with only pubsubTopic","StoreQueryRequest validation","Sat Aug 02 02:26:34 GMT 2025","passed","Sat Aug 02 02:26:34 GMT 2025","","","",""
"","0","Check received message containing short","Waku Filter: FilterPush: Multiple Nodes: Strict Checking: true","Sat Aug 02 02:35:00 GMT 2025","passed","Sat Aug 02 02:35:00 GMT 2025","","","",""
"","0","wrong wakuPeerExchangeDiscovery pubsub topic","Peer Exchange","Sat Aug 02 02:29:57 GMT 2025","skipped","Sat Aug 02 02:29:57 GMT 2025","","","",""
"","0","Push message with content topic containing Russian","Waku Light Push: Multiple Nodes: Strict Check: false","Sat Aug 02 02:36:48 GMT 2025","passed","Sat Aug 02 02:36:48 GMT 2025","","","",""
"","0","Check received message containing special chars","Waku Filter: FilterPush: Multiple Nodes: Strict Checking: true","Sat Aug 02 02:35:00 GMT 2025","passed","Sat Aug 02 02:35:00 GMT 2025","","","",""
"","1","Ephemeral field is preserved - asymmetric encryption","Waku Message Ephemeral field","Sat Aug 02 02:27:39 GMT 2025","passed","Sat Aug 02 02:27:39 GMT 2025","","","",""
"","0","should handle network check errors gracefully","Dialer","Sat Aug 02 02:26:34 GMT 2025","passed","Sat Aug 02 02:26:34 GMT 2025","","shard reader integration","",""
"","4","should handle peer connect event","NetworkMonitor","Sat Aug 02 02:26:34 GMT 2025","passed","Sat Aug 02 02:26:34 GMT 2025","","peer connection events","",""
"","0","Decoder throws on undefined content topic","Ensures content topic is defined","Sat Aug 02 02:26:35 GMT 2025","passed","Sat Aug 02 02:26:35 GMT 2025","","","",""
"","0","should start all internal components","ConnectionManager","Sat Aug 02 02:26:35 GMT 2025","passed","Sat Aug 02 02:26:35 GMT 2025","","start","",""
"","0","Unsubscribe topics the node is not subscribed to","Waku Filter: Unsubscribe: Multiple Nodes: Strict Checking: true","Sat Aug 02 02:30:27 GMT 2025","passed","Sat Aug 02 02:30:27 GMT 2025","","","",""
"","0","should throw an error for non-numeric shard: /waku/2/rs/1/y","pubsubTopicToSingleShardInfo with various invalid formats","Sat Aug 02 02:26:18 GMT 2025","passed","Sat Aug 02 02:26:18 GMT 2025","","","",""
"","1","Query generator for multiple messages with different content topic format","Waku Store, general","Sat Aug 02 02:32:23 GMT 2025","passed","Sat Aug 02 02:32:23 GMT 2025","","","",""
"","0","Publish message with rate limit","Waku Relay, Publish","Sat Aug 02 02:29:52 GMT 2025","passed","Sat Aug 02 02:29:52 GMT 2025","","","",""
"","8","should add and check entries correctly","TTLSet","Sat Aug 02 02:27:03 GMT 2025","passed","Sat Aug 02 02:27:03 GMT 2025","","","",""
"","0","Used by Waku Relay","Decryption Keys","Sat Aug 02 02:32:34 GMT 2025","passed","Sat Aug 02 02:32:34 GMT 2025","","","",""
"","2","should hash ""!@#$%^&*()"" with n=1 and maxValue=1000 correctly","hashN","Sat Aug 02 02:27:14 GMT 2025","passed","Sat Aug 02 02:27:14 GMT 2025","","","",""
"","1","should retry failed tasks","RetryManager","Sat Aug 02 02:27:04 GMT 2025","passed","Sat Aug 02 02:27:04 GMT 2025","","","",""
"","0","A test","This","Sat Aug 02 02:28:33 GMT 2025","passed","Sat Aug 02 02:28:33 GMT 2025","","Is","",""
"","1","Encoder throws on empty string content topic","Ensures content topic is defined","Sat Aug 02 02:26:35 GMT 2025","passed","Sat Aug 02 02:26:35 GMT 2025","","","",""
"","1","random static sharding 7 - Cluster ID: 151, Shard ID: 43","Static Sharding: Running Nodes","Sat Aug 02 02:31:51 GMT 2025","passed","Sat Aug 02 02:31:51 GMT 2025","","","",""
"","0","Sign & Recover","Waku Encryption","Sat Aug 02 02:26:53 GMT 2025","passed","Sat Aug 02 02:26:53 GMT 2025","","","",""
"","0","should handle case when globalThis is not available","NetworkMonitor","Sat Aug 02 02:26:34 GMT 2025","passed","Sat Aug 02 02:26:34 GMT 2025","","isConnected","",""
"","1","should skip updating peer store if peer has same addresses","DiscoveryDialer","Sat Aug 02 02:26:33 GMT 2025","passed","Sat Aug 02 02:26:33 GMT 2025","","updatePeerStore","",""
"","0","should hash ""Lorem ipsum dolor sit amet"" with n=5 and maxValue=1000 correctly","hashN","Sat Aug 02 02:27:14 GMT 2025","passed","Sat Aug 02 02:27:14 GMT 2025","","","",""
"","0","handles different networkShards values correctly","contentTopicsByPubsubTopic","Sat Aug 02 02:26:18 GMT 2025","passed","Sat Aug 02 02:26:18 GMT 2025","","","",""
"","0","should not receive a peer event after stop","Local Storage Discovery","Sat Aug 02 02:26:47 GMT 2025","passed","Sat Aug 02 02:26:47 GMT 2025","interface-peer-discovery compliance tests","Compliance Tests","",""
"","0","should handle shard reader errors gracefully","Dialer","Sat Aug 02 02:26:34 GMT 2025","passed","Sat Aug 02 02:26:34 GMT 2025","","shard reader integration","",""
"","0","it tolerates circular branch references","DNS Node Discovery","Sat Aug 02 02:26:43 GMT 2025","passed","Sat Aug 02 02:26:43 GMT 2025","","","",""
"","1","Push message with custom timestamp: 1754105277203","Waku Light Push: Multiple Nodes: Strict Check: false","Sat Aug 02 02:36:48 GMT 2025","passed","Sat Aug 02 02:36:48 GMT 2025","","","",""
"","1","isConnected return false after peer stops","Connection state","Sat Aug 02 02:27:53 GMT 2025","passed","Sat Aug 02 02:27:53 GMT 2025","","","",""
"","0","should not dial on waku:connection if enableAutoRecovery is false, but should dial on start","ConnectionLimiter","Sat Aug 02 02:26:34 GMT 2025","passed","Sat Aug 02 02:26:34 GMT 2025","","autoRecovery flag","",""
"","0","Passing invalid cursor","Waku Store, cursor","Sat Aug 02 02:31:40 GMT 2025","passed","Sat Aug 02 02:31:40 GMT 2025","","","",""
"","0","should hash ""test123"" with n=5 and maxValue=1000 correctly","hashN","Sat Aug 02 02:27:14 GMT 2025","passed","Sat Aug 02 02:27:14 GMT 2025","","","",""
"","0","Push message with content topic containing unicode special characters","Waku Light Push: Multiple Nodes: Strict Check: true","Sat Aug 02 02:36:48 GMT 2025","passed","Sat Aug 02 02:36:48 GMT 2025","","","",""
"","5","should skip peer when already connected","Dialer","Sat Aug 02 02:26:34 GMT 2025","passed","Sat Aug 02 02:26:34 GMT 2025","","dial","",""
"","0","should handle relay send failures gracefully","KeepAliveManager","Sat Aug 02 02:26:34 GMT 2025","passed","Sat Aug 02 02:26:34 GMT 2025","","relay timer management","",""
"","1","Round trip binary encryption [ecies, no signature]","Ecies Encryption","Sat Aug 02 02:26:54 GMT 2025","passed","Sat Aug 02 02:26:54 GMT 2025","","","",""
"","0","should be safe to call multiple times","KeepAliveManager","Sat Aug 02 02:26:34 GMT 2025","passed","Sat Aug 02 02:26:34 GMT 2025","","start","",""
"","3","should create NetworkMonitor with libp2p and events","NetworkMonitor","Sat Aug 02 02:26:34 GMT 2025","passed","Sat Aug 02 02:26:34 GMT 2025","","constructor","",""
"","0","Subscribe to topic containing Script and publish message","Waku Relay, Subscribe","Sat Aug 02 02:30:02 GMT 2025","passed","Sat Aug 02 02:30:02 GMT 2025","","","",""
"","0","should hash ""!@#$%^&*()"" with n=0 and maxValue=1000 correctly","hashN","Sat Aug 02 02:27:14 GMT 2025","passed","Sat Aug 02 02:27:14 GMT 2025","","","",""
"","0","Check received message containing unicode special characters","Waku Filter: FilterPush: Multiple Nodes: Strict Checking: false","Sat Aug 02 02:35:00 GMT 2025","passed","Sat Aug 02 02:35:00 GMT 2025","","","",""
"","1","Error when try to subscribe to more than 101 topics (new limit)","Waku Filter: Subscribe: Multiple Service Nodes: Strict Check mode: true","Sat Aug 02 02:35:22 GMT 2025","passed","Sat Aug 02 02:35:22 GMT 2025","","","",""
"","0","should reject if Filter is requested but not mounted","waitForRemotePeer","Sat Aug 02 02:27:04 GMT 2025","passed","Sat Aug 02 02:27:04 GMT 2025","","","",""
"","0","Does not throw an exception when node disconnects","Waku Dial [node only]","Sat Aug 02 02:32:34 GMT 2025","passed","Sat Aug 02 02:32:34 GMT 2025","","Interop: ServiceNode","",""
"","0","Throws when trying to push message with empty payload","Waku Light Push: Multiple Nodes: Strict Check: true","Sat Aug 02 02:36:48 GMT 2025","passed","Sat Aug 02 02:36:48 GMT 2025","","","",""
"","0","messageHashStr produces different results for different inputs","messageHash and messageHashStr","Sat Aug 02 02:26:34 GMT 2025","passed","Sat Aug 02 02:26:34 GMT 2025","","","",""
"","1","should dial peer when on same shard","Dialer","Sat Aug 02 02:26:34 GMT 2025","passed","Sat Aug 02 02:26:34 GMT 2025","","dial","",""
"","1","Check message with no pubsub topic is not received","Waku Filter: FilterPush: Multiple Nodes: Strict Checking: false","Sat Aug 02 02:35:00 GMT 2025","passed","Sat Aug 02 02:35:00 GMT 2025","","","",""
"","2","should be able to decode the field with ALL protocols set to true","ENR waku2 codec","Sat Aug 02 02:26:24 GMT 2025","passed","Sat Aug 02 02:26:24 GMT 2025","","Decoding","",""
"","0","should handle incoming messages","Filter SDK","Sat Aug 02 02:27:04 GMT 2025","passed","Sat Aug 02 02:27:04 GMT 2025","","","",""
"","1","Subscribe to topic containing Basic HTML tag and receive message","Waku Filter: Subscribe: Multiple Service Nodes: Strict Check mode: false","Sat Aug 02 02:35:22 GMT 2025","passed","Sat Aug 02 02:35:22 GMT 2025","","","",""
"","5","Check publish message containing unicode special characters","Waku Relay, Publish","Sat Aug 02 02:29:52 GMT 2025","passed","Sat Aug 02 02:29:52 GMT 2025","","","",""
"","1","should be safe to call multiple times","KeepAliveManager","Sat Aug 02 02:26:34 GMT 2025","passed","Sat Aug 02 02:26:34 GMT 2025","","stop","",""
"","0","Ephemeral field is preserved - symmetric encryption","Waku Message Ephemeral field","Sat Aug 02 02:27:39 GMT 2025","passed","Sat Aug 02 02:27:39 GMT 2025","","","",""
"","0","should correctly map /0/statusim/1/community/cbor to shard index 4","contentTopicToShardIndex","Sat Aug 02 02:26:18 GMT 2025","passed","Sat Aug 02 02:26:18 GMT 2025","","","",""
"","0","should only return 1 node with relay and store capability","DNS Node Discovery w/ capabilities","Sat Aug 02 02:26:43 GMT 2025","passed","Sat Aug 02 02:26:43 GMT 2025","","","",""
"","0","Check received message containing SQL Injection","Waku Filter: FilterPush: Multiple Nodes: Strict Checking: true","Sat Aug 02 02:35:00 GMT 2025","passed","Sat Aug 02 02:35:00 GMT 2025","","","",""
"","4","should merge peer addresses if peer exists with different addresses","DiscoveryDialer","Sat Aug 02 02:26:33 GMT 2025","passed","Sat Aug 02 02:26:33 GMT 2025","","updatePeerStore","",""
"","1","should enable only dns and peerExchange when localPeerCache is disabled","Default Peer Discoveries","Sat Aug 02 02:27:04 GMT 2025","passed","Sat Aug 02 02:27:04 GMT 2025","","","",""
"","0","should not dispatch event when already disconnected","NetworkMonitor","Sat Aug 02 02:26:34 GMT 2025","passed","Sat Aug 02 02:26:34 GMT 2025","","peer connection events","",""
"","1","Ephemeral field is preserved - encoder v0","Waku Message Ephemeral field","Sat Aug 02 02:27:39 GMT 2025","passed","Sat Aug 02 02:27:39 GMT 2025","","","",""
"","0","Check received message containing Arabic","Waku Filter: FilterPush: Multiple Nodes: Strict Checking: true","Sat Aug 02 02:35:00 GMT 2025","passed","Sat Aug 02 02:35:00 GMT 2025","","","",""
"","0","should merge provided config with defaults","ConnectionManager","Sat Aug 02 02:26:35 GMT 2025","passed","Sat Aug 02 02:26:35 GMT 2025","","constructor","",""
"","1","should mark all messages in causal history as acknowledged","MessageChannel","Sat Aug 02 02:27:17 GMT 2025","passed","Sat Aug 02 02:27:17 GMT 2025","","reviewing ack status","",""
"","0","Fails to push message bigger that 1MB","Waku Light Push: Multiple Nodes: Strict Check: false","Sat Aug 02 02:36:48 GMT 2025","passed","Sat Aug 02 02:36:48 GMT 2025","","","",""
"","1","should create ShardReader with static shards network config","ShardReader","Sat Aug 02 02:26:34 GMT 2025","passed","Sat Aug 02 02:26:34 GMT 2025","","constructor","",""
"","0","should add event listeners to libp2p","NetworkMonitor","Sat Aug 02 02:26:34 GMT 2025","passed","Sat Aug 02 02:26:34 GMT 2025","","start","",""
"","0","Push message with Russian payload","Waku Light Push: Multiple Nodes: Strict Check: true","Sat Aug 02 02:36:48 GMT 2025","passed","Sat Aug 02 02:36:48 GMT 2025","","","",""
"","0","Push message equal or less that 1MB","Waku Light Push: Multiple Nodes: Strict Check: false","Sat Aug 02 02:36:48 GMT 2025","passed","Sat Aug 02 02:36:48 GMT 2025","","","",""
"","1","Passing a valid cursor at 10 index when there are 40 messages","Waku Store, cursor","Sat Aug 02 02:31:40 GMT 2025","passed","Sat Aug 02 02:31:40 GMT 2025","","","",""
"","0","should hash """" with n=0 and maxValue=100 correctly","hashN","Sat Aug 02 02:27:14 GMT 2025","passed","Sat Aug 02 02:27:14 GMT 2025","","","",""
"","0","All","ENR Interop: ServiceNode","Sat Aug 02 02:27:38 GMT 2025","passed","Sat Aug 02 02:27:38 GMT 2025","","","",""
"","0","Subscribe to topic containing numeric and publish message","Waku Relay, Subscribe","Sat Aug 02 02:30:02 GMT 2025","passed","Sat Aug 02 02:30:02 GMT 2025","","","",""
"","0","should dispatch CustomEvent with correct type and detail","NetworkMonitor","Sat Aug 02 02:26:34 GMT 2025","passed","Sat Aug 02 02:26:34 GMT 2025","","dispatchNetworkEvent","",""
"","0","should get all peers from store","ConnectionLimiter","Sat Aug 02 02:26:34 GMT 2025","passed","Sat Aug 02 02:26:34 GMT 2025","","dialPeersFromStore","",""
"","0","Push message with Script payload","Waku Light Push: Multiple Nodes: Strict Check: true","Sat Aug 02 02:36:48 GMT 2025","passed","Sat Aug 02 02:36:48 GMT 2025","","","",""
"","0","rejects hash query with content filter parameters","StoreQueryRequest validation","Sat Aug 02 02:26:34 GMT 2025","passed","Sat Aug 02 02:26:34 GMT 2025","","","",""
"","0","ENRTree (root): should error if DNS root entry is mis-prefixed","ENRTree","Sat Aug 02 02:26:43 GMT 2025","passed","Sat Aug 02 02:26:43 GMT 2025","","","",""
"","0","Push message with Basic HTML tag payload","Waku Light Push: Multiple Nodes: Strict Check: true","Sat Aug 02 02:36:48 GMT 2025","passed","Sat Aug 02 02:36:48 GMT 2025","","","",""
"","0","Check message with invalid timestamp is not received","Waku Filter: FilterPush: Multiple Nodes: Strict Checking: false","Sat Aug 02 02:35:00 GMT 2025","passed","Sat Aug 02 02:35:00 GMT 2025","","","",""
"","0","should throw an error for insufficient data","Relay Shard codec","Sat Aug 02 02:26:18 GMT 2025","passed","Sat Aug 02 02:26:18 GMT 2025","","","",""
"","0","Cluster ID 0 - Default/Global Cluster","Autosharding: Running Nodes","Sat Aug 02 02:31:29 GMT 2025","passed","Sat Aug 02 02:31:29 GMT 2025","","","",""
"","1","Waku message hash computation (meta size of 64 bytes)","Message Hash: RFC Test Vectors","Sat Aug 02 02:26:34 GMT 2025","passed","Sat Aug 02 02:26:34 GMT 2025","","","",""
"","1","all px service nodes subscribed to the shard topic should be dialed","Autosharding: Peer Management","Sat Aug 02 02:32:27 GMT 2025","passed","Sat Aug 02 02:32:27 GMT 2025","","Peer Exchange","",""
"","1","Unsubscribe 1 topic - node subscribed to 1 topic","Waku Filter: Unsubscribe: Multiple Nodes: Strict Checking: true","Sat Aug 02 02:30:27 GMT 2025","passed","Sat Aug 02 02:30:27 GMT 2025","","","",""
"","0","Check meta is set [ecies]","Ecies Encryption","Sat Aug 02 02:26:54 GMT 2025","passed","Sat Aug 02 02:26:54 GMT 2025","","","",""
"","0","should dial peer immediately when queue is empty","Dialer","Sat Aug 02 02:26:34 GMT 2025","passed","Sat Aug 02 02:26:34 GMT 2025","","dial","",""
"","1","should set default options when no config provided","ConnectionManager","Sat Aug 02 02:26:35 GMT 2025","passed","Sat Aug 02 02:26:35 GMT 2025","","constructor","",""
"","0","should send relay ping messages on timer","KeepAliveManager","Sat Aug 02 02:26:34 GMT 2025","passed","Sat Aug 02 02:26:34 GMT 2025","","relay timer management","",""
"","0","Subscribe to topic containing long and publish message","Waku Relay, Subscribe","Sat Aug 02 02:30:02 GMT 2025","passed","Sat Aug 02 02:30:02 GMT 2025","","","",""
"","0","Promise Callback  - true","Waku Store, order","Sat Aug 02 02:32:05 GMT 2025","passed","Sat Aug 02 02:32:05 GMT 2025","","","",""
"","0","Subscribe and publish 10000 messages on the same topic","Waku Relay, Subscribe","Sat Aug 02 02:30:02 GMT 2025","passed","Sat Aug 02 02:30:02 GMT 2025","","","",""
"","0","should create relay timers when relay exists and relayKeepAlive > 0","KeepAliveManager","Sat Aug 02 02:26:34 GMT 2025","passed","Sat Aug 02 02:26:34 GMT 2025","","relay timer management","",""
"","1","should remove event listener for peer:discovery","DiscoveryDialer","Sat Aug 02 02:26:33 GMT 2025","passed","Sat Aug 02 02:26:33 GMT 2025","","stop","",""
"","3","should be able to decode the field with only RELAY set to true","ENR waku2 codec","Sat Aug 02 02:26:24 GMT 2025","passed","Sat Aug 02 02:26:24 GMT 2025","","Decoding","",""
"","1","should not fail to stop the service if it was not started","DNS Discovery: Compliance Test","Sat Aug 02 02:27:38 GMT 2025","passed","Sat Aug 02 02:27:38 GMT 2025","","interface-peer-discovery compliance tests","",""
"","1","Check received message with timestamp: 1949153314000 ","Waku Filter: FilterPush: Multiple Nodes: Strict Checking: false","Sat Aug 02 02:35:00 GMT 2025","passed","Sat Aug 02 02:35:00 GMT 2025","","","",""
"","1","Query with Ordered Callback, No message returned","Waku Store, error handling","Sat Aug 02 02:31:54 GMT 2025","passed","Sat Aug 02 02:31:54 GMT 2025","","","",""
"","0","should handle case with no peers in store","ConnectionLimiter","Sat Aug 02 02:26:34 GMT 2025","passed","Sat Aug 02 02:26:34 GMT 2025","","dialPeersFromStore","",""
"","0","Round trip binary encryption [ecies, signature]","Ecies Encryption","Sat Aug 02 02:26:54 GMT 2025","passed","Sat Aug 02 02:26:54 GMT 2025","","","",""
"","1","Check publish message containing numeric","Waku Relay, Publish","Sat Aug 02 02:29:52 GMT 2025","passed","Sat Aug 02 02:29:52 GMT 2025","","","",""
"","1","rejects hash query with time filter","StoreQueryRequest validation","Sat Aug 02 02:26:34 GMT 2025","passed","Sat Aug 02 02:26:34 GMT 2025","","","",""
"","0","should throw an error for non-numeric shard: /waku/2/rs/1/!","pubsubTopicToSingleShardInfo with various invalid formats","Sat Aug 02 02:26:18 GMT 2025","passed","Sat Aug 02 02:26:18 GMT 2025","","","",""
"","2","throws if time range exceeds MAX_TIME_RANGE","StoreCore","Sat Aug 02 02:26:35 GMT 2025","passed","Sat Aug 02 02:26:35 GMT 2025","","queryPerPage","",""
"","1","Subscribe to topic containing emoji and receive message","Waku Filter: Subscribe: Multiple Service Nodes: Strict Check mode: true","Sat Aug 02 02:35:22 GMT 2025","passed","Sat Aug 02 02:35:22 GMT 2025","","","",""
"","1","different cluster: nodes don't connect","Metadata Protocol","Sat Aug 02 02:28:49 GMT 2025","passed","Sat Aug 02 02:28:49 GMT 2025","","auto sharding","",""
"","0","should continually clean up expired entries at intervals","TTLSet","Sat Aug 02 02:27:03 GMT 2025","passed","Sat Aug 02 02:27:03 GMT 2025","","","",""
"","1","should correctly map /app/29/sometopic/someencoding to shard index 6","contentTopicToShardIndex","Sat Aug 02 02:26:18 GMT 2025","passed","Sat Aug 02 02:26:18 GMT 2025","","","",""
"","0","Subscribe one by one to 100 topics and publish messages","Waku Relay, Subscribe","Sat Aug 02 02:30:02 GMT 2025","passed","Sat Aug 02 02:30:02 GMT 2025","","","",""
"","0","should clear dial history on stop","Dialer","Sat Aug 02 02:26:34 GMT 2025","passed","Sat Aug 02 02:26:34 GMT 2025","","stop","",""
"","0","Push message with content topic containing special chars","Waku Light Push: Multiple Nodes: Strict Check: true","Sat Aug 02 02:36:48 GMT 2025","passed","Sat Aug 02 02:36:48 GMT 2025","","","",""
"","0","should hash ""!@#$%^&*()"" with n=2 and maxValue=10000 correctly","hashN","Sat Aug 02 02:27:14 GMT 2025","passed","Sat Aug 02 02:27:14 GMT 2025","","","",""
"","0","Push message with XML payload","Waku Light Push: Multiple Nodes: Strict Check: false","Sat Aug 02 02:36:48 GMT 2025","passed","Sat Aug 02 02:36:48 GMT 2025","","","",""
"","0","should add and remove event listeners correctly","Local Storage Discovery","Sat Aug 02 02:26:47 GMT 2025","passed","Sat Aug 02 02:26:47 GMT 2025","","Unit Tests","",""
"","0","should respect custom numPeersToUse configuration","PeerManager","Sat Aug 02 02:27:04 GMT 2025","passed","Sat Aug 02 02:27:04 GMT 2025","","","",""
"","0","should handle complete dial lifecycle","Dialer","Sat Aug 02 02:26:34 GMT 2025","passed","Sat Aug 02 02:26:34 GMT 2025","","integration","",""
"","1","should successfully unsubscribe from an existing subscription","Filter SDK","Sat Aug 02 02:27:04 GMT 2025","passed","Sat Aug 02 02:27:04 GMT 2025","","","",""
"","0","Ordered Callback - false","Waku Store, order","Sat Aug 02 02:32:05 GMT 2025","passed","Sat Aug 02 02:32:05 GMT 2025","","","",""
"","0","Subscribe to 30 topics in separate streams (30 streams for Filter is limit) at once and receives messages","Waku Filter: Subscribe: Multiple Service Nodes: Strict Check mode: false","Sat Aug 02 02:35:22 GMT 2025","skipped","Sat Aug 02 02:35:22 GMT 2025","","","",""
"","0","Push message with Basic HTML tag payload","Waku Light Push: Multiple Nodes: Strict Check: false","Sat Aug 02 02:36:48 GMT 2025","passed","Sat Aug 02 02:36:48 GMT 2025","","","",""
"","0","should throw an error for invalid PubsubTopic format: /waku/2/rs/1/2/extra","pubsubTopicToSingleShardInfo with various invalid formats","Sat Aug 02 02:26:18 GMT 2025","passed","Sat Aug 02 02:26:18 GMT 2025","","","",""
"","0","Subscribe and receive messages via lightPush","Waku Filter: Subscribe: Multiple Service Nodes: Strict Check mode: false","Sat Aug 02 02:35:22 GMT 2025","passed","Sat Aug 02 02:35:22 GMT 2025","","","",""
"","2","should create ping timers when pingKeepAlive > 0","KeepAliveManager","Sat Aug 02 02:26:34 GMT 2025","passed","Sat Aug 02 02:26:34 GMT 2025","","ping timer management","",""
"","0","should be online or offline if network state changed","waku:connection","Sat Aug 02 02:27:53 GMT 2025","passed","Sat Aug 02 02:27:53 GMT 2025","","","",""
"","0","should return PeerId when PeerId is provided","mapToPeerIdOrMultiaddr","Sat Aug 02 02:26:34 GMT 2025","passed","Sat Aug 02 02:26:34 GMT 2025","","","",""
"","0","should be sent without a timestamp, causal history, or bloom filter","MessageChannel","Sat Aug 02 02:27:17 GMT 2025","passed","Sat Aug 02 02:27:17 GMT 2025","","Ephemeral messages","",""
"","1","Ephemeral field set to true","Waku Message version 0","Sat Aug 02 02:26:35 GMT 2025","passed","Sat Aug 02 02:26:35 GMT 2025","","","",""
"","0","should start and setup intervals and event listeners","Filter Subscription","Sat Aug 02 02:27:05 GMT 2025","passed","Sat Aug 02 02:27:05 GMT 2025","","","",""
"","1","should skip peer when failed to dial recently","Dialer","Sat Aug 02 02:26:34 GMT 2025","passed","Sat Aug 02 02:26:34 GMT 2025","","dial","",""
"","0","Push message with shell command payload","Waku Light Push: Multiple Nodes: Strict Check: true","Sat Aug 02 02:36:48 GMT 2025","passed","Sat Aug 02 02:36:48 GMT 2025","","","",""
"","0","returns only open connection if one present","selectOpenConnection","Sat Aug 02 02:26:34 GMT 2025","passed","Sat Aug 02 02:26:34 GMT 2025","","","",""
"","0","should handle general insertion and lookup correctly","BloomFilter with special patterns","Sat Aug 02 02:27:16 GMT 2025","passed","Sat Aug 02 02:27:16 GMT 2025","","","",""
"","1","Push message with JSON payload","Waku Light Push: Multiple Nodes: Strict Check: false","Sat Aug 02 02:36:48 GMT 2025","passed","Sat Aug 02 02:36:48 GMT 2025","","","",""
"","0","Push message with content topic containing Chinese","Waku Light Push: Multiple Nodes: Strict Check: true","Sat Aug 02 02:36:48 GMT 2025","passed","Sat Aug 02 02:36:48 GMT 2025","","","",""
"","0","should detect messages with missing dependencies","MessageChannel","Sat Aug 02 02:27:17 GMT 2025","passed","Sat Aug 02 02:27:17 GMT 2025","","Sweeping incoming buffer","",""
"","0","should return false when unsubscribing from a non-existing subscription","Filter SDK","Sat Aug 02 02:27:04 GMT 2025","passed","Sat Aug 02 02:27:04 GMT 2025","","","",""
"","1","should throw an error for non-numeric shard: /waku/2/rs/1/$","pubsubTopicToSingleShardInfo with various invalid formats","Sat Aug 02 02:26:18 GMT 2025","passed","Sat Aug 02 02:26:18 GMT 2025","","","",""
"","0","should hash ""Lorem ipsum dolor sit amet"" with n=5 and maxValue=10000 correctly","hashN","Sat Aug 02 02:27:14 GMT 2025","passed","Sat Aug 02 02:27:14 GMT 2025","","","",""
"","1","Non TWN Cluster","Autosharding: Running Nodes","Sat Aug 02 02:31:29 GMT 2025","passed","Sat Aug 02 02:31:29 GMT 2025","","","",""
"","1","should drop only non-locked connections when over maxConnections","ConnectionLimiter","Sat Aug 02 02:26:34 GMT 2025","passed","Sat Aug 02 02:26:34 GMT 2025","","maintainConnectionsCount","",""
"","1","throws on content topic with empty topic name field","ensureValidContentTopic","Sat Aug 02 02:26:18 GMT 2025","passed","Sat Aug 02 02:26:18 GMT 2025","","","",""
"","0","ENRTree (branch): should parse and verify a single component DNS branch entry","ENRTree","Sat Aug 02 02:26:43 GMT 2025","passed","Sat Aug 02 02:26:43 GMT 2025","","","",""
"","0","Callback on promise, aborts when callback returns true","Waku Store, general","Sat Aug 02 02:32:23 GMT 2025","passed","Sat Aug 02 02:32:23 GMT 2025","","","",""
"","0","ends if response has no messages","StoreCore","Sat Aug 02 02:26:35 GMT 2025","passed","Sat Aug 02 02:26:35 GMT 2025","","queryPerPage","",""
"","0","Check received message with timestamp: 1754101652589000000 ","Waku Filter: FilterPush: Multiple Nodes: Strict Checking: false","Sat Aug 02 02:35:00 GMT 2025","passed","Sat Aug 02 02:35:00 GMT 2025","","","",""
"","1","peer:update - should do nothing if another protocol hit","StreamManager","Sat Aug 02 02:26:35 GMT 2025","passed","Sat Aug 02 02:26:35 GMT 2025","","","",""
"","0","should not receive a peer event before start","Peer Exchange","Sat Aug 02 02:29:27 GMT 2025","passed","Sat Aug 02 02:29:27 GMT 2025","interface-peer-discovery compliance tests","Compliance Test","",""
"","0","should add event listeners for waku:connection and peer:disconnect","ConnectionLimiter","Sat Aug 02 02:26:34 GMT 2025","passed","Sat Aug 02 02:26:34 GMT 2025","","start","",""
"","0","should return PeerId when Multiaddr input is provided","mapToPeerId","Sat Aug 02 02:26:34 GMT 2025","passed","Sat Aug 02 02:26:34 GMT 2025","","","",""
"","1","should handle peer store errors gracefully","ConnectionLimiter","Sat Aug 02 02:26:34 GMT 2025","passed","Sat Aug 02 02:26:34 GMT 2025","","getPeer","",""
"","0","Timestamp too far from node time: 40000 ms from now","Waku Store, time filter","Sat Aug 02 02:32:41 GMT 2025","passed","Sat Aug 02 02:32:41 GMT 2025","","","",""
"","0","can start the service","Peer Exchange","Sat Aug 02 02:29:27 GMT 2025","passed","Sat Aug 02 02:29:27 GMT 2025","interface-peer-discovery compliance tests","Compliance Test","",""
"","0","should return false when peer is not on the specified shard","ShardReader","Sat Aug 02 02:26:34 GMT 2025","passed","Sat Aug 02 02:26:34 GMT 2025","","isPeerOnShard","",""
"","3","Store - dialed after - with timeout","Wait for remote peer","Sat Aug 02 02:32:39 GMT 2025","passed","Sat Aug 02 02:32:39 GMT 2025","","","",""
"","0","Subscribe to topic containing numeric and receive message","Waku Filter: Subscribe: Multiple Service Nodes: Strict Check mode: true","Sat Aug 02 02:35:22 GMT 2025","passed","Sat Aug 02 02:35:22 GMT 2025","","","",""
"","0","should return only peers supporting the requested protocol and pubsub topic","PeerManager","Sat Aug 02 02:27:04 GMT 2025","passed","Sat Aug 02 02:27:04 GMT 2025","","","",""
"","0","should hash """" with n=1 and maxValue=10000 correctly","hashN","Sat Aug 02 02:27:14 GMT 2025","passed","Sat Aug 02 02:27:14 GMT 2025","","","",""
"","1","should perform ping and update peer store on timer","KeepAliveManager","Sat Aug 02 02:26:34 GMT 2025","passed","Sat Aug 02 02:26:34 GMT 2025","","ping timer management","",""
"","0","should properly create location multiaddrs - udp","ENR","Sat Aug 02 02:26:24 GMT 2025","passed","Sat Aug 02 02:26:24 GMT 2025","","Location multiaddr","",""
"","0","random static sharding 6 - Cluster ID: 639, Shard ID: 377","Static Sharding: Running Nodes","Sat Aug 02 02:31:51 GMT 2025","passed","Sat Aug 02 02:31:51 GMT 2025","","","",""
"","1","should request peer renewal on specific errors","RetryManager","Sat Aug 02 02:27:04 GMT 2025","passed","Sat Aug 02 02:27:04 GMT 2025","","","",""
"","0","Check received message containing emoji","Waku Filter: FilterPush: Multiple Nodes: Strict Checking: true","Sat Aug 02 02:35:00 GMT 2025","passed","Sat Aug 02 02:35:00 GMT 2025","","","",""
"","1","should transition to MinimallyHealthy with one compatible peer","HealthIndicator","Sat Aug 02 02:27:04 GMT 2025","passed","Sat Aug 02 02:27:04 GMT 2025","","","",""
"","1","can start the service","DNS Discovery: Compliance Test","Sat Aug 02 02:27:38 GMT 2025","passed","Sat Aug 02 02:27:38 GMT 2025","","interface-peer-discovery compliance tests","",""
"","0","messageHashStr returns the same value as bytesToHex(messageHash)","messageHash and messageHashStr","Sat Aug 02 02:26:34 GMT 2025","passed","Sat Aug 02 02:26:34 GMT 2025","","","",""
"","0","should create KeepAliveManager with required options","KeepAliveManager","Sat Aug 02 02:26:34 GMT 2025","passed","Sat Aug 02 02:26:34 GMT 2025","","constructor","",""
"","1","should unlock peer and allow reuse after renewPeer","PeerManager","Sat Aug 02 02:27:04 GMT 2025","passed","Sat Aug 02 02:27:04 GMT 2025","","","",""
"","0","should drop excess bootstrap peers if over maxBootstrapPeers","ConnectionLimiter","Sat Aug 02 02:26:34 GMT 2025","passed","Sat Aug 02 02:26:34 GMT 2025","","maintainBootstrapConnections","",""
"","0","should handle empty pubsub topics","KeepAliveManager","Sat Aug 02 02:26:34 GMT 2025","passed","Sat Aug 02 02:26:34 GMT 2025","","edge cases","",""
"","0","random static sharding 2 - Cluster ID: 398, Shard ID: 838","Static Sharding: Running Nodes","Sat Aug 02 02:31:51 GMT 2025","passed","Sat Aug 02 02:31:51 GMT 2025","","","",""
"","1","should hash ""hello"" with n=2 and maxValue=100 correctly","hashN","Sat Aug 02 02:27:14 GMT 2025","passed","Sat Aug 02 02:27:14 GMT 2025","","","",""
"","2","should hash ""Lorem ipsum dolor sit amet"" with n=2 and maxValue=1000 correctly","hashN","Sat Aug 02 02:27:14 GMT 2025","passed","Sat Aug 02 02:27:14 GMT 2025","","","",""
"","1","should dispatch network event when browser goes offline","NetworkMonitor","Sat Aug 02 02:26:34 GMT 2025","passed","Sat Aug 02 02:26:34 GMT 2025","","browser online/offline events","",""
"","0","Subscribe to topic containing emoji and receive message","Waku Filter: Subscribe: Multiple Service Nodes: Strict Check mode: false","Sat Aug 02 02:35:22 GMT 2025","passed","Sat Aug 02 02:35:22 GMT 2025","","","",""
"","0","Unsubscribe from 100 topics (new limit) at once and receives messages","Waku Filter: Unsubscribe: Multiple Nodes: Strict Checking: false","Sat Aug 02 02:30:27 GMT 2025","passed","Sat Aug 02 02:30:27 GMT 2025","","","",""
"","0","should be able to encode the field with only FILTER set to true","ENR waku2 codec","Sat Aug 02 02:26:24 GMT 2025","passed","Sat Aug 02 02:26:24 GMT 2025","","Encoding","",""
"","0","Passing an array","Waku Dial [node only]","Sat Aug 02 02:32:34 GMT 2025","passed","Sat Aug 02 02:32:34 GMT 2025","","Bootstrap","",""
"","1","should return false when peer is not found","ShardReader","Sat Aug 02 02:26:34 GMT 2025","passed","Sat Aug 02 02:26:34 GMT 2025","","isPeerOnNetwork","",""
"","1","should hash ""!@#$%^&*()"" with n=2 and maxValue=100 correctly","hashN","Sat Aug 02 02:27:14 GMT 2025","passed","Sat Aug 02 02:27:14 GMT 2025","","","",""
"","1","Push message with content topic containing long","Waku Light Push: Multiple Nodes: Strict Check: true","Sat Aug 02 02:36:48 GMT 2025","passed","Sat Aug 02 02:36:48 GMT 2025","","","",""
"","0","ENRTree (tree): should parse a DNS tree entry","ENRTree","Sat Aug 02 02:26:43 GMT 2025","passed","Sat Aug 02 02:26:43 GMT 2025","","","",""
"","1","Check message on other pubsub topic is not received","Waku Filter: FilterPush: Multiple Nodes: Strict Checking: true","Sat Aug 02 02:35:00 GMT 2025","passed","Sat Aug 02 02:35:00 GMT 2025","","","",""
"","0","Relay","ENR Interop: ServiceNode","Sat Aug 02 02:27:38 GMT 2025","passed","Sat Aug 02 02:27:38 GMT 2025","","","",""
"","1","should hash ""test123"" with n=0 and maxValue=10000 correctly","hashN","Sat Aug 02 02:27:14 GMT 2025","passed","Sat Aug 02 02:27:14 GMT 2025","","","",""
"","0","Push 30 different messages","Waku Light Push: Multiple Nodes: Strict Check: false","Sat Aug 02 02:36:48 GMT 2025","skipped","Sat Aug 02 02:36:48 GMT 2025","","","",""
"","2","Query Generator, Multiple PubsubTopics","Waku Store, error handling","Sat Aug 02 02:31:54 GMT 2025","passed","Sat Aug 02 02:31:54 GMT 2025","","","",""
"","0","should hash ""Lorem ipsum dolor sit amet"" with n=1 and maxValue=1000 correctly","hashN","Sat Aug 02 02:27:14 GMT 2025","passed","Sat Aug 02 02:27:14 GMT 2025","","","",""
"","0","should hash """" with n=2 and maxValue=1000 correctly","hashN","Sat Aug 02 02:27:14 GMT 2025","passed","Sat Aug 02 02:27:14 GMT 2025","","","",""
"","0","Subscribe to topic containing SQL Injection and publish message","Waku Relay, Subscribe","Sat Aug 02 02:30:02 GMT 2025","passed","Sat Aug 02 02:30:02 GMT 2025","","","",""
"","0","should properly create peer info with all multiaddrs","ENR","Sat Aug 02 02:26:24 GMT 2025","passed","Sat Aug 02 02:26:24 GMT 2025","","Location multiaddr","",""
"","2","should handle multiple peers with different shard configurations","Dialer","Sat Aug 02 02:26:34 GMT 2025","passed","Sat Aug 02 02:26:34 GMT 2025","","integration","",""
"","1","should update peers in local storage on 'peer:identify' event","Local Storage Discovery","Sat Aug 02 02:26:47 GMT 2025","passed","Sat Aug 02 02:26:47 GMT 2025","","Unit Tests","",""
"","0","Decoder throws on undefined content topic","Ensures content topic is defined","Sat Aug 02 02:26:53 GMT 2025","passed","Sat Aug 02 02:26:53 GMT 2025","","","",""
"","0","Push message with custom timestamp: 1723343277203","Waku Light Push: Multiple Nodes: Strict Check: false","Sat Aug 02 02:36:48 GMT 2025","passed","Sat Aug 02 02:36:48 GMT 2025","","","",""
"","0","Check received message containing Basic HTML tag","Waku Filter: FilterPush: Multiple Nodes: Strict Checking: true","Sat Aug 02 02:35:00 GMT 2025","passed","Sat Aug 02 02:35:00 GMT 2025","","","",""
"","1","new peer added after a peer was already found","Peer Exchange","Sat Aug 02 02:29:57 GMT 2025","skipped","Sat Aug 02 02:29:57 GMT 2025","","","",""
"","1","should retrieve 3 multiaddrs for test.waku.nodes.status.im","DNS Node Discovery [live data]","Sat Aug 02 02:26:43 GMT 2025","skipped","Sat Aug 02 02:26:43 GMT 2025","","","",""
"","0","random auto sharding 8 - Cluster ID: 10, Content Topic: /app93/5/topic261/proto","Autosharding: Running Nodes","Sat Aug 02 02:31:29 GMT 2025","passed","Sat Aug 02 02:31:29 GMT 2025","","","",""
"","0","Check received message containing SQL Injection","Waku Filter: FilterPush: Multiple Nodes: Strict Checking: false","Sat Aug 02 02:35:00 GMT 2025","passed","Sat Aug 02 02:35:00 GMT 2025","","","",""
"","0","should return different streams if requested simultaniously","StreamManager","Sat Aug 02 02:26:35 GMT 2025","passed","Sat Aug 02 02:26:35 GMT 2025","","","",""
"","8","should enable all discoveries when explicitly set","Default Peer Discoveries","Sat Aug 02 02:27:04 GMT 2025","passed","Sat Aug 02 02:27:04 GMT 2025","","","",""
"","0","Relay Node - default protocol","Wait for remote peer","Sat Aug 02 02:32:39 GMT 2025","passed","Sat Aug 02 02:32:39 GMT 2025","","","",""
"","1","should dial second nwaku node that was discovered","DiscoveryDialer","Sat Aug 02 02:27:32 GMT 2025","skipped","Sat Aug 02 02:27:32 GMT 2025","","","",""
"","3","throws on content topic with non-number generation field","ensureValidContentTopic","Sat Aug 02 02:26:18 GMT 2025","passed","Sat Aug 02 02:26:18 GMT 2025","","","",""
"","1","Push message with content topic containing Arabic","Waku Light Push: Multiple Nodes: Strict Check: false","Sat Aug 02 02:36:48 GMT 2025","passed","Sat Aug 02 02:36:48 GMT 2025","","","",""
"","0","should delegate to networkMonitor.isConnected()","ConnectionManager","Sat Aug 02 02:26:35 GMT 2025","passed","Sat Aug 02 02:26:35 GMT 2025","","isConnected","",""
"","0","should not fail to stop the service if it was not started","Local Storage Discovery","Sat Aug 02 02:26:47 GMT 2025","passed","Sat Aug 02 02:26:47 GMT 2025","interface-peer-discovery compliance tests","Compliance Tests","",""
"","0","should throw an error for non-numeric shard: /waku/2/rs/1/\","pubsubTopicToSingleShardInfo with various invalid formats","Sat Aug 02 02:26:18 GMT 2025","passed","Sat Aug 02 02:26:18 GMT 2025","","","",""
"","0","should emit `waku:offline` event only when all peers disconnect","Connection state","Sat Aug 02 02:27:53 GMT 2025","passed","Sat Aug 02 02:27:53 GMT 2025","","","",""
"","0","does not validate decoders for hash queries","StoreCore","Sat Aug 02 02:26:35 GMT 2025","passed","Sat Aug 02 02:26:35 GMT 2025","","queryPerPage","",""
"","0","should throw an error for non-numeric clusterId: /waku/2/rs//1","pubsubTopicToSingleShardInfo with various invalid formats","Sat Aug 02 02:26:18 GMT 2025","passed","Sat Aug 02 02:26:18 GMT 2025","","","",""
"","0","should hash ""!@#$%^&*()"" with n=0 and maxValue=10000 correctly","hashN","Sat Aug 02 02:27:14 GMT 2025","passed","Sat Aug 02 02:27:14 GMT 2025","","","",""
"","0","should maintain proper timestamps if all messages received","MessageChannel","Sat Aug 02 02:27:17 GMT 2025","passed","Sat Aug 02 02:27:17 GMT 2025","","receiving a message","",""
"","0","Mutual subscription","Waku Relay, Subscribe","Sat Aug 02 02:30:02 GMT 2025","passed","Sat Aug 02 02:30:02 GMT 2025","","","",""
"","0","should clear existing timers before creating new ones","KeepAliveManager","Sat Aug 02 02:26:34 GMT 2025","passed","Sat Aug 02 02:26:34 GMT 2025","","timer cleanup","",""
"","0","A test","This","Sat Aug 02 02:28:33 GMT 2025","passed","Sat Aug 02 02:28:33 GMT 2025","","Is also","",""
"","0","Unsubscribe 1 topic - node subscribed to 1 topic","Waku Filter: Unsubscribe: Multiple Nodes: Strict Checking: false","Sat Aug 02 02:30:27 GMT 2025","passed","Sat Aug 02 02:30:27 GMT 2025","","","",""
"","0","Decoder throws on empty string content topic","Ensures content topic is defined","Sat Aug 02 02:26:54 GMT 2025","passed","Sat Aug 02 02:26:54 GMT 2025","","","",""
"","5","Publish message with custom timestamp: Sat Aug 02 2025 01:29:45 GMT+0000 (Coordinated Universal Time)","Waku Relay, Publish","Sat Aug 02 02:29:52 GMT 2025","passed","Sat Aug 02 02:29:52 GMT 2025","","","",""
"","1","throws on content topic with empty application field","ensureValidContentTopic","Sat Aug 02 02:26:18 GMT 2025","passed","Sat Aug 02 02:26:18 GMT 2025","","","",""
"","0","Push message with content topic containing short","Waku Light Push: Multiple Nodes: Strict Check: false","Sat Aug 02 02:36:48 GMT 2025","passed","Sat Aug 02 02:36:48 GMT 2025","","","",""
"","0","Push message with SQL Injection payload","Waku Light Push: Multiple Nodes: Strict Check: false","Sat Aug 02 02:36:48 GMT 2025","passed","Sat Aug 02 02:36:48 GMT 2025","","","",""
"","0","should return peer for existing peer","ConnectionLimiter","Sat Aug 02 02:26:34 GMT 2025","passed","Sat Aug 02 02:26:34 GMT 2025","","getPeer","",""
"","0","should return all connected peers without codec filter","ConnectionManager","Sat Aug 02 02:26:35 GMT 2025","passed","Sat Aug 02 02:26:35 GMT 2025","","getConnectedPeers","",""
"","1","Check message with non string payload is not received","Waku Filter: FilterPush: Multiple Nodes: Strict Checking: true","Sat Aug 02 02:35:00 GMT 2025","passed","Sat Aug 02 02:35:00 GMT 2025","","","",""
"","0","should return false when peer is not found","ShardReader","Sat Aug 02 02:26:34 GMT 2025","passed","Sat Aug 02 02:26:34 GMT 2025","","isPeerOnTopic","",""
"","0","Refresh subscription","Waku Relay, Subscribe","Sat Aug 02 02:30:02 GMT 2025","skipped","Sat Aug 02 02:30:02 GMT 2025","","","",""
"","0","udp ip6 address","Multiaddr from fields","Sat Aug 02 02:26:24 GMT 2025","passed","Sat Aug 02 02:26:24 GMT 2025","","","",""
"","0","Passing page size 3 when there are 20 messages","Waku Store, page size","Sat Aug 02 02:32:18 GMT 2025","passed","Sat Aug 02 02:32:18 GMT 2025","","","",""
"","0","should handle ping failures gracefully","KeepAliveManager","Sat Aug 02 02:26:34 GMT 2025","passed","Sat Aug 02 02:26:34 GMT 2025","","ping timer management","",""
"","1","should emit a peer event after start","DNS Discovery: Compliance Test","Sat Aug 02 02:27:38 GMT 2025","passed","Sat Aug 02 02:27:38 GMT 2025","","interface-peer-discovery compliance tests","",""
"","3","should be able to encode the field with only RELAY set to true","ENR waku2 codec","Sat Aug 02 02:26:24 GMT 2025","passed","Sat Aug 02 02:26:24 GMT 2025","","Encoding","",""
"","1","should correctly map /myapp/1/latest/proto to shard index 0","contentTopicToShardIndex","Sat Aug 02 02:26:18 GMT 2025","passed","Sat Aug 02 02:26:18 GMT 2025","","","",""
"","0","should reject if LightPush is requested but not mounted","waitForRemotePeer","Sat Aug 02 02:27:04 GMT 2025","passed","Sat Aug 02 02:27:04 GMT 2025","","","",""
"","0","Check publish message after service node is restarted","Waku Relay, Publish","Sat Aug 02 02:29:52 GMT 2025","skipped","Sat Aug 02 02:29:52 GMT 2025","","","",""
"","0","should handle case with all peers already connected","ConnectionLimiter","Sat Aug 02 02:26:34 GMT 2025","passed","Sat Aug 02 02:26:34 GMT 2025","","dialPeersFromStore","",""
"","0","should set field with all protocols disabled","ENR","Sat Aug 02 02:26:24 GMT 2025","passed","Sat Aug 02 02:26:24 GMT 2025","","waku2 key round trip","",""
"","0","should drop connection to all peers on hangUp","Dialing","Sat Aug 02 02:29:01 GMT 2025","passed","Sat Aug 02 02:29:01 GMT 2025","","","",""
"","0","should register libp2p event listeners when start is called","PeerManager","Sat Aug 02 02:27:04 GMT 2025","passed","Sat Aug 02 02:27:04 GMT 2025","","","",""
"","0","Subscribe to 30 topics in separate streams (30 streams for Filter is limit) at once and receives messages","Waku Filter: Subscribe: Multiple Service Nodes: Strict Check mode: true","Sat Aug 02 02:35:22 GMT 2025","skipped","Sat Aug 02 02:35:22 GMT 2025","","","",""
"","0","should throw error - invalid id","ENR","Sat Aug 02 02:26:24 GMT 2025","passed","Sat Aug 02 02:26:24 GMT 2025","","Verify","",""
"","0","should decode valid ENR with multiaddrs successfully [shared test vector]","ENR","Sat Aug 02 02:26:24 GMT 2025","passed","Sat Aug 02 02:26:24 GMT 2025","","Txt codec","",""
"","1","isConnected should return false after all peers disconnect","Connection state","Sat Aug 02 02:27:53 GMT 2025","passed","Sat Aug 02 02:27:53 GMT 2025","","","",""
"","4","should properly clean up resources when disposed","TTLSet","Sat Aug 02 02:27:03 GMT 2025","passed","Sat Aug 02 02:27:03 GMT 2025","","","",""
"","0","should not change state when connections remain after disconnect","NetworkMonitor","Sat Aug 02 02:26:34 GMT 2025","passed","Sat Aug 02 02:26:34 GMT 2025","","peer connection events","",""
"","0","should set field with only FILTER enabled","ENR","Sat Aug 02 02:26:24 GMT 2025","passed","Sat Aug 02 02:26:24 GMT 2025","","waku2 key round trip","",""
"","0","should call waitForPeer on Relay","waitForRemotePeer","Sat Aug 02 02:27:04 GMT 2025","passed","Sat Aug 02 02:27:04 GMT 2025","","","",""
"","0","should not return locked peers if enough unlocked are available","PeerManager","Sat Aug 02 02:27:04 GMT 2025","passed","Sat Aug 02 02:27:04 GMT 2025","","","",""
"","1","should use DNS peer discovery with light client","DNS Node Discovery [live data]","Sat Aug 02 02:27:38 GMT 2025","skipped","Sat Aug 02 02:27:38 GMT 2025","","","",""
"","1","should handle complete peer lifecycle","KeepAliveManager","Sat Aug 02 02:26:34 GMT 2025","passed","Sat Aug 02 02:26:34 GMT 2025","","integration","",""
"","1","should return the correct m/n for k = 7, targetError = 0.001","Probabilities","Sat Aug 02 02:27:13 GMT 2025","passed","Sat Aug 02 02:27:13 GMT 2025","","","",""
"","0","Correctly serialized arguments","nwaku","Sat Aug 02 02:28:49 GMT 2025","passed","Sat Aug 02 02:28:49 GMT 2025","","","",""
"","0","msgTime: 0 ms from now, startTime: 1753842744050, endTime: 1754101944050","Waku Store, time filter","Sat Aug 02 02:32:41 GMT 2025","passed","Sat Aug 02 02:32:41 GMT 2025","","","",""
"","1","random auto sharding 9 - Cluster ID: 10, Content Topic: /app56/6/topic952/utf8","Autosharding: Running Nodes","Sat Aug 02 02:31:29 GMT 2025","passed","Sat Aug 02 02:31:29 GMT 2025","","","",""
"","1","random static sharding 9 - Cluster ID: 782, Shard ID: 831","Static Sharding: Running Nodes","Sat Aug 02 02:31:51 GMT 2025","passed","Sat Aug 02 02:31:51 GMT 2025","","","",""
"","0","should create timers for each pubsub topic where peer is in mesh","KeepAliveManager","Sat Aug 02 02:26:34 GMT 2025","passed","Sat Aug 02 02:26:34 GMT 2025","","relay timer management","",""
"","1","Push message with special chars payload","Waku Light Push: Multiple Nodes: Strict Check: true","Sat Aug 02 02:36:48 GMT 2025","passed","Sat Aug 02 02:36:48 GMT 2025","","","",""
"","0","Push message with rate limit","Waku Light Push: Multiple Nodes: Strict Check: true","Sat Aug 02 02:36:48 GMT 2025","passed","Sat Aug 02 02:36:48 GMT 2025","","","",""
"","0","should correctly encode and decode relay shards using rsv format (Bit Vector)","Relay Shard codec","Sat Aug 02 02:26:18 GMT 2025","passed","Sat Aug 02 02:26:18 GMT 2025","","","",""
"","0","should wait for LightPush peer to be connected","waitForRemotePeer","Sat Aug 02 02:27:04 GMT 2025","passed","Sat Aug 02 02:27:04 GMT 2025","","","",""
"","0","Check publish message containing special chars","Waku Relay, Publish","Sat Aug 02 02:29:52 GMT 2025","passed","Sat Aug 02 02:29:52 GMT 2025","","","",""
"","1","Push message with Arabic payload","Waku Light Push: Multiple Nodes: Strict Check: false","Sat Aug 02 02:36:48 GMT 2025","passed","Sat Aug 02 02:36:48 GMT 2025","","","",""
"","0","should create ShardReader with auto sharding network config","ShardReader","Sat Aug 02 02:26:34 GMT 2025","passed","Sat Aug 02 02:26:34 GMT 2025","","constructor","",""
"","0","n1 and n2 uses first shard, n3 uses the second shard","Waku Relay auto-sharding, multiple pubsub topics","Sat Aug 02 02:29:44 GMT 2025","passed","Sat Aug 02 02:29:44 GMT 2025","","","",""
"","1","peer:update - should not schedule stream creation IF protocol hit AND stream found on connection","StreamManager","Sat Aug 02 02:26:35 GMT 2025","passed","Sat Aug 02 02:26:35 GMT 2025","","","",""
"","0","should delegate to shardReader.isPeerOnTopic()","ConnectionManager","Sat Aug 02 02:26:35 GMT 2025","passed","Sat Aug 02 02:26:35 GMT 2025","","isPeerOnTopic","",""
"","0","should correctly map /app/20/sometopic/someencoding to shard index 15 with networkShards 16","contentTopicToShardIndex","Sat Aug 02 02:26:18 GMT 2025","passed","Sat Aug 02 02:26:18 GMT 2025","","","",""
"","1","Push message with content topic containing Arabic","Waku Light Push: Multiple Nodes: Strict Check: true","Sat Aug 02 02:36:48 GMT 2025","passed","Sat Aug 02 02:36:48 GMT 2025","","","",""
"","0","ends after yielding if response size indicates end","StoreCore","Sat Aug 02 02:26:35 GMT 2025","passed","Sat Aug 02 02:26:35 GMT 2025","","queryPerPage","",""
"","0","isConnected should return true after first peer connects","Connection state","Sat Aug 02 02:27:53 GMT 2025","passed","Sat Aug 02 02:27:53 GMT 2025","","","",""
"","0","should not execute task if max attempts is 0","RetryManager","Sat Aug 02 02:27:04 GMT 2025","passed","Sat Aug 02 02:27:04 GMT 2025","","","",""
"","0","Query Generator sorting by timestamp while page direction is true","Waku Store, sorting","Sat Aug 02 02:32:24 GMT 2025","passed","Sat Aug 02 02:32:24 GMT 2025","","","",""
"","0","Should update shard info","Peer Exchange Continuous Discovery","Sat Aug 02 02:29:02 GMT 2025","passed","Sat Aug 02 02:29:02 GMT 2025","","","",""
"","0","Subscribe and receive messages via lightPush","Waku Filter: Subscribe: Multiple Service Nodes: Strict Check mode: true","Sat Aug 02 02:35:22 GMT 2025","passed","Sat Aug 02 02:35:22 GMT 2025","","","",""
"","0","Check message received after jswaku node is restarted","Waku Filter: FilterPush: Multiple Nodes: Strict Checking: false","Sat Aug 02 02:35:00 GMT 2025","passed","Sat Aug 02 02:35:00 GMT 2025","","","",""
"","0","should filter peers by codec","ConnectionManager","Sat Aug 02 02:26:35 GMT 2025","passed","Sat Aug 02 02:26:35 GMT 2025","","getConnectedPeers","",""
"","0","Push message with emoji payload","Waku Light Push: Multiple Nodes: Strict Check: false","Sat Aug 02 02:36:48 GMT 2025","passed","Sat Aug 02 02:36:48 GMT 2025","","","",""
"","1","should invoke callbacks when receiving a message","Filter Subscription","Sat Aug 02 02:27:05 GMT 2025","passed","Sat Aug 02 02:27:05 GMT 2025","","","",""
"","0","3 nodes on /waku/2/rs/3/1 topic","Waku Relay, static sharding, multiple pubsub topics","Sat Aug 02 02:29:44 GMT 2025","passed","Sat Aug 02 02:29:44 GMT 2025","","","",""
"","1","Check received message containing shell command","Waku Filter: FilterPush: Multiple Nodes: Strict Checking: true","Sat Aug 02 02:35:00 GMT 2025","passed","Sat Aug 02 02:35:00 GMT 2025","","","",""
"","0","should reject on timeout if it was set","waitForRemotePeer","Sat Aug 02 02:27:04 GMT 2025","passed","Sat Aug 02 02:27:04 GMT 2025","","","",""
"","0","should deliver messages after dependencies are met","MessageChannel","Sat Aug 02 02:27:17 GMT 2025","passed","Sat Aug 02 02:27:17 GMT 2025","","Sweeping incoming buffer","",""
"","0","should dial peers from store when browser is connected","ConnectionLimiter","Sat Aug 02 02:26:34 GMT 2025","passed","Sat Aug 02 02:26:34 GMT 2025","","onWakuConnectionEvent","",""
"","0","should retrieve all multiaddrs when several ENR Tree URLs are passed","DNS Node Discovery [live data]","Sat Aug 02 02:27:38 GMT 2025","skipped","Sat Aug 02 02:27:38 GMT 2025","","","",""
"","0","Sample","ENR multiaddrs codec","Sat Aug 02 02:26:24 GMT 2025","passed","Sat Aug 02 02:26:24 GMT 2025","","","",""
"","0","Push message with content topic containing JSON","Waku Light Push: Multiple Nodes: Strict Check: true","Sat Aug 02 02:36:48 GMT 2025","passed","Sat Aug 02 02:36:48 GMT 2025","","","",""
"","1","Passing a valid cursor at 0 index when there are 20 messages","Waku Store, cursor","Sat Aug 02 02:31:40 GMT 2025","passed","Sat Aug 02 02:31:40 GMT 2025","","","",""
"","0","retrieves all peers (3) when branch entries are composed of multiple strings","DNS Node Discovery w/ capabilities","Sat Aug 02 02:26:43 GMT 2025","passed","Sat Aug 02 02:26:43 GMT 2025","","","",""
"","5","returns all values when wanted number matches available values","Discovery","Sat Aug 02 02:26:42 GMT 2025","passed","Sat Aug 02 02:26:42 GMT 2025","","","",""
"","1","Check received message with timestamp: 1754101652589 ","Waku Filter: FilterPush: Multiple Nodes: Strict Checking: true","Sat Aug 02 02:35:00 GMT 2025","passed","Sat Aug 02 02:35:00 GMT 2025","","","",""
"","5","should start and stop interval correctly","RetryManager","Sat Aug 02 02:27:04 GMT 2025","passed","Sat Aug 02 02:27:04 GMT 2025","","","",""
"","1","random auto sharding 7 - Cluster ID: 10, Content Topic: /app74/10/topic163/utf8","Autosharding: Running Nodes","Sat Aug 02 02:31:29 GMT 2025","passed","Sat Aug 02 02:31:29 GMT 2025","","","",""
"","0","yields undefined for messages without decoder","StoreCore","Sat Aug 02 02:26:35 GMT 2025","passed","Sat Aug 02 02:26:35 GMT 2025","","queryPerPage","",""
"","0","accepts valid content-filtered query","StoreQueryRequest validation","Sat Aug 02 02:26:34 GMT 2025","passed","Sat Aug 02 02:26:34 GMT 2025","","","",""
"","0","Check received message containing long","Waku Filter: FilterPush: Multiple Nodes: Strict Checking: true","Sat Aug 02 02:35:00 GMT 2025","passed","Sat Aug 02 02:35:00 GMT 2025","","","",""
"","0","should handle corrupted local storage data gracefully","Local Storage Discovery","Sat Aug 02 02:26:47 GMT 2025","passed","Sat Aug 02 02:26:47 GMT 2025","","Unit Tests","",""
"","2","should return null for non-existent peer","ConnectionLimiter","Sat Aug 02 02:26:34 GMT 2025","passed","Sat Aug 02 02:26:34 GMT 2025","","getPeer","",""
"","1","should create all internal components","ConnectionManager","Sat Aug 02 02:26:35 GMT 2025","passed","Sat Aug 02 02:26:35 GMT 2025","","constructor","",""
"","0","msgTime: -19000 ms from now, startTime: -19002, endTime: -19001","Waku Store, time filter","Sat Aug 02 02:32:41 GMT 2025","passed","Sat Aug 02 02:32:41 GMT 2025","","","",""
"","1","should set field with only STORE enabled","ENR","Sat Aug 02 02:26:24 GMT 2025","passed","Sat Aug 02 02:26:24 GMT 2025","","waku2 key round trip","",""
"","0","should create a new stream if no existing for protocol found","StreamManager","Sat Aug 02 02:26:35 GMT 2025","passed","Sat Aug 02 02:26:35 GMT 2025","","","",""
"","0","Subscribe to topic containing shell command and receive message","Waku Filter: Subscribe: Multiple Service Nodes: Strict Check mode: false","Sat Aug 02 02:35:22 GMT 2025","passed","Sat Aug 02 02:35:22 GMT 2025","","","",""
"","0","Subscribe to 100 topics (new limit) at once and receives messages","Waku Filter: Subscribe: Multiple Service Nodes: Strict Check mode: true","Sat Aug 02 02:35:22 GMT 2025","passed","Sat Aug 02 02:35:22 GMT 2025","","","",""
"","0","Push message with escaped characters payload","Waku Light Push: Multiple Nodes: Strict Check: false","Sat Aug 02 02:36:48 GMT 2025","passed","Sat Aug 02 02:36:48 GMT 2025","","","",""
"","1","should allow redial after failed dial cooldown expires","Dialer","Sat Aug 02 02:26:34 GMT 2025","passed","Sat Aug 02 02:26:34 GMT 2025","","dial","",""
"","0","Check message with no content topic is not received","Waku Filter: FilterPush: Multiple Nodes: Strict Checking: true","Sat Aug 02 02:35:00 GMT 2025","passed","Sat Aug 02 02:35:00 GMT 2025","","","",""
"","0","should be able to decode the field with only LIGHTPUSH set to true","ENR waku2 codec","Sat Aug 02 02:26:24 GMT 2025","passed","Sat Aug 02 02:26:24 GMT 2025","","Decoding","",""
"","0","Check publish message containing JSON","Waku Relay, Publish","Sat Aug 02 02:29:52 GMT 2025","passed","Sat Aug 02 02:29:52 GMT 2025","","","",""
"","0","tcp ip4 address","Multiaddr from fields","Sat Aug 02 02:26:24 GMT 2025","passed","Sat Aug 02 02:26:24 GMT 2025","","","",""
"","0","should set field with only LIGHTPUSH enabled","ENR","Sat Aug 02 02:26:24 GMT 2025","passed","Sat Aug 02 02:26:24 GMT 2025","","waku2 key round trip","",""
"","1","should throw an error for non-numeric shard: /waku/2/rs/1/ ","pubsubTopicToSingleShardInfo with various invalid formats","Sat Aug 02 02:26:18 GMT 2025","passed","Sat Aug 02 02:26:18 GMT 2025","","","",""
"","0","should hash ""hello"" with n=5 and maxValue=100 correctly","hashN","Sat Aug 02 02:27:14 GMT 2025","passed","Sat Aug 02 02:27:14 GMT 2025","","","",""
"","0","can start the service","Local Storage Discovery","Sat Aug 02 02:26:47 GMT 2025","passed","Sat Aug 02 02:26:47 GMT 2025","interface-peer-discovery compliance tests","Compliance Tests","",""
"","0","Check message with no payload is not received","Waku Filter: FilterPush: Multiple Nodes: Strict Checking: true","Sat Aug 02 02:35:00 GMT 2025","passed","Sat Aug 02 02:35:00 GMT 2025","","","",""
"","0","should remove CONNECTION_LOCKED_TAG from peer connections when unlocking","PeerManager","Sat Aug 02 02:27:04 GMT 2025","passed","Sat Aug 02 02:27:04 GMT 2025","","","",""
"","0","should stop all internal components","ConnectionManager","Sat Aug 02 02:26:35 GMT 2025","passed","Sat Aug 02 02:26:35 GMT 2025","","stop","",""
"","0","same cluster, static sharding: nodes connect","Metadata Protocol","Sat Aug 02 02:28:49 GMT 2025","passed","Sat Aug 02 02:28:49 GMT 2025","","static sharding","",""
"","0","should hash """" with n=2 and maxValue=10000 correctly","hashN","Sat Aug 02 02:27:14 GMT 2025","passed","Sat Aug 02 02:27:14 GMT 2025","","","",""
"","1","should throw an error for non-numeric clusterId: /waku/2/rs/y/1","pubsubTopicToSingleShardInfo with various invalid formats","Sat Aug 02 02:26:18 GMT 2025","passed","Sat Aug 02 02:26:18 GMT 2025","","","",""
"","1","should dial peer when no shard info available","Dialer","Sat Aug 02 02:26:34 GMT 2025","passed","Sat Aug 02 02:26:34 GMT 2025","","dial","",""
"","0","should not modify tags of connections for different peers","PeerManager","Sat Aug 02 02:27:04 GMT 2025","passed","Sat Aug 02 02:27:04 GMT 2025","","","",""
"","0","should remove event listeners from globalThis","NetworkMonitor","Sat Aug 02 02:26:34 GMT 2025","passed","Sat Aug 02 02:26:34 GMT 2025","","stop","",""
"","1","should hash ""hello"" with n=5 and maxValue=10000 correctly","hashN","Sat Aug 02 02:27:14 GMT 2025","passed","Sat Aug 02 02:27:14 GMT 2025","","","",""
"","0","Decoder throws on undefined content topic","Ensures content topic is defined","Sat Aug 02 02:26:54 GMT 2025","passed","Sat Aug 02 02:26:54 GMT 2025","","","",""
"","0","Push message with content topic containing short","Waku Light Push: Multiple Nodes: Strict Check: true","Sat Aug 02 02:36:48 GMT 2025","passed","Sat Aug 02 02:36:48 GMT 2025","","","",""
"","0","Check received message containing escaped characters","Waku Filter: FilterPush: Multiple Nodes: Strict Checking: true","Sat Aug 02 02:35:00 GMT 2025","passed","Sat Aug 02 02:35:00 GMT 2025","","","",""
"","0","should start the dialing interval","Dialer","Sat Aug 02 02:26:34 GMT 2025","passed","Sat Aug 02 02:26:34 GMT 2025","","start","",""
"","0","should correctly map /app/20/sometopic/someencoding to shard index 7","contentTopicToShardIndex","Sat Aug 02 02:26:18 GMT 2025","passed","Sat Aug 02 02:26:18 GMT 2025","","","",""
"","0","should handle special patterns correctly","BloomFilter with special patterns","Sat Aug 02 02:27:16 GMT 2025","passed","Sat Aug 02 02:27:16 GMT 2025","","","",""
"","0","non connected peers","Peer Exchange Query","Sat Aug 02 02:29:28 GMT 2025","skipped","Sat Aug 02 02:29:28 GMT 2025","","","",""
"","1","should be able to decode the field with only STORE set to true","ENR waku2 codec","Sat Aug 02 02:26:24 GMT 2025","passed","Sat Aug 02 02:26:24 GMT 2025","","Decoding","",""
"","1","should not be empty after adding a subscription","Filter Subscription","Sat Aug 02 02:27:05 GMT 2025","passed","Sat Aug 02 02:27:05 GMT 2025","","","",""
"","0","Passing a valid cursor at 110 index when there are 120 messages","Waku Store, cursor","Sat Aug 02 02:31:40 GMT 2025","passed","Sat Aug 02 02:31:40 GMT 2025","","","",""
"","1","should handle errors when getting connections","NetworkMonitor","Sat Aug 02 02:26:34 GMT 2025","passed","Sat Aug 02 02:26:34 GMT 2025","","error handling","",""
"","0","msgTime: -19000 ms from now, startTime: -19000, endTime: -18000","Waku Store, time filter","Sat Aug 02 02:32:41 GMT 2025","passed","Sat Aug 02 02:32:41 GMT 2025","","","",""
"","0","should only return 1 node with relay capability","DNS Node Discovery w/ capabilities","Sat Aug 02 02:26:43 GMT 2025","passed","Sat Aug 02 02:26:43 GMT 2025","","","",""
"","1","should decode valid enr with tcp successfully","ENR","Sat Aug 02 02:26:24 GMT 2025","passed","Sat Aug 02 02:26:24 GMT 2025","","Txt codec","",""
"","2","should prioritize bootstrap, then peer exchange, then local peers","ConnectionLimiter","Sat Aug 02 02:26:34 GMT 2025","passed","Sat Aug 02 02:26:34 GMT 2025","","dialPeersFromStore prioritization","",""
"","0","Passing page size 0 when there are 110 messages","Waku Store, page size","Sat Aug 02 02:32:18 GMT 2025","passed","Sat Aug 02 02:32:18 GMT 2025","","","",""
"","1","Subscribe to topic containing special chars and publish message","Waku Relay, Subscribe","Sat Aug 02 02:30:02 GMT 2025","passed","Sat Aug 02 02:30:02 GMT 2025","","","",""
"","0","should dispatch connect and disconnect events","PeerManager","Sat Aug 02 02:27:04 GMT 2025","passed","Sat Aug 02 02:27:04 GMT 2025","","","",""
"","0","Check message received after old nwaku nodes are not available and new are created","Waku Filter: FilterPush: Multiple Nodes: Strict Checking: false","Sat Aug 02 02:35:00 GMT 2025","passed","Sat Aug 02 02:35:00 GMT 2025","","","",""
"","1","should handle case when navigator is not available","NetworkMonitor","Sat Aug 02 02:26:34 GMT 2025","passed","Sat Aug 02 02:26:34 GMT 2025","","isConnected","",""
"","0","uses static shard pubsub topic instead of autosharding when set","Sets sharding configuration correctly","Sat Aug 02 02:26:35 GMT 2025","passed","Sat Aug 02 02:26:35 GMT 2025","","","",""
"","0","should correctly map /statusim/1/community/cbor to shard index 4","contentTopicToShardIndex","Sat Aug 02 02:26:18 GMT 2025","passed","Sat Aug 02 02:26:18 GMT 2025","","","",""
"","0","Subscribe and receive 2 messages on the same topic","Waku Filter: Subscribe: Multiple Service Nodes: Strict Check mode: false","Sat Aug 02 02:35:22 GMT 2025","passed","Sat Aug 02 02:35:22 GMT 2025","","","",""
"","0","Sets default value correctly","User Agent","Sat Aug 02 02:32:34 GMT 2025","passed","Sat Aug 02 02:32:34 GMT 2025","","","",""
"","0","Generator, 2 nwaku nodes each with different shards","Waku Store, different static shards","Sat Aug 02 02:31:46 GMT 2025","passed","Sat Aug 02 02:31:46 GMT 2025","","","",""
"","0","Check received message containing escaped characters","Waku Filter: FilterPush: Multiple Nodes: Strict Checking: false","Sat Aug 02 02:35:00 GMT 2025","passed","Sat Aug 02 02:35:00 GMT 2025","","","",""
"","1","Stops search when maxGet is reached","Fetch nodes","Sat Aug 02 02:26:42 GMT 2025","passed","Sat Aug 02 02:26:42 GMT 2025","","","",""
"","0","should increase lamport timestamp","MessageChannel","Sat Aug 02 02:27:17 GMT 2025","passed","Sat Aug 02 02:27:17 GMT 2025","","sending a message ","",""
"","1","should handle corrupted shard info gracefully","ShardReader","Sat Aug 02 02:26:34 GMT 2025","passed","Sat Aug 02 02:26:34 GMT 2025","","error handling","",""
"","0","should throw error - no id","ENR","Sat Aug 02 02:26:24 GMT 2025","passed","Sat Aug 02 02:26:24 GMT 2025","","Txt codec","",""
"","0","should filter out already connected peers","ConnectionLimiter","Sat Aug 02 02:26:34 GMT 2025","passed","Sat Aug 02 02:26:34 GMT 2025","","dialPeersFromStore","",""
"","1","Check received message containing shell command","Waku Filter: FilterPush: Multiple Nodes: Strict Checking: false","Sat Aug 02 02:35:00 GMT 2025","passed","Sat Aug 02 02:35:00 GMT 2025","","","",""
"","1","should handle shardReader errors","ConnectionManager","Sat Aug 02 02:26:35 GMT 2025","passed","Sat Aug 02 02:26:35 GMT 2025","","isPeerOnTopic","",""
"","0","should hash ""!@#$%^&*()"" with n=0 and maxValue=100 correctly","hashN","Sat Aug 02 02:27:14 GMT 2025","passed","Sat Aug 02 02:27:14 GMT 2025","","","",""
"","1","Subscribe to topic containing short and receive message","Waku Filter: Subscribe: Multiple Service Nodes: Strict Check mode: true","Sat Aug 02 02:35:22 GMT 2025","passed","Sat Aug 02 02:35:22 GMT 2025","","","",""
"","0","should throw an error for non-numeric clusterId: /waku/2/rs/!/1","pubsubTopicToSingleShardInfo with various invalid formats","Sat Aug 02 02:26:18 GMT 2025","passed","Sat Aug 02 02:26:18 GMT 2025","","","",""
"","0","Unsubscribe 2 topics - node subscribed to 2 topics","Waku Filter: Unsubscribe: Multiple Nodes: Strict Checking: false","Sat Aug 02 02:30:27 GMT 2025","passed","Sat Aug 02 02:30:27 GMT 2025","","","",""
"","0","should handle peer not in mesh for all topics","KeepAliveManager","Sat Aug 02 02:26:34 GMT 2025","passed","Sat Aug 02 02:26:34 GMT 2025","","edge cases","",""
"","0","should enable only peerExchange and localPeerCache when dns is disabled","Default Peer Discoveries","Sat Aug 02 02:27:04 GMT 2025","passed","Sat Aug 02 02:27:04 GMT 2025","","","",""
"","0","should chunk queries when time window exceeds maxTimeLimit","Store","Sat Aug 02 02:27:05 GMT 2025","passed","Sat Aug 02 02:27:05 GMT 2025","","queryGenerator","",""
"","1","should handle complete connection lifecycle","NetworkMonitor","Sat Aug 02 02:26:34 GMT 2025","passed","Sat Aug 02 02:26:34 GMT 2025","","integration","",""
"","0","peerDiscovery without wakuPeerExchangeDiscovery","Peer Exchange","Sat Aug 02 02:29:57 GMT 2025","passed","Sat Aug 02 02:29:57 GMT 2025","","","",""
"","5","should clear the dialing interval","Dialer","Sat Aug 02 02:26:34 GMT 2025","passed","Sat Aug 02 02:26:34 GMT 2025","","stop","",""
"","0","should hash ""hello"" with n=1 and maxValue=10000 correctly","hashN","Sat Aug 02 02:27:14 GMT 2025","passed","Sat Aug 02 02:27:14 GMT 2025","","","",""
"","1","should not fail to start the service if it is already started","DNS Discovery: Compliance Test","Sat Aug 02 02:27:38 GMT 2025","passed","Sat Aug 02 02:27:38 GMT 2025","","interface-peer-discovery compliance tests","",""
"","4","should dispatch network event when browser goes online","NetworkMonitor","Sat Aug 02 02:26:34 GMT 2025","passed","Sat Aug 02 02:26:34 GMT 2025","","browser online/offline events","",""
"","0","should throw an error for non-numeric clusterId: /waku/2/rs/$/1","pubsubTopicToSingleShardInfo with various invalid formats","Sat Aug 02 02:26:18 GMT 2025","passed","Sat Aug 02 02:26:18 GMT 2025","","","",""
"","0","Subscribe and receive symmetrically encrypted messages via lightPush","Waku Filter: Subscribe: Multiple Service Nodes: Strict Check mode: true","Sat Aug 02 02:35:22 GMT 2025","passed","Sat Aug 02 02:35:22 GMT 2025","","","",""
"","1","should hash ""!@#$%^&*()"" with n=5 and maxValue=10000 correctly","hashN","Sat Aug 02 02:27:14 GMT 2025","passed","Sat Aug 02 02:27:14 GMT 2025","","","",""
"","1","msgTime: 0 ms from now, startTime: 1754015544050, endTime: 1754101944050","Waku Store, time filter","Sat Aug 02 02:32:41 GMT 2025","passed","Sat Aug 02 02:32:41 GMT 2025","","","",""
"","1","Push message with content topic containing JSON","Waku Light Push: Multiple Nodes: Strict Check: false","Sat Aug 02 02:36:48 GMT 2025","passed","Sat Aug 02 02:36:48 GMT 2025","","","",""
"","0","messageHashStr works with IProtoMessage","messageHash and messageHashStr","Sat Aug 02 02:26:34 GMT 2025","passed","Sat Aug 02 02:26:34 GMT 2025","","","",""
"","0","Check publish message containing escaped characters","Waku Relay, Publish","Sat Aug 02 02:29:52 GMT 2025","passed","Sat Aug 02 02:29:52 GMT 2025","","","",""
"","1","should start ping timers on peer connect","KeepAliveManager","Sat Aug 02 02:26:34 GMT 2025","passed","Sat Aug 02 02:26:34 GMT 2025","","peer connect event handling","",""
"","0","should be able to encode the field with RELAY and FILTER protocols set to true","ENR waku2 codec","Sat Aug 02 02:26:24 GMT 2025","passed","Sat Aug 02 02:26:24 GMT 2025","","Encoding","",""
"","13","accepts valid message hash query","StoreQueryRequest validation","Sat Aug 02 02:26:34 GMT 2025","passed","Sat Aug 02 02:26:34 GMT 2025","","","",""
"","0","should return false when peer is not on the pubsub topic shard","ShardReader","Sat Aug 02 02:26:34 GMT 2025","passed","Sat Aug 02 02:26:34 GMT 2025","","isPeerOnTopic","",""
"","1","Promise Callback  - false","Waku Store, order","Sat Aug 02 02:32:05 GMT 2025","passed","Sat Aug 02 02:32:05 GMT 2025","","","",""
"","1","Ordered callback, aborts when callback returns true","Waku Store, general","Sat Aug 02 02:32:23 GMT 2025","passed","Sat Aug 02 02:32:23 GMT 2025","","","",""
"","0","ENRTree (branch): should error if DNS branch entry is mis-prefixed","ENRTree","Sat Aug 02 02:26:43 GMT 2025","passed","Sat Aug 02 02:26:43 GMT 2025","","","",""
"","0","should retrieve 3 multiaddrs for sandbox.waku.nodes.status.im","DNS Node Discovery [live data]","Sat Aug 02 02:26:43 GMT 2025","skipped","Sat Aug 02 02:26:43 GMT 2025","","","",""
"","0","should encode/decode to RLP encoding","ENR","Sat Aug 02 02:26:24 GMT 2025","passed","Sat Aug 02 02:26:24 GMT 2025","","Static tests","",""
"","0","Nodes with multiple pubsub topic","Waku Relay, static sharding, multiple pubsub topics","Sat Aug 02 02:29:44 GMT 2025","passed","Sat Aug 02 02:29:44 GMT 2025","","","",""
"","0","Symmetric encrypt & Decrypt","Waku Encryption","Sat Aug 02 02:26:53 GMT 2025","passed","Sat Aug 02 02:26:53 GMT 2025","","","",""
"","0","should insert elements correctly","BloomFilter","Sat Aug 02 02:27:16 GMT 2025","passed","Sat Aug 02 02:27:16 GMT 2025","","","",""
"","0","should handle multiple peer connections","KeepAliveManager","Sat Aug 02 02:26:34 GMT 2025","passed","Sat Aug 02 02:26:34 GMT 2025","","peer connect event handling","",""
"","0","should not create ping timers when pingKeepAlive = 0","KeepAliveManager","Sat Aug 02 02:26:34 GMT 2025","passed","Sat Aug 02 02:26:34 GMT 2025","","ping timer management","",""
"","1","receiving a ping from a peer does not overwrite shard info","Metadata Protocol","Sat Aug 02 02:28:49 GMT 2025","passed","Sat Aug 02 02:28:49 GMT 2025","","static sharding","",""
"","0","should handle a minimal index list","Relay Shard codec","Sat Aug 02 02:26:18 GMT 2025","passed","Sat Aug 02 02:26:18 GMT 2025","","","",""
"","1","random auto sharding 4 - Cluster ID: 10, Content Topic: /app38/2/topic193/xml","Autosharding: Running Nodes","Sat Aug 02 02:31:29 GMT 2025","passed","Sat Aug 02 02:31:29 GMT 2025","","","",""
"","1","Subscribe and receive messages from 2 nwaku nodes each with different static shards","Waku Filter: Subscribe: Multiple Service Nodes on Static Shard: Strict Check mode: true","Sat Aug 02 02:27:56 GMT 2025","passed","Sat Aug 02 02:27:56 GMT 2025","","","",""
"","1","random auto sharding 5 - Cluster ID: 10, Content Topic: /app54/2/topic590/proto","Autosharding: Running Nodes","Sat Aug 02 02:31:29 GMT 2025","passed","Sat Aug 02 02:31:29 GMT 2025","","","",""
"","0","should hash ""Lorem ipsum dolor sit amet"" with n=0 and maxValue=1000 correctly","hashN","Sat Aug 02 02:27:14 GMT 2025","passed","Sat Aug 02 02:27:14 GMT 2025","","","",""
"","0","connects to nwaku","Waku Dial [node only]","Sat Aug 02 02:32:34 GMT 2025","passed","Sat Aug 02 02:32:34 GMT 2025","","Interop: ServiceNode","",""
"","1","Generator, with asymmetric & symmetric encrypted messages","Waku Store, general","Sat Aug 02 02:32:23 GMT 2025","passed","Sat Aug 02 02:32:23 GMT 2025","","","",""
"","0","Encoder throws on undefined content topic","Ensures content topic is defined","Sat Aug 02 02:26:53 GMT 2025","passed","Sat Aug 02 02:26:53 GMT 2025","","","",""
"","0","Ordered Callback sorting by timestamp while page direction is false","Waku Store, sorting","Sat Aug 02 02:32:24 GMT 2025","passed","Sat Aug 02 02:32:24 GMT 2025","","","",""
