"DESCRIPTION","DURATION IN MS","NAME","PARENT SUITE","START TIME","STATUS","STOP TIME","SUB SUITE","SUITE","TEST CLASS","TEST METHOD"
"","0","Relay - dialed first","Wait for remote peer","Sun Jul 06 17:49:28 GMT 2025","passed","Sun Jul 06 17:49:28 GMT 2025","","","",""
"","0","should hash ""hello"" with n=5 and maxValue=100 correctly","hashN","Sun Jul 06 17:44:46 GMT 2025","passed","Sun Jul 06 17:44:46 GMT 2025","","","",""
"","1","Check received message with timestamp: 1949153314000 ","Waku Filter: FilterPush: Multiple Nodes: Strict Checking: false","Sun Jul 06 17:52:36 GMT 2025","passed","Sun Jul 06 17:52:36 GMT 2025","","","",""
"","0","should be delivered immediately if received","MessageChannel","Sun Jul 06 17:44:51 GMT 2025","passed","Sun Jul 06 17:44:51 GMT 2025","","Ephemeral messages","",""
"","0","Passing cursor with wrong pubsubTopic for nwaku > 0.35.1","Waku Store, cursor","Sun Jul 06 17:48:19 GMT 2025","skipped","Sun Jul 06 17:48:19 GMT 2025","","","",""
"","0","should set field with only LIGHTPUSH enabled","ENR","Sun Jul 06 17:44:00 GMT 2025","passed","Sun Jul 06 17:44:00 GMT 2025","","waku2 key round trip","",""
"","0","ENRTree (root): should error if DNS root entry signature is invalid","ENRTree","Sun Jul 06 17:44:16 GMT 2025","passed","Sun Jul 06 17:44:16 GMT 2025","","","",""
"","0","ENRTree (tree): should error if DNS tree entry is misformatted","ENRTree","Sun Jul 06 17:44:16 GMT 2025","passed","Sun Jul 06 17:44:16 GMT 2025","","","",""
"","0","should hash """" with n=2 and maxValue=1000 correctly","hashN","Sun Jul 06 17:44:46 GMT 2025","passed","Sun Jul 06 17:44:46 GMT 2025","","","",""
"","0","should retry failed tasks","RetryManager","Sun Jul 06 17:44:37 GMT 2025","passed","Sun Jul 06 17:44:37 GMT 2025","","","",""
"","0","Passing page size 10 when there are 10 messages","Waku Store, page size","Sun Jul 06 17:49:14 GMT 2025","passed","Sun Jul 06 17:49:14 GMT 2025","","","",""
"","0","A test","This","Sun Jul 06 17:45:44 GMT 2025","passed","Sun Jul 06 17:45:44 GMT 2025","","Is","",""
"","0","Push message with shell command payload","Waku Light Push: Multiple Nodes: Strict Check: false","Sun Jul 06 17:55:17 GMT 2025","passed","Sun Jul 06 17:55:17 GMT 2025","","","",""
"","0","should map different content topics to different pubsub topics based on shard index","contentTopicToPubsubTopic","Sun Jul 06 17:43:54 GMT 2025","passed","Sun Jul 06 17:43:54 GMT 2025","","","",""
"","0","Js publishes, other Js receives","Waku Relay, Interop","Sun Jul 06 17:46:40 GMT 2025","passed","Sun Jul 06 17:46:40 GMT 2025","","","",""
"","0","Push message with short payload","Waku Light Push: Multiple Nodes: Strict Check: true","Sun Jul 06 17:55:17 GMT 2025","passed","Sun Jul 06 17:55:17 GMT 2025","","","",""
"","0","Error when try to subscribe to more than 101 topics (new limit)","Waku Filter: Subscribe: Multiple Service Nodes: Strict Check mode: false","Sun Jul 06 17:53:21 GMT 2025","passed","Sun Jul 06 17:53:21 GMT 2025","","","",""
"","0","Subscribe and receives messages on 20 topics","Waku Filter: Subscribe: Multiple Service Nodes: Strict Check mode: false","Sun Jul 06 17:53:21 GMT 2025","passed","Sun Jul 06 17:53:21 GMT 2025","","","",""
"","1","should not allow unachievable error rate","Probabilities","Sun Jul 06 17:44:46 GMT 2025","passed","Sun Jul 06 17:44:46 GMT 2025","","","",""
"","1","Wrong topic","Autosharding: Running Nodes","Sun Jul 06 17:48:37 GMT 2025","passed","Sun Jul 06 17:48:37 GMT 2025","","","",""
"","0","Check received message containing Script","Waku Filter: FilterPush: Multiple Nodes: Strict Checking: false","Sun Jul 06 17:52:36 GMT 2025","passed","Sun Jul 06 17:52:36 GMT 2025","","","",""
"","0","accepts valid content-filtered query","StoreQueryRequest validation","Sun Jul 06 17:44:08 GMT 2025","passed","Sun Jul 06 17:44:08 GMT 2025","","","",""
"","0","messageHashStr produces different results for different inputs","messageHash and messageHashStr","Sun Jul 06 17:44:08 GMT 2025","passed","Sun Jul 06 17:44:08 GMT 2025","","","",""
"","0","Passing a valid cursor at 0 index when there are 20 messages","Waku Store, cursor","Sun Jul 06 17:48:19 GMT 2025","passed","Sun Jul 06 17:48:19 GMT 2025","","","",""
"","0","should set field with all protocols disabled","ENR","Sun Jul 06 17:44:00 GMT 2025","passed","Sun Jul 06 17:44:00 GMT 2025","","waku2 key round trip","",""
"","0","Store - dialed first","Wait for remote peer","Sun Jul 06 17:49:28 GMT 2025","passed","Sun Jul 06 17:49:28 GMT 2025","","","",""
"","0","Fails to publish message with empty text","Waku Relay, Publish","Sun Jul 06 17:46:51 GMT 2025","passed","Sun Jul 06 17:46:51 GMT 2025","","","",""
"","0","Push message with content topic containing escaped characters","Waku Light Push: Multiple Nodes: Strict Check: false","Sun Jul 06 17:55:17 GMT 2025","passed","Sun Jul 06 17:55:17 GMT 2025","","","",""
"","1","should hash ""!@#$%^&*()"" with n=0 and maxValue=1000 correctly","hashN","Sun Jul 06 17:44:46 GMT 2025","passed","Sun Jul 06 17:44:46 GMT 2025","","","",""
"","0","throws on content topic with empty version field","ensureValidContentTopic","Sun Jul 06 17:43:54 GMT 2025","passed","Sun Jul 06 17:43:54 GMT 2025","","","",""
"","0","Query with Promise Callback, No message returned","Waku Store, error handling","Sun Jul 06 17:48:32 GMT 2025","passed","Sun Jul 06 17:48:32 GMT 2025","","","",""
"","1","Unsubscribe 1 topic - node subscribed to 1 topic","Waku Filter: Unsubscribe: Multiple Nodes: Strict Checking: true","Sun Jul 06 17:47:49 GMT 2025","passed","Sun Jul 06 17:47:49 GMT 2025","","","",""
"","0","should properly create peer info with all multiaddrs","ENR","Sun Jul 06 17:44:00 GMT 2025","passed","Sun Jul 06 17:44:00 GMT 2025","","Location multiaddr","",""
"","1","should throw an error for non-numeric clusterId: /waku/2/rs//1","pubsubTopicToSingleShardInfo with various invalid formats","Sun Jul 06 17:43:54 GMT 2025","passed","Sun Jul 06 17:43:54 GMT 2025","","","",""
"","0","Subscribe to topic containing Russian and receive message","Waku Filter: Subscribe: Multiple Service Nodes: Strict Check mode: true","Sun Jul 06 17:53:21 GMT 2025","passed","Sun Jul 06 17:53:21 GMT 2025","","","",""
"","0","Subscribe to topic containing XML and publish message","Waku Relay, Subscribe","Sun Jul 06 17:46:58 GMT 2025","passed","Sun Jul 06 17:46:58 GMT 2025","","","",""
"","0","Reusing cursor across nodes","Waku Store, cursor","Sun Jul 06 17:48:19 GMT 2025","passed","Sun Jul 06 17:48:19 GMT 2025","","","",""
"","0","Check message on other pubsub topic is not received","Waku Filter: FilterPush: Multiple Nodes: Strict Checking: false","Sun Jul 06 17:52:36 GMT 2025","passed","Sun Jul 06 17:52:36 GMT 2025","","","",""
"","0","should correctly map /statusim/1/community/cbor to shard index 4","contentTopicToShardIndex","Sun Jul 06 17:43:54 GMT 2025","passed","Sun Jul 06 17:43:54 GMT 2025","","","",""
"","0","Check message received after old nwaku nodes are not available and new are created","Waku Filter: FilterPush: Multiple Nodes: Strict Checking: false","Sun Jul 06 17:52:36 GMT 2025","passed","Sun Jul 06 17:52:36 GMT 2025","","","",""
"","0","messageHashStr returns a hex string","messageHash and messageHashStr","Sun Jul 06 17:44:08 GMT 2025","passed","Sun Jul 06 17:44:08 GMT 2025","","","",""
"","1","Encoder throws on empty string content topic","Ensures content topic is defined","Sun Jul 06 17:44:28 GMT 2025","passed","Sun Jul 06 17:44:28 GMT 2025","","","",""
"","0","should deliver messages after dependencies are met","MessageChannel","Sun Jul 06 17:44:51 GMT 2025","passed","Sun Jul 06 17:44:51 GMT 2025","","Sweeping incoming buffer","",""
"","0","Push message with content topic containing Russian","Waku Light Push: Multiple Nodes: Strict Check: true","Sun Jul 06 17:55:17 GMT 2025","passed","Sun Jul 06 17:55:17 GMT 2025","","","",""
"","0","should reject if Relay is requested but not mounted","waitForRemotePeer","Sun Jul 06 17:44:37 GMT 2025","passed","Sun Jul 06 17:44:37 GMT 2025","","","",""
"","0","Query Generator, Multiple PubsubTopics","Waku Store, error handling","Sun Jul 06 17:48:32 GMT 2025","passed","Sun Jul 06 17:48:32 GMT 2025","","","",""
"","0","should return false when clusterId doesn't match","IWaku utils","Sun Jul 06 17:44:37 GMT 2025","passed","Sun Jul 06 17:44:37 GMT 2025","","isShardCompatible","",""
"","0","should not be called more than DEFAULT_MAX_BOOTSTRAP_PEERS_ALLOWED times for bootstrap peers","Dials","Sun Jul 06 17:45:14 GMT 2025","passed","Sun Jul 06 17:45:14 GMT 2025","For bootstrap peers","dialPeer method","",""
"","0","Subscribe to topic containing unicode special characters and receive message","Waku Filter: Subscribe: Multiple Service Nodes: Strict Check mode: false","Sun Jul 06 17:53:21 GMT 2025","passed","Sun Jul 06 17:53:21 GMT 2025","","","",""
"","0","should correctly encode and decode relay shards using rsv format (Bit Vector)","Relay Shard codec","Sun Jul 06 17:43:54 GMT 2025","passed","Sun Jul 06 17:43:54 GMT 2025","","","",""
"","0","should hash ""hello"" with n=1 and maxValue=1000 correctly","hashN","Sun Jul 06 17:44:46 GMT 2025","passed","Sun Jul 06 17:44:46 GMT 2025","","","",""
"","0","should be able to decode the field with only STORE set to true","ENR waku2 codec","Sun Jul 06 17:43:59 GMT 2025","passed","Sun Jul 06 17:43:59 GMT 2025","","Decoding","",""
"","1","Subscribe to 100 topics (new limit) at once and receives messages","Waku Filter: Subscribe: Multiple Service Nodes: Strict Check mode: false","Sun Jul 06 17:53:21 GMT 2025","passed","Sun Jul 06 17:53:21 GMT 2025","","","",""
"","0","LightPush","Wait for remote peer","Sun Jul 06 17:49:28 GMT 2025","passed","Sun Jul 06 17:49:28 GMT 2025","","","",""
"","0","should hash ""hello"" with n=5 and maxValue=1000 correctly","hashN","Sun Jul 06 17:44:46 GMT 2025","passed","Sun Jul 06 17:44:46 GMT 2025","","","",""
"","0","should dispatch connect and disconnect events","PeerManager","Sun Jul 06 17:44:37 GMT 2025","passed","Sun Jul 06 17:44:37 GMT 2025","","","",""
"","1","should hash """" with n=2 and maxValue=100 correctly","hashN","Sun Jul 06 17:44:46 GMT 2025","passed","Sun Jul 06 17:44:46 GMT 2025","","","",""
"","1","should initialize with default number of peers","PeerManager","Sun Jul 06 17:44:37 GMT 2025","passed","Sun Jul 06 17:44:37 GMT 2025","","","",""
"","0","Subscribe to topic containing long and publish message","Waku Relay, Subscribe","Sun Jul 06 17:46:58 GMT 2025","passed","Sun Jul 06 17:46:58 GMT 2025","","","",""
"","0","Renews subscription after lossing a connection","Waku Filter: Subscribe: Multiple Service Nodes: Strict Check mode: false","Sun Jul 06 17:53:21 GMT 2025","passed","Sun Jul 06 17:53:21 GMT 2025","","","",""
"","0","Nodes with multiple pubsub topic","Waku Relay (Autosharding), multiple pubsub topics","Sun Jul 06 17:46:44 GMT 2025","passed","Sun Jul 06 17:46:44 GMT 2025","","","",""
"","0","should correctly map /toychat/2/huilong/proto to shard index 3","contentTopicToShardIndex","Sun Jul 06 17:43:54 GMT 2025","passed","Sun Jul 06 17:43:54 GMT 2025","","","",""
"","0","returns nothing if no connections present","selectOpenConnection","Sun Jul 06 17:44:08 GMT 2025","passed","Sun Jul 06 17:44:08 GMT 2025","","","",""
"","0","msgTime: -19000 ms from now, startTime: -18990, endTime: -19010","Waku Store, time filter","Sun Jul 06 17:49:23 GMT 2025","passed","Sun Jul 06 17:49:23 GMT 2025","","","",""
"","4","Passing page size 3 when there are 20 messages","Waku Store, page size","Sun Jul 06 17:49:14 GMT 2025","passed","Sun Jul 06 17:49:14 GMT 2025","","","",""
"","0","nwaku subscribes","Waku Relay, Interop","Sun Jul 06 17:46:40 GMT 2025","passed","Sun Jul 06 17:46:40 GMT 2025","","","",""
"","0","Mutual subscription","Waku Relay, Subscribe","Sun Jul 06 17:46:58 GMT 2025","passed","Sun Jul 06 17:46:58 GMT 2025","","","",""
"","0","should be able to decode the field with ALL protocols set to false","ENR waku2 codec","Sun Jul 06 17:43:59 GMT 2025","passed","Sun Jul 06 17:43:59 GMT 2025","","Decoding","",""
"","0","Light Node - default protocols","Wait for remote peer","Sun Jul 06 17:49:28 GMT 2025","passed","Sun Jul 06 17:49:28 GMT 2025","","","",""
"","1","should be able to encode the field with RELAY and FILTER protocols set to true","ENR waku2 codec","Sun Jul 06 17:43:59 GMT 2025","passed","Sun Jul 06 17:43:59 GMT 2025","","Encoding","",""
"","0","Push message with content topic containing Script","Waku Light Push: Multiple Nodes: Strict Check: false","Sun Jul 06 17:55:17 GMT 2025","passed","Sun Jul 06 17:55:17 GMT 2025","","","",""
"","0","Check received message with timestamp: 1949153314000 ","Waku Filter: FilterPush: Multiple Nodes: Strict Checking: true","Sun Jul 06 17:52:36 GMT 2025","passed","Sun Jul 06 17:52:36 GMT 2025","","","",""
"","0","Overlapping topic subscription","Waku Filter: Subscribe: Multiple Service Nodes: Strict Check mode: false","Sun Jul 06 17:53:21 GMT 2025","passed","Sun Jul 06 17:53:21 GMT 2025","","","",""
"","1","Subscribe and receive symmetrically encrypted messages via lightPush","Waku Filter: Subscribe: Multiple Service Nodes: Strict Check mode: true","Sun Jul 06 17:53:21 GMT 2025","passed","Sun Jul 06 17:53:21 GMT 2025","","","",""
"","0","more peers than existing","Peer Exchange Query","Sun Jul 06 17:46:27 GMT 2025","skipped","Sun Jul 06 17:46:27 GMT 2025","","","",""
"","0","rejects hash query with content filter parameters","StoreQueryRequest validation","Sun Jul 06 17:44:08 GMT 2025","passed","Sun Jul 06 17:44:08 GMT 2025","","","",""
"","0","should properly start and stop event listening","HealthIndicator","Sun Jul 06 17:44:37 GMT 2025","passed","Sun Jul 06 17:44:37 GMT 2025","","","",""
"","0","Round trip binary serialization","Waku Message version 0","Sun Jul 06 17:44:09 GMT 2025","passed","Sun Jul 06 17:44:09 GMT 2025","","","",""
"","1","Accepts a valid Waku Message","Message Validator","Sun Jul 06 17:44:41 GMT 2025","passed","Sun Jul 06 17:44:41 GMT 2025","","","",""
"","0","should invoke callbacks only when newly receiving message is given","Filter Subscription","Sun Jul 06 17:44:37 GMT 2025","passed","Sun Jul 06 17:44:37 GMT 2025","","","",""
"","0","Fails to push message bigger that 1MB","Waku Light Push: Multiple Nodes: Strict Check: false","Sun Jul 06 17:55:17 GMT 2025","passed","Sun Jul 06 17:55:17 GMT 2025","","","",""
"","0","should be delivered but not added to local log or bloom filter","MessageChannel","Sun Jul 06 17:44:51 GMT 2025","passed","Sun Jul 06 17:44:51 GMT 2025","","Sync messages","",""
"","0","Subscribe and receive ecies encrypted messages via lightPush","Waku Filter: Subscribe: Multiple Service Nodes: Strict Check mode: true","Sun Jul 06 17:53:21 GMT 2025","passed","Sun Jul 06 17:53:21 GMT 2025","","","",""
"","0","random static sharding 10 - Cluster ID: 380, Shard ID: 714","Static Sharding: Running Nodes","Sun Jul 06 17:49:45 GMT 2025","passed","Sun Jul 06 17:49:45 GMT 2025","","","",""
"","0","should hash ""!@#$%^&*()"" with n=2 and maxValue=10000 correctly","hashN","Sun Jul 06 17:44:46 GMT 2025","passed","Sun Jul 06 17:44:46 GMT 2025","","","",""
"","1","Check publish message containing Basic HTML tag","Waku Relay, Publish","Sun Jul 06 17:46:51 GMT 2025","passed","Sun Jul 06 17:46:51 GMT 2025","","","",""
"","0","Passing an array","Waku Dial [node only]","Sun Jul 06 17:49:29 GMT 2025","passed","Sun Jul 06 17:49:29 GMT 2025","","Bootstrap","",""
"","0","should throw an error for invalid PubsubTopic format: /waku/1/rs/1/2","pubsubTopicToSingleShardInfo with various invalid formats","Sun Jul 06 17:43:54 GMT 2025","passed","Sun Jul 06 17:43:54 GMT 2025","","","",""
"","2","Subscribe to topic containing emoji and publish message","Waku Relay, Subscribe","Sun Jul 06 17:46:58 GMT 2025","passed","Sun Jul 06 17:46:58 GMT 2025","","","",""
"","1","should unlock peer and allow reuse after renewPeer","PeerManager","Sun Jul 06 17:44:37 GMT 2025","passed","Sun Jul 06 17:44:37 GMT 2025","","","",""
"","0","throws an error for improperly formatted content topics","contentTopicsByPubsubTopic","Sun Jul 06 17:43:54 GMT 2025","passed","Sun Jul 06 17:43:54 GMT 2025","","","",""
"","1","ENRTree (root): should parse and verify and DNS root entry","ENRTree","Sun Jul 06 17:44:16 GMT 2025","passed","Sun Jul 06 17:44:16 GMT 2025","","","",""
"","0","Subscribe to topic containing Basic HTML tag and receive message","Waku Filter: Subscribe: Multiple Service Nodes: Strict Check mode: true","Sun Jul 06 17:53:21 GMT 2025","passed","Sun Jul 06 17:53:21 GMT 2025","","","",""
"","0","should throw an error for non-numeric shard: /waku/2/rs/1/ ","pubsubTopicToSingleShardInfo with various invalid formats","Sun Jul 06 17:43:54 GMT 2025","passed","Sun Jul 06 17:43:54 GMT 2025","","","",""
"","1","Check publish message after client node is restarted","Waku Relay, Publish","Sun Jul 06 17:46:51 GMT 2025","skipped","Sun Jul 06 17:46:51 GMT 2025","","","",""
"","0","should throw an error for empty SingleShardInfos array","singleShardInfosToShardInfo","Sun Jul 06 17:43:54 GMT 2025","passed","Sun Jul 06 17:43:54 GMT 2025","","","",""
"","0","should wait for Store peer to be connected","waitForRemotePeer","Sun Jul 06 17:44:37 GMT 2025","passed","Sun Jul 06 17:44:37 GMT 2025","","","",""
"","0","Push message with content topic containing Chinese","Waku Light Push: Multiple Nodes: Strict Check: false","Sun Jul 06 17:55:17 GMT 2025","passed","Sun Jul 06 17:55:17 GMT 2025","","","",""
"","0","Check received message containing Arabic","Waku Filter: FilterPush: Multiple Nodes: Strict Checking: true","Sun Jul 06 17:52:36 GMT 2025","passed","Sun Jul 06 17:52:36 GMT 2025","","","",""
"","0","should only return 1 node with relay capability","DNS Node Discovery w/ capabilities","Sun Jul 06 17:44:16 GMT 2025","passed","Sun Jul 06 17:44:16 GMT 2025","","","",""
"","1","Unsubscribe from 100 topics (new limit) at once and receives messages","Waku Filter: Unsubscribe: Multiple Nodes: Strict Checking: true","Sun Jul 06 17:47:49 GMT 2025","passed","Sun Jul 06 17:47:49 GMT 2025","","","",""
"","3","removeEventListener with wrong event","Public methods","Sun Jul 06 17:45:47 GMT 2025","passed","Sun Jul 06 17:45:47 GMT 2025","","","",""
"","0","should start and setup intervals and event listeners","Filter Subscription","Sun Jul 06 17:44:37 GMT 2025","passed","Sun Jul 06 17:44:37 GMT 2025","","","",""
"","0","Subscribe to topic containing Chinese and publish message","Waku Relay, Subscribe","Sun Jul 06 17:46:58 GMT 2025","passed","Sun Jul 06 17:46:58 GMT 2025","","","",""
"","0","Check received message containing long","Waku Filter: FilterPush: Multiple Nodes: Strict Checking: true","Sun Jul 06 17:52:36 GMT 2025","passed","Sun Jul 06 17:52:36 GMT 2025","","","",""
"","1","should continually clean up expired entries at intervals","TTLSet","Sun Jul 06 17:44:36 GMT 2025","passed","Sun Jul 06 17:44:36 GMT 2025","","","",""
"","0","should throw if no connection provided","StreamManager","Sun Jul 06 17:44:08 GMT 2025","passed","Sun Jul 06 17:44:08 GMT 2025","","","",""
"","0","should attach causal history and bloom filter to each message","MessageChannel","Sun Jul 06 17:44:51 GMT 2025","passed","Sun Jul 06 17:44:51 GMT 2025","","sending a message ","",""
"","0","peerDiscovery without wakuPeerExchangeDiscovery","Peer Exchange","Sun Jul 06 17:46:50 GMT 2025","passed","Sun Jul 06 17:46:50 GMT 2025","","","",""
"","0","Subscribe to topic containing Chinese and receive message","Waku Filter: Subscribe: Multiple Service Nodes: Strict Check mode: true","Sun Jul 06 17:53:21 GMT 2025","passed","Sun Jul 06 17:53:21 GMT 2025","","","",""
"","0","can dial TLS multiaddrs","multiaddr: dialing","Sun Jul 06 17:45:49 GMT 2025","passed","Sun Jul 06 17:45:49 GMT 2025","","","",""
"","0","listenerCount","Public methods","Sun Jul 06 17:45:47 GMT 2025","passed","Sun Jul 06 17:45:47 GMT 2025","","","",""
"","0","should hash ""hello"" with n=2 and maxValue=100 correctly","hashN","Sun Jul 06 17:44:46 GMT 2025","passed","Sun Jul 06 17:44:46 GMT 2025","","","",""
"","1","Push message with Basic HTML tag payload","Waku Light Push: Multiple Nodes: Strict Check: true","Sun Jul 06 17:55:17 GMT 2025","passed","Sun Jul 06 17:55:17 GMT 2025","","","",""
"","0","connects to nwaku","Waku Dial [node only]","Sun Jul 06 17:49:29 GMT 2025","passed","Sun Jul 06 17:49:29 GMT 2025","","Interop: ServiceNode","",""
"","1","Waku message hash computation (meta attribute not present)","Message Hash: RFC Test Vectors","Sun Jul 06 17:44:08 GMT 2025","passed","Sun Jul 06 17:44:08 GMT 2025","","","",""
"","0","should throw an error for invalid PubsubTopic format: /waku/2/rs","pubsubTopicToSingleShardInfo with various invalid formats","Sun Jul 06 17:43:54 GMT 2025","passed","Sun Jul 06 17:43:54 GMT 2025","","","",""
"","0","Check received message with timestamp: 1751823906087000000 ","Waku Filter: FilterPush: Multiple Nodes: Strict Checking: false","Sun Jul 06 17:52:36 GMT 2025","passed","Sun Jul 06 17:52:36 GMT 2025","","","",""
"","0","Publish message with custom timestamp: Mon Jul 15 2024 17:46:44 GMT+0000 (Coordinated Universal Time)","Waku Relay, Publish","Sun Jul 06 17:46:51 GMT 2025","passed","Sun Jul 06 17:46:51 GMT 2025","","","",""
"","1","Check message with no payload is not received","Waku Filter: FilterPush: Multiple Nodes: Strict Checking: true","Sun Jul 06 17:52:36 GMT 2025","passed","Sun Jul 06 17:52:36 GMT 2025","","","",""
"","1","should return usable stream attached to connection","StreamManager","Sun Jul 06 17:44:08 GMT 2025","passed","Sun Jul 06 17:44:08 GMT 2025","","","",""
"","1","Subscribe at once to 10000 topics and publish messages","Waku Relay, Subscribe","Sun Jul 06 17:46:58 GMT 2025","passed","Sun Jul 06 17:46:58 GMT 2025","","","",""
"","0","Query Generator  - false","Waku Store, order","Sun Jul 06 17:49:00 GMT 2025","passed","Sun Jul 06 17:49:00 GMT 2025","","","",""
"","0","does not throw on valid cases","ensureValidContentTopic","Sun Jul 06 17:43:54 GMT 2025","passed","Sun Jul 06 17:43:54 GMT 2025","","","",""
"","0","should aggregate SingleShardInfos into a ShardInfo","singleShardInfosToShardInfo","Sun Jul 06 17:43:54 GMT 2025","passed","Sun Jul 06 17:43:54 GMT 2025","","","",""
"","0","Push message with content topic containing Arabic","Waku Light Push: Multiple Nodes: Strict Check: true","Sun Jul 06 17:55:17 GMT 2025","passed","Sun Jul 06 17:55:17 GMT 2025","","","",""
"","1","Asymmetric encrypt & decrypt","Waku Encryption","Sun Jul 06 17:44:27 GMT 2025","passed","Sun Jul 06 17:44:27 GMT 2025","","","",""
"","0","Fails to publish message with wrong pubsubtopic","Waku Relay, Publish","Sun Jul 06 17:46:51 GMT 2025","passed","Sun Jul 06 17:46:51 GMT 2025","","","",""
"","1","Subscribe to topic containing short and publish message","Waku Relay, Subscribe","Sun Jul 06 17:46:58 GMT 2025","passed","Sun Jul 06 17:46:58 GMT 2025","","","",""
"","1","should be able to encode the field with only FILTER set to true","ENR waku2 codec","Sun Jul 06 17:43:59 GMT 2025","passed","Sun Jul 06 17:43:59 GMT 2025","","Encoding","",""
"","0","Decoder throws on undefined content topic","Ensures content topic is defined","Sun Jul 06 17:44:26 GMT 2025","passed","Sun Jul 06 17:44:26 GMT 2025","","","",""
"","0","random auto sharding 4 - Cluster ID: 10, Content Topic: /app24/10/topic98/utf8","Autosharding: Running Nodes","Sun Jul 06 17:48:37 GMT 2025","passed","Sun Jul 06 17:48:37 GMT 2025","","","",""
"","0","Nodes with multiple pubsub topic","Waku Relay, multiple pubsub topics","Sun Jul 06 17:46:44 GMT 2025","passed","Sun Jul 06 17:46:44 GMT 2025","","","",""
"","0","Push message with special chars payload","Waku Light Push: Multiple Nodes: Strict Check: true","Sun Jul 06 17:55:17 GMT 2025","passed","Sun Jul 06 17:55:17 GMT 2025","","","",""
"","1","Does not throw an exception when node disconnects","Waku Dial [node only]","Sun Jul 06 17:49:29 GMT 2025","passed","Sun Jul 06 17:49:29 GMT 2025","","Interop: ServiceNode","",""
"","0","Push message with content topic containing Russian","Waku Light Push: Multiple Nodes: Strict Check: false","Sun Jul 06 17:55:17 GMT 2025","passed","Sun Jul 06 17:55:17 GMT 2025","","","",""
"","0","should initialize with Unhealthy status","HealthIndicator","Sun Jul 06 17:44:37 GMT 2025","passed","Sun Jul 06 17:44:37 GMT 2025","","","",""
"","0","should hash """" with n=5 and maxValue=10000 correctly","hashN","Sun Jul 06 17:44:46 GMT 2025","passed","Sun Jul 06 17:44:46 GMT 2025","","","",""
"","0","should fail to send if pubsub topics are misconfigured","LightPush SDK","Sun Jul 06 17:44:37 GMT 2025","passed","Sun Jul 06 17:44:37 GMT 2025","","","",""
"","0","Check received message with timestamp: 1751823906087 ","Waku Filter: FilterPush: Multiple Nodes: Strict Checking: false","Sun Jul 06 17:52:36 GMT 2025","passed","Sun Jul 06 17:52:36 GMT 2025","","","",""
"","0","Subscribe to topic containing Russian and receive message","Waku Filter: Subscribe: Multiple Service Nodes: Strict Check mode: false","Sun Jul 06 17:53:21 GMT 2025","passed","Sun Jul 06 17:53:21 GMT 2025","","","",""
"","0","should correctly map /app/29/sometopic/someencoding to shard index 6","contentTopicToShardIndex","Sun Jul 06 17:43:54 GMT 2025","passed","Sun Jul 06 17:43:54 GMT 2025","","","",""
"","0","should check connected peers if present and suitable","waitForRemotePeer","Sun Jul 06 17:44:37 GMT 2025","passed","Sun Jul 06 17:44:37 GMT 2025","","","",""
"","0","should hash ""test123"" with n=5 and maxValue=10000 correctly","hashN","Sun Jul 06 17:44:46 GMT 2025","passed","Sun Jul 06 17:44:46 GMT 2025","","","",""
"","0","should successfully subscribe to supported pubsub topic","Filter SDK","Sun Jul 06 17:44:38 GMT 2025","passed","Sun Jul 06 17:44:38 GMT 2025","","","",""
"","1","Subscribe and receive ecies encrypted messages via lightPush","Waku Filter: Subscribe: Multiple Service Nodes: Strict Check mode: false","Sun Jul 06 17:53:21 GMT 2025","passed","Sun Jul 06 17:53:21 GMT 2025","","","",""
"","0","should hash ""!@#$%^&*()"" with n=2 and maxValue=1000 correctly","hashN","Sun Jul 06 17:44:46 GMT 2025","passed","Sun Jul 06 17:44:46 GMT 2025","","","",""
"","0","Rejects garbage","Message Validator","Sun Jul 06 17:44:41 GMT 2025","passed","Sun Jul 06 17:44:41 GMT 2025","","","",""
"","0","Query Generator  - true","Waku Store, order","Sun Jul 06 17:49:00 GMT 2025","passed","Sun Jul 06 17:49:00 GMT 2025","","","",""
"","2","should use network config clusterId when shard info clusterId is not provided","IWaku utils","Sun Jul 06 17:44:37 GMT 2025","passed","Sun Jul 06 17:44:37 GMT 2025","","decoderParamsToShardInfo","",""
"","0","handles empty contentTopics array correctly","ensureShardingConfigured","Sun Jul 06 17:43:54 GMT 2025","passed","Sun Jul 06 17:43:54 GMT 2025","","","",""
"","1","Check received message containing Basic HTML tag","Waku Filter: FilterPush: Multiple Nodes: Strict Checking: true","Sun Jul 06 17:52:36 GMT 2025","passed","Sun Jul 06 17:52:36 GMT 2025","","","",""
"","0","Filter","Wait for remote peer","Sun Jul 06 17:49:28 GMT 2025","passed","Sun Jul 06 17:49:28 GMT 2025","","","",""
"","1","Passing page size 11 when there are 10 messages","Waku Store, page size","Sun Jul 06 17:49:14 GMT 2025","passed","Sun Jul 06 17:49:14 GMT 2025","","","",""
"","0","Query with Ordered Callback, No message returned","Waku Store, error handling","Sun Jul 06 17:48:32 GMT 2025","passed","Sun Jul 06 17:48:32 GMT 2025","","","",""
"","0","Check publish message containing unicode special characters","Waku Relay, Publish","Sun Jul 06 17:46:51 GMT 2025","passed","Sun Jul 06 17:46:51 GMT 2025","","","",""
"","0","should properly clean up resources when disposed","TTLSet","Sun Jul 06 17:44:36 GMT 2025","passed","Sun Jul 06 17:44:36 GMT 2025","","","",""
"","1","should insert message id into causal history","MessageChannel","Sun Jul 06 17:44:51 GMT 2025","passed","Sun Jul 06 17:44:51 GMT 2025","","sending a message ","",""
"","1","Check received message containing special chars","Waku Filter: FilterPush: Multiple Nodes: Strict Checking: true","Sun Jul 06 17:52:36 GMT 2025","passed","Sun Jul 06 17:52:36 GMT 2025","","","",""
"","1","should return unique PubsubTopics for static sharding","shardInfoToPubsubTopics","Sun Jul 06 17:43:54 GMT 2025","passed","Sun Jul 06 17:43:54 GMT 2025","","","",""
"","0","rejects hash query with time filter","StoreQueryRequest validation","Sun Jul 06 17:44:08 GMT 2025","passed","Sun Jul 06 17:44:08 GMT 2025","","","",""
"","0","Check message with no content topic is not received","Waku Filter: FilterPush: Multiple Nodes: Strict Checking: false","Sun Jul 06 17:52:36 GMT 2025","passed","Sun Jul 06 17:52:36 GMT 2025","","","",""
"","1","Round trip binary encryption [symmetric, no signature]","Symmetric Encryption","Sun Jul 06 17:44:26 GMT 2025","passed","Sun Jul 06 17:44:26 GMT 2025","","","",""
"","0","Push message with content topic containing Chinese","Waku Light Push: Multiple Nodes: Strict Check: true","Sun Jul 06 17:55:17 GMT 2025","passed","Sun Jul 06 17:55:17 GMT 2025","","","",""
"","1","Subscribe to topic containing special chars and receive message","Waku Filter: Subscribe: Multiple Service Nodes: Strict Check mode: false","Sun Jul 06 17:53:21 GMT 2025","passed","Sun Jul 06 17:53:21 GMT 2025","","","",""
"","1","Delete observer","Waku Relay","Sun Jul 06 17:46:29 GMT 2025","passed","Sun Jul 06 17:46:29 GMT 2025","","","",""
"","0","should correctly map /app/20/sometopic/someencoding to shard index 7","contentTopicToShardIndex","Sun Jul 06 17:43:54 GMT 2025","passed","Sun Jul 06 17:43:54 GMT 2025","","","",""
"","0","should handle clusterId, application and version for autosharding with cluster iD 1","shardInfoToPubsubTopics","Sun Jul 06 17:43:54 GMT 2025","passed","Sun Jul 06 17:43:54 GMT 2025","","","",""
"","1","should increase lamport timestamp","MessageChannel","Sun Jul 06 17:44:51 GMT 2025","passed","Sun Jul 06 17:44:51 GMT 2025","","sending a message ","",""
"","4","should throw an error for non-numeric shard: /waku/2/rs/1/\","pubsubTopicToSingleShardInfo with various invalid formats","Sun Jul 06 17:43:54 GMT 2025","passed","Sun Jul 06 17:43:54 GMT 2025","","","",""
"","0","msgTime: -19000 ms from now, startTime: -19002, endTime: -19001","Waku Store, time filter","Sun Jul 06 17:49:23 GMT 2025","passed","Sun Jul 06 17:49:23 GMT 2025","","","",""
"","0","3 nodes on /waku/2/rs/7/1 topic","Waku Relay (Autosharding), multiple pubsub topics","Sun Jul 06 17:46:44 GMT 2025","passed","Sun Jul 06 17:46:44 GMT 2025","","","",""
"","0","Publish message with custom timestamp: Sun Jul 06 2025 18:46:44 GMT+0000 (Coordinated Universal Time)","Waku Relay, Publish","Sun Jul 06 17:46:51 GMT 2025","passed","Sun Jul 06 17:46:51 GMT 2025","","","",""
"","0","should reject if Filter is requested but not mounted","waitForRemotePeer","Sun Jul 06 17:44:37 GMT 2025","passed","Sun Jul 06 17:44:37 GMT 2025","","","",""
"","0","Subscribe to topic containing emoji and receive message","Waku Filter: Subscribe: Multiple Service Nodes: Strict Check mode: true","Sun Jul 06 17:53:21 GMT 2025","passed","Sun Jul 06 17:53:21 GMT 2025","","","",""
"","0","Waku message hash computation (no timestamp)","Message Hash: RFC Test Vectors","Sun Jul 06 17:44:08 GMT 2025","passed","Sun Jul 06 17:44:08 GMT 2025","","","",""
"","0","should be called for peers with PEER_EXCHANGE tags","Dials","Sun Jul 06 17:45:14 GMT 2025","passed","Sun Jul 06 17:45:14 GMT 2025","For peer-exchange peers","dialPeer method","",""
"","0","Subscribe and receive messages via lightPush","Waku Filter: Subscribe: Multiple Service Nodes: Strict Check mode: true","Sun Jul 06 17:53:21 GMT 2025","passed","Sun Jul 06 17:53:21 GMT 2025","","","",""
"","0","should hash ""!@#$%^&*()"" with n=1 and maxValue=100 correctly","hashN","Sun Jul 06 17:44:46 GMT 2025","passed","Sun Jul 06 17:44:46 GMT 2025","","","",""
"","0","Push message with custom timestamp: 1751820315016","Waku Light Push: Multiple Nodes: Strict Check: true","Sun Jul 06 17:55:17 GMT 2025","passed","Sun Jul 06 17:55:17 GMT 2025","","","",""
"","0","should retry if all attempts fail","RetryManager","Sun Jul 06 17:44:37 GMT 2025","passed","Sun Jul 06 17:44:37 GMT 2025","","","",""
"","8","should process tasks in queue","RetryManager","Sun Jul 06 17:44:37 GMT 2025","passed","Sun Jul 06 17:44:37 GMT 2025","","","",""
"","0","should return false","ENR","Sun Jul 06 17:44:00 GMT 2025","passed","Sun Jul 06 17:44:00 GMT 2025","","Verify","",""
"","1","Push message with content topic containing unicode special characters","Waku Light Push: Multiple Nodes: Strict Check: false","Sun Jul 06 17:55:17 GMT 2025","passed","Sun Jul 06 17:55:17 GMT 2025","","","",""
"","0","Subscribe to topic containing short and receive message","Waku Filter: Subscribe: Multiple Service Nodes: Strict Check mode: true","Sun Jul 06 17:53:21 GMT 2025","passed","Sun Jul 06 17:53:21 GMT 2025","","","",""
"","1","3 nodes on /waku/2/rs/7/0 topic","Waku Relay (Autosharding), multiple pubsub topics","Sun Jul 06 17:46:44 GMT 2025","passed","Sun Jul 06 17:46:44 GMT 2025","","","",""
"","0","Check message received after old nwaku nodes are not available and new are created","Waku Filter: FilterPush: Multiple Nodes: Strict Checking: true","Sun Jul 06 17:52:36 GMT 2025","passed","Sun Jul 06 17:52:36 GMT 2025","","","",""
"","1","should return the correct m/n for k = 2, targetError = 0.1","Probabilities","Sun Jul 06 17:44:46 GMT 2025","passed","Sun Jul 06 17:44:46 GMT 2025","","","",""
"","1","should throw error when subscribing with unsupported pubsub topic","Filter SDK","Sun Jul 06 17:44:38 GMT 2025","passed","Sun Jul 06 17:44:38 GMT 2025","","","",""
"","1","should maintain desired error rate","BloomFilter","Sun Jul 06 17:44:49 GMT 2025","passed","Sun Jul 06 17:44:49 GMT 2025","","","",""
"","1","Subscribe and receive messages on 2 different pubsubtopics","Waku Light Push (Autosharding): Multiple PubsubTopics","Sun Jul 06 17:45:43 GMT 2025","passed","Sun Jul 06 17:45:43 GMT 2025","","","",""
"","0","should not throw an error for a single configured topic","ensurePubsubTopicIsConfigured","Sun Jul 06 17:43:54 GMT 2025","passed","Sun Jul 06 17:43:54 GMT 2025","","","",""
"","0","Check received message containing emoji","Waku Filter: FilterPush: Multiple Nodes: Strict Checking: true","Sun Jul 06 17:52:36 GMT 2025","passed","Sun Jul 06 17:52:36 GMT 2025","","","",""
"","1","start node with empty content topic","Autosharding: Running Nodes","Sun Jul 06 17:48:37 GMT 2025","passed","Sun Jul 06 17:48:37 GMT 2025","","","",""
"","0","should hash ""hello"" with n=0 and maxValue=100 correctly","hashN","Sun Jul 06 17:44:46 GMT 2025","passed","Sun Jul 06 17:44:46 GMT 2025","","","",""
"","0","can start and stop the service","DNS Discovery: Compliance Test","Sun Jul 06 17:45:11 GMT 2025","passed","Sun Jul 06 17:45:11 GMT 2025","","interface-peer-discovery compliance tests","",""
"","0","Check received message with timestamp: 1751823906087000000 ","Waku Filter: FilterPush: Multiple Nodes: Strict Checking: true","Sun Jul 06 17:52:36 GMT 2025","passed","Sun Jul 06 17:52:36 GMT 2025","","","",""
"","0","Push message with custom timestamp: 1751827515017","Waku Light Push: Multiple Nodes: Strict Check: false","Sun Jul 06 17:55:17 GMT 2025","passed","Sun Jul 06 17:55:17 GMT 2025","","","",""
"","0","accepts time-filtered query with content filter","StoreQueryRequest validation","Sun Jul 06 17:44:08 GMT 2025","passed","Sun Jul 06 17:44:08 GMT 2025","","","",""
"","2","all px service nodes subscribed to the shard topic should be dialed","Static Sharding: Peer Management","Sun Jul 06 17:48:07 GMT 2025","passed","Sun Jul 06 17:48:07 GMT 2025","","Peer Exchange","",""
"","1","throws on content topic with empty topic name field","ensureValidContentTopic","Sun Jul 06 17:43:54 GMT 2025","passed","Sun Jul 06 17:43:54 GMT 2025","","","",""
"","0","msgTime: 19000 ms from now, startTime: 18990, endTime: 19010","Waku Store, time filter","Sun Jul 06 17:49:23 GMT 2025","passed","Sun Jul 06 17:49:23 GMT 2025","","","",""
"","0","should hash ""Lorem ipsum dolor sit amet"" with n=2 and maxValue=100 correctly","hashN","Sun Jul 06 17:44:46 GMT 2025","passed","Sun Jul 06 17:44:46 GMT 2025","","","",""
"","1","Encoder throws on empty string content topic","Ensures content topic is defined","Sun Jul 06 17:44:26 GMT 2025","passed","Sun Jul 06 17:44:26 GMT 2025","","","",""
"","0","msgTime: -19000 ms from now, startTime: -19010, endTime: -18990","Waku Store, time filter","Sun Jul 06 17:49:23 GMT 2025","passed","Sun Jul 06 17:49:23 GMT 2025","","","",""
"","0","Push 30 different messages","Waku Light Push: Multiple Nodes: Strict Check: true","Sun Jul 06 17:55:17 GMT 2025","skipped","Sun Jul 06 17:55:17 GMT 2025","","","",""
"","0","Unsubscribe 1 topic - node subscribed to 1 topic","Waku Filter: Unsubscribe: Multiple Nodes: Strict Checking: false","Sun Jul 06 17:47:49 GMT 2025","passed","Sun Jul 06 17:47:49 GMT 2025","","","",""
"","1","topics with same application and version share the same shard","contentTopicToShardIndex","Sun Jul 06 17:43:54 GMT 2025","passed","Sun Jul 06 17:43:54 GMT 2025","","","",""
"","0","Push message with content topic containing Arabic","Waku Light Push: Multiple Nodes: Strict Check: false","Sun Jul 06 17:55:17 GMT 2025","passed","Sun Jul 06 17:55:17 GMT 2025","","","",""
"","0","should enable only dns and peerExchange when localPeerCache is disabled","Default Peer Discoveries","Sun Jul 06 17:44:36 GMT 2025","passed","Sun Jul 06 17:44:36 GMT 2025","","","",""
"","0","Store - dialed after - with timeout","Wait for remote peer","Sun Jul 06 17:49:28 GMT 2025","passed","Sun Jul 06 17:49:28 GMT 2025","","","",""
"","0","Push message with content topic containing emoji","Waku Light Push: Multiple Nodes: Strict Check: false","Sun Jul 06 17:55:17 GMT 2025","passed","Sun Jul 06 17:55:17 GMT 2025","","","",""
"","0","Check received message containing numeric","Waku Filter: FilterPush: Multiple Nodes: Strict Checking: true","Sun Jul 06 17:52:36 GMT 2025","passed","Sun Jul 06 17:52:36 GMT 2025","","","",""
"","1","random auto sharding 7 - Cluster ID: 10, Content Topic: /app65/7/topic840/xml","Autosharding: Running Nodes","Sun Jul 06 17:48:37 GMT 2025","passed","Sun Jul 06 17:48:37 GMT 2025","","","",""
"","1","should throw an error for non-numeric shard: /waku/2/rs/1/$","pubsubTopicToSingleShardInfo with various invalid formats","Sun Jul 06 17:43:54 GMT 2025","passed","Sun Jul 06 17:43:54 GMT 2025","","","",""
"","0","Fails to push message bigger that 1MB","Waku Light Push: Multiple Nodes: Strict Check: true","Sun Jul 06 17:55:17 GMT 2025","passed","Sun Jul 06 17:55:17 GMT 2025","","","",""
"","0","should be called for bootstrap peers","Dials","Sun Jul 06 17:45:14 GMT 2025","passed","Sun Jul 06 17:45:14 GMT 2025","For bootstrap peers","dialPeer method","",""
"","1","should select older connection if present","selectOpenConnection","Sun Jul 06 17:44:08 GMT 2025","passed","Sun Jul 06 17:44:08 GMT 2025","","","",""
"","0","should correctly map /myapp/1/latest/proto to shard index 0","contentTopicToShardIndex","Sun Jul 06 17:43:54 GMT 2025","passed","Sun Jul 06 17:43:54 GMT 2025","","","",""
"","0","Push message with unicode special characters payload","Waku Light Push: Multiple Nodes: Strict Check: true","Sun Jul 06 17:55:17 GMT 2025","passed","Sun Jul 06 17:55:17 GMT 2025","","","",""
"","1","should add received messages to bloom filter","MessageChannel","Sun Jul 06 17:44:51 GMT 2025","passed","Sun Jul 06 17:44:51 GMT 2025","","receiving a message","",""
"","0","all px service nodes subscribed to the shard topic should be dialed","Autosharding: Peer Management","Sun Jul 06 17:48:07 GMT 2025","passed","Sun Jul 06 17:48:07 GMT 2025","","Peer Exchange","",""
"","0","Used by Waku Relay","Decryption Keys","Sun Jul 06 17:49:29 GMT 2025","passed","Sun Jul 06 17:49:29 GMT 2025","","","",""
"","0","addEventListener with correct event","Public methods","Sun Jul 06 17:45:47 GMT 2025","passed","Sun Jul 06 17:45:47 GMT 2025","","","",""
"","0","should throw an error for non-numeric shard: /waku/2/rs/1/y","pubsubTopicToSingleShardInfo with various invalid formats","Sun Jul 06 17:43:54 GMT 2025","passed","Sun Jul 06 17:43:54 GMT 2025","","","",""
"","0","should hash ""test123"" with n=1 and maxValue=1000 correctly","hashN","Sun Jul 06 17:44:46 GMT 2025","passed","Sun Jul 06 17:44:46 GMT 2025","","","",""
"","0","retrieves all peers (2) when cannot fulfill all requirements","DNS Node Discovery w/ capabilities","Sun Jul 06 17:44:16 GMT 2025","passed","Sun Jul 06 17:44:16 GMT 2025","","","",""
"","0","should properly create location multiaddrs - tcp4","ENR","Sun Jul 06 17:44:00 GMT 2025","passed","Sun Jul 06 17:44:00 GMT 2025","","Location multiaddr","",""
"","0","Subscribe to topic containing SQL Injection and publish message","Waku Relay, Subscribe","Sun Jul 06 17:46:58 GMT 2025","passed","Sun Jul 06 17:46:58 GMT 2025","","","",""
"","1","Subscribe to topic containing Script and receive message","Waku Filter: Subscribe: Multiple Service Nodes: Strict Check mode: true","Sun Jul 06 17:53:21 GMT 2025","passed","Sun Jul 06 17:53:21 GMT 2025","","","",""
"","0","should hash ""!@#$%^&*()"" with n=5 and maxValue=100 correctly","hashN","Sun Jul 06 17:44:46 GMT 2025","passed","Sun Jul 06 17:44:46 GMT 2025","","","",""
"","0","Check received message containing Script","Waku Filter: FilterPush: Multiple Nodes: Strict Checking: true","Sun Jul 06 17:52:36 GMT 2025","passed","Sun Jul 06 17:52:36 GMT 2025","","","",""
"","0","should be called at least once on all `peer:discovery` events","Dials","Sun Jul 06 17:45:14 GMT 2025","passed","Sun Jul 06 17:45:14 GMT 2025","","attemptDial method","",""
"","1","Check received message containing escaped characters","Waku Filter: FilterPush: Multiple Nodes: Strict Checking: false","Sun Jul 06 17:52:36 GMT 2025","passed","Sun Jul 06 17:52:36 GMT 2025","","","",""
"","1","using a protocol with unconfigured pubsub topic should fail","Static Sharding: Running Nodes","Sun Jul 06 17:49:45 GMT 2025","passed","Sun Jul 06 17:49:45 GMT 2025","","Others","",""
"","1","different cluster, different shard: nodes don't connect","Metadata Protocol","Sun Jul 06 17:45:54 GMT 2025","passed","Sun Jul 06 17:45:54 GMT 2025","","connections","",""
"","0","should encodeTxt and decodeTxt","ENR","Sun Jul 06 17:44:00 GMT 2025","passed","Sun Jul 06 17:44:00 GMT 2025","","Txt codec","",""
"","1","should hash ""Lorem ipsum dolor sit amet"" with n=0 and maxValue=10000 correctly","hashN","Sun Jul 06 17:44:46 GMT 2025","passed","Sun Jul 06 17:44:46 GMT 2025","","","",""
"","0","Subscribe and receive messages via lightPush","Waku Filter: Subscribe: Multiple Service Nodes: Strict Check mode: false","Sun Jul 06 17:53:21 GMT 2025","passed","Sun Jul 06 17:53:21 GMT 2025","","","",""
"","7","returns a subset of values when wanted number is lesser than available values","Discovery","Sun Jul 06 17:44:15 GMT 2025","passed","Sun Jul 06 17:44:15 GMT 2025","","","",""
"","1","Unsubscribe 1 topic - node subscribed to 2 topics","Waku Filter: Unsubscribe: Multiple Nodes: Strict Checking: true","Sun Jul 06 17:47:49 GMT 2025","passed","Sun Jul 06 17:47:49 GMT 2025","","","",""
"","1","Generator, custom pubsub topic","Waku Store, custom pubsub topic","Sun Jul 06 17:48:52 GMT 2025","passed","Sun Jul 06 17:48:52 GMT 2025","","","",""
"","0","Check publish message containing escaped characters","Waku Relay, Publish","Sun Jul 06 17:46:51 GMT 2025","passed","Sun Jul 06 17:46:51 GMT 2025","","","",""
"","0","udp ip6 address","Multiaddr from fields","Sun Jul 06 17:43:59 GMT 2025","passed","Sun Jul 06 17:43:59 GMT 2025","","","",""
"","3","should be able to encode the field with only RELAY set to true","ENR waku2 codec","Sun Jul 06 17:43:59 GMT 2025","passed","Sun Jul 06 17:43:59 GMT 2025","","Encoding","",""
"","0","should set field with all protocols enabled","ENR","Sun Jul 06 17:44:00 GMT 2025","passed","Sun Jul 06 17:44:00 GMT 2025","","waku2 key round trip","",""
"","1","should set field with only STORE enabled","ENR","Sun Jul 06 17:44:00 GMT 2025","passed","Sun Jul 06 17:44:00 GMT 2025","","waku2 key round trip","",""
"","1","Push message with Chinese payload","Waku Light Push: Multiple Nodes: Strict Check: false","Sun Jul 06 17:55:17 GMT 2025","passed","Sun Jul 06 17:55:17 GMT 2025","","","",""
"","0","should add to incoming buffer if dependencies are not met","MessageChannel","Sun Jul 06 17:44:51 GMT 2025","passed","Sun Jul 06 17:44:51 GMT 2025","","receiving a message","",""
"","0","Generator, 2 different pubsubtopics","Waku Store, custom pubsub topic","Sun Jul 06 17:48:52 GMT 2025","passed","Sun Jul 06 17:48:52 GMT 2025","","","",""
"","0","should emit events and trasition isConnected state when has peers or no peers","Events","Sun Jul 06 17:45:07 GMT 2025","passed","Sun Jul 06 17:45:07 GMT 2025","","waku:connection","",""
"","0","should hash """" with n=5 and maxValue=1000 correctly","hashN","Sun Jul 06 17:44:46 GMT 2025","passed","Sun Jul 06 17:44:46 GMT 2025","","","",""
"","0","Check publish message containing SQL Injection","Waku Relay, Publish","Sun Jul 06 17:46:51 GMT 2025","passed","Sun Jul 06 17:46:51 GMT 2025","","","",""
"","0","Subscribe and receive messages via waku relay post","Waku Filter: Subscribe: Multiple Service Nodes: Strict Check mode: false","Sun Jul 06 17:53:21 GMT 2025","passed","Sun Jul 06 17:53:21 GMT 2025","","","",""
"","0","Fails to publish message with size larger than 1 MB","Waku Relay, Publish","Sun Jul 06 17:46:51 GMT 2025","passed","Sun Jul 06 17:46:51 GMT 2025","","","",""
"","0","Unsubscribe from 100 topics (new limit) at once and receives messages","Waku Filter: Unsubscribe: Multiple Nodes: Strict Checking: false","Sun Jul 06 17:47:49 GMT 2025","passed","Sun Jul 06 17:47:49 GMT 2025","","","",""
"","1","should respect custom numPeersToUse configuration","PeerManager","Sun Jul 06 17:44:37 GMT 2025","passed","Sun Jul 06 17:44:37 GMT 2025","","","",""
"","0","n1 and n2 uses a custom pubsub, n3 uses the default pubsub","Waku Relay (Autosharding), multiple pubsub topics","Sun Jul 06 17:46:44 GMT 2025","passed","Sun Jul 06 17:46:44 GMT 2025","","","",""
"","0","should properly create location multiaddrs - tcp6","ENR","Sun Jul 06 17:44:00 GMT 2025","passed","Sun Jul 06 17:44:00 GMT 2025","","Location multiaddr","",""
"","0","should throw an error for invalid PubsubTopic format: /waku/2/r/1/2","pubsubTopicToSingleShardInfo with various invalid formats","Sun Jul 06 17:43:54 GMT 2025","passed","Sun Jul 06 17:43:54 GMT 2025","","","",""
"","1","should allow a peer to be returned again after renewPeer is called","PeerManager","Sun Jul 06 17:44:37 GMT 2025","passed","Sun Jul 06 17:44:37 GMT 2025","","","",""
"","0","Relay + Store","ENR","Sun Jul 06 17:44:00 GMT 2025","passed","Sun Jul 06 17:44:00 GMT 2025","","Waku2 key: decode","",""
"","0","Check publish message containing special chars","Waku Relay, Publish","Sun Jul 06 17:46:51 GMT 2025","passed","Sun Jul 06 17:46:51 GMT 2025","","","",""
"","0","Should update shard info","Peer Exchange Continuous Discovery","Sun Jul 06 17:45:54 GMT 2025","passed","Sun Jul 06 17:45:54 GMT 2025","","","",""
"","1","should emit `peer:connected:bootstrap` event when a peer is connected","Events","Sun Jul 06 17:45:07 GMT 2025","passed","Sun Jul 06 17:45:07 GMT 2025","","peer:connect","",""
"","0","start node with empty shard should fail","Static Sharding: Running Nodes","Sun Jul 06 17:49:45 GMT 2025","passed","Sun Jul 06 17:49:45 GMT 2025","","Others","",""
"","0","Push message with content topic containing Script","Waku Light Push: Multiple Nodes: Strict Check: true","Sun Jul 06 17:55:17 GMT 2025","passed","Sun Jul 06 17:55:17 GMT 2025","","","",""
"","1","addEventListener with wrong event","Public methods","Sun Jul 06 17:45:47 GMT 2025","passed","Sun Jul 06 17:45:47 GMT 2025","","","",""
"","0","should not receive a peer event before start","Peer Exchange","Sun Jul 06 17:46:27 GMT 2025","passed","Sun Jul 06 17:46:27 GMT 2025","interface-peer-discovery compliance tests","Compliance Test","",""
"","1","Push message equal or less that 1MB","Waku Light Push: Multiple Nodes: Strict Check: false","Sun Jul 06 17:55:17 GMT 2025","passed","Sun Jul 06 17:55:17 GMT 2025","","","",""
"","0","throws on content topic with too few or too many fields","ensureValidContentTopic","Sun Jul 06 17:43:54 GMT 2025","passed","Sun Jul 06 17:43:54 GMT 2025","","","",""
"","0","should calculate shard index from content topic when shard is not provided","IWaku utils","Sun Jul 06 17:44:37 GMT 2025","passed","Sun Jul 06 17:44:37 GMT 2025","","decoderParamsToShardInfo","",""
"","0","Decoder throws on empty string content topic","Ensures content topic is defined","Sun Jul 06 17:44:28 GMT 2025","passed","Sun Jul 06 17:44:28 GMT 2025","","","",""
"","1","Check received message containing Russian","Waku Filter: FilterPush: Multiple Nodes: Strict Checking: true","Sun Jul 06 17:52:36 GMT 2025","passed","Sun Jul 06 17:52:36 GMT 2025","","","",""
"","0","Fails to publish duplicate message","Waku Relay, Publish","Sun Jul 06 17:46:51 GMT 2025","passed","Sun Jul 06 17:46:51 GMT 2025","","","",""
"","0","Using a function","Waku Dial [node only]","Sun Jul 06 17:49:29 GMT 2025","passed","Sun Jul 06 17:49:29 GMT 2025","","Bootstrap","",""
"","1","should hash ""test123"" with n=2 and maxValue=1000 correctly","hashN","Sun Jul 06 17:44:46 GMT 2025","passed","Sun Jul 06 17:44:46 GMT 2025","","","",""
"","0","Privacy Node - default protocol","Wait for remote peer","Sun Jul 06 17:49:28 GMT 2025","passed","Sun Jul 06 17:49:28 GMT 2025","","","",""
"","0","should send to specified number of peers of used peers","LightPush SDK","Sun Jul 06 17:44:37 GMT 2025","passed","Sun Jul 06 17:44:37 GMT 2025","","","",""
"","1","3 nodes on /waku/2/rs/3/2 topic","Waku Relay, multiple pubsub topics","Sun Jul 06 17:46:44 GMT 2025","passed","Sun Jul 06 17:46:44 GMT 2025","","","",""
"","1","can start and stop the service","Local Storage Discovery","Sun Jul 06 17:44:20 GMT 2025","passed","Sun Jul 06 17:44:20 GMT 2025","interface-peer-discovery compliance tests","Compliance Tests","",""
"","0","less peers than existing","Peer Exchange Query","Sun Jul 06 17:46:27 GMT 2025","skipped","Sun Jul 06 17:46:27 GMT 2025","","","",""
"","0","Query generator for multiple messages with different content topic format","Waku Store, general","Sun Jul 06 17:49:03 GMT 2025","passed","Sun Jul 06 17:49:03 GMT 2025","","","",""
"","0","Overlapping topic subscription","Waku Filter: Subscribe: Multiple Service Nodes: Strict Check mode: true","Sun Jul 06 17:53:21 GMT 2025","passed","Sun Jul 06 17:53:21 GMT 2025","","","",""
"","0","should register libp2p event listeners when start is called","PeerManager","Sun Jul 06 17:44:37 GMT 2025","passed","Sun Jul 06 17:44:37 GMT 2025","","","",""
"","0","Subscribe to topic containing long and receive message","Waku Filter: Subscribe: Multiple Service Nodes: Strict Check mode: true","Sun Jul 06 17:53:21 GMT 2025","passed","Sun Jul 06 17:53:21 GMT 2025","","","",""
"","0","Fails to publish message with wrong content topic","Waku Relay, Publish","Sun Jul 06 17:46:51 GMT 2025","passed","Sun Jul 06 17:46:51 GMT 2025","","","",""
"","1","Ordered Callback - true","Waku Store, order","Sun Jul 06 17:49:00 GMT 2025","passed","Sun Jul 06 17:49:00 GMT 2025","","","",""
"","1","new peer added after a peer was already found","Peer Exchange","Sun Jul 06 17:46:50 GMT 2025","skipped","Sun Jul 06 17:46:50 GMT 2025","","","",""
"","0","Register correct protocols","Waku Relay, Subscribe","Sun Jul 06 17:46:58 GMT 2025","passed","Sun Jul 06 17:46:58 GMT 2025","","","",""
"","0","should throw an error for non-numeric shard: /waku/2/rs/1/","pubsubTopicToSingleShardInfo with various invalid formats","Sun Jul 06 17:43:54 GMT 2025","passed","Sun Jul 06 17:43:54 GMT 2025","","","",""
"","0","should throw an error for non-numeric clusterId: /waku/2/rs/-/1","pubsubTopicToSingleShardInfo with various invalid formats","Sun Jul 06 17:43:54 GMT 2025","passed","Sun Jul 06 17:43:54 GMT 2025","","","",""
"","1","should successfully stop","Filter SDK","Sun Jul 06 17:44:38 GMT 2025","passed","Sun Jul 06 17:44:38 GMT 2025","","","",""
"","0","Round trip binary encryption [ecies, no signature]","Ecies Encryption","Sun Jul 06 17:44:28 GMT 2025","passed","Sun Jul 06 17:44:28 GMT 2025","","","",""
"","0","should throw an error for missing required configuration","shardInfoToPubsubTopics","Sun Jul 06 17:43:54 GMT 2025","passed","Sun Jul 06 17:43:54 GMT 2025","","","",""
"","0","Encoder throws on undefined content topic","Ensures content topic is defined","Sun Jul 06 17:44:26 GMT 2025","passed","Sun Jul 06 17:44:26 GMT 2025","","","",""
"","0","should throw an error for non-numeric shard: /waku/2/rs/1/!","pubsubTopicToSingleShardInfo with various invalid formats","Sun Jul 06 17:43:54 GMT 2025","passed","Sun Jul 06 17:43:54 GMT 2025","","","",""
"","1","A test","This","Sun Jul 06 17:45:44 GMT 2025","passed","Sun Jul 06 17:45:44 GMT 2025","","Is also","",""
"","1","should hash ""Lorem ipsum dolor sit amet"" with n=5 and maxValue=100 correctly","hashN","Sun Jul 06 17:44:46 GMT 2025","passed","Sun Jul 06 17:44:46 GMT 2025","","","",""
"","0","should hash ""!@#$%^&*()"" with n=1 and maxValue=1000 correctly","hashN","Sun Jul 06 17:44:46 GMT 2025","passed","Sun Jul 06 17:44:46 GMT 2025","","","",""
"","1","configure the node with multiple content topics","Autosharding: Running Nodes","Sun Jul 06 17:48:37 GMT 2025","passed","Sun Jul 06 17:48:37 GMT 2025","","","",""
"","0","random auto sharding 3 - Cluster ID: 10, Content Topic: /app56/7/topic681/xml","Autosharding: Running Nodes","Sun Jul 06 17:48:37 GMT 2025","passed","Sun Jul 06 17:48:37 GMT 2025","","","",""
"","0","should throw an error for non-numeric clusterId: /waku/2/rs/!/1","pubsubTopicToSingleShardInfo with various invalid formats","Sun Jul 06 17:43:54 GMT 2025","passed","Sun Jul 06 17:43:54 GMT 2025","","","",""
"","0","should emit `waku:online` event only when first peer is connected","Connection state","Sun Jul 06 17:45:26 GMT 2025","passed","Sun Jul 06 17:45:26 GMT 2025","","","",""
"","1","ENRTree (tree): should error if DNS tree entry is mis-prefixed","ENRTree","Sun Jul 06 17:44:16 GMT 2025","passed","Sun Jul 06 17:44:16 GMT 2025","","","",""
"","0","throws on content topic with empty encoding field","ensureValidContentTopic","Sun Jul 06 17:43:54 GMT 2025","passed","Sun Jul 06 17:43:54 GMT 2025","","","",""
"","0","should throw an error for non-numeric clusterId: /waku/2/rs/ /1","pubsubTopicToSingleShardInfo with various invalid formats","Sun Jul 06 17:43:54 GMT 2025","passed","Sun Jul 06 17:43:54 GMT 2025","","","",""
"","0","Publish message with large meta","Waku Relay, Publish","Sun Jul 06 17:46:51 GMT 2025","passed","Sun Jul 06 17:46:51 GMT 2025","","","",""
"","0","Check received message containing long","Waku Filter: FilterPush: Multiple Nodes: Strict Checking: false","Sun Jul 06 17:52:36 GMT 2025","passed","Sun Jul 06 17:52:36 GMT 2025","","","",""
"","0","Push message with unicode special characters payload","Waku Light Push: Multiple Nodes: Strict Check: false","Sun Jul 06 17:55:17 GMT 2025","passed","Sun Jul 06 17:55:17 GMT 2025","","","",""
"","0","Generator, 2 different pubsubtopics","Waku Store (named sharding), custom pubsub topic","Sun Jul 06 17:48:52 GMT 2025","passed","Sun Jul 06 17:48:52 GMT 2025","","","",""
"","0","Fails to push message with large meta","Waku Light Push: Multiple Nodes: Strict Check: true","Sun Jul 06 17:55:17 GMT 2025","passed","Sun Jul 06 17:55:17 GMT 2025","","","",""
"","0","should return no connections if no open connection provided","selectOpenConnection","Sun Jul 06 17:44:08 GMT 2025","passed","Sun Jul 06 17:44:08 GMT 2025","","","",""
"","1","Passing a valid cursor at 19 index when there are 20 messages","Waku Store, cursor","Sun Jul 06 17:48:19 GMT 2025","passed","Sun Jul 06 17:48:19 GMT 2025","","","",""
"","0","should handle incoming messages","Filter SDK","Sun Jul 06 17:44:38 GMT 2025","passed","Sun Jul 06 17:44:38 GMT 2025","","","",""
"","0","Check publish message after service node is restarted","Waku Relay, Publish","Sun Jul 06 17:46:51 GMT 2025","skipped","Sun Jul 06 17:46:51 GMT 2025","","","",""
"","0","Check received message containing SQL Injection","Waku Filter: FilterPush: Multiple Nodes: Strict Checking: true","Sun Jul 06 17:52:36 GMT 2025","passed","Sun Jul 06 17:52:36 GMT 2025","","","",""
"","0","ENRTree (branch): should error if DNS branch entry is mis-prefixed","ENRTree","Sun Jul 06 17:44:16 GMT 2025","passed","Sun Jul 06 17:44:16 GMT 2025","","","",""
"","7","should add and check entries correctly","TTLSet","Sun Jul 06 17:44:36 GMT 2025","passed","Sun Jul 06 17:44:36 GMT 2025","","","",""
"","0","should enable only dns and localPeerCache when peerExchange is disabled","Default Peer Discoveries","Sun Jul 06 17:44:36 GMT 2025","passed","Sun Jul 06 17:44:36 GMT 2025","","","",""
"","0","Push message with escaped characters payload","Waku Light Push: Multiple Nodes: Strict Check: false","Sun Jul 06 17:55:17 GMT 2025","passed","Sun Jul 06 17:55:17 GMT 2025","","","",""
"","1","should throw an error for non-numeric clusterId: /waku/2/rs/y/1","pubsubTopicToSingleShardInfo with various invalid formats","Sun Jul 06 17:43:54 GMT 2025","passed","Sun Jul 06 17:43:54 GMT 2025","","","",""
"","0","msgTime: -19000 ms from now, startTime: -20000, endTime: -19000","Waku Store, time filter","Sun Jul 06 17:49:23 GMT 2025","passed","Sun Jul 06 17:49:23 GMT 2025","","","",""
"","0","Push message with custom timestamp: 1751827515016","Waku Light Push: Multiple Nodes: Strict Check: true","Sun Jul 06 17:55:17 GMT 2025","passed","Sun Jul 06 17:55:17 GMT 2025","","","",""
"","1","should remove expired entries after TTL has passed","TTLSet","Sun Jul 06 17:44:36 GMT 2025","passed","Sun Jul 06 17:44:36 GMT 2025","","","",""
"","0","handles different networkShards values correctly","contentTopicsByPubsubTopic","Sun Jul 06 17:43:54 GMT 2025","passed","Sun Jul 06 17:43:54 GMT 2025","","","",""
"","0","Push message with long payload","Waku Light Push: Multiple Nodes: Strict Check: true","Sun Jul 06 17:55:17 GMT 2025","passed","Sun Jul 06 17:55:17 GMT 2025","","","",""
"","0","Push message with content topic containing special chars","Waku Light Push: Multiple Nodes: Strict Check: false","Sun Jul 06 17:55:17 GMT 2025","passed","Sun Jul 06 17:55:17 GMT 2025","","","",""
"","0","Subscribe to topic containing Script and receive message","Waku Filter: Subscribe: Multiple Service Nodes: Strict Check mode: false","Sun Jul 06 17:53:21 GMT 2025","passed","Sun Jul 06 17:53:21 GMT 2025","","","",""
"","1","Push message with meta","Waku Light Push: Multiple Nodes: Strict Check: true","Sun Jul 06 17:55:17 GMT 2025","passed","Sun Jul 06 17:55:17 GMT 2025","","","",""
"","0","should not execute task if max attempts is 0","RetryManager","Sun Jul 06 17:44:37 GMT 2025","passed","Sun Jul 06 17:44:37 GMT 2025","","","",""
"","0","should return the correct m/n for k = 7, targetError = 0.01","Probabilities","Sun Jul 06 17:44:46 GMT 2025","passed","Sun Jul 06 17:44:46 GMT 2025","","","",""
"","1","Check publish message containing Script","Waku Relay, Publish","Sun Jul 06 17:46:51 GMT 2025","passed","Sun Jul 06 17:46:51 GMT 2025","","","",""
"","1","Generator, 2 nwaku nodes each with different pubsubtopics","Waku Store, custom pubsub topic","Sun Jul 06 17:48:52 GMT 2025","passed","Sun Jul 06 17:48:52 GMT 2025","","","",""
"","1","should decode valid enr successfully","ENR","Sun Jul 06 17:44:00 GMT 2025","passed","Sun Jul 06 17:44:00 GMT 2025","","Txt codec","",""
"","0","Push message with XML payload","Waku Light Push: Multiple Nodes: Strict Check: true","Sun Jul 06 17:55:17 GMT 2025","passed","Sun Jul 06 17:55:17 GMT 2025","","","",""
"","0","Unsubscribe topics the node is not subscribed to","Waku Filter: Unsubscribe: Multiple Nodes: Strict Checking: false","Sun Jul 06 17:47:49 GMT 2025","passed","Sun Jul 06 17:47:49 GMT 2025","","","",""
"","0","recovers when dns.resolve returns empty","DNS Node Discovery","Sun Jul 06 17:44:16 GMT 2025","passed","Sun Jul 06 17:44:16 GMT 2025","","","",""
"","0","throws on content topic with generation field greater than 0","ensureValidContentTopic","Sun Jul 06 17:43:54 GMT 2025","passed","Sun Jul 06 17:43:54 GMT 2025","","","",""
"","0","Push message with content topic containing emoji","Waku Light Push: Multiple Nodes: Strict Check: true","Sun Jul 06 17:55:17 GMT 2025","passed","Sun Jul 06 17:55:17 GMT 2025","","","",""
"","0","Ephemeral field is preserved - asymmetric encryption","Waku Message Ephemeral field","Sun Jul 06 17:45:13 GMT 2025","passed","Sun Jul 06 17:45:13 GMT 2025","","","",""
"","0","handles empty shards array correctly","ensureShardingConfigured","Sun Jul 06 17:43:54 GMT 2025","passed","Sun Jul 06 17:43:54 GMT 2025","","","",""
"","0","passes more than one ENR URLs and attempts connection","DNS Node Discovery [live data]","Sun Jul 06 17:45:11 GMT 2025","skipped","Sun Jul 06 17:45:11 GMT 2025","","","",""
"","0","Query with Ordered Callback, No Decoder","Waku Store, error handling","Sun Jul 06 17:48:32 GMT 2025","passed","Sun Jul 06 17:48:32 GMT 2025","","","",""
"","0","should hash ""test123"" with n=2 and maxValue=10000 correctly","hashN","Sun Jul 06 17:44:46 GMT 2025","passed","Sun Jul 06 17:44:46 GMT 2025","","","",""
"","0","should enable only localPeerCache when dns and peerExchange are disabled","Default Peer Discoveries","Sun Jul 06 17:44:36 GMT 2025","passed","Sun Jul 06 17:44:36 GMT 2025","","","",""
"","1","Unsubscribe 1 topic - node subscribed to 2 topics","Waku Filter: Unsubscribe: Multiple Nodes: Strict Checking: false","Sun Jul 06 17:47:49 GMT 2025","passed","Sun Jul 06 17:47:49 GMT 2025","","","",""
"","0","Encoder throws on undefined content topic","Ensures content topic is defined","Sun Jul 06 17:44:09 GMT 2025","passed","Sun Jul 06 17:44:09 GMT 2025","","","",""
"","0","should not receive a peer event after stop","Peer Exchange","Sun Jul 06 17:46:27 GMT 2025","passed","Sun Jul 06 17:46:27 GMT 2025","interface-peer-discovery compliance tests","Compliance Test","",""
"","1","should hash ""hello"" with n=0 and maxValue=1000 correctly","hashN","Sun Jul 06 17:44:46 GMT 2025","passed","Sun Jul 06 17:44:46 GMT 2025","","","",""
"","1","random static sharding 1 - Cluster ID: 9, Shard ID: 232","Static Sharding: Running Nodes","Sun Jul 06 17:49:45 GMT 2025","passed","Sun Jul 06 17:49:45 GMT 2025","","","",""
"","0","should hash ""!@#$%^&*()"" with n=2 and maxValue=100 correctly","hashN","Sun Jul 06 17:44:46 GMT 2025","passed","Sun Jul 06 17:44:46 GMT 2025","","","",""
"","0","Subscribe to topic containing shell command and receive message","Waku Filter: Subscribe: Multiple Service Nodes: Strict Check mode: false","Sun Jul 06 17:53:21 GMT 2025","passed","Sun Jul 06 17:53:21 GMT 2025","","","",""
"","0","should hash """" with n=0 and maxValue=1000 correctly","hashN","Sun Jul 06 17:44:46 GMT 2025","passed","Sun Jul 06 17:44:46 GMT 2025","","","",""
"","1","Push 30 different messages","Waku Light Push: Multiple Nodes: Strict Check: false","Sun Jul 06 17:55:17 GMT 2025","skipped","Sun Jul 06 17:55:17 GMT 2025","","","",""
"","1","Check publish message containing Arabic","Waku Relay, Publish","Sun Jul 06 17:46:51 GMT 2025","passed","Sun Jul 06 17:46:51 GMT 2025","","","",""
"","0","Check publish message containing numeric","Waku Relay, Publish","Sun Jul 06 17:46:51 GMT 2025","passed","Sun Jul 06 17:46:51 GMT 2025","","","",""
"","1","Round trip binary encryption [ecies, signature]","Ecies Encryption","Sun Jul 06 17:44:28 GMT 2025","passed","Sun Jul 06 17:44:28 GMT 2025","","","",""
"","1","returns only open connection if one present","selectOpenConnection","Sun Jul 06 17:44:08 GMT 2025","passed","Sun Jul 06 17:44:08 GMT 2025","","","",""
"","0","should use DNS peer discovery with light client","DNS Node Discovery [live data]","Sun Jul 06 17:45:11 GMT 2025","skipped","Sun Jul 06 17:45:11 GMT 2025","","","",""
"","1","Sample","ENR multiaddrs codec","Sun Jul 06 17:43:59 GMT 2025","passed","Sun Jul 06 17:43:59 GMT 2025","","","",""
"","1","Subscribe and receive messages from 2 nwaku nodes each with different pubsubtopics","Waku Filter: Subscribe: Multiple Service Nodes: Strict Check mode: true","Sun Jul 06 17:53:21 GMT 2025","passed","Sun Jul 06 17:53:21 GMT 2025","","","",""
"","0","Push message with Chinese payload","Waku Light Push: Multiple Nodes: Strict Check: true","Sun Jul 06 17:55:17 GMT 2025","passed","Sun Jul 06 17:55:17 GMT 2025","","","",""
"","0","Publish message with custom timestamp: Sun Dec 17 1995 03:24:00 GMT+0000 (Coordinated Universal Time)","Waku Relay, Publish","Sun Jul 06 17:46:51 GMT 2025","passed","Sun Jul 06 17:46:51 GMT 2025","","","",""
"","0","should transition to MinimallyHealthy with one compatible peer","HealthIndicator","Sun Jul 06 17:44:37 GMT 2025","passed","Sun Jul 06 17:44:37 GMT 2025","","","",""
"","0","Passing a valid cursor at 10 index when there are 40 messages","Waku Store, cursor","Sun Jul 06 17:48:19 GMT 2025","passed","Sun Jul 06 17:48:19 GMT 2025","","","",""
"","0","Query generator for multiple messages","Waku Store, general","Sun Jul 06 17:49:03 GMT 2025","passed","Sun Jul 06 17:49:03 GMT 2025","","","",""
"","0","should correctly map /app/20/sometopic/someencoding to shard index 0 with networkShards 1","contentTopicToShardIndex","Sun Jul 06 17:43:54 GMT 2025","passed","Sun Jul 06 17:43:54 GMT 2025","","","",""
"","1","Throws when trying to push message with empty payload","Waku Light Push: Multiple Nodes: Strict Check: true","Sun Jul 06 17:55:17 GMT 2025","passed","Sun Jul 06 17:55:17 GMT 2025","","","",""
"","0","should add and remove event listeners correctly","Local Storage Discovery","Sun Jul 06 17:44:20 GMT 2025","passed","Sun Jul 06 17:44:20 GMT 2025","","Unit Tests","",""
"","1","throws on empty content topic","ensureValidContentTopic","Sun Jul 06 17:43:54 GMT 2025","passed","Sun Jul 06 17:43:54 GMT 2025","","","",""
"","0","Query Generator, No Decoder","Waku Store, error handling","Sun Jul 06 17:48:32 GMT 2025","passed","Sun Jul 06 17:48:32 GMT 2025","","","",""
"","1","same cluster, same shard: nodes connect","Metadata Protocol","Sun Jul 06 17:45:54 GMT 2025","passed","Sun Jul 06 17:45:54 GMT 2025","","connections","",""
"","0","Push message with rate limit","Waku Light Push: Multiple Nodes: Strict Check: false","Sun Jul 06 17:55:17 GMT 2025","passed","Sun Jul 06 17:55:17 GMT 2025","","","",""
"","1","Default pageSize","Waku Store, page size","Sun Jul 06 17:49:14 GMT 2025","passed","Sun Jul 06 17:49:14 GMT 2025","","","",""
"","0","should use provided shard info when available","IWaku utils","Sun Jul 06 17:44:37 GMT 2025","passed","Sun Jul 06 17:44:37 GMT 2025","","decoderParamsToShardInfo","",""
"","0","should handle renewPeer for a non-existent or disconnected peer gracefully","PeerManager","Sun Jul 06 17:44:37 GMT 2025","passed","Sun Jul 06 17:44:37 GMT 2025","","","",""
"","1","should retrieve 3 multiaddrs for test.waku.nodes.status.im","DNS Node Discovery [live data]","Sun Jul 06 17:45:11 GMT 2025","skipped","Sun Jul 06 17:45:11 GMT 2025","","","",""
"","1","Subscribe and publish messages on 2 different content topics","Waku Relay, Subscribe","Sun Jul 06 17:46:58 GMT 2025","passed","Sun Jul 06 17:46:58 GMT 2025","","","",""
"","0","should invoke callbacks when receiving a message","Filter Subscription","Sun Jul 06 17:44:37 GMT 2025","passed","Sun Jul 06 17:44:37 GMT 2025","","","",""
"","0","Subscribe to topic containing numeric and publish message","Waku Relay, Subscribe","Sun Jul 06 17:46:58 GMT 2025","passed","Sun Jul 06 17:46:58 GMT 2025","","","",""
"","1","dispatchEvent via connectionManager","Public methods","Sun Jul 06 17:45:47 GMT 2025","passed","Sun Jul 06 17:45:47 GMT 2025","","","",""
"","1","should be able to encode the field with only LIGHTPUSH set to true","ENR waku2 codec","Sun Jul 06 17:43:59 GMT 2025","passed","Sun Jul 06 17:43:59 GMT 2025","","Encoding","",""
"","0","Check publish message containing short","Waku Relay, Publish","Sun Jul 06 17:46:51 GMT 2025","passed","Sun Jul 06 17:46:51 GMT 2025","","","",""
"","0","Check received message with timestamp: 1649153314 ","Waku Filter: FilterPush: Multiple Nodes: Strict Checking: true","Sun Jul 06 17:52:36 GMT 2025","passed","Sun Jul 06 17:52:36 GMT 2025","","","",""
"","0","connected peers and dial","Peer Exchange Query","Sun Jul 06 17:46:27 GMT 2025","skipped","Sun Jul 06 17:46:27 GMT 2025","","","",""
"","0","should initialize with custom number of peers","PeerManager","Sun Jul 06 17:44:37 GMT 2025","passed","Sun Jul 06 17:44:37 GMT 2025","","","",""
"","0","Promise Callback  - false","Waku Store, order","Sun Jul 06 17:49:00 GMT 2025","passed","Sun Jul 06 17:49:00 GMT 2025","","","",""
"","0","Subscribe to topic containing numeric and receive message","Waku Filter: Subscribe: Multiple Service Nodes: Strict Check mode: true","Sun Jul 06 17:53:21 GMT 2025","passed","Sun Jul 06 17:53:21 GMT 2025","","","",""
"","0","Check message with no pubsub topic is not received","Waku Filter: FilterPush: Multiple Nodes: Strict Checking: false","Sun Jul 06 17:52:36 GMT 2025","passed","Sun Jul 06 17:52:36 GMT 2025","","","",""
"","0","should be sent with empty content","MessageChannel","Sun Jul 06 17:44:51 GMT 2025","passed","Sun Jul 06 17:44:51 GMT 2025","","Sync messages","",""
"","3","receiving a ping from a peer does not overwrite shard info","Metadata Protocol","Sun Jul 06 17:45:54 GMT 2025","passed","Sun Jul 06 17:45:54 GMT 2025","","","",""
"","1","should not fail to start the service if it is already started","Local Storage Discovery","Sun Jul 06 17:44:20 GMT 2025","passed","Sun Jul 06 17:44:20 GMT 2025","interface-peer-discovery compliance tests","Compliance Tests","",""
"","0","Push message with long payload","Waku Light Push: Multiple Nodes: Strict Check: false","Sun Jul 06 17:55:17 GMT 2025","passed","Sun Jul 06 17:55:17 GMT 2025","","","",""
"","0","should insert message into bloom filter","MessageChannel","Sun Jul 06 17:44:51 GMT 2025","passed","Sun Jul 06 17:44:51 GMT 2025","","sending a message ","",""
"","1","throws on content topic with non-number generation field","ensureValidContentTopic","Sun Jul 06 17:43:54 GMT 2025","passed","Sun Jul 06 17:43:54 GMT 2025","","","",""
"","0","should push the message to the outgoing buffer","MessageChannel","Sun Jul 06 17:44:51 GMT 2025","passed","Sun Jul 06 17:44:51 GMT 2025","","sending a message ","",""
"","1","should be called for every peer with PEER_EXCHANGE tags","Dials","Sun Jul 06 17:45:14 GMT 2025","passed","Sun Jul 06 17:45:14 GMT 2025","For peer-exchange peers","dialPeer method","",""
"","0","should hash ""hello"" with n=2 and maxValue=10000 correctly","hashN","Sun Jul 06 17:44:46 GMT 2025","passed","Sun Jul 06 17:44:46 GMT 2025","","","",""
"","0","should throw an error for non-numeric shard: /waku/2/rs/1/-","pubsubTopicToSingleShardInfo with various invalid formats","Sun Jul 06 17:43:54 GMT 2025","passed","Sun Jul 06 17:43:54 GMT 2025","","","",""
"","0","Subscribe one by one to 100 topics and publish messages","Waku Relay, Subscribe","Sun Jul 06 17:46:58 GMT 2025","passed","Sun Jul 06 17:46:58 GMT 2025","","","",""
"","0","random auto sharding 10 - Cluster ID: 10, Content Topic: /app14/3/topic264/test.js","Autosharding: Running Nodes","Sun Jul 06 17:48:37 GMT 2025","passed","Sun Jul 06 17:48:37 GMT 2025","","","",""
"","0","Subscribe to topic containing Arabic and receive message","Waku Filter: Subscribe: Multiple Service Nodes: Strict Check mode: true","Sun Jul 06 17:53:21 GMT 2025","passed","Sun Jul 06 17:53:21 GMT 2025","","","",""
"","0","Subscribe to topic containing escaped characters and receive message","Waku Filter: Subscribe: Multiple Service Nodes: Strict Check mode: true","Sun Jul 06 17:53:21 GMT 2025","passed","Sun Jul 06 17:53:21 GMT 2025","","","",""
"","0","returns all values when wanted number is greater than available values","Discovery","Sun Jul 06 17:44:15 GMT 2025","passed","Sun Jul 06 17:44:15 GMT 2025","","","",""
"","1","Promise Callback  - true","Waku Store, order","Sun Jul 06 17:49:00 GMT 2025","passed","Sun Jul 06 17:49:00 GMT 2025","","","",""
"","0","should wait for Filter peer to be connected","waitForRemotePeer","Sun Jul 06 17:44:37 GMT 2025","passed","Sun Jul 06 17:44:37 GMT 2025","","","",""
"","0","should handle onConnected and onDisconnected","PeerManager","Sun Jul 06 17:44:37 GMT 2025","passed","Sun Jul 06 17:44:37 GMT 2025","","","",""
"","0","should encode/decode to RLP encoding","ENR","Sun Jul 06 17:44:00 GMT 2025","passed","Sun Jul 06 17:44:00 GMT 2025","","Static tests","",""
"","1","random static sharding 8 - Cluster ID: 148, Shard ID: 955","Static Sharding: Running Nodes","Sun Jul 06 17:49:45 GMT 2025","passed","Sun Jul 06 17:49:45 GMT 2025","","","",""
"","0","Check received message containing short","Waku Filter: FilterPush: Multiple Nodes: Strict Checking: false","Sun Jul 06 17:52:36 GMT 2025","passed","Sun Jul 06 17:52:36 GMT 2025","","","",""
"","0","should correctly map /app/20/sometopic/someencoding to shard index 1 with networkShards 2","contentTopicToShardIndex","Sun Jul 06 17:43:54 GMT 2025","passed","Sun Jul 06 17:43:54 GMT 2025","","","",""
"","0","Check received message containing unicode special characters","Waku Filter: FilterPush: Multiple Nodes: Strict Checking: true","Sun Jul 06 17:52:36 GMT 2025","passed","Sun Jul 06 17:52:36 GMT 2025","","","",""
"","0","safeDispatchEvent","Public methods","Sun Jul 06 17:45:47 GMT 2025","passed","Sun Jul 06 17:45:47 GMT 2025","","","",""
"","0","random static sharding 7 - Cluster ID: 781, Shard ID: 643","Static Sharding: Running Nodes","Sun Jul 06 17:49:45 GMT 2025","passed","Sun Jul 06 17:49:45 GMT 2025","","","",""
"","1","should request peer renewal on specific errors","RetryManager","Sun Jul 06 17:44:37 GMT 2025","passed","Sun Jul 06 17:44:37 GMT 2025","","","",""
"","1","Push message with content topic containing JSON","Waku Light Push: Multiple Nodes: Strict Check: false","Sun Jul 06 17:55:17 GMT 2025","passed","Sun Jul 06 17:55:17 GMT 2025","","","",""
"","0","caches peers it previously fetched","DNS Node Discovery","Sun Jul 06 17:44:16 GMT 2025","passed","Sun Jul 06 17:44:16 GMT 2025","","","",""
"","0","should hash ""!@#$%^&*()"" with n=0 and maxValue=10000 correctly","hashN","Sun Jul 06 17:44:46 GMT 2025","passed","Sun Jul 06 17:44:46 GMT 2025","","","",""
"","0","Refresh subscription","Waku Relay, Subscribe","Sun Jul 06 17:46:58 GMT 2025","skipped","Sun Jul 06 17:46:58 GMT 2025","","","",""
"","1","Check received message with timestamp: 1751823906087 ","Waku Filter: FilterPush: Multiple Nodes: Strict Checking: true","Sun Jul 06 17:52:36 GMT 2025","passed","Sun Jul 06 17:52:36 GMT 2025","","","",""
"","4","should enable only peerExchange and localPeerCache when dns is disabled","Default Peer Discoveries","Sun Jul 06 17:44:36 GMT 2025","passed","Sun Jul 06 17:44:36 GMT 2025","","","",""
"","0","can query messages normally","Waku Store, message hash query","Sun Jul 06 17:48:40 GMT 2025","passed","Sun Jul 06 17:48:40 GMT 2025","","","",""
"","0","should fall back to default pubsub topic when pubsubTopicShardInfo is not provided","determinePubsubTopic","Sun Jul 06 17:43:54 GMT 2025","passed","Sun Jul 06 17:43:54 GMT 2025","","","",""
"","0","Push message with emoji payload","Waku Light Push: Multiple Nodes: Strict Check: true","Sun Jul 06 17:55:17 GMT 2025","passed","Sun Jul 06 17:55:17 GMT 2025","","","",""
"","0","Push message with content topic containing long","Waku Light Push: Multiple Nodes: Strict Check: true","Sun Jul 06 17:55:17 GMT 2025","passed","Sun Jul 06 17:55:17 GMT 2025","","","",""
"","0","Subscribe to topic containing emoji and receive message","Waku Filter: Subscribe: Multiple Service Nodes: Strict Check mode: false","Sun Jul 06 17:53:21 GMT 2025","passed","Sun Jul 06 17:53:21 GMT 2025","","","",""
"","0","Nwaku publishes","Waku Relay, Interop","Sun Jul 06 17:46:40 GMT 2025","passed","Sun Jul 06 17:46:40 GMT 2025","","","",""
"","1","Waku message hash computation (meta size of 12 bytes)","Message Hash: RFC Test Vectors","Sun Jul 06 17:44:08 GMT 2025","passed","Sun Jul 06 17:44:08 GMT 2025","","","",""
"","0","Passing page size 0 when there are 110 messages","Waku Store, page size","Sun Jul 06 17:49:14 GMT 2025","passed","Sun Jul 06 17:49:14 GMT 2025","","","",""
"","0","Subscribe to topic containing Russian and publish message","Waku Relay, Subscribe","Sun Jul 06 17:46:58 GMT 2025","passed","Sun Jul 06 17:46:58 GMT 2025","","","",""
"","0","should hash """" with n=5 and maxValue=100 correctly","hashN","Sun Jul 06 17:44:46 GMT 2025","passed","Sun Jul 06 17:44:46 GMT 2025","","","",""
"","0","Query generator for multiple messages with multiple decoders","Waku Store, general","Sun Jul 06 17:49:03 GMT 2025","passed","Sun Jul 06 17:49:03 GMT 2025","","","",""
"","1","should only return 1 node with store capability","DNS Node Discovery w/ capabilities","Sun Jul 06 17:44:16 GMT 2025","passed","Sun Jul 06 17:44:16 GMT 2025","","","",""
"","0","should throw an error for insufficient data","Relay Shard codec","Sun Jul 06 17:43:54 GMT 2025","passed","Sun Jul 06 17:43:54 GMT 2025","","","",""
"","1","messageHashStr returns the same value as bytesToHex(messageHash)","messageHash and messageHashStr","Sun Jul 06 17:44:08 GMT 2025","passed","Sun Jul 06 17:44:08 GMT 2025","","","",""
"","4","Query generator for multiple messages with different message text format","Waku Store, general","Sun Jul 06 17:49:03 GMT 2025","passed","Sun Jul 06 17:49:03 GMT 2025","","","",""
"","0","can start the service","DNS Discovery: Compliance Test","Sun Jul 06 17:45:11 GMT 2025","passed","Sun Jul 06 17:45:11 GMT 2025","","interface-peer-discovery compliance tests","",""
"","1","Subscribe and receive 2 messages on the same topic","Waku Filter: Subscribe: Multiple Service Nodes: Strict Check mode: true","Sun Jul 06 17:53:21 GMT 2025","passed","Sun Jul 06 17:53:21 GMT 2025","","","",""
"","0","retrieves all peers (3) when branch entries are composed of multiple strings","DNS Node Discovery w/ capabilities","Sun Jul 06 17:44:16 GMT 2025","passed","Sun Jul 06 17:44:16 GMT 2025","","","",""
"","0","All","ENR Interop: ServiceNode","Sun Jul 06 17:45:12 GMT 2025","passed","Sun Jul 06 17:45:12 GMT 2025","","","",""
"","0","Subscribe to topic containing XML and receive message","Waku Filter: Subscribe: Multiple Service Nodes: Strict Check mode: true","Sun Jul 06 17:53:21 GMT 2025","passed","Sun Jul 06 17:53:21 GMT 2025","","","",""
"","1","should hash ""test123"" with n=0 and maxValue=10000 correctly","hashN","Sun Jul 06 17:44:46 GMT 2025","passed","Sun Jul 06 17:44:46 GMT 2025","","","",""
"","1","Ordered Callback sorting by timestamp while page direction is true","Waku Store, sorting","Sun Jul 06 17:49:09 GMT 2025","passed","Sun Jul 06 17:49:09 GMT 2025","","","",""
"","0","Publishes to nwaku","Waku Relay, Interop","Sun Jul 06 17:46:40 GMT 2025","passed","Sun Jul 06 17:46:40 GMT 2025","","","",""
"","1","Query Generator sorting by timestamp while page direction is true","Waku Store, sorting","Sun Jul 06 17:49:09 GMT 2025","passed","Sun Jul 06 17:49:09 GMT 2025","","","",""
"","0","Push message with content topic containing SQL Injection","Waku Light Push: Multiple Nodes: Strict Check: false","Sun Jul 06 17:55:17 GMT 2025","passed","Sun Jul 06 17:55:17 GMT 2025","","","",""
"","0","accepts valid message hash query","StoreQueryRequest validation","Sun Jul 06 17:44:08 GMT 2025","passed","Sun Jul 06 17:44:08 GMT 2025","","","",""
"","0","Query generator for 2000 messages","Waku Store, general","Sun Jul 06 17:49:03 GMT 2025","passed","Sun Jul 06 17:49:03 GMT 2025","","","",""
"","0","should properly create location multiaddrs - udp","ENR","Sun Jul 06 17:44:00 GMT 2025","passed","Sun Jul 06 17:44:00 GMT 2025","","Location multiaddr","",""
"","0","Passing page size 1 when there are 4 messages","Waku Store, page size","Sun Jul 06 17:49:14 GMT 2025","passed","Sun Jul 06 17:49:14 GMT 2025","","","",""
"","1","should return false when unsubscribing from a non-existing subscription","Filter SDK","Sun Jul 06 17:44:38 GMT 2025","passed","Sun Jul 06 17:44:38 GMT 2025","","","",""
"","0","should be able to decode the field with ALL protocols set to true","ENR waku2 codec","Sun Jul 06 17:43:59 GMT 2025","passed","Sun Jul 06 17:43:59 GMT 2025","","Decoding","",""
"","0","Sign & Recover","Waku Encryption","Sun Jul 06 17:44:27 GMT 2025","passed","Sun Jul 06 17:44:27 GMT 2025","","","",""
"","0","Subscribe to topic containing Script and publish message","Waku Relay, Subscribe","Sun Jul 06 17:46:58 GMT 2025","passed","Sun Jul 06 17:46:58 GMT 2025","","","",""
"","2","should unregister libp2p event listeners when stop is called","PeerManager","Sun Jul 06 17:44:37 GMT 2025","passed","Sun Jul 06 17:44:37 GMT 2025","","","",""
"","0","Callback on promise, aborts when callback returns true","Waku Store, general","Sun Jul 06 17:49:03 GMT 2025","passed","Sun Jul 06 17:49:03 GMT 2025","","","",""
"","0","Relay + Store","ENR Interop: ServiceNode","Sun Jul 06 17:45:12 GMT 2025","passed","Sun Jul 06 17:45:12 GMT 2025","","","",""
"","2","Ephemeral messages are not stored","Waku Message Ephemeral field","Sun Jul 06 17:45:13 GMT 2025","passed","Sun Jul 06 17:45:13 GMT 2025","","","",""
"","0","Overlapping topic subscription","Waku Relay, Subscribe","Sun Jul 06 17:46:58 GMT 2025","skipped","Sun Jul 06 17:46:58 GMT 2025","","","",""
"","0","should hash ""test123"" with n=5 and maxValue=100 correctly","hashN","Sun Jul 06 17:44:46 GMT 2025","passed","Sun Jul 06 17:44:46 GMT 2025","","","",""
"","0","Passing a valid cursor at 19 index when there are 50 messages","Waku Store, cursor","Sun Jul 06 17:48:19 GMT 2025","passed","Sun Jul 06 17:48:19 GMT 2025","","","",""
"","1","should hash ""test123"" with n=1 and maxValue=100 correctly","hashN","Sun Jul 06 17:44:46 GMT 2025","passed","Sun Jul 06 17:44:46 GMT 2025","","","",""
"","0","should return valid sharding parameters for static sharding","ensureShardingConfigured","Sun Jul 06 17:43:54 GMT 2025","passed","Sun Jul 06 17:43:54 GMT 2025","","","",""
"","1","Init the array if not present","pushOrInitMapSet","Sun Jul 06 17:43:53 GMT 2025","passed","Sun Jul 06 17:43:53 GMT 2025","","","",""
"","1","should hash """" with n=1 and maxValue=1000 correctly","hashN","Sun Jul 06 17:44:46 GMT 2025","passed","Sun Jul 06 17:44:46 GMT 2025","","","",""
"","0","different cluster, same shard: nodes don't connect","Metadata Protocol","Sun Jul 06 17:45:54 GMT 2025","passed","Sun Jul 06 17:45:54 GMT 2025","","connections","",""
"","1","Subscribe to topic containing Arabic and publish message","Waku Relay, Subscribe","Sun Jul 06 17:46:58 GMT 2025","passed","Sun Jul 06 17:46:58 GMT 2025","","","",""
"","1","should throw error - no public key","ENR","Sun Jul 06 17:44:00 GMT 2025","passed","Sun Jul 06 17:44:00 GMT 2025","","Verify","",""
"","1","Generator, 2 nwaku nodes each with different pubsubtopics","Waku Store (named sharding), custom pubsub topic","Sun Jul 06 17:48:52 GMT 2025","passed","Sun Jul 06 17:48:52 GMT 2025","","","",""
"","1","should lock peers when selected","PeerManager","Sun Jul 06 17:44:37 GMT 2025","passed","Sun Jul 06 17:44:37 GMT 2025","","","",""
"","1","returns all values when wanted number matches available values","Discovery","Sun Jul 06 17:44:15 GMT 2025","passed","Sun Jul 06 17:44:15 GMT 2025","","","",""
"","0","should encode/decode to text encoding","ENR","Sun Jul 06 17:44:00 GMT 2025","passed","Sun Jul 06 17:44:00 GMT 2025","","Static tests","",""
"","0","Generator, 2 nwaku nodes each with different pubsubtopics","Waku Store (Autosharding), custom pubsub topic","Sun Jul 06 17:48:52 GMT 2025","skipped","Sun Jul 06 17:48:52 GMT 2025","","","",""
"","0","should return false when shard is not included in network shards","IWaku utils","Sun Jul 06 17:44:37 GMT 2025","passed","Sun Jul 06 17:44:37 GMT 2025","","isShardCompatible","",""
"","1","Query with Promise Callback, No Decoder","Waku Store, error handling","Sun Jul 06 17:48:32 GMT 2025","passed","Sun Jul 06 17:48:32 GMT 2025","","","",""
"","1","Subscribe to topic containing JSON and receive message","Waku Filter: Subscribe: Multiple Service Nodes: Strict Check mode: true","Sun Jul 06 17:53:21 GMT 2025","passed","Sun Jul 06 17:53:21 GMT 2025","","","",""
"","2","should hash ""!@#$%^&*()"" with n=5 and maxValue=1000 correctly","hashN","Sun Jul 06 17:44:46 GMT 2025","passed","Sun Jul 06 17:44:46 GMT 2025","","","",""
"","0","rejects content-filtered query with only pubsubTopic","StoreQueryRequest validation","Sun Jul 06 17:44:08 GMT 2025","passed","Sun Jul 06 17:44:08 GMT 2025","","","",""
"","0","Check received message containing numeric","Waku Filter: FilterPush: Multiple Nodes: Strict Checking: false","Sun Jul 06 17:52:36 GMT 2025","passed","Sun Jul 06 17:52:36 GMT 2025","","","",""
"","1","should be online or offline if network state changed","Events","Sun Jul 06 17:45:07 GMT 2025","passed","Sun Jul 06 17:45:07 GMT 2025","","waku:connection","",""
"","1","should serialize and deserialize correctly","BloomFilter","Sun Jul 06 17:44:49 GMT 2025","passed","Sun Jul 06 17:44:49 GMT 2025","","","",""
"","1","Passing a valid cursor at 110 index when there are 120 messages","Waku Store, cursor","Sun Jul 06 17:48:19 GMT 2025","passed","Sun Jul 06 17:48:19 GMT 2025","","","",""
"","0","can start the service","Peer Exchange","Sun Jul 06 17:46:27 GMT 2025","passed","Sun Jul 06 17:46:27 GMT 2025","interface-peer-discovery compliance tests","Compliance Test","",""
"","1","should throw error - no id","ENR","Sun Jul 06 17:44:00 GMT 2025","passed","Sun Jul 06 17:44:00 GMT 2025","","Verify","",""
"","1","should correctly map /0/statusim/1/community/cbor to shard index 4","contentTopicToShardIndex","Sun Jul 06 17:43:54 GMT 2025","passed","Sun Jul 06 17:43:54 GMT 2025","","","",""
"","1","random static sharding 4 - Cluster ID: 272, Shard ID: 669","Static Sharding: Running Nodes","Sun Jul 06 17:49:45 GMT 2025","passed","Sun Jul 06 17:49:45 GMT 2025","","","",""
"","0","should emit `peer:connected:peer-exchange` event when a peer is connected","Events","Sun Jul 06 17:45:07 GMT 2025","passed","Sun Jul 06 17:45:07 GMT 2025","","peer:connect","",""
"","0","Check publish message containing long","Waku Relay, Publish","Sun Jul 06 17:46:51 GMT 2025","passed","Sun Jul 06 17:46:51 GMT 2025","","","",""
"","0","should be sent without a timestamp, causal history, or bloom filter","MessageChannel","Sun Jul 06 17:44:51 GMT 2025","passed","Sun Jul 06 17:44:51 GMT 2025","","Ephemeral messages","",""
"","0","should not fail to start the service if it is already started","DNS Discovery: Compliance Test","Sun Jul 06 17:45:11 GMT 2025","passed","Sun Jul 06 17:45:11 GMT 2025","","interface-peer-discovery compliance tests","",""
"","6","should not retry if at least one success","RetryManager","Sun Jul 06 17:44:37 GMT 2025","passed","Sun Jul 06 17:44:37 GMT 2025","","","",""
"","0","should partition messages based on acknowledgement status","MessageChannel","Sun Jul 06 17:44:51 GMT 2025","passed","Sun Jul 06 17:44:51 GMT 2025","","Sweeping outgoing buffer","",""
"","0","Push message with content topic containing special chars","Waku Light Push: Multiple Nodes: Strict Check: true","Sun Jul 06 17:55:17 GMT 2025","passed","Sun Jul 06 17:55:17 GMT 2025","","","",""
"","0","Decrypt messages","Waku Relay","Sun Jul 06 17:46:29 GMT 2025","passed","Sun Jul 06 17:46:29 GMT 2025","","","",""
"","0","should return different streams if requested simultaniously","StreamManager","Sun Jul 06 17:44:08 GMT 2025","passed","Sun Jul 06 17:44:08 GMT 2025","","","",""
"","0","should insert elements correctly","BloomFilter","Sun Jul 06 17:44:49 GMT 2025","passed","Sun Jul 06 17:44:49 GMT 2025","","","",""
"","1","should handle corrupted local storage data gracefully","Local Storage Discovery","Sun Jul 06 17:44:20 GMT 2025","passed","Sun Jul 06 17:44:20 GMT 2025","","Unit Tests","",""
"","0","should hash ""Lorem ipsum dolor sit amet"" with n=0 and maxValue=100 correctly","hashN","Sun Jul 06 17:44:46 GMT 2025","passed","Sun Jul 06 17:44:46 GMT 2025","","","",""
"","0","should use the provided clusterId for the pubsub topic","contentTopicToPubsubTopic","Sun Jul 06 17:43:54 GMT 2025","passed","Sun Jul 06 17:43:54 GMT 2025","","","",""
"","1","Relay - times out","Wait for remote peer","Sun Jul 06 17:49:28 GMT 2025","passed","Sun Jul 06 17:49:28 GMT 2025","","","",""
"","0","should reject if Store is requested but not mounted","waitForRemotePeer","Sun Jul 06 17:44:37 GMT 2025","passed","Sun Jul 06 17:44:37 GMT 2025","","","",""
"","0","Subscribe to topic containing Basic HTML tag and receive message","Waku Filter: Subscribe: Multiple Service Nodes: Strict Check mode: false","Sun Jul 06 17:53:21 GMT 2025","passed","Sun Jul 06 17:53:21 GMT 2025","","","",""
"","0","should not be added to outgoing buffer, bloom filter, or local log","MessageChannel","Sun Jul 06 17:44:51 GMT 2025","passed","Sun Jul 06 17:44:51 GMT 2025","","Sync messages","",""
"","0","should retrieve 3 multiaddrs for sandbox.waku.nodes.status.im","DNS Node Discovery [live data]","Sun Jul 06 17:44:16 GMT 2025","skipped","Sun Jul 06 17:44:16 GMT 2025","","","",""
"","1","Push message with content topic containing long","Waku Light Push: Multiple Nodes: Strict Check: false","Sun Jul 06 17:55:17 GMT 2025","passed","Sun Jul 06 17:55:17 GMT 2025","","","",""
"","1","Subscribe to topic containing Basic HTML tag and publish message","Waku Relay, Subscribe","Sun Jul 06 17:46:58 GMT 2025","passed","Sun Jul 06 17:46:58 GMT 2025","","","",""
"","0","should not requeue if maxAttempts is exhausted and no peer is available","RetryManager","Sun Jul 06 17:44:37 GMT 2025","passed","Sun Jul 06 17:44:37 GMT 2025","","","",""
"","1","should transition to SufficientlyHealthy with multiple compatible peers","HealthIndicator","Sun Jul 06 17:44:37 GMT 2025","passed","Sun Jul 06 17:44:37 GMT 2025","","","",""
"","1","Check publish message containing emoji","Waku Relay, Publish","Sun Jul 06 17:46:51 GMT 2025","passed","Sun Jul 06 17:46:51 GMT 2025","","","",""
"","0","1 Store, 2 fetches","Fetch nodes until capabilities are fulfilled","Sun Jul 06 17:44:16 GMT 2025","passed","Sun Jul 06 17:44:16 GMT 2025","","","",""
"","1","should correctly map /app/20/sometopic/someencoding to shard index 15 with networkShards 16","contentTopicToShardIndex","Sun Jul 06 17:43:54 GMT 2025","passed","Sun Jul 06 17:43:54 GMT 2025","","","",""
"","0","Subscribe to topic containing SQL Injection and receive message","Waku Filter: Subscribe: Multiple Service Nodes: Strict Check mode: false","Sun Jul 06 17:53:21 GMT 2025","passed","Sun Jul 06 17:53:21 GMT 2025","","","",""
"","1","should properly create location multiaddrs - udp6","ENR","Sun Jul 06 17:44:00 GMT 2025","passed","Sun Jul 06 17:44:00 GMT 2025","","Location multiaddr","",""
"","0","random auto sharding 1 - Cluster ID: 10, Content Topic: /app22/9/topic476/xml","Autosharding: Running Nodes","Sun Jul 06 17:48:37 GMT 2025","passed","Sun Jul 06 17:48:37 GMT 2025","","","",""
"","0","Push message with rate limit","Waku Light Push: Multiple Nodes: Strict Check: true","Sun Jul 06 17:55:17 GMT 2025","passed","Sun Jul 06 17:55:17 GMT 2025","","","",""
"","0","random auto sharding 5 - Cluster ID: 10, Content Topic: /app61/1/topic409/proto","Autosharding: Running Nodes","Sun Jul 06 17:48:37 GMT 2025","passed","Sun Jul 06 17:48:37 GMT 2025","","","",""
"","0","should use shardsUnderCluster when provided","IWaku utils","Sun Jul 06 17:44:37 GMT 2025","passed","Sun Jul 06 17:44:37 GMT 2025","","decoderParamsToShardInfo","",""
"","0","should hash ""Lorem ipsum dolor sit amet"" with n=2 and maxValue=10000 correctly","hashN","Sun Jul 06 17:44:46 GMT 2025","passed","Sun Jul 06 17:44:46 GMT 2025","","","",""
"","0","should hash ""Lorem ipsum dolor sit amet"" with n=1 and maxValue=100 correctly","hashN","Sun Jul 06 17:44:46 GMT 2025","passed","Sun Jul 06 17:44:46 GMT 2025","","","",""
"","4","Callback on promise","Waku Store, general","Sun Jul 06 17:49:03 GMT 2025","passed","Sun Jul 06 17:49:03 GMT 2025","","","",""
"","0","Subscribe and receive 2 messages on the same topic","Waku Filter: Subscribe: Multiple Service Nodes: Strict Check mode: false","Sun Jul 06 17:53:21 GMT 2025","passed","Sun Jul 06 17:53:21 GMT 2025","","","",""
"","0","Subscribe to topic containing SQL Injection and receive message","Waku Filter: Subscribe: Multiple Service Nodes: Strict Check mode: true","Sun Jul 06 17:53:21 GMT 2025","passed","Sun Jul 06 17:53:21 GMT 2025","","","",""
"","0","Timestamp too far from node time: -20000 ms from now","Waku Store, time filter","Sun Jul 06 17:49:23 GMT 2025","passed","Sun Jul 06 17:49:23 GMT 2025","","","",""
"","0","wrong wakuPeerExchangeDiscovery pubsub topic","Peer Exchange","Sun Jul 06 17:46:50 GMT 2025","skipped","Sun Jul 06 17:46:50 GMT 2025","","","",""
"","0","Push message with content topic containing short","Waku Light Push: Multiple Nodes: Strict Check: true","Sun Jul 06 17:55:17 GMT 2025","passed","Sun Jul 06 17:55:17 GMT 2025","","","",""
"","0","should not return locked peers if enough unlocked are available","PeerManager","Sun Jul 06 17:44:37 GMT 2025","passed","Sun Jul 06 17:44:37 GMT 2025","","","",""
"","0","Check received message with timestamp: 1649153314 ","Waku Filter: FilterPush: Multiple Nodes: Strict Checking: false","Sun Jul 06 17:52:36 GMT 2025","passed","Sun Jul 06 17:52:36 GMT 2025","","","",""
"","0","Generator, with asymmetric & symmetric encrypted messages","Waku Store, general","Sun Jul 06 17:49:03 GMT 2025","passed","Sun Jul 06 17:49:03 GMT 2025","","","",""
"","1","should hash """" with n=2 and maxValue=10000 correctly","hashN","Sun Jul 06 17:44:46 GMT 2025","passed","Sun Jul 06 17:44:46 GMT 2025","","","",""
"","0","should hash ""hello"" with n=1 and maxValue=100 correctly","hashN","Sun Jul 06 17:44:46 GMT 2025","passed","Sun Jul 06 17:44:46 GMT 2025","","","",""
"","0","should set field with only RELAY enabled","ENR","Sun Jul 06 17:44:00 GMT 2025","passed","Sun Jul 06 17:44:00 GMT 2025","","waku2 key round trip","",""
"","0","should throw an error for non-numeric clusterId: /waku/2/rs/x/1","pubsubTopicToSingleShardInfo with various invalid formats","Sun Jul 06 17:43:54 GMT 2025","passed","Sun Jul 06 17:43:54 GMT 2025","","","",""
"","0","should return PeerId when PeerId is provided","IWaku utils","Sun Jul 06 17:44:37 GMT 2025","passed","Sun Jul 06 17:44:37 GMT 2025","","mapToPeerIdOrMultiaddr","",""
"","0","Subscribe and publish 10000 messages on the same topic","Waku Relay, Subscribe","Sun Jul 06 17:46:58 GMT 2025","passed","Sun Jul 06 17:46:58 GMT 2025","","","",""
"","0","Subscribe to topic containing JSON and receive message","Waku Filter: Subscribe: Multiple Service Nodes: Strict Check mode: false","Sun Jul 06 17:53:21 GMT 2025","passed","Sun Jul 06 17:53:21 GMT 2025","","","",""
"","0","should update peers in local storage on 'peer:identify' event","Local Storage Discovery","Sun Jul 06 17:44:20 GMT 2025","passed","Sun Jul 06 17:44:20 GMT 2025","","Unit Tests","",""
"","0","should retrieve 3 multiaddrs for test.waku.nodes.status.im","DNS Node Discovery [live data]","Sun Jul 06 17:44:16 GMT 2025","skipped","Sun Jul 06 17:44:16 GMT 2025","","","",""
"","0","Subscribe to 30 topics in separate streams (30 streams for Filter is limit) at once and receives messages","Waku Filter: Subscribe: Multiple Service Nodes: Strict Check mode: true","Sun Jul 06 17:53:21 GMT 2025","skipped","Sun Jul 06 17:53:21 GMT 2025","","","",""
"","0","should throw error - no public key","ENR","Sun Jul 06 17:44:00 GMT 2025","passed","Sun Jul 06 17:44:00 GMT 2025","","Txt codec","",""
"","0","Push message with numeric payload","Waku Light Push: Multiple Nodes: Strict Check: false","Sun Jul 06 17:55:17 GMT 2025","passed","Sun Jul 06 17:55:17 GMT 2025","","","",""
"","0","Refresh subscription","Waku Filter: Subscribe: Multiple Service Nodes: Strict Check mode: true","Sun Jul 06 17:53:21 GMT 2025","passed","Sun Jul 06 17:53:21 GMT 2025","","","",""
"","0","Subscribe to topic containing XML and receive message","Waku Filter: Subscribe: Multiple Service Nodes: Strict Check mode: false","Sun Jul 06 17:53:21 GMT 2025","passed","Sun Jul 06 17:53:21 GMT 2025","","","",""
"","0","should throw an error for non-numeric clusterId: /waku/2/rs/$/1","pubsubTopicToSingleShardInfo with various invalid formats","Sun Jul 06 17:43:54 GMT 2025","passed","Sun Jul 06 17:43:54 GMT 2025","","","",""
"","1","should not receive a peer event after stop","DNS Discovery: Compliance Test","Sun Jul 06 17:45:11 GMT 2025","passed","Sun Jul 06 17:45:11 GMT 2025","","interface-peer-discovery compliance tests","",""
"","0","should handle different types of entries","TTLSet","Sun Jul 06 17:44:36 GMT 2025","passed","Sun Jul 06 17:44:36 GMT 2025","","","",""
"","0","Push message with JSON payload","Waku Light Push: Multiple Nodes: Strict Check: true","Sun Jul 06 17:55:17 GMT 2025","passed","Sun Jul 06 17:55:17 GMT 2025","","","",""
"","0","Query with Promise Callback, Wrong PubsubTopic","Waku Store, error handling","Sun Jul 06 17:48:32 GMT 2025","passed","Sun Jul 06 17:48:32 GMT 2025","","","",""
"","0","Check message with invalid timestamp is not received","Waku Filter: FilterPush: Multiple Nodes: Strict Checking: true","Sun Jul 06 17:52:36 GMT 2025","passed","Sun Jul 06 17:52:36 GMT 2025","","","",""
"","0","Encoder throws on undefined content topic","Ensures content topic is defined","Sun Jul 06 17:44:28 GMT 2025","passed","Sun Jul 06 17:44:28 GMT 2025","","","",""
"","0","random auto sharding 9 - Cluster ID: 10, Content Topic: /app1/5/topic252/json","Autosharding: Running Nodes","Sun Jul 06 17:48:37 GMT 2025","passed","Sun Jul 06 17:48:37 GMT 2025","","","",""
"","0","random static sharding 9 - Cluster ID: 483, Shard ID: 994","Static Sharding: Running Nodes","Sun Jul 06 17:49:45 GMT 2025","passed","Sun Jul 06 17:49:45 GMT 2025","","","",""
"","0","should hash ""test123"" with n=2 and maxValue=100 correctly","hashN","Sun Jul 06 17:44:46 GMT 2025","passed","Sun Jul 06 17:44:46 GMT 2025","","","",""
"","0","should decode valid enr with tcp successfully","ENR","Sun Jul 06 17:44:00 GMT 2025","passed","Sun Jul 06 17:44:00 GMT 2025","","Txt codec","",""
"","0","should track probabilistic acknowledgements of messages received in bloom filter","MessageChannel","Sun Jul 06 17:44:51 GMT 2025","passed","Sun Jul 06 17:44:51 GMT 2025","","reviewing ack status","",""
"","0","messageHashStr produces consistent results for the same input","messageHash and messageHashStr","Sun Jul 06 17:44:08 GMT 2025","passed","Sun Jul 06 17:44:08 GMT 2025","","","",""
"","0","Cluster ID 0 - Default/Global Cluster","Autosharding: Running Nodes","Sun Jul 06 17:48:37 GMT 2025","passed","Sun Jul 06 17:48:37 GMT 2025","","","",""
"","0","ignores domain fetching errors","DNS Node Discovery","Sun Jul 06 17:44:16 GMT 2025","passed","Sun Jul 06 17:44:16 GMT 2025","","","",""
"","0","Ephemeral field is preserved - encoder v0","Waku Message Ephemeral field","Sun Jul 06 17:45:13 GMT 2025","passed","Sun Jul 06 17:45:13 GMT 2025","","","",""
"","0","Subscribe to topic containing unicode special characters and receive message","Waku Filter: Subscribe: Multiple Service Nodes: Strict Check mode: true","Sun Jul 06 17:53:21 GMT 2025","passed","Sun Jul 06 17:53:21 GMT 2025","","","",""
"","2","random auto sharding 6 - Cluster ID: 10, Content Topic: /app62/3/topic911/utf8","Autosharding: Running Nodes","Sun Jul 06 17:48:37 GMT 2025","passed","Sun Jul 06 17:48:37 GMT 2025","","","",""
"","0","isConnected should return true after first peer connects","Connection state","Sun Jul 06 17:45:26 GMT 2025","passed","Sun Jul 06 17:45:26 GMT 2025","","","",""
"","0","Check publish message containing Russian","Waku Relay, Publish","Sun Jul 06 17:46:51 GMT 2025","passed","Sun Jul 06 17:46:51 GMT 2025","","","",""
"","0","1 Store, 2 relays, 2 fetches","Fetch nodes until capabilities are fulfilled","Sun Jul 06 17:44:16 GMT 2025","passed","Sun Jul 06 17:44:16 GMT 2025","","","",""
"","1","rejects content-filtered query with only contentTopics","StoreQueryRequest validation","Sun Jul 06 17:44:08 GMT 2025","passed","Sun Jul 06 17:44:08 GMT 2025","","","",""
"","0","through manual discovery","multiaddr: dialing","Sun Jul 06 17:45:49 GMT 2025","passed","Sun Jul 06 17:45:49 GMT 2025","","does not attempt the same peer discovered multiple times more than once","",""
"","1","Subscribe to topic containing shell command and publish message","Waku Relay, Subscribe","Sun Jul 06 17:46:58 GMT 2025","passed","Sun Jul 06 17:46:58 GMT 2025","","","",""
"","0","should process correctly when SingleShardInfo has no clusterId but has a shard","determinePubsubTopic","Sun Jul 06 17:43:54 GMT 2025","passed","Sun Jul 06 17:43:54 GMT 2025","","","",""
"","0","Ephemeral field is preserved - symmetric encryption","Waku Message Ephemeral field","Sun Jul 06 17:45:13 GMT 2025","passed","Sun Jul 06 17:45:13 GMT 2025","","","",""
"","1","msgTime: -19000 ms from now, startTime: -18999, endTime: -18996","Waku Store, time filter","Sun Jul 06 17:49:23 GMT 2025","passed","Sun Jul 06 17:49:23 GMT 2025","","","",""
"","1","Unsubscribe 2 topics - node subscribed to 2 topics","Waku Filter: Unsubscribe: Multiple Nodes: Strict Checking: true","Sun Jul 06 17:47:49 GMT 2025","passed","Sun Jul 06 17:47:49 GMT 2025","","","",""
"","0","should hash """" with n=1 and maxValue=10000 correctly","hashN","Sun Jul 06 17:44:46 GMT 2025","passed","Sun Jul 06 17:44:46 GMT 2025","","","",""
"","1","should reject if LightPush is requested but not mounted","waitForRemotePeer","Sun Jul 06 17:44:37 GMT 2025","passed","Sun Jul 06 17:44:37 GMT 2025","","","",""
"","0","Correctly serialized arguments","nwaku","Sun Jul 06 17:45:49 GMT 2025","passed","Sun Jul 06 17:45:49 GMT 2025","","","",""
"","0","Push message with content topic containing Basic HTML tag","Waku Light Push: Multiple Nodes: Strict Check: false","Sun Jul 06 17:55:17 GMT 2025","passed","Sun Jul 06 17:55:17 GMT 2025","","","",""
"","0","should not receive a peer event after stop","Local Storage Discovery","Sun Jul 06 17:44:20 GMT 2025","passed","Sun Jul 06 17:44:20 GMT 2025","interface-peer-discovery compliance tests","Compliance Tests","",""
"","0","Subscribe and receives messages on 20 topics","Waku Filter: Subscribe: Multiple Service Nodes: Strict Check mode: true","Sun Jul 06 17:53:21 GMT 2025","passed","Sun Jul 06 17:53:21 GMT 2025","","","",""
"","0","Add multiple subscription objects on single nwaku node","Waku Filter: Subscribe: Multiple Service Nodes: Strict Check mode: true","Sun Jul 06 17:53:21 GMT 2025","passed","Sun Jul 06 17:53:21 GMT 2025","","","",""
"","0","Generator, custom pubsub topic","Waku Store (named sharding), custom pubsub topic","Sun Jul 06 17:48:52 GMT 2025","passed","Sun Jul 06 17:48:52 GMT 2025","","","",""
"","1","should not receive a peer event before start","Local Storage Discovery","Sun Jul 06 17:44:20 GMT 2025","passed","Sun Jul 06 17:44:20 GMT 2025","interface-peer-discovery compliance tests","Compliance Tests","",""
"","0","should not return the same peer twice in consecutive getPeers calls without renew","PeerManager","Sun Jul 06 17:44:37 GMT 2025","passed","Sun Jul 06 17:44:37 GMT 2025","","","",""
"","1","ENRTree (root): should error if DNS root entry is mis-prefixed","ENRTree","Sun Jul 06 17:44:16 GMT 2025","passed","Sun Jul 06 17:44:16 GMT 2025","","","",""
"","1","should throw an error for invalid PubsubTopic format: /incorrect/format","pubsubTopicToSingleShardInfo with various invalid formats","Sun Jul 06 17:43:54 GMT 2025","passed","Sun Jul 06 17:43:54 GMT 2025","","","",""
"","1","should return a calculated topic if SingleShardInfo is provided","determinePubsubTopic","Sun Jul 06 17:43:54 GMT 2025","passed","Sun Jul 06 17:43:54 GMT 2025","","","",""
"","0","Check received message containing special chars","Waku Filter: FilterPush: Multiple Nodes: Strict Checking: false","Sun Jul 06 17:52:36 GMT 2025","passed","Sun Jul 06 17:52:36 GMT 2025","","","",""
"","0","Subscribe to topic containing escaped characters and receive message","Waku Filter: Subscribe: Multiple Service Nodes: Strict Check mode: false","Sun Jul 06 17:53:21 GMT 2025","passed","Sun Jul 06 17:53:21 GMT 2025","","","",""
"","0","Push message with short payload","Waku Light Push: Multiple Nodes: Strict Check: false","Sun Jul 06 17:55:17 GMT 2025","passed","Sun Jul 06 17:55:17 GMT 2025","","","",""
"","1","should throw an error for non-numeric clusterId: /waku/2/rs/\/1","pubsubTopicToSingleShardInfo with various invalid formats","Sun Jul 06 17:43:54 GMT 2025","passed","Sun Jul 06 17:43:54 GMT 2025","","","",""
"","1","it tolerates circular branch references","DNS Node Discovery","Sun Jul 06 17:44:16 GMT 2025","passed","Sun Jul 06 17:44:16 GMT 2025","","","",""
"","1","Ordered callback, aborts when callback returns true","Waku Store, general","Sun Jul 06 17:49:03 GMT 2025","passed","Sun Jul 06 17:49:03 GMT 2025","","","",""
"","0","should successfully unsubscribe from an existing subscription","Filter SDK","Sun Jul 06 17:44:38 GMT 2025","passed","Sun Jul 06 17:44:38 GMT 2025","","","",""
"","1","should return available peers with correct protocol and pubsub topic","PeerManager","Sun Jul 06 17:44:37 GMT 2025","passed","Sun Jul 06 17:44:37 GMT 2025","","","",""
"","0","Unsubscribe 2 topics - node subscribed to 2 topics","Waku Filter: Unsubscribe: Multiple Nodes: Strict Checking: false","Sun Jul 06 17:47:49 GMT 2025","passed","Sun Jul 06 17:47:49 GMT 2025","","","",""
"","0","should update lamport timestamp if greater than current timestamp and dependencies are met","MessageChannel","Sun Jul 06 17:44:51 GMT 2025","passed","Sun Jul 06 17:44:51 GMT 2025","","receiving a message","",""
"","1","should extract SingleShardInfo from a valid PubsubTopic","pubsubTopicToSingleShardInfo with various invalid formats","Sun Jul 06 17:43:54 GMT 2025","passed","Sun Jul 06 17:43:54 GMT 2025","","","",""
"","1","should fail to send if no connected peers found","LightPush SDK","Sun Jul 06 17:44:37 GMT 2025","passed","Sun Jul 06 17:44:37 GMT 2025","","","",""
"","0","isConnected between 2 js-waku relay nodes","Connection state","Sun Jul 06 17:45:26 GMT 2025","passed","Sun Jul 06 17:45:26 GMT 2025","","","",""
"","1","should hash """" with n=0 and maxValue=100 correctly","hashN","Sun Jul 06 17:44:46 GMT 2025","passed","Sun Jul 06 17:44:46 GMT 2025","","","",""
"","1","Query Generator, Wrong PubsubTopic","Waku Store, error handling","Sun Jul 06 17:48:32 GMT 2025","passed","Sun Jul 06 17:48:32 GMT 2025","","","",""
"","0","should decode valid ENR with multiaddrs successfully [shared test vector]","ENR","Sun Jul 06 17:44:00 GMT 2025","passed","Sun Jul 06 17:44:00 GMT 2025","","Txt codec","",""
"","0","Check message with non string payload is not received","Waku Filter: FilterPush: Multiple Nodes: Strict Checking: true","Sun Jul 06 17:52:36 GMT 2025","passed","Sun Jul 06 17:52:36 GMT 2025","","","",""
"","0","random auto sharding 8 - Cluster ID: 10, Content Topic: /app14/3/topic3/utf8","Autosharding: Running Nodes","Sun Jul 06 17:48:37 GMT 2025","passed","Sun Jul 06 17:48:37 GMT 2025","","","",""
"","0","Check message with non string payload is not received","Waku Filter: FilterPush: Multiple Nodes: Strict Checking: false","Sun Jul 06 17:52:36 GMT 2025","passed","Sun Jul 06 17:52:36 GMT 2025","","","",""
"","0","Push message with content topic containing shell command","Waku Light Push: Multiple Nodes: Strict Check: false","Sun Jul 06 17:55:17 GMT 2025","passed","Sun Jul 06 17:55:17 GMT 2025","","","",""
"","0","Subscribe to topic containing long and receive message","Waku Filter: Subscribe: Multiple Service Nodes: Strict Check mode: false","Sun Jul 06 17:53:21 GMT 2025","passed","Sun Jul 06 17:53:21 GMT 2025","","","",""
"","1","should be able to decode the field with only RELAY set to true","ENR waku2 codec","Sun Jul 06 17:43:59 GMT 2025","passed","Sun Jul 06 17:43:59 GMT 2025","","Decoding","",""
"","1","should wait for LightPush peer to be connected","waitForRemotePeer","Sun Jul 06 17:44:37 GMT 2025","passed","Sun Jul 06 17:44:37 GMT 2025","","","",""
"","0","Check received message containing Chinese","Waku Filter: FilterPush: Multiple Nodes: Strict Checking: true","Sun Jul 06 17:52:36 GMT 2025","passed","Sun Jul 06 17:52:36 GMT 2025","","","",""
"","0","msgTime: -19000 ms from now, startTime: -19000, endTime: -18000","Waku Store, time filter","Sun Jul 06 17:49:23 GMT 2025","passed","Sun Jul 06 17:49:23 GMT 2025","","","",""
"","0","should return exactly numPeersToUse peers when enough are available","PeerManager","Sun Jul 06 17:44:37 GMT 2025","passed","Sun Jul 06 17:44:37 GMT 2025","","","",""
"","2","Should update multiaddrs","Peer Exchange Continuous Discovery","Sun Jul 06 17:45:54 GMT 2025","passed","Sun Jul 06 17:45:54 GMT 2025","","","",""
"","0","px service nodes not subscribed to the shard should not be dialed","Static Sharding: Peer Management","Sun Jul 06 17:48:07 GMT 2025","passed","Sun Jul 06 17:48:07 GMT 2025","","Peer Exchange","",""
"","1","isConnected should return false after all peers disconnect","Connection state","Sun Jul 06 17:45:26 GMT 2025","passed","Sun Jul 06 17:45:26 GMT 2025","","","",""
"","0","should support chaining for add method","TTLSet","Sun Jul 06 17:44:36 GMT 2025","passed","Sun Jul 06 17:44:36 GMT 2025","","","",""
"","0","should convert a SingleShardInfo object to the correct PubsubTopic","singleShardInfoToPubsubTopic","Sun Jul 06 17:43:54 GMT 2025","passed","Sun Jul 06 17:43:54 GMT 2025","","","",""
"","1","random static sharding 6 - Cluster ID: 365, Shard ID: 988","Static Sharding: Running Nodes","Sun Jul 06 17:49:45 GMT 2025","passed","Sun Jul 06 17:49:45 GMT 2025","","","",""
"","1","Push message with SQL Injection payload","Waku Light Push: Multiple Nodes: Strict Check: false","Sun Jul 06 17:55:17 GMT 2025","passed","Sun Jul 06 17:55:17 GMT 2025","","","",""
"","0","Push message with content topic containing JSON","Waku Light Push: Multiple Nodes: Strict Check: true","Sun Jul 06 17:55:17 GMT 2025","passed","Sun Jul 06 17:55:17 GMT 2025","","","",""
"","1","Push message with Arabic payload","Waku Light Push: Multiple Nodes: Strict Check: true","Sun Jul 06 17:55:17 GMT 2025","passed","Sun Jul 06 17:55:17 GMT 2025","","","",""
"","1","should be able to encode the field with ALL protocols set to true","ENR waku2 codec","Sun Jul 06 17:43:59 GMT 2025","passed","Sun Jul 06 17:43:59 GMT 2025","","Encoding","",""
"","0","Check publish message containing XML","Waku Relay, Publish","Sun Jul 06 17:46:51 GMT 2025","passed","Sun Jul 06 17:46:51 GMT 2025","","","",""
"","0","should hash ""test123"" with n=1 and maxValue=10000 correctly","hashN","Sun Jul 06 17:44:46 GMT 2025","passed","Sun Jul 06 17:44:46 GMT 2025","","","",""
"","0","Check received message containing escaped characters","Waku Filter: FilterPush: Multiple Nodes: Strict Checking: true","Sun Jul 06 17:52:36 GMT 2025","passed","Sun Jul 06 17:52:36 GMT 2025","","","",""
"","0","should return valid sharding parameters for content topics autosharding","ensureShardingConfigured","Sun Jul 06 17:43:54 GMT 2025","passed","Sun Jul 06 17:43:54 GMT 2025","","","",""
"","1","should emit a peer event after start","Peer Exchange","Sun Jul 06 17:46:27 GMT 2025","passed","Sun Jul 06 17:46:27 GMT 2025","interface-peer-discovery compliance tests","Compliance Test","",""
"","8","Fields are not dropped","to proto message","Sun Jul 06 17:44:08 GMT 2025","passed","Sun Jul 06 17:44:08 GMT 2025","","","",""
"","0","Fails to push message with large meta","Waku Light Push: Multiple Nodes: Strict Check: false","Sun Jul 06 17:55:17 GMT 2025","passed","Sun Jul 06 17:55:17 GMT 2025","","","",""
"","1","Push message with meta","Waku Light Push: Multiple Nodes: Strict Check: false","Sun Jul 06 17:55:17 GMT 2025","passed","Sun Jul 06 17:55:17 GMT 2025","","","",""
"","0","Check message with no payload is not received","Waku Filter: FilterPush: Multiple Nodes: Strict Checking: false","Sun Jul 06 17:52:36 GMT 2025","passed","Sun Jul 06 17:52:36 GMT 2025","","","",""
"","0","Check message with no content topic is not received","Waku Filter: FilterPush: Multiple Nodes: Strict Checking: true","Sun Jul 06 17:52:36 GMT 2025","passed","Sun Jul 06 17:52:36 GMT 2025","","","",""
"","1","Push message with shell command payload","Waku Light Push: Multiple Nodes: Strict Check: true","Sun Jul 06 17:55:17 GMT 2025","passed","Sun Jul 06 17:55:17 GMT 2025","","","",""
"","0","should update ack status of messages in outgoing buffer","MessageChannel","Sun Jul 06 17:44:51 GMT 2025","passed","Sun Jul 06 17:44:51 GMT 2025","","Sync messages","",""
"","1","should return only peers supporting the requested protocol and pubsub topic","PeerManager","Sun Jul 06 17:44:37 GMT 2025","passed","Sun Jul 06 17:44:37 GMT 2025","","","",""
"","0","Check received message containing SQL Injection","Waku Filter: FilterPush: Multiple Nodes: Strict Checking: false","Sun Jul 06 17:52:36 GMT 2025","passed","Sun Jul 06 17:52:36 GMT 2025","","","",""
"","0","should set field with only FILTER enabled","ENR","Sun Jul 06 17:44:00 GMT 2025","passed","Sun Jul 06 17:44:00 GMT 2025","","waku2 key round trip","",""
"","1","should hash ""Lorem ipsum dolor sit amet"" with n=2 and maxValue=1000 correctly","hashN","Sun Jul 06 17:44:46 GMT 2025","passed","Sun Jul 06 17:44:46 GMT 2025","","","",""
"","1","peer:update - should not schedule stream creation IF protocol hit AND stream found on connection","StreamManager","Sun Jul 06 17:44:08 GMT 2025","passed","Sun Jul 06 17:44:08 GMT 2025","","","",""
"","0","non connected peers","Peer Exchange Query","Sun Jul 06 17:46:27 GMT 2025","skipped","Sun Jul 06 17:46:27 GMT 2025","","","",""
"","0","should start and stop interval correctly","RetryManager","Sun Jul 06 17:44:37 GMT 2025","passed","Sun Jul 06 17:44:37 GMT 2025","","","",""
"","3","should transition to Unhealthy when no connections","HealthIndicator","Sun Jul 06 17:44:37 GMT 2025","passed","Sun Jul 06 17:44:37 GMT 2025","","","",""
"","1","same cluster, different shard: nodes connect","Metadata Protocol","Sun Jul 06 17:45:54 GMT 2025","passed","Sun Jul 06 17:45:54 GMT 2025","","connections","",""
"","2","should hash ""!@#$%^&*()"" with n=5 and maxValue=10000 correctly","hashN","Sun Jul 06 17:44:46 GMT 2025","passed","Sun Jul 06 17:44:46 GMT 2025","","","",""
"","0","should be able to decode the field with only LIGHTPUSH set to true","ENR waku2 codec","Sun Jul 06 17:43:59 GMT 2025","passed","Sun Jul 06 17:43:59 GMT 2025","","Decoding","",""
"","1","Passing invalid cursor for nwaku > 0.35.1","Waku Store, cursor","Sun Jul 06 17:48:19 GMT 2025","skipped","Sun Jul 06 17:48:19 GMT 2025","","","",""
"","0","should get / set UDP multiaddr","ENR","Sun Jul 06 17:44:00 GMT 2025","passed","Sun Jul 06 17:44:00 GMT 2025","","Multiaddr getters and setters","",""
"","0","Check received message containing unicode special characters","Waku Filter: FilterPush: Multiple Nodes: Strict Checking: false","Sun Jul 06 17:52:36 GMT 2025","passed","Sun Jul 06 17:52:36 GMT 2025","","","",""
"","0","Subscribe to topic containing special chars and publish message","Waku Relay, Subscribe","Sun Jul 06 17:46:58 GMT 2025","passed","Sun Jul 06 17:46:58 GMT 2025","","","",""
"","0","Check received message containing emoji","Waku Filter: FilterPush: Multiple Nodes: Strict Checking: false","Sun Jul 06 17:52:36 GMT 2025","passed","Sun Jul 06 17:52:36 GMT 2025","","","",""
"","0","Subscribe to topic containing shell command and receive message","Waku Filter: Subscribe: Multiple Service Nodes: Strict Check mode: true","Sun Jul 06 17:53:21 GMT 2025","passed","Sun Jul 06 17:53:21 GMT 2025","","","",""
"","0","random static sharding 3 - Cluster ID: 967, Shard ID: 924","Static Sharding: Running Nodes","Sun Jul 06 17:49:45 GMT 2025","passed","Sun Jul 06 17:49:45 GMT 2025","","","",""
"","0","should not fail to stop the service if it was not started","Peer Exchange","Sun Jul 06 17:46:27 GMT 2025","passed","Sun Jul 06 17:46:27 GMT 2025","interface-peer-discovery compliance tests","Compliance Test","",""
"","0","Subscribe to 30 topics in separate streams (30 streams for Filter is limit) at once and receives messages","Waku Filter: Subscribe: Multiple Service Nodes: Strict Check mode: false","Sun Jul 06 17:53:21 GMT 2025","skipped","Sun Jul 06 17:53:21 GMT 2025","","","",""
"","1","Round trip binary encryption [symmetric, signature]","Symmetric Encryption","Sun Jul 06 17:44:26 GMT 2025","passed","Sun Jul 06 17:44:26 GMT 2025","","","",""
"","2","should hash """" with n=0 and maxValue=10000 correctly","hashN","Sun Jul 06 17:44:46 GMT 2025","passed","Sun Jul 06 17:44:46 GMT 2025","","","",""
"","0","Throws when trying to push message with empty payload","Waku Light Push: Multiple Nodes: Strict Check: false","Sun Jul 06 17:55:17 GMT 2025","passed","Sun Jul 06 17:55:17 GMT 2025","","","",""
"","1","1 Relay, 1 fetch","Fetch nodes until capabilities are fulfilled","Sun Jul 06 17:44:16 GMT 2025","passed","Sun Jul 06 17:44:16 GMT 2025","","","",""
"","0","Decoder throws on empty string content topic","Ensures content topic is defined","Sun Jul 06 17:44:09 GMT 2025","passed","Sun Jul 06 17:44:09 GMT 2025","","","",""
"","0","should throw error - no id","ENR","Sun Jul 06 17:44:00 GMT 2025","passed","Sun Jul 06 17:44:00 GMT 2025","","Txt codec","",""
"","0","should throw an error for an unconfigured topic","ensurePubsubTopicIsConfigured","Sun Jul 06 17:43:54 GMT 2025","passed","Sun Jul 06 17:43:54 GMT 2025","","","",""
"","1","tcp ip4 address","Multiaddr from fields","Sun Jul 06 17:43:59 GMT 2025","passed","Sun Jul 06 17:43:59 GMT 2025","","","",""
"","0","Check received message containing JSON","Waku Filter: FilterPush: Multiple Nodes: Strict Checking: false","Sun Jul 06 17:52:36 GMT 2025","passed","Sun Jul 06 17:52:36 GMT 2025","","","",""
"","3","should not retry if at least one success","LightPush SDK","Sun Jul 06 17:44:37 GMT 2025","passed","Sun Jul 06 17:44:37 GMT 2025","","","",""
"","0","should be able to decode the field with STORE and LIGHTPUSH protocols set to true","ENR waku2 codec","Sun Jul 06 17:43:59 GMT 2025","passed","Sun Jul 06 17:43:59 GMT 2025","","Decoding","",""
"","0","Check received message containing JSON","Waku Filter: FilterPush: Multiple Nodes: Strict Checking: true","Sun Jul 06 17:52:36 GMT 2025","passed","Sun Jul 06 17:52:36 GMT 2025","","","",""
"","0","should handle special patterns correctly","BloomFilter with special patterns","Sun Jul 06 17:44:49 GMT 2025","passed","Sun Jul 06 17:44:49 GMT 2025","","","",""
"","0","should throw an error for SingleShardInfos with different clusterIds","singleShardInfosToShardInfo","Sun Jul 06 17:43:54 GMT 2025","passed","Sun Jul 06 17:43:54 GMT 2025","","","",""
"","0","Check message with no pubsub topic is not received","Waku Filter: FilterPush: Multiple Nodes: Strict Checking: true","Sun Jul 06 17:52:36 GMT 2025","passed","Sun Jul 06 17:52:36 GMT 2025","","","",""
"","0","Decoder throws on empty string content topic","Ensures content topic is defined","Sun Jul 06 17:44:26 GMT 2025","passed","Sun Jul 06 17:44:26 GMT 2025","","","",""
"","0","Push message with JSON payload","Waku Light Push: Multiple Nodes: Strict Check: false","Sun Jul 06 17:55:17 GMT 2025","passed","Sun Jul 06 17:55:17 GMT 2025","","","",""
"","0","should hash ""Lorem ipsum dolor sit amet"" with n=1 and maxValue=10000 correctly","hashN","Sun Jul 06 17:44:46 GMT 2025","passed","Sun Jul 06 17:44:46 GMT 2025","","","",""
"","0","Check message on other pubsub topic is not received","Waku Filter: FilterPush: Multiple Nodes: Strict Checking: true","Sun Jul 06 17:52:36 GMT 2025","passed","Sun Jul 06 17:52:36 GMT 2025","","","",""
"","0","PeerStore has remote peer's shard info after successful connection","Metadata Protocol","Sun Jul 06 17:45:54 GMT 2025","passed","Sun Jul 06 17:45:54 GMT 2025","","","",""
"","0","should throw an error for missing sharding configuration","ensureShardingConfigured","Sun Jul 06 17:43:54 GMT 2025","passed","Sun Jul 06 17:43:54 GMT 2025","","","",""
"","0","should not receive a peer event before start","DNS Discovery: Compliance Test","Sun Jul 06 17:45:11 GMT 2025","passed","Sun Jul 06 17:45:11 GMT 2025","","interface-peer-discovery compliance tests","",""
"","0","Subscribe to topic containing Arabic and receive message","Waku Filter: Subscribe: Multiple Service Nodes: Strict Check mode: false","Sun Jul 06 17:53:21 GMT 2025","passed","Sun Jul 06 17:53:21 GMT 2025","","","",""
"","0","Subscribe to topic containing unicode special characters and publish message","Waku Relay, Subscribe","Sun Jul 06 17:46:58 GMT 2025","passed","Sun Jul 06 17:46:58 GMT 2025","","","",""
"","0","Push message with Russian payload","Waku Light Push: Multiple Nodes: Strict Check: false","Sun Jul 06 17:55:17 GMT 2025","passed","Sun Jul 06 17:55:17 GMT 2025","","","",""
"","0","Ephemeral field set to true","Waku Message version 0","Sun Jul 06 17:44:09 GMT 2025","passed","Sun Jul 06 17:44:09 GMT 2025","","","",""
"","0","should retry on complete failure if specified","LightPush SDK","Sun Jul 06 17:44:37 GMT 2025","passed","Sun Jul 06 17:44:37 GMT 2025","","","",""
"","1","should not fail to start the service if it is already started","Peer Exchange","Sun Jul 06 17:46:27 GMT 2025","passed","Sun Jul 06 17:46:27 GMT 2025","interface-peer-discovery compliance tests","Compliance Test","",""
"","0","should be empty when created","Filter Subscription","Sun Jul 06 17:44:37 GMT 2025","passed","Sun Jul 06 17:44:37 GMT 2025","","","",""
"","0","should hash ""!@#$%^&*()"" with n=1 and maxValue=10000 correctly","hashN","Sun Jul 06 17:44:46 GMT 2025","passed","Sun Jul 06 17:44:46 GMT 2025","","","",""
"","0","should have no discoveries enabled by default","Default Peer Discoveries","Sun Jul 06 17:44:36 GMT 2025","passed","Sun Jul 06 17:44:36 GMT 2025","","","",""
"","0","Push message with Script payload","Waku Light Push: Multiple Nodes: Strict Check: true","Sun Jul 06 17:55:17 GMT 2025","passed","Sun Jul 06 17:55:17 GMT 2025","","","",""
"","2","should not allow k > 12","Probabilities","Sun Jul 06 17:44:46 GMT 2025","passed","Sun Jul 06 17:44:46 GMT 2025","","","",""
"","1","Relay","ENR Interop: ServiceNode","Sun Jul 06 17:45:12 GMT 2025","passed","Sun Jul 06 17:45:12 GMT 2025","","","",""
"","1","should initialize bloom filter with correct parameters","BloomFilter","Sun Jul 06 17:44:49 GMT 2025","passed","Sun Jul 06 17:44:49 GMT 2025","","","",""
"","0","should be able to encode the field with ALL protocols set to false","ENR waku2 codec","Sun Jul 06 17:43:59 GMT 2025","passed","Sun Jul 06 17:43:59 GMT 2025","","Encoding","",""
"","1","Check message received after jswaku node is restarted","Waku Filter: FilterPush: Multiple Nodes: Strict Checking: false","Sun Jul 06 17:52:36 GMT 2025","passed","Sun Jul 06 17:52:36 GMT 2025","","","",""
"","0","getPeersByDiscovery","Peer Exchange","Sun Jul 06 17:46:50 GMT 2025","passed","Sun Jul 06 17:46:50 GMT 2025","","","",""
"","1","should hash ""Lorem ipsum dolor sit amet"" with n=5 and maxValue=10000 correctly","hashN","Sun Jul 06 17:44:46 GMT 2025","passed","Sun Jul 06 17:44:46 GMT 2025","","","",""
"","18","should keep entries that haven't expired yet","TTLSet","Sun Jul 06 17:44:36 GMT 2025","passed","Sun Jul 06 17:44:36 GMT 2025","","","",""
"","1","should reject if WakuNode is not started","waitForRemotePeer","Sun Jul 06 17:44:37 GMT 2025","passed","Sun Jul 06 17:44:37 GMT 2025","","","",""
"","0","Add multiple subscription objects on single nwaku node","Waku Filter: Subscribe: Multiple Service Nodes: Strict Check mode: false","Sun Jul 06 17:53:21 GMT 2025","passed","Sun Jul 06 17:53:21 GMT 2025","","","",""
"","0","should detect messages with missing dependencies","MessageChannel","Sun Jul 06 17:44:51 GMT 2025","passed","Sun Jul 06 17:44:51 GMT 2025","","Sweeping incoming buffer","",""
"","1","groups multiple content topics into the same pubsub topic when they share the same shard index","contentTopicsByPubsubTopic","Sun Jul 06 17:43:54 GMT 2025","passed","Sun Jul 06 17:43:54 GMT 2025","","","",""
"","1","should derive a pubsub topic using contentTopic when SingleShardInfo only contains clusterId","determinePubsubTopic","Sun Jul 06 17:43:54 GMT 2025","passed","Sun Jul 06 17:43:54 GMT 2025","","","",""
"","0","Subscribe to topic containing JSON and publish message","Waku Relay, Subscribe","Sun Jul 06 17:46:58 GMT 2025","passed","Sun Jul 06 17:46:58 GMT 2025","","","",""
"","0","should hash ""test123"" with n=0 and maxValue=100 correctly","hashN","Sun Jul 06 17:44:46 GMT 2025","passed","Sun Jul 06 17:44:46 GMT 2025","","","",""
"","0","should correctly map a content topic to a pubsub topic for different network shard sizes","contentTopicToPubsubTopic","Sun Jul 06 17:43:54 GMT 2025","passed","Sun Jul 06 17:43:54 GMT 2025","","","",""
"","1","should not fail to stop the service if it was not started","DNS Discovery: Compliance Test","Sun Jul 06 17:45:11 GMT 2025","passed","Sun Jul 06 17:45:11 GMT 2025","","interface-peer-discovery compliance tests","",""
"","0","Check meta is set [ecies]","Ecies Encryption","Sun Jul 06 17:44:28 GMT 2025","passed","Sun Jul 06 17:44:28 GMT 2025","","","",""
"","1","Non TWN Cluster","Autosharding: Running Nodes","Sun Jul 06 17:48:37 GMT 2025","passed","Sun Jul 06 17:48:37 GMT 2025","","","",""
"","0","Push message with custom timestamp: 1751820315017","Waku Light Push: Multiple Nodes: Strict Check: false","Sun Jul 06 17:55:17 GMT 2025","passed","Sun Jul 06 17:55:17 GMT 2025","","","",""
"","0","Subscribe and receive messages via waku relay post","Waku Filter: Subscribe: Multiple Service Nodes: Strict Check mode: true","Sun Jul 06 17:53:21 GMT 2025","passed","Sun Jul 06 17:53:21 GMT 2025","","","",""
"","1","should hash ""hello"" with n=1 and maxValue=10000 correctly","hashN","Sun Jul 06 17:44:46 GMT 2025","passed","Sun Jul 06 17:44:46 GMT 2025","","","",""
"","1","Push message equal or less that 1MB","Waku Light Push: Multiple Nodes: Strict Check: true","Sun Jul 06 17:55:17 GMT 2025","passed","Sun Jul 06 17:55:17 GMT 2025","","","",""
"","0","should correctly map /0/toychat/2/huilong/proto to shard index 3","contentTopicToShardIndex","Sun Jul 06 17:43:54 GMT 2025","passed","Sun Jul 06 17:43:54 GMT 2025","","","",""
"","0","Encoder throws on empty string content topic","Ensures content topic is defined","Sun Jul 06 17:44:09 GMT 2025","passed","Sun Jul 06 17:44:09 GMT 2025","","","",""
"","0","ENRTree (tree): should parse a DNS tree entry","ENRTree","Sun Jul 06 17:44:16 GMT 2025","passed","Sun Jul 06 17:44:16 GMT 2025","","","",""
"","0","peer:update - should do nothing if another protocol hit","StreamManager","Sun Jul 06 17:44:08 GMT 2025","passed","Sun Jul 06 17:44:08 GMT 2025","","","",""
"","0","uses static shard pubsub topic instead of autosharding when set","Sets sharding configuration correctly","Sun Jul 06 17:44:09 GMT 2025","passed","Sun Jul 06 17:44:09 GMT 2025","","","",""
"","1","Query with Ordered Callback, Multiple PubsubTopics","Waku Store, error handling","Sun Jul 06 17:48:32 GMT 2025","passed","Sun Jul 06 17:48:32 GMT 2025","","","",""
"","0","Push message with Arabic payload","Waku Light Push: Multiple Nodes: Strict Check: false","Sun Jul 06 17:55:17 GMT 2025","passed","Sun Jul 06 17:55:17 GMT 2025","","","",""
"","0","ENRTree (branch): should parse and verify a single component DNS branch entry","ENRTree","Sun Jul 06 17:44:16 GMT 2025","passed","Sun Jul 06 17:44:16 GMT 2025","","","",""
"","0","Passing a valid cursor at 2 index when there are 4 messages","Waku Store, cursor","Sun Jul 06 17:48:19 GMT 2025","passed","Sun Jul 06 17:48:19 GMT 2025","","","",""
"","0","Subscribe and receive messages on 2 different content topics","Waku Filter: Subscribe: Multiple Service Nodes: Strict Check mode: true","Sun Jul 06 17:53:21 GMT 2025","passed","Sun Jul 06 17:53:21 GMT 2025","","","",""
"","0","Passing page size 110 when there are 120 messages","Waku Store, page size","Sun Jul 06 17:49:14 GMT 2025","passed","Sun Jul 06 17:49:14 GMT 2025","","","",""
"","1","Check publish message containing shell command","Waku Relay, Publish","Sun Jul 06 17:46:51 GMT 2025","passed","Sun Jul 06 17:46:51 GMT 2025","","","",""
"","0","should handle general insertion and lookup correctly","BloomFilter with special patterns","Sun Jul 06 17:44:49 GMT 2025","passed","Sun Jul 06 17:44:49 GMT 2025","","","",""
"","1","Push message with custom timestamp: 1721065515016","Waku Light Push: Multiple Nodes: Strict Check: true","Sun Jul 06 17:55:17 GMT 2025","passed","Sun Jul 06 17:55:17 GMT 2025","","","",""
"","1","should stop and cleanup resources","Filter Subscription","Sun Jul 06 17:44:37 GMT 2025","passed","Sun Jul 06 17:44:37 GMT 2025","","","",""
"","1","Query Generator sorting by timestamp while page direction is false","Waku Store, sorting","Sun Jul 06 17:49:09 GMT 2025","passed","Sun Jul 06 17:49:09 GMT 2025","","","",""
"","0","should hash ""hello"" with n=2 and maxValue=1000 correctly","hashN","Sun Jul 06 17:44:46 GMT 2025","passed","Sun Jul 06 17:44:46 GMT 2025","","","",""
"","1","Push message with custom timestamp: 1721065515017","Waku Light Push: Multiple Nodes: Strict Check: false","Sun Jul 06 17:55:17 GMT 2025","passed","Sun Jul 06 17:55:17 GMT 2025","","","",""
"","0","Should fail to subscribe with decoder with wrong shard","Waku Filter: Subscribe: Multiple Service Nodes: Strict Check mode: true","Sun Jul 06 17:53:21 GMT 2025","passed","Sun Jul 06 17:53:21 GMT 2025","","","",""
"","0","Push message with XML payload","Waku Light Push: Multiple Nodes: Strict Check: false","Sun Jul 06 17:55:17 GMT 2025","passed","Sun Jul 06 17:55:17 GMT 2025","","","",""
"","1","can start and stop the service","Peer Exchange","Sun Jul 06 17:46:27 GMT 2025","passed","Sun Jul 06 17:46:27 GMT 2025","interface-peer-discovery compliance tests","Compliance Test","",""
"","0","Check received message containing shell command","Waku Filter: FilterPush: Multiple Nodes: Strict Checking: true","Sun Jul 06 17:52:36 GMT 2025","passed","Sun Jul 06 17:52:36 GMT 2025","","","",""
"","2","should emit `peer:discovery:bootstrap` event when a peer is discovered","Events","Sun Jul 06 17:45:07 GMT 2025","passed","Sun Jul 06 17:45:07 GMT 2025","","peer:discovery","",""
"","0","should correctly map a content topic to a pubsub topic","contentTopicToPubsubTopic","Sun Jul 06 17:43:54 GMT 2025","passed","Sun Jul 06 17:43:54 GMT 2025","","","",""
"","4","should emit a peer event after start","DNS Discovery: Compliance Test","Sun Jul 06 17:45:11 GMT 2025","passed","Sun Jul 06 17:45:11 GMT 2025","","interface-peer-discovery compliance tests","",""
"","1","should call waitForPeer on Relay","waitForRemotePeer","Sun Jul 06 17:44:37 GMT 2025","passed","Sun Jul 06 17:44:37 GMT 2025","","","",""
"","0","3 nodes on /waku/2/rs/3/1 topic","Waku Relay, multiple pubsub topics","Sun Jul 06 17:46:44 GMT 2025","passed","Sun Jul 06 17:46:44 GMT 2025","","","",""
"","0","Push message with escaped characters payload","Waku Light Push: Multiple Nodes: Strict Check: true","Sun Jul 06 17:55:17 GMT 2025","passed","Sun Jul 06 17:55:17 GMT 2025","","","",""
"","0","should load peers from local storage and dispatch events","Local Storage Discovery","Sun Jul 06 17:44:20 GMT 2025","passed","Sun Jul 06 17:44:20 GMT 2025","","Unit Tests","",""
"","1","Subscribe and publish message","Waku Relay, Subscribe","Sun Jul 06 17:46:58 GMT 2025","passed","Sun Jul 06 17:46:58 GMT 2025","","","",""
"","1","Push message with content topic containing escaped characters","Waku Light Push: Multiple Nodes: Strict Check: true","Sun Jul 06 17:55:17 GMT 2025","passed","Sun Jul 06 17:55:17 GMT 2025","","","",""
"","0","Subscribe and receive messages from 2 nwaku nodes each with different pubsubtopics","Waku Filter: Subscribe: Multiple Service Nodes: Strict Check mode: false","Sun Jul 06 17:53:21 GMT 2025","passed","Sun Jul 06 17:53:21 GMT 2025","","","",""
"","0","Push message with special chars payload","Waku Light Push: Multiple Nodes: Strict Check: false","Sun Jul 06 17:55:17 GMT 2025","passed","Sun Jul 06 17:55:17 GMT 2025","","","",""
"","1","Check received message containing Arabic","Waku Filter: FilterPush: Multiple Nodes: Strict Checking: false","Sun Jul 06 17:52:36 GMT 2025","passed","Sun Jul 06 17:52:36 GMT 2025","","","",""
"","0","Renews subscription after lossing a connection","Waku Filter: Subscribe: Multiple Service Nodes: Strict Check mode: true","Sun Jul 06 17:53:21 GMT 2025","passed","Sun Jul 06 17:53:21 GMT 2025","","","",""
"","1","should handle a minimal index list","Relay Shard codec","Sun Jul 06 17:43:54 GMT 2025","passed","Sun Jul 06 17:43:54 GMT 2025","","","",""
"","0","Push message with content topic containing XML","Waku Light Push: Multiple Nodes: Strict Check: false","Sun Jul 06 17:55:17 GMT 2025","passed","Sun Jul 06 17:55:17 GMT 2025","","","",""
"","0","ignores unrecognized TXT record formats","DNS Node Discovery","Sun Jul 06 17:44:16 GMT 2025","passed","Sun Jul 06 17:44:16 GMT 2025","","","",""
"","1","should be able to encode the field with STORE and LIGHTPUSH protocols set to true","ENR waku2 codec","Sun Jul 06 17:43:59 GMT 2025","passed","Sun Jul 06 17:43:59 GMT 2025","","Encoding","",""
"","1","ENRTree (root): should error if DNS root entry is malformed","ENRTree","Sun Jul 06 17:44:16 GMT 2025","passed","Sun Jul 06 17:44:16 GMT 2025","","","",""
"","0","Waku message hash computation (meta size of 64 bytes)","Message Hash: RFC Test Vectors","Sun Jul 06 17:44:08 GMT 2025","passed","Sun Jul 06 17:44:08 GMT 2025","","","",""
"","1","should throw an error if shards are undefined for static sharding","shardInfoToPubsubTopics","Sun Jul 06 17:43:54 GMT 2025","passed","Sun Jul 06 17:43:54 GMT 2025","","","",""
"","0","should hash ""Lorem ipsum dolor sit amet"" with n=5 and maxValue=1000 correctly","hashN","Sun Jul 06 17:44:46 GMT 2025","passed","Sun Jul 06 17:44:46 GMT 2025","","","",""
"","0","Passing page size 19 when there are 20 messages","Waku Store, page size","Sun Jul 06 17:49:14 GMT 2025","passed","Sun Jul 06 17:49:14 GMT 2025","","","",""
"","0","should create a new stream if no existing for protocol found","StreamManager","Sun Jul 06 17:44:08 GMT 2025","passed","Sun Jul 06 17:44:08 GMT 2025","","","",""
"","1","pre and post cipher","Waku Encryption","Sun Jul 06 17:44:27 GMT 2025","passed","Sun Jul 06 17:44:27 GMT 2025","","","",""
"","0","Unsubscribe topics the node is not subscribed to","Waku Filter: Unsubscribe: Multiple Nodes: Strict Checking: true","Sun Jul 06 17:47:49 GMT 2025","passed","Sun Jul 06 17:47:49 GMT 2025","","","",""
"","0","Should fail to subscribe with decoder with wrong shard","Waku Filter: Subscribe: Multiple Service Nodes: Strict Check mode: false","Sun Jul 06 17:53:21 GMT 2025","passed","Sun Jul 06 17:53:21 GMT 2025","","","",""
"","0","throws on content topic with empty application field","ensureValidContentTopic","Sun Jul 06 17:43:54 GMT 2025","passed","Sun Jul 06 17:43:54 GMT 2025","","","",""
"","0","random auto sharding 2 - Cluster ID: 10, Content Topic: /app53/1/topic834/utf8","Autosharding: Running Nodes","Sun Jul 06 17:48:37 GMT 2025","passed","Sun Jul 06 17:48:37 GMT 2025","","","",""
"","1","should remove messages without delivering if timeout is exceeded","MessageChannel","Sun Jul 06 17:44:51 GMT 2025","passed","Sun Jul 06 17:44:51 GMT 2025","","Sweeping incoming buffer","",""
"","1","should properly create location multiaddrs - tcp","ENR","Sun Jul 06 17:44:00 GMT 2025","passed","Sun Jul 06 17:44:00 GMT 2025","","Location multiaddr","",""
"","0","Check publish message containing Chinese","Waku Relay, Publish","Sun Jul 06 17:46:51 GMT 2025","passed","Sun Jul 06 17:46:51 GMT 2025","","","",""
"","0","Cluster ID 0 - Default/Global Cluster","Static Sharding: Running Nodes","Sun Jul 06 17:49:45 GMT 2025","passed","Sun Jul 06 17:49:45 GMT 2025","","","",""
"","0","Check message with invalid timestamp is not received","Waku Filter: FilterPush: Multiple Nodes: Strict Checking: false","Sun Jul 06 17:52:36 GMT 2025","passed","Sun Jul 06 17:52:36 GMT 2025","","","",""
"","0","should correctly map /app/27/sometopic/someencoding to shard index 5","contentTopicToShardIndex","Sun Jul 06 17:43:54 GMT 2025","passed","Sun Jul 06 17:43:54 GMT 2025","","","",""
"","1","should emit `waku:offline` event only when all peers disconnect","Connection state","Sun Jul 06 17:45:26 GMT 2025","passed","Sun Jul 06 17:45:26 GMT 2025","","","",""
"","0","should hash ""Lorem ipsum dolor sit amet"" with n=1 and maxValue=1000 correctly","hashN","Sun Jul 06 17:44:46 GMT 2025","passed","Sun Jul 06 17:44:46 GMT 2025","","","",""
"","0","messageHashStr works with IProtoMessage","messageHash and messageHashStr","Sun Jul 06 17:44:08 GMT 2025","passed","Sun Jul 06 17:44:08 GMT 2025","","","",""
"","0","Push message with Script payload","Waku Light Push: Multiple Nodes: Strict Check: false","Sun Jul 06 17:55:17 GMT 2025","passed","Sun Jul 06 17:55:17 GMT 2025","","","",""
"","0","should return the pubsub topic directly if a string is provided","determinePubsubTopic","Sun Jul 06 17:43:54 GMT 2025","passed","Sun Jul 06 17:43:54 GMT 2025","","","",""
"","2","should hash ""hello"" with n=0 and maxValue=10000 correctly","hashN","Sun Jul 06 17:44:46 GMT 2025","passed","Sun Jul 06 17:44:46 GMT 2025","","","",""
"","0","should requeue task if no peer is available","RetryManager","Sun Jul 06 17:44:37 GMT 2025","passed","Sun Jul 06 17:44:37 GMT 2025","","","",""
"","1","Relay - dialed after","Wait for remote peer","Sun Jul 06 17:49:28 GMT 2025","passed","Sun Jul 06 17:49:28 GMT 2025","","","",""
"","0","should hash ""hello"" with n=5 and maxValue=10000 correctly","hashN","Sun Jul 06 17:44:46 GMT 2025","passed","Sun Jul 06 17:44:46 GMT 2025","","","",""
"","0","Subscribe to topic containing short and receive message","Waku Filter: Subscribe: Multiple Service Nodes: Strict Check mode: false","Sun Jul 06 17:53:21 GMT 2025","passed","Sun Jul 06 17:53:21 GMT 2025","","","",""
"","0","should get / set TCP multiaddr","ENR","Sun Jul 06 17:44:00 GMT 2025","passed","Sun Jul 06 17:44:00 GMT 2025","","Multiaddr getters and setters","",""
"","1","Sets default value correctly","User Agent","Sun Jul 06 17:49:29 GMT 2025","passed","Sun Jul 06 17:49:29 GMT 2025","","","",""
"","0","should properly create location multiaddrs - udp4","ENR","Sun Jul 06 17:44:00 GMT 2025","passed","Sun Jul 06 17:44:00 GMT 2025","","Location multiaddr","",""
"","0","handles different clusterIds correctly","contentTopicsByPubsubTopic","Sun Jul 06 17:43:54 GMT 2025","passed","Sun Jul 06 17:43:54 GMT 2025","","","",""
"","0","retrieves a single peer","DNS Node Discovery","Sun Jul 06 17:44:16 GMT 2025","passed","Sun Jul 06 17:44:16 GMT 2025","","","",""
"","0","using a protocol with unconfigured pubsub topic should fail","Autosharding: Running Nodes","Sun Jul 06 17:48:37 GMT 2025","passed","Sun Jul 06 17:48:37 GMT 2025","","","",""
"","0","can start the service","Local Storage Discovery","Sun Jul 06 17:44:20 GMT 2025","passed","Sun Jul 06 17:44:20 GMT 2025","interface-peer-discovery compliance tests","Compliance Tests","",""
"","0","Push message with emoji payload","Waku Light Push: Multiple Nodes: Strict Check: false","Sun Jul 06 17:55:17 GMT 2025","passed","Sun Jul 06 17:55:17 GMT 2025","","","",""
"","0","should handle clusterId, application and version for autosharding with cluster iD 6","shardInfoToPubsubTopics","Sun Jul 06 17:43:54 GMT 2025","passed","Sun Jul 06 17:43:54 GMT 2025","","","",""
"","0","should throw an error for non-numeric shard: /waku/2/rs/1/x","pubsubTopicToSingleShardInfo with various invalid formats","Sun Jul 06 17:43:54 GMT 2025","passed","Sun Jul 06 17:43:54 GMT 2025","","","",""
"","0","Generator, 2 different pubsubtopics","Waku Store (Autosharding), custom pubsub topic","Sun Jul 06 17:48:52 GMT 2025","skipped","Sun Jul 06 17:48:52 GMT 2025","","","",""
"","0","Generator, custom pubsub topic","Waku Store (Autosharding), custom pubsub topic","Sun Jul 06 17:48:52 GMT 2025","skipped","Sun Jul 06 17:48:52 GMT 2025","","","",""
"","0","Check publish message containing JSON","Waku Relay, Publish","Sun Jul 06 17:46:51 GMT 2025","passed","Sun Jul 06 17:46:51 GMT 2025","","","",""
"","0","Push message with content topic containing numeric","Waku Light Push: Multiple Nodes: Strict Check: false","Sun Jul 06 17:55:17 GMT 2025","passed","Sun Jul 06 17:55:17 GMT 2025","","","",""
"","0","Query with Promise Callback, Multiple PubsubTopics","Waku Store, error handling","Sun Jul 06 17:48:32 GMT 2025","passed","Sun Jul 06 17:48:32 GMT 2025","","","",""
"","2","should return true when clusterId matches and shard is included in network shards","IWaku utils","Sun Jul 06 17:44:37 GMT 2025","passed","Sun Jul 06 17:44:37 GMT 2025","","isShardCompatible","",""
"","0","should hash ""test123"" with n=5 and maxValue=1000 correctly","hashN","Sun Jul 06 17:44:46 GMT 2025","passed","Sun Jul 06 17:44:46 GMT 2025","","","",""
"","0","Push message with content topic containing Basic HTML tag","Waku Light Push: Multiple Nodes: Strict Check: true","Sun Jul 06 17:55:17 GMT 2025","passed","Sun Jul 06 17:55:17 GMT 2025","","","",""
"","0","should enable all discoveries when explicitly set","Default Peer Discoveries","Sun Jul 06 17:44:36 GMT 2025","passed","Sun Jul 06 17:44:36 GMT 2025","","","",""
"","0","messageHash returns a Uint8Array","messageHash and messageHashStr","Sun Jul 06 17:44:08 GMT 2025","passed","Sun Jul 06 17:44:08 GMT 2025","","","",""
"","0","should maintain proper timestamps if all messages received","MessageChannel","Sun Jul 06 17:44:51 GMT 2025","passed","Sun Jul 06 17:44:51 GMT 2025","","receiving a message","",""
"","0","Subscribe to topic containing numeric and receive message","Waku Filter: Subscribe: Multiple Service Nodes: Strict Check mode: false","Sun Jul 06 17:53:21 GMT 2025","passed","Sun Jul 06 17:53:21 GMT 2025","","","",""
"","0","Waku message hash computation (message is IProtoMessage with version)","Message Hash: RFC Test Vectors","Sun Jul 06 17:44:08 GMT 2025","passed","Sun Jul 06 17:44:08 GMT 2025","","","",""
"","0","should convert content topics to PubsubTopics for autosharding","shardInfoToPubsubTopics","Sun Jul 06 17:43:54 GMT 2025","passed","Sun Jul 06 17:43:54 GMT 2025","","","",""
"","0","Subscribe to topic containing Chinese and receive message","Waku Filter: Subscribe: Multiple Service Nodes: Strict Check mode: false","Sun Jul 06 17:53:21 GMT 2025","passed","Sun Jul 06 17:53:21 GMT 2025","","","",""
"","0","Publish without waiting for remote peer","Waku Relay, Subscribe","Sun Jul 06 17:46:58 GMT 2025","passed","Sun Jul 06 17:46:58 GMT 2025","","","",""
"","1","should correctly map /waku/2/content/test.js to shard index 1","contentTopicToShardIndex","Sun Jul 06 17:43:54 GMT 2025","passed","Sun Jul 06 17:43:54 GMT 2025","","","",""
"","0","Push message with content topic containing SQL Injection","Waku Light Push: Multiple Nodes: Strict Check: true","Sun Jul 06 17:55:17 GMT 2025","passed","Sun Jul 06 17:55:17 GMT 2025","","","",""
"","0","Push message with SQL Injection payload","Waku Light Push: Multiple Nodes: Strict Check: true","Sun Jul 06 17:55:17 GMT 2025","passed","Sun Jul 06 17:55:17 GMT 2025","","","",""
"","0","should mark all messages in causal history as acknowledged","MessageChannel","Sun Jul 06 17:44:51 GMT 2025","passed","Sun Jul 06 17:44:51 GMT 2025","","reviewing ack status","",""
"","1","Check received message containing short","Waku Filter: FilterPush: Multiple Nodes: Strict Checking: true","Sun Jul 06 17:52:36 GMT 2025","passed","Sun Jul 06 17:52:36 GMT 2025","","","",""
"","1","should not be empty after adding a subscription","Filter Subscription","Sun Jul 06 17:44:37 GMT 2025","passed","Sun Jul 06 17:44:37 GMT 2025","","","",""
"","0","Subscribe and receive messages on 2 different content topics","Waku Filter: Subscribe: Multiple Service Nodes: Strict Check mode: false","Sun Jul 06 17:53:21 GMT 2025","passed","Sun Jul 06 17:53:21 GMT 2025","","","",""
"","0","Push message with content topic containing unicode special characters","Waku Light Push: Multiple Nodes: Strict Check: true","Sun Jul 06 17:55:17 GMT 2025","passed","Sun Jul 06 17:55:17 GMT 2025","","","",""
"","0","isConnected return false after peer stops","Connection state","Sun Jul 06 17:45:26 GMT 2025","passed","Sun Jul 06 17:45:26 GMT 2025","","","",""
"","1","Ordered Callback sorting by timestamp while page direction is false","Waku Store, sorting","Sun Jul 06 17:49:09 GMT 2025","passed","Sun Jul 06 17:49:09 GMT 2025","","","",""
"","0","should correctly encode and decode relay shards using rs format (Index List)","Relay Shard codec","Sun Jul 06 17:43:54 GMT 2025","passed","Sun Jul 06 17:43:54 GMT 2025","","","",""
"","0","should not fail to stop the service if it was not started","Local Storage Discovery","Sun Jul 06 17:44:20 GMT 2025","passed","Sun Jul 06 17:44:20 GMT 2025","interface-peer-discovery compliance tests","Compliance Tests","",""
"","0","Meta field set when metaSetter is specified","Waku Message version 0","Sun Jul 06 17:44:09 GMT 2025","passed","Sun Jul 06 17:44:09 GMT 2025","","","",""
"","0","Decoder throws on undefined content topic","Ensures content topic is defined","Sun Jul 06 17:44:28 GMT 2025","passed","Sun Jul 06 17:44:28 GMT 2025","","","",""
"","1","Push message with Basic HTML tag payload","Waku Light Push: Multiple Nodes: Strict Check: false","Sun Jul 06 17:55:17 GMT 2025","passed","Sun Jul 06 17:55:17 GMT 2025","","","",""
"","0","should only return 1 node with relay and store capability","DNS Node Discovery w/ capabilities","Sun Jul 06 17:44:16 GMT 2025","passed","Sun Jul 06 17:44:16 GMT 2025","","","",""
"","0","Timestamp too far from node time: 40000 ms from now","Waku Store, time filter","Sun Jul 06 17:49:23 GMT 2025","passed","Sun Jul 06 17:49:23 GMT 2025","","","",""
"","1","Push message with content topic containing numeric","Waku Light Push: Multiple Nodes: Strict Check: true","Sun Jul 06 17:55:17 GMT 2025","passed","Sun Jul 06 17:55:17 GMT 2025","","","",""
"","0","should be able to encode the field with only STORE set to true","ENR waku2 codec","Sun Jul 06 17:43:59 GMT 2025","passed","Sun Jul 06 17:43:59 GMT 2025","","Encoding","",""
"","0","Push message with content topic containing short","Waku Light Push: Multiple Nodes: Strict Check: false","Sun Jul 06 17:55:17 GMT 2025","passed","Sun Jul 06 17:55:17 GMT 2025","","","",""
"","0","random static sharding 5 - Cluster ID: 49, Shard ID: 433","Static Sharding: Running Nodes","Sun Jul 06 17:49:45 GMT 2025","passed","Sun Jul 06 17:49:45 GMT 2025","","","",""
"","0","`waku:online` between 2 js-waku relay nodes","Connection state","Sun Jul 06 17:45:26 GMT 2025","passed","Sun Jul 06 17:45:26 GMT 2025","","","",""
"","0","Query with Ordered Callback, Wrong PubsubTopic","Waku Store, error handling","Sun Jul 06 17:48:32 GMT 2025","passed","Sun Jul 06 17:48:32 GMT 2025","","","",""
"","0","should be able to decode the field with only FILTER set to true","ENR waku2 codec","Sun Jul 06 17:43:59 GMT 2025","passed","Sun Jul 06 17:43:59 GMT 2025","","Decoding","",""
"","0","should emit a peer event after start","Local Storage Discovery","Sun Jul 06 17:44:20 GMT 2025","passed","Sun Jul 06 17:44:20 GMT 2025","interface-peer-discovery compliance tests","Compliance Tests","",""
"","0","Subscribe to 100 topics (new limit) at once and receives messages","Waku Filter: Subscribe: Multiple Service Nodes: Strict Check mode: true","Sun Jul 06 17:53:21 GMT 2025","passed","Sun Jul 06 17:53:21 GMT 2025","","","",""
"","0","Push to array if already present","pushOrInitMapSet","Sun Jul 06 17:43:53 GMT 2025","passed","Sun Jul 06 17:43:53 GMT 2025","","","",""
"","0","should return empty list for no shard","shardInfoToPubsubTopics","Sun Jul 06 17:43:54 GMT 2025","passed","Sun Jul 06 17:43:54 GMT 2025","","","",""
"","0","Push message with content topic containing shell command","Waku Light Push: Multiple Nodes: Strict Check: true","Sun Jul 06 17:55:17 GMT 2025","passed","Sun Jul 06 17:55:17 GMT 2025","","","",""
"","0","stop","Public methods","Sun Jul 06 17:45:47 GMT 2025","passed","Sun Jul 06 17:45:47 GMT 2025","","","",""
"","1","should check false positive rate","BloomFilter with special patterns","Sun Jul 06 17:44:49 GMT 2025","passed","Sun Jul 06 17:44:49 GMT 2025","","","",""
"","0","Check received message containing XML","Waku Filter: FilterPush: Multiple Nodes: Strict Checking: true","Sun Jul 06 17:52:36 GMT 2025","passed","Sun Jul 06 17:52:36 GMT 2025","","","",""
"","0","should hash ""Lorem ipsum dolor sit amet"" with n=0 and maxValue=1000 correctly","hashN","Sun Jul 06 17:44:46 GMT 2025","passed","Sun Jul 06 17:44:46 GMT 2025","","","",""
"","0","Check message received after jswaku node is restarted","Waku Filter: FilterPush: Multiple Nodes: Strict Checking: true","Sun Jul 06 17:52:36 GMT 2025","passed","Sun Jul 06 17:52:36 GMT 2025","","","",""
"","1","Push message with content topic containing XML","Waku Light Push: Multiple Nodes: Strict Check: true","Sun Jul 06 17:55:17 GMT 2025","passed","Sun Jul 06 17:55:17 GMT 2025","","","",""
"","0","Ordered Callback - false","Waku Store, order","Sun Jul 06 17:49:00 GMT 2025","passed","Sun Jul 06 17:49:00 GMT 2025","","","",""
"","0","should throw error - invalid id","ENR","Sun Jul 06 17:44:00 GMT 2025","passed","Sun Jul 06 17:44:00 GMT 2025","","Verify","",""
"","0","px service nodes not subscribed to the shard should not be dialed","Autosharding: Peer Management","Sun Jul 06 17:48:07 GMT 2025","passed","Sun Jul 06 17:48:07 GMT 2025","","Peer Exchange","",""
"","0","Subscribe to topic containing escaped characters and publish message","Waku Relay, Subscribe","Sun Jul 06 17:46:58 GMT 2025","passed","Sun Jul 06 17:46:58 GMT 2025","","","",""
"","0","Push message with numeric payload","Waku Light Push: Multiple Nodes: Strict Check: true","Sun Jul 06 17:55:17 GMT 2025","passed","Sun Jul 06 17:55:17 GMT 2025","","","",""
"","0","should handle task timeouts","RetryManager","Sun Jul 06 17:44:37 GMT 2025","passed","Sun Jul 06 17:44:37 GMT 2025","","","",""
"","0","should return the correct m/n for k = 7, targetError = 0.001","Probabilities","Sun Jul 06 17:44:46 GMT 2025","passed","Sun Jul 06 17:44:46 GMT 2025","","","",""
"","0","should be able to decode the field with RELAY and FILTER protocols set to true","ENR waku2 codec","Sun Jul 06 17:43:59 GMT 2025","passed","Sun Jul 06 17:43:59 GMT 2025","","Decoding","",""
"","0","Push message with Russian payload","Waku Light Push: Multiple Nodes: Strict Check: true","Sun Jul 06 17:55:17 GMT 2025","passed","Sun Jul 06 17:55:17 GMT 2025","","","",""
"","0","groups content topics by expected pubsub topic","contentTopicsByPubsubTopic","Sun Jul 06 17:43:54 GMT 2025","passed","Sun Jul 06 17:43:54 GMT 2025","","","",""
"","0","random static sharding 2 - Cluster ID: 753, Shard ID: 866","Static Sharding: Running Nodes","Sun Jul 06 17:49:45 GMT 2025","passed","Sun Jul 06 17:49:45 GMT 2025","","","",""
"","1","should reject on timeout if it was set","waitForRemotePeer","Sun Jul 06 17:44:37 GMT 2025","passed","Sun Jul 06 17:44:37 GMT 2025","","","",""
"","1","shard 0","Static Sharding: Running Nodes","Sun Jul 06 17:49:45 GMT 2025","passed","Sun Jul 06 17:49:45 GMT 2025","","","",""
"","1","should properly compute the node id","ENR","Sun Jul 06 17:44:00 GMT 2025","passed","Sun Jul 06 17:44:00 GMT 2025","","Static tests","",""
"","0","should be empty after removing the only subscription","Filter Subscription","Sun Jul 06 17:44:37 GMT 2025","passed","Sun Jul 06 17:44:37 GMT 2025","","","",""
"","0","Check received message containing Russian","Waku Filter: FilterPush: Multiple Nodes: Strict Checking: false","Sun Jul 06 17:52:36 GMT 2025","passed","Sun Jul 06 17:52:36 GMT 2025","","","",""
"","1","should increase lamport timestamp","MessageChannel","Sun Jul 06 17:44:51 GMT 2025","passed","Sun Jul 06 17:44:51 GMT 2025","","receiving a message","",""
"","0","should hash """" with n=1 and maxValue=100 correctly","hashN","Sun Jul 06 17:44:46 GMT 2025","passed","Sun Jul 06 17:44:46 GMT 2025","","","",""
"","0","Subscribe to topic containing special chars and receive message","Waku Filter: Subscribe: Multiple Service Nodes: Strict Check mode: true","Sun Jul 06 17:53:21 GMT 2025","passed","Sun Jul 06 17:53:21 GMT 2025","","","",""
"","0","Check meta is set [symmetric]","Symmetric Encryption","Sun Jul 06 17:44:26 GMT 2025","passed","Sun Jul 06 17:44:26 GMT 2025","","","",""
"","0","should never report false negatives","BloomFilter","Sun Jul 06 17:44:49 GMT 2025","passed","Sun Jul 06 17:44:49 GMT 2025","","","",""
"","0","can query messages by message hash","Waku Store, message hash query","Sun Jul 06 17:48:40 GMT 2025","passed","Sun Jul 06 17:48:40 GMT 2025","","","",""
"","0","Query Generator, No message returned","Waku Store, error handling","Sun Jul 06 17:48:32 GMT 2025","passed","Sun Jul 06 17:48:32 GMT 2025","","","",""
"","1","should not throw an error when the topic is within a list of configured topics","ensurePubsubTopicIsConfigured","Sun Jul 06 17:43:54 GMT 2025","passed","Sun Jul 06 17:43:54 GMT 2025","","","",""
"","0","should hash ""!@#$%^&*()"" with n=0 and maxValue=100 correctly","hashN","Sun Jul 06 17:44:46 GMT 2025","passed","Sun Jul 06 17:44:46 GMT 2025","","","",""
"","0","should correctly map /app/22/sometopic/someencoding to shard index 2","contentTopicToShardIndex","Sun Jul 06 17:43:54 GMT 2025","passed","Sun Jul 06 17:43:54 GMT 2025","","","",""
"","0","Refresh subscription","Waku Filter: Subscribe: Multiple Service Nodes: Strict Check mode: false","Sun Jul 06 17:53:21 GMT 2025","passed","Sun Jul 06 17:53:21 GMT 2025","","","",""
"","1","Decoder throws on undefined content topic","Ensures content topic is defined","Sun Jul 06 17:44:09 GMT 2025","passed","Sun Jul 06 17:44:09 GMT 2025","","","",""
"","0","Subscribe and receive symmetrically encrypted messages via lightPush","Waku Filter: Subscribe: Multiple Service Nodes: Strict Check mode: false","Sun Jul 06 17:53:21 GMT 2025","passed","Sun Jul 06 17:53:21 GMT 2025","","","",""
"","1","Error when try to subscribe to more than 101 topics (new limit)","Waku Filter: Subscribe: Multiple Service Nodes: Strict Check mode: true","Sun Jul 06 17:53:21 GMT 2025","passed","Sun Jul 06 17:53:21 GMT 2025","","","",""
"","0","Check received message containing Chinese","Waku Filter: FilterPush: Multiple Nodes: Strict Checking: false","Sun Jul 06 17:52:36 GMT 2025","passed","Sun Jul 06 17:52:36 GMT 2025","","","",""
"","0","Light push messages to 2 nwaku nodes each with different pubsubtopics","Waku Light Push (Autosharding): Multiple PubsubTopics","Sun Jul 06 17:45:43 GMT 2025","passed","Sun Jul 06 17:45:43 GMT 2025","","","",""
"","0","should throw an error for invalid PubsubTopic format: /waku/2/rs/1/2/extra","pubsubTopicToSingleShardInfo with various invalid formats","Sun Jul 06 17:43:54 GMT 2025","passed","Sun Jul 06 17:43:54 GMT 2025","","","",""
"","0","n1 and n2 uses a custom pubsub, n3 uses the default pubsub","Waku Relay, multiple pubsub topics","Sun Jul 06 17:46:44 GMT 2025","passed","Sun Jul 06 17:46:44 GMT 2025","","","",""
"","0","should handle clusterId, application and version for autosharding with cluster iD 0","shardInfoToPubsubTopics","Sun Jul 06 17:43:54 GMT 2025","passed","Sun Jul 06 17:43:54 GMT 2025","","","",""
"","1","Publish message with custom timestamp: Sun Jul 06 2025 16:46:44 GMT+0000 (Coordinated Universal Time)","Waku Relay, Publish","Sun Jul 06 17:46:51 GMT 2025","passed","Sun Jul 06 17:46:51 GMT 2025","","","",""
"","0","should hash ""test123"" with n=0 and maxValue=1000 correctly","hashN","Sun Jul 06 17:44:46 GMT 2025","passed","Sun Jul 06 17:44:46 GMT 2025","","","",""
"","0","Publish message with rate limit","Waku Relay, Publish","Sun Jul 06 17:46:51 GMT 2025","passed","Sun Jul 06 17:46:51 GMT 2025","","","",""
"","0","should throw error when unsubscribing with unsupported pubsub topic","Filter SDK","Sun Jul 06 17:44:38 GMT 2025","passed","Sun Jul 06 17:44:38 GMT 2025","","","",""
"","1","getPeersByDiscovery","Public methods","Sun Jul 06 17:45:47 GMT 2025","passed","Sun Jul 06 17:45:47 GMT 2025","","","",""
"","0","Waku message hash computation (payload length 0)","Message Hash: RFC Test Vectors","Sun Jul 06 17:44:08 GMT 2025","passed","Sun Jul 06 17:44:08 GMT 2025","","","",""
"","0","peer:update - should schedule stream creation IF protocol hit AND no stream found on connection","StreamManager","Sun Jul 06 17:44:08 GMT 2025","passed","Sun Jul 06 17:44:08 GMT 2025","","","",""
"","0","should emit `peer:discovery:peer-exchange` event when a peer is discovered","Events","Sun Jul 06 17:45:07 GMT 2025","passed","Sun Jul 06 17:45:07 GMT 2025","","peer:discovery","",""
"","0","Check received message containing shell command","Waku Filter: FilterPush: Multiple Nodes: Strict Checking: false","Sun Jul 06 17:52:36 GMT 2025","passed","Sun Jul 06 17:52:36 GMT 2025","","","",""
"","0","1 Relay, 1 Filter, gives up","Fetch nodes until capabilities are fulfilled","Sun Jul 06 17:44:16 GMT 2025","passed","Sun Jul 06 17:44:16 GMT 2025","","","",""
"","0","configure the node with multiple pubsub topics","Static Sharding: Running Nodes","Sun Jul 06 17:49:45 GMT 2025","passed","Sun Jul 06 17:49:45 GMT 2025","","Others","",""
"","1","should return Multiaddr when Multiaddr input is provided","IWaku utils","Sun Jul 06 17:44:37 GMT 2025","passed","Sun Jul 06 17:44:37 GMT 2025","","mapToPeerIdOrMultiaddr","",""
"","0","Symmetric encrypt & Decrypt","Waku Encryption","Sun Jul 06 17:44:27 GMT 2025","passed","Sun Jul 06 17:44:27 GMT 2025","","","",""
"","0","Check received message containing Basic HTML tag","Waku Filter: FilterPush: Multiple Nodes: Strict Checking: false","Sun Jul 06 17:52:36 GMT 2025","passed","Sun Jul 06 17:52:36 GMT 2025","","","",""
"","1","Check received message containing XML","Waku Filter: FilterPush: Multiple Nodes: Strict Checking: false","Sun Jul 06 17:52:36 GMT 2025","passed","Sun Jul 06 17:52:36 GMT 2025","","","",""
"","0","removeEventListener with correct event","Public methods","Sun Jul 06 17:45:47 GMT 2025","passed","Sun Jul 06 17:45:47 GMT 2025","","","",""
