"DESCRIPTION","DURATION IN MS","NAME","PARENT SUITE","START TIME","STATUS","STOP TIME","SUB SUITE","SUITE","TEST CLASS","TEST METHOD"
"","1","should hash ""Lorem ipsum dolor sit amet"" with n=2 and maxValue=1000 correctly","hashN","Tue Jul 15 05:51:04 GMT 2025","passed","Tue Jul 15 05:51:04 GMT 2025","","","",""
"","1","should hash ""!@#$%^&*()"" with n=1 and maxValue=1000 correctly","hashN","Tue Jul 15 05:51:04 GMT 2025","passed","Tue Jul 15 05:51:04 GMT 2025","","","",""
"","1","returns nothing if no connections present","selectOpenConnection","Tue Jul 15 05:50:24 GMT 2025","passed","Tue Jul 15 05:50:24 GMT 2025","","","",""
"","0","Fails to push message bigger that 1MB","Waku Light Push: Multiple Nodes: Strict Check: false","Tue Jul 15 06:17:36 GMT 2025","passed","Tue Jul 15 06:17:36 GMT 2025","","","",""
"","0","should handle errors when globalThis is not available","NetworkMonitor","Tue Jul 15 05:50:23 GMT 2025","passed","Tue Jul 15 05:50:23 GMT 2025","","start","",""
"","0","should properly create location multiaddrs - udp6","ENR","Tue Jul 15 05:50:15 GMT 2025","passed","Tue Jul 15 05:50:15 GMT 2025","","Location multiaddr","",""
"","0","Push message with shell command payload","Waku Light Push: Multiple Nodes: Strict Check: true","Tue Jul 15 06:17:36 GMT 2025","passed","Tue Jul 15 06:17:36 GMT 2025","","","",""
"","0","should keep entries that haven't expired yet","TTLSet","Tue Jul 15 05:50:52 GMT 2025","passed","Tue Jul 15 05:50:52 GMT 2025","","","",""
"","1","1 Relay, 1 Filter, gives up","Fetch nodes until capabilities are fulfilled","Tue Jul 15 05:50:33 GMT 2025","passed","Tue Jul 15 05:50:33 GMT 2025","","","",""
"","0","should load peers from local storage and dispatch events","Local Storage Discovery","Tue Jul 15 05:50:37 GMT 2025","passed","Tue Jul 15 05:50:37 GMT 2025","","Unit Tests","",""
"","0","Push message with content topic containing escaped characters","Waku Light Push: Multiple Nodes: Strict Check: true","Tue Jul 15 06:17:36 GMT 2025","broken","Tue Jul 15 06:17:36 GMT 2025","","","",""
"","0","should work with custom bootstrap limits","ConnectionLimiter","Tue Jul 15 05:50:24 GMT 2025","passed","Tue Jul 15 05:50:24 GMT 2025","","hasMoreThanMaxBootstrapConnections","",""
"","0","should filter peers by codec","ConnectionManager","Tue Jul 15 05:50:25 GMT 2025","passed","Tue Jul 15 05:50:25 GMT 2025","","getConnectedPeers","",""
"","1","ENRTree (tree): should error if DNS tree entry is mis-prefixed","ENRTree","Tue Jul 15 05:50:32 GMT 2025","passed","Tue Jul 15 05:50:32 GMT 2025","","","",""
"","0","should correctly encode and decode relay shards using rs format (Index List)","Relay Shard codec","Tue Jul 15 05:50:09 GMT 2025","passed","Tue Jul 15 05:50:09 GMT 2025","","","",""
"","1","should be able to encode the field with only STORE set to true","ENR waku2 codec","Tue Jul 15 05:50:14 GMT 2025","passed","Tue Jul 15 05:50:14 GMT 2025","","Encoding","",""
"","0","should throw an error for invalid PubsubTopic format: /waku/2/r/1/2","pubsubTopicToSingleShardInfo with various invalid formats","Tue Jul 15 05:50:08 GMT 2025","passed","Tue Jul 15 05:50:08 GMT 2025","","","",""
"","0","should hash ""test123"" with n=2 and maxValue=10000 correctly","hashN","Tue Jul 15 05:51:04 GMT 2025","passed","Tue Jul 15 05:51:04 GMT 2025","","","",""
"","0","should not change state when connections remain after disconnect","NetworkMonitor","Tue Jul 15 05:50:23 GMT 2025","passed","Tue Jul 15 05:50:23 GMT 2025","","peer connection events","",""
"","1","Encoder throws on empty string content topic","Ensures content topic is defined","Tue Jul 15 05:50:43 GMT 2025","passed","Tue Jul 15 05:50:43 GMT 2025","","","",""
"","0","should be safe to call multiple times","ConnectionLimiter","Tue Jul 15 05:50:24 GMT 2025","passed","Tue Jul 15 05:50:24 GMT 2025","","start","",""
"","0","Push message with content topic containing Chinese","Waku Light Push: Multiple Nodes: Strict Check: true","Tue Jul 15 06:17:36 GMT 2025","broken","Tue Jul 15 06:17:36 GMT 2025","","","",""
"","0","Generator, 2 nwaku nodes each with different shards","Waku Store, different static shards","Tue Jul 15 05:54:23 GMT 2025","passed","Tue Jul 15 05:54:23 GMT 2025","","","",""
"","2","ENRTree (root): should parse and verify and DNS root entry","ENRTree","Tue Jul 15 05:50:32 GMT 2025","passed","Tue Jul 15 05:50:32 GMT 2025","","","",""
"","1","should hash ""hello"" with n=5 and maxValue=100 correctly","hashN","Tue Jul 15 05:51:04 GMT 2025","passed","Tue Jul 15 05:51:04 GMT 2025","","","",""
"","0","Push message with long payload","Waku Light Push: Multiple Nodes: Strict Check: false","Tue Jul 15 06:17:36 GMT 2025","passed","Tue Jul 15 06:17:36 GMT 2025","","","",""
"","0","should set field with only LIGHTPUSH enabled","ENR","Tue Jul 15 05:50:15 GMT 2025","passed","Tue Jul 15 05:50:15 GMT 2025","","waku2 key round trip","",""
"","4","should hash ""hello"" with n=0 and maxValue=1000 correctly","hashN","Tue Jul 15 05:51:04 GMT 2025","passed","Tue Jul 15 05:51:04 GMT 2025","","","",""
"","0","should return false when peer is not found","ShardReader","Tue Jul 15 05:50:24 GMT 2025","passed","Tue Jul 15 05:50:24 GMT 2025","","isPeerOnTopic","",""
"","0","should handle errors when removing globalThis listeners","NetworkMonitor","Tue Jul 15 05:50:23 GMT 2025","passed","Tue Jul 15 05:50:23 GMT 2025","","stop","",""
"","0","should remove event listeners from libp2p","NetworkMonitor","Tue Jul 15 05:50:23 GMT 2025","passed","Tue Jul 15 05:50:23 GMT 2025","","stop","",""
"","0","Push message with custom timestamp: 1721800315344","Waku Light Push: Multiple Nodes: Strict Check: false","Tue Jul 15 06:17:36 GMT 2025","passed","Tue Jul 15 06:17:36 GMT 2025","","","",""
"","1","should not dispatch event when already disconnected","NetworkMonitor","Tue Jul 15 05:50:23 GMT 2025","passed","Tue Jul 15 05:50:23 GMT 2025","","peer connection events","",""
"","1","should hash """" with n=5 and maxValue=100 correctly","hashN","Tue Jul 15 05:51:04 GMT 2025","passed","Tue Jul 15 05:51:04 GMT 2025","","","",""
"","0","should partition messages based on acknowledgement status","MessageChannel","Tue Jul 15 05:51:09 GMT 2025","passed","Tue Jul 15 05:51:09 GMT 2025","","Sweeping outgoing buffer","",""
"","0","rejects content-filtered query with only pubsubTopic","StoreQueryRequest validation","Tue Jul 15 05:50:25 GMT 2025","passed","Tue Jul 15 05:50:25 GMT 2025","","","",""
"","0","throws on content topic with too few or too many fields","ensureValidContentTopic","Tue Jul 15 05:50:08 GMT 2025","passed","Tue Jul 15 05:50:08 GMT 2025","","","",""
"","1","Sets default value correctly","User Agent","Tue Jul 15 05:55:32 GMT 2025","passed","Tue Jul 15 05:55:32 GMT 2025","","","",""
"","0","Passing an array","Waku Dial [node only]","Tue Jul 15 05:55:32 GMT 2025","passed","Tue Jul 15 05:55:32 GMT 2025","","Bootstrap","",""
"","0","should properly create location multiaddrs - tcp","ENR","Tue Jul 15 05:50:15 GMT 2025","passed","Tue Jul 15 05:50:15 GMT 2025","","Location multiaddr","",""
"","0","isConnected should return true after first peer connects","Connection state","Tue Jul 15 05:51:43 GMT 2025","passed","Tue Jul 15 05:51:43 GMT 2025","","","",""
"","0","should return PeerId when Multiaddr input is provided","mapToPeerId","Tue Jul 15 05:50:25 GMT 2025","passed","Tue Jul 15 05:50:25 GMT 2025","","","",""
"","0","should be able to encode the field with ALL protocols set to true","ENR waku2 codec","Tue Jul 15 05:50:14 GMT 2025","passed","Tue Jul 15 05:50:14 GMT 2025","","Encoding","",""
"","0","Decoder throws on empty string content topic","Ensures content topic is defined","Tue Jul 15 05:50:25 GMT 2025","passed","Tue Jul 15 05:50:25 GMT 2025","","","",""
"","1","should set field with all protocols disabled","ENR","Tue Jul 15 05:50:15 GMT 2025","passed","Tue Jul 15 05:50:15 GMT 2025","","waku2 key round trip","",""
"","0","should handle general insertion and lookup correctly","BloomFilter with special patterns","Tue Jul 15 05:51:06 GMT 2025","passed","Tue Jul 15 05:51:06 GMT 2025","","","",""
"","1","Push message with content topic containing unicode special characters","Waku Light Push: Multiple Nodes: Strict Check: true","Tue Jul 15 06:17:36 GMT 2025","broken","Tue Jul 15 06:17:36 GMT 2025","","","",""
"","0","should clear dial history on stop","Dialer","Tue Jul 15 05:50:24 GMT 2025","passed","Tue Jul 15 05:50:24 GMT 2025","","stop","",""
"","1","should return empty array when no peers connected","ConnectionManager","Tue Jul 15 05:50:25 GMT 2025","passed","Tue Jul 15 05:50:25 GMT 2025","","getConnectedPeers","",""
"","0","Push message with content topic containing Basic HTML tag","Waku Light Push: Multiple Nodes: Strict Check: true","Tue Jul 15 06:17:36 GMT 2025","broken","Tue Jul 15 06:17:36 GMT 2025","","","",""
"","0","should correctly map /0/statusim/1/community/cbor to shard index 4","contentTopicToShardIndex","Tue Jul 15 05:50:08 GMT 2025","passed","Tue Jul 15 05:50:08 GMT 2025","","","",""
"","1","Ephemeral field is preserved - encoder v0","Waku Message Ephemeral field","Tue Jul 15 05:54:15 GMT 2025","broken","Tue Jul 15 05:54:15 GMT 2025","","","",""
"","0","should not requeue if maxAttempts is exhausted and no peer is available","RetryManager","Tue Jul 15 05:50:53 GMT 2025","passed","Tue Jul 15 05:50:53 GMT 2025","","","",""
"","0","same cluster, static sharding: nodes connect","Metadata Protocol","Tue Jul 15 05:53:03 GMT 2025","passed","Tue Jul 15 05:53:03 GMT 2025","","static sharding","",""
"","0","should set field with all protocols enabled","ENR","Tue Jul 15 05:50:15 GMT 2025","passed","Tue Jul 15 05:50:15 GMT 2025","","waku2 key round trip","",""
"","0","should emit a peer event after start","Local Storage Discovery","Tue Jul 15 05:50:37 GMT 2025","passed","Tue Jul 15 05:50:37 GMT 2025","interface-peer-discovery compliance tests","Compliance Tests","",""
"","1","should be empty when created","Filter Subscription","Tue Jul 15 05:50:55 GMT 2025","passed","Tue Jul 15 05:50:55 GMT 2025","","","",""
"","0","should not receive a peer event after stop","Local Storage Discovery","Tue Jul 15 05:50:37 GMT 2025","passed","Tue Jul 15 05:50:37 GMT 2025","interface-peer-discovery compliance tests","Compliance Tests","",""
"","0","should not receive a peer event before start","DNS Discovery: Compliance Test","Tue Jul 15 05:51:28 GMT 2025","passed","Tue Jul 15 05:51:28 GMT 2025","","interface-peer-discovery compliance tests","",""
"","1","should not hang up bootstrap peer if under limit","ConnectionLimiter","Tue Jul 15 05:50:24 GMT 2025","passed","Tue Jul 15 05:50:24 GMT 2025","","onConnectedEvent","",""
"","0","should call waitForPeer on Relay","waitForRemotePeer","Tue Jul 15 05:50:54 GMT 2025","passed","Tue Jul 15 05:50:54 GMT 2025","","","",""
"","0","should get / set UDP multiaddr","ENR","Tue Jul 15 05:50:15 GMT 2025","passed","Tue Jul 15 05:50:15 GMT 2025","","Multiaddr getters and setters","",""
"","6","should handle mixed bootstrap and non-bootstrap peers","ConnectionLimiter","Tue Jul 15 05:50:24 GMT 2025","passed","Tue Jul 15 05:50:24 GMT 2025","","hasMoreThanMaxBootstrapConnections","",""
"","1","Push message with content topic containing Chinese","Waku Light Push: Multiple Nodes: Strict Check: false","Tue Jul 15 06:17:36 GMT 2025","broken","Tue Jul 15 06:17:36 GMT 2025","","","",""
"","2","should create NetworkMonitor with libp2p and events","NetworkMonitor","Tue Jul 15 05:50:23 GMT 2025","passed","Tue Jul 15 05:50:23 GMT 2025","","constructor","",""
"","0","Throws when trying to push message with empty payload","Waku Light Push: Multiple Nodes: Strict Check: true","Tue Jul 15 06:17:36 GMT 2025","passed","Tue Jul 15 06:17:36 GMT 2025","","","",""
"","0","Encoder throws on empty string content topic","Ensures content topic is defined","Tue Jul 15 05:50:44 GMT 2025","passed","Tue Jul 15 05:50:44 GMT 2025","","","",""
"","0","should dispatch CustomEvent with correct type and detail","NetworkMonitor","Tue Jul 15 05:50:23 GMT 2025","passed","Tue Jul 15 05:50:23 GMT 2025","","dispatchNetworkEvent","",""
"","0","Unsubscribe topics the node is not subscribed to","Waku Filter: Unsubscribe: Multiple Nodes: Strict Checking: false","Tue Jul 15 05:57:52 GMT 2025","broken","Tue Jul 15 05:57:52 GMT 2025","","","",""
"","1","Init the array if not present","pushOrInitMapSet","Tue Jul 15 05:50:08 GMT 2025","passed","Tue Jul 15 05:50:08 GMT 2025","","","",""
"","0","should hash ""test123"" with n=1 and maxValue=100 correctly","hashN","Tue Jul 15 05:51:04 GMT 2025","passed","Tue Jul 15 05:51:04 GMT 2025","","","",""
"","0","Waku message hash computation (meta attribute not present)","Message Hash: RFC Test Vectors","Tue Jul 15 05:50:24 GMT 2025","passed","Tue Jul 15 05:50:24 GMT 2025","","","",""
"","0","should push the message to the outgoing buffer","MessageChannel","Tue Jul 15 05:51:09 GMT 2025","passed","Tue Jul 15 05:51:09 GMT 2025","","sending a message ","",""
"","1","should decode valid ENR with multiaddrs successfully [shared test vector]","ENR","Tue Jul 15 05:50:15 GMT 2025","passed","Tue Jul 15 05:50:15 GMT 2025","","Txt codec","",""
"","0","Relay + Store","ENR","Tue Jul 15 05:50:15 GMT 2025","passed","Tue Jul 15 05:50:15 GMT 2025","","Waku2 key: decode","",""
"","0","should transition to MinimallyHealthy with one compatible peer","HealthIndicator","Tue Jul 15 05:50:54 GMT 2025","passed","Tue Jul 15 05:50:54 GMT 2025","","","",""
"","0","should handle null peers returned by getPeer","ConnectionLimiter","Tue Jul 15 05:50:24 GMT 2025","passed","Tue Jul 15 05:50:24 GMT 2025","","hasMoreThanMaxBootstrapConnections","",""
"","0","should handle different types of entries","TTLSet","Tue Jul 15 05:50:52 GMT 2025","passed","Tue Jul 15 05:50:52 GMT 2025","","","",""
"","0","connects to nwaku","Waku Dial [node only]","Tue Jul 15 05:55:32 GMT 2025","passed","Tue Jul 15 05:55:32 GMT 2025","","Interop: ServiceNode","",""
"","1","should send to specified number of peers of used peers","LightPush SDK","Tue Jul 15 05:50:54 GMT 2025","passed","Tue Jul 15 05:50:54 GMT 2025","","","",""
"","1","should hash ""test123"" with n=5 and maxValue=100 correctly","hashN","Tue Jul 15 05:51:04 GMT 2025","passed","Tue Jul 15 05:51:04 GMT 2025","","","",""
"","0","should deliver messages after dependencies are met","MessageChannel","Tue Jul 15 05:51:09 GMT 2025","passed","Tue Jul 15 05:51:09 GMT 2025","","Sweeping incoming buffer","",""
"","0","Push message with emoji payload","Waku Light Push: Multiple Nodes: Strict Check: false","Tue Jul 15 06:17:36 GMT 2025","passed","Tue Jul 15 06:17:36 GMT 2025","","","",""
"","1","should handle disconnect when peer has no timers","KeepAliveManager","Tue Jul 15 05:50:24 GMT 2025","passed","Tue Jul 15 05:50:24 GMT 2025","","timer cleanup","",""
"","0","should set field with only RELAY enabled","ENR","Tue Jul 15 05:50:15 GMT 2025","passed","Tue Jul 15 05:50:15 GMT 2025","","waku2 key round trip","",""
"","0","should handle complete dial lifecycle","Dialer","Tue Jul 15 05:50:24 GMT 2025","passed","Tue Jul 15 05:50:24 GMT 2025","","integration","",""
"","0","should delegate to shardReader.isPeerOnTopic()","ConnectionManager","Tue Jul 15 05:50:25 GMT 2025","passed","Tue Jul 15 05:50:25 GMT 2025","","isPeerOnTopic","",""
"","1","Push message with content topic containing SQL Injection","Waku Light Push: Multiple Nodes: Strict Check: true","Tue Jul 15 06:17:36 GMT 2025","broken","Tue Jul 15 06:17:36 GMT 2025","","","",""
"","1","should be able to encode the field with RELAY and FILTER protocols set to true","ENR waku2 codec","Tue Jul 15 05:50:14 GMT 2025","passed","Tue Jul 15 05:50:14 GMT 2025","","Encoding","",""
"","0","should hash ""!@#$%^&*()"" with n=0 and maxValue=100 correctly","hashN","Tue Jul 15 05:51:04 GMT 2025","passed","Tue Jul 15 05:51:04 GMT 2025","","","",""
"","1","should be able to decode the field with only FILTER set to true","ENR waku2 codec","Tue Jul 15 05:50:14 GMT 2025","passed","Tue Jul 15 05:50:14 GMT 2025","","Decoding","",""
"","0","should create ShardReader with static shards network config","ShardReader","Tue Jul 15 05:50:24 GMT 2025","passed","Tue Jul 15 05:50:24 GMT 2025","","constructor","",""
"","11","should handle errors when accessing navigator","NetworkMonitor","Tue Jul 15 05:50:23 GMT 2025","passed","Tue Jul 15 05:50:23 GMT 2025","","error handling","",""
"","1","should emit a peer event after start","DNS Discovery: Compliance Test","Tue Jul 15 05:51:28 GMT 2025","passed","Tue Jul 15 05:51:28 GMT 2025","","interface-peer-discovery compliance tests","",""
"","0","Round trip binary encryption [symmetric, signature]","Symmetric Encryption","Tue Jul 15 05:50:43 GMT 2025","passed","Tue Jul 15 05:50:43 GMT 2025","","","",""
"","1","should start all internal components","ConnectionManager","Tue Jul 15 05:50:25 GMT 2025","passed","Tue Jul 15 05:50:25 GMT 2025","","start","",""
"","0","should save new peer to store","DiscoveryDialer","Tue Jul 15 05:50:24 GMT 2025","passed","Tue Jul 15 05:50:24 GMT 2025","","updatePeerStore","",""
"","0","Push message with meta","Waku Light Push: Multiple Nodes: Strict Check: true","Tue Jul 15 06:17:36 GMT 2025","broken","Tue Jul 15 06:17:36 GMT 2025","","","",""
"","0","should not receive a peer event before start","Peer Exchange","Tue Jul 15 05:53:39 GMT 2025","passed","Tue Jul 15 05:53:39 GMT 2025","interface-peer-discovery compliance tests","Compliance Test","",""
"","0","should return false when peer shard info is not found","ShardReader","Tue Jul 15 05:50:24 GMT 2025","passed","Tue Jul 15 05:50:24 GMT 2025","","isPeerOnShard","",""
"","0","should set field with only FILTER enabled","ENR","Tue Jul 15 05:50:15 GMT 2025","passed","Tue Jul 15 05:50:15 GMT 2025","","waku2 key round trip","",""
"","0","Push message with content topic containing Script","Waku Light Push: Multiple Nodes: Strict Check: false","Tue Jul 15 06:17:36 GMT 2025","broken","Tue Jul 15 06:17:36 GMT 2025","","","",""
"","0","should throw an error for non-numeric shard: /waku/2/rs/1/x","pubsubTopicToSingleShardInfo with various invalid formats","Tue Jul 15 05:50:08 GMT 2025","passed","Tue Jul 15 05:50:08 GMT 2025","","","",""
"","0","ignores domain fetching errors","DNS Node Discovery","Tue Jul 15 05:50:33 GMT 2025","passed","Tue Jul 15 05:50:33 GMT 2025","","","",""
"","0","Decoder throws on undefined content topic","Ensures content topic is defined","Tue Jul 15 05:50:25 GMT 2025","passed","Tue Jul 15 05:50:25 GMT 2025","","","",""
"","10","should not dispatch event when already connected","NetworkMonitor","Tue Jul 15 05:50:23 GMT 2025","passed","Tue Jul 15 05:50:23 GMT 2025","","peer connection events","",""
"","1","Sample","ENR multiaddrs codec","Tue Jul 15 05:50:14 GMT 2025","passed","Tue Jul 15 05:50:14 GMT 2025","","","",""
"","0","should handle corrupted local storage data gracefully","Local Storage Discovery","Tue Jul 15 05:50:37 GMT 2025","passed","Tue Jul 15 05:50:37 GMT 2025","","Unit Tests","",""
"","0","Used by Waku Relay","Decryption Keys","Tue Jul 15 05:55:32 GMT 2025","passed","Tue Jul 15 05:55:32 GMT 2025","","","",""
"","0","should throw an error for non-numeric clusterId: /waku/2/rs/x/1","pubsubTopicToSingleShardInfo with various invalid formats","Tue Jul 15 05:50:08 GMT 2025","passed","Tue Jul 15 05:50:08 GMT 2025","","","",""
"","0","Relay + Store","ENR Interop: ServiceNode","Tue Jul 15 05:51:30 GMT 2025","passed","Tue Jul 15 05:51:30 GMT 2025","","","",""
"","1","udp ip6 address","Multiaddr from fields","Tue Jul 15 05:50:14 GMT 2025","passed","Tue Jul 15 05:50:14 GMT 2025","","","",""
"","0","Push message with content topic containing short","Waku Light Push: Multiple Nodes: Strict Check: false","Tue Jul 15 06:17:36 GMT 2025","broken","Tue Jul 15 06:17:36 GMT 2025","","","",""
"","1","should clear all timers","KeepAliveManager","Tue Jul 15 05:50:24 GMT 2025","passed","Tue Jul 15 05:50:24 GMT 2025","","stop","",""
"","3","should hash ""!@#$%^&*()"" with n=5 and maxValue=10000 correctly","hashN","Tue Jul 15 05:51:04 GMT 2025","passed","Tue Jul 15 05:51:04 GMT 2025","","","",""
"","0","should encodeTxt and decodeTxt","ENR","Tue Jul 15 05:50:15 GMT 2025","passed","Tue Jul 15 05:50:15 GMT 2025","","Txt codec","",""
"","0","should extract SingleShardInfo from a valid PubsubTopic","pubsubTopicToSingleShardInfo with various invalid formats","Tue Jul 15 05:50:08 GMT 2025","passed","Tue Jul 15 05:50:08 GMT 2025","","","",""
"","0","should handle peer store errors gracefully","ConnectionLimiter","Tue Jul 15 05:50:24 GMT 2025","passed","Tue Jul 15 05:50:24 GMT 2025","","getPeer","",""
"","1","should be sent with empty content","MessageChannel","Tue Jul 15 05:51:09 GMT 2025","passed","Tue Jul 15 05:51:09 GMT 2025","","Sync messages","",""
"","1","should initialize with isNetworkConnected as false","NetworkMonitor","Tue Jul 15 05:50:23 GMT 2025","passed","Tue Jul 15 05:50:23 GMT 2025","","constructor","",""
"","1","should return true even if peer has no overlapping shards","ShardReader","Tue Jul 15 05:50:24 GMT 2025","passed","Tue Jul 15 05:50:24 GMT 2025","","isPeerOnNetwork","",""
"","0","should not retry if at least one success","RetryManager","Tue Jul 15 05:50:53 GMT 2025","passed","Tue Jul 15 05:50:53 GMT 2025","","","",""
"","1","should return only peers supporting the requested protocol and pubsub topic","PeerManager","Tue Jul 15 05:50:54 GMT 2025","passed","Tue Jul 15 05:50:54 GMT 2025","","","",""
"","0","should not be empty after adding a subscription","Filter Subscription","Tue Jul 15 05:50:55 GMT 2025","passed","Tue Jul 15 05:50:55 GMT 2025","","","",""
"","0","should throw if no connection provided","StreamManager","Tue Jul 15 05:50:25 GMT 2025","passed","Tue Jul 15 05:50:25 GMT 2025","","","",""
"","0","should throw an error for invalid PubsubTopic format: /waku/2/rs","pubsubTopicToSingleShardInfo with various invalid formats","Tue Jul 15 05:50:08 GMT 2025","passed","Tue Jul 15 05:50:08 GMT 2025","","","",""
"","1","new peer added after a peer was already found","Peer Exchange","Tue Jul 15 05:54:34 GMT 2025","skipped","Tue Jul 15 05:54:34 GMT 2025","","","",""
"","0","Round trip binary encryption [ecies, no signature]","Ecies Encryption","Tue Jul 15 05:50:44 GMT 2025","passed","Tue Jul 15 05:50:44 GMT 2025","","","",""
"","0","returns only open connection if one present","selectOpenConnection","Tue Jul 15 05:50:24 GMT 2025","passed","Tue Jul 15 05:50:24 GMT 2025","","","",""
"","0","Unsubscribe 1 topic - node subscribed to 2 topics","Waku Filter: Unsubscribe: Multiple Nodes: Strict Checking: true","Tue Jul 15 05:57:52 GMT 2025","broken","Tue Jul 15 05:57:52 GMT 2025","","","",""
"","0","Push message with shell command payload","Waku Light Push: Multiple Nodes: Strict Check: false","Tue Jul 15 06:17:36 GMT 2025","passed","Tue Jul 15 06:17:36 GMT 2025","","","",""
"","0","Query generator for multiple messages","Waku Store, general","Tue Jul 15 05:55:13 GMT 2025","broken","Tue Jul 15 05:55:13 GMT 2025","","","",""
"","8","Waku message hash computation (meta size of 12 bytes)","Message Hash: RFC Test Vectors","Tue Jul 15 05:50:24 GMT 2025","passed","Tue Jul 15 05:50:24 GMT 2025","","","",""
"","0","should hash ""Lorem ipsum dolor sit amet"" with n=2 and maxValue=10000 correctly","hashN","Tue Jul 15 05:51:04 GMT 2025","passed","Tue Jul 15 05:51:04 GMT 2025","","","",""
"","5","should handle full lifecycle (start -> events -> stop)","ConnectionLimiter","Tue Jul 15 05:50:24 GMT 2025","passed","Tue Jul 15 05:50:24 GMT 2025","","integration tests","",""
"","0","should dial all known peers when reached zero connections","Connection Limiter","Tue Jul 15 05:51:55 GMT 2025","passed","Tue Jul 15 05:51:55 GMT 2025","","","",""
"","1","should not create relay timers when relayKeepAlive = 0","KeepAliveManager","Tue Jul 15 05:50:24 GMT 2025","passed","Tue Jul 15 05:50:24 GMT 2025","","relay timer management","",""
"","0","Push message with meta","Waku Light Push: Multiple Nodes: Strict Check: false","Tue Jul 15 06:17:36 GMT 2025","broken","Tue Jul 15 06:17:36 GMT 2025","","","",""
"","0","should insert elements correctly","BloomFilter","Tue Jul 15 05:51:06 GMT 2025","passed","Tue Jul 15 05:51:06 GMT 2025","","","",""
"","0","accepts valid content-filtered query","StoreQueryRequest validation","Tue Jul 15 05:50:25 GMT 2025","passed","Tue Jul 15 05:50:25 GMT 2025","","","",""
"","0","Decoder throws on undefined content topic","Ensures content topic is defined","Tue Jul 15 05:50:43 GMT 2025","passed","Tue Jul 15 05:50:43 GMT 2025","","","",""
"","1","should hash ""!@#$%^&*()"" with n=2 and maxValue=100 correctly","hashN","Tue Jul 15 05:51:04 GMT 2025","passed","Tue Jul 15 05:51:04 GMT 2025","","","",""
"","0","Waku message hash computation (meta size of 64 bytes)","Message Hash: RFC Test Vectors","Tue Jul 15 05:50:24 GMT 2025","passed","Tue Jul 15 05:50:24 GMT 2025","","","",""
"","0","should throw an error for non-numeric shard: /waku/2/rs/1/","pubsubTopicToSingleShardInfo with various invalid formats","Tue Jul 15 05:50:08 GMT 2025","passed","Tue Jul 15 05:50:08 GMT 2025","","","",""
"","1","should handle relay send failures gracefully","KeepAliveManager","Tue Jul 15 05:50:24 GMT 2025","passed","Tue Jul 15 05:50:24 GMT 2025","","relay timer management","",""
"","0","should merge provided config with defaults","ConnectionManager","Tue Jul 15 05:50:25 GMT 2025","passed","Tue Jul 15 05:50:25 GMT 2025","","constructor","",""
"","0","should initialize with custom number of peers","PeerManager","Tue Jul 15 05:50:54 GMT 2025","passed","Tue Jul 15 05:50:54 GMT 2025","","","",""
"","0","should hash """" with n=2 and maxValue=100 correctly","hashN","Tue Jul 15 05:51:04 GMT 2025","passed","Tue Jul 15 05:51:04 GMT 2025","","","",""
"","13","should dispatch network event when browser goes online","NetworkMonitor","Tue Jul 15 05:50:23 GMT 2025","passed","Tue Jul 15 05:50:23 GMT 2025","","browser online/offline events","",""
"","0","should hash ""Lorem ipsum dolor sit amet"" with n=0 and maxValue=1000 correctly","hashN","Tue Jul 15 05:51:04 GMT 2025","passed","Tue Jul 15 05:51:04 GMT 2025","","","",""
"","2","Round trip binary encryption [symmetric, no signature]","Symmetric Encryption","Tue Jul 15 05:50:43 GMT 2025","passed","Tue Jul 15 05:50:43 GMT 2025","","","",""
"","5","should clear timers for specific peer on disconnect","KeepAliveManager","Tue Jul 15 05:50:24 GMT 2025","passed","Tue Jul 15 05:50:24 GMT 2025","","timer cleanup","",""
"","1","Rejects garbage","Message Validator","Tue Jul 15 05:50:58 GMT 2025","passed","Tue Jul 15 05:50:58 GMT 2025","","","",""
"","0","throws on content topic with empty encoding field","ensureValidContentTopic","Tue Jul 15 05:50:08 GMT 2025","passed","Tue Jul 15 05:50:08 GMT 2025","","","",""
"","2","ENRTree (tree): should parse a DNS tree entry","ENRTree","Tue Jul 15 05:50:32 GMT 2025","passed","Tue Jul 15 05:50:32 GMT 2025","","","",""
"","1","should hash ""!@#$%^&*()"" with n=0 and maxValue=10000 correctly","hashN","Tue Jul 15 05:51:04 GMT 2025","passed","Tue Jul 15 05:51:04 GMT 2025","","","",""
"","0","Push message with content topic containing Russian","Waku Light Push: Multiple Nodes: Strict Check: true","Tue Jul 15 06:17:36 GMT 2025","broken","Tue Jul 15 06:17:36 GMT 2025","","","",""
"","0","handles different networkShards values correctly","contentTopicsByPubsubTopic","Tue Jul 15 05:50:08 GMT 2025","passed","Tue Jul 15 05:50:08 GMT 2025","","","",""
"","0","should return tags for existing peer","ConnectionLimiter","Tue Jul 15 05:50:24 GMT 2025","passed","Tue Jul 15 05:50:24 GMT 2025","","getTagsForPeer","",""
"","1","throws an error for improperly formatted content topics","contentTopicsByPubsubTopic","Tue Jul 15 05:50:08 GMT 2025","passed","Tue Jul 15 05:50:08 GMT 2025","","","",""
"","1","should handle empty pubsub topics","KeepAliveManager","Tue Jul 15 05:50:24 GMT 2025","passed","Tue Jul 15 05:50:24 GMT 2025","","edge cases","",""
"","1","should update ack status of messages in outgoing buffer","MessageChannel","Tue Jul 15 05:51:09 GMT 2025","passed","Tue Jul 15 05:51:09 GMT 2025","","Sync messages","",""
"","0","should throw an error for insufficient data","Relay Shard codec","Tue Jul 15 05:50:09 GMT 2025","passed","Tue Jul 15 05:50:09 GMT 2025","","","",""
"","1","should not retry if at least one success","LightPush SDK","Tue Jul 15 05:50:54 GMT 2025","passed","Tue Jul 15 05:50:54 GMT 2025","","","",""
"","0","should correctly map /app/29/sometopic/someencoding to shard index 6","contentTopicToShardIndex","Tue Jul 15 05:50:08 GMT 2025","passed","Tue Jul 15 05:50:08 GMT 2025","","","",""
"","0","should be online or offline if network state changed","waku:connection","Tue Jul 15 05:51:43 GMT 2025","passed","Tue Jul 15 05:51:43 GMT 2025","","","",""
"","1","should return usable stream attached to connection","StreamManager","Tue Jul 15 05:50:25 GMT 2025","passed","Tue Jul 15 05:50:25 GMT 2025","","","",""
"","0","groups content topics by expected pubsub topic","contentTopicsByPubsubTopic","Tue Jul 15 05:50:08 GMT 2025","passed","Tue Jul 15 05:50:08 GMT 2025","","","",""
"","1","rejects hash query with time filter","StoreQueryRequest validation","Tue Jul 15 05:50:25 GMT 2025","passed","Tue Jul 15 05:50:25 GMT 2025","","","",""
"","0","should be delivered but not added to local log or bloom filter","MessageChannel","Tue Jul 15 05:51:09 GMT 2025","passed","Tue Jul 15 05:51:09 GMT 2025","","Sync messages","",""
"","0","Encoder throws on empty string content topic","Ensures content topic is defined","Tue Jul 15 05:50:25 GMT 2025","passed","Tue Jul 15 05:50:25 GMT 2025","","","",""
"","0","should hash ""test123"" with n=1 and maxValue=1000 correctly","hashN","Tue Jul 15 05:51:04 GMT 2025","passed","Tue Jul 15 05:51:04 GMT 2025","","","",""
"","0","messageHashStr returns a hex string","messageHash and messageHashStr","Tue Jul 15 05:50:24 GMT 2025","passed","Tue Jul 15 05:50:24 GMT 2025","","","",""
"","0","should be delivered immediately if received","MessageChannel","Tue Jul 15 05:51:09 GMT 2025","passed","Tue Jul 15 05:51:09 GMT 2025","","Ephemeral messages","",""
"","0","Unsubscribe 1 topic - node subscribed to 1 topic","Waku Filter: Unsubscribe: Multiple Nodes: Strict Checking: false","Tue Jul 15 05:57:52 GMT 2025","broken","Tue Jul 15 05:57:52 GMT 2025","","","",""
"","0","should correctly map /app/27/sometopic/someencoding to shard index 5","contentTopicToShardIndex","Tue Jul 15 05:50:08 GMT 2025","passed","Tue Jul 15 05:50:08 GMT 2025","","","",""
"","0","Push message with unicode special characters payload","Waku Light Push: Multiple Nodes: Strict Check: true","Tue Jul 15 06:17:36 GMT 2025","passed","Tue Jul 15 06:17:36 GMT 2025","","","",""
"","0","Push message with content topic containing XML","Waku Light Push: Multiple Nodes: Strict Check: true","Tue Jul 15 06:17:36 GMT 2025","broken","Tue Jul 15 06:17:36 GMT 2025","","","",""
"","0","should drop connection to one peer on hangUp","Dialing","Tue Jul 15 05:52:49 GMT 2025","passed","Tue Jul 15 05:52:49 GMT 2025","","","",""
"","1","Unsubscribe 2 topics - node subscribed to 2 topics","Waku Filter: Unsubscribe: Multiple Nodes: Strict Checking: false","Tue Jul 15 05:57:52 GMT 2025","broken","Tue Jul 15 05:57:52 GMT 2025","","","",""
"","0","Push message with content topic containing shell command","Waku Light Push: Multiple Nodes: Strict Check: true","Tue Jul 15 06:17:36 GMT 2025","broken","Tue Jul 15 06:17:36 GMT 2025","","","",""
"","0","should unlock peer and allow reuse after renewPeer","PeerManager","Tue Jul 15 05:50:54 GMT 2025","passed","Tue Jul 15 05:50:54 GMT 2025","","","",""
"","0","Push message with content topic containing Arabic","Waku Light Push: Multiple Nodes: Strict Check: true","Tue Jul 15 06:17:36 GMT 2025","broken","Tue Jul 15 06:17:36 GMT 2025","","","",""
"","0","Unsubscribe 1 topic - node subscribed to 2 topics","Waku Filter: Unsubscribe: Multiple Nodes: Strict Checking: false","Tue Jul 15 05:57:52 GMT 2025","broken","Tue Jul 15 05:57:52 GMT 2025","","","",""
"","1","should return true when over bootstrap limit","ConnectionLimiter","Tue Jul 15 05:50:24 GMT 2025","passed","Tue Jul 15 05:50:24 GMT 2025","","hasMoreThanMaxBootstrapConnections","",""
"","0","Push message with SQL Injection payload","Waku Light Push: Multiple Nodes: Strict Check: false","Tue Jul 15 06:17:36 GMT 2025","passed","Tue Jul 15 06:17:36 GMT 2025","","","",""
"","0","A test","This","Tue Jul 15 05:52:49 GMT 2025","passed","Tue Jul 15 05:52:49 GMT 2025","","Is also","",""
"","1","1 Store, 2 fetches","Fetch nodes until capabilities are fulfilled","Tue Jul 15 05:50:33 GMT 2025","passed","Tue Jul 15 05:50:33 GMT 2025","","","",""
"","0","should dial peer when no shard info available","Dialer","Tue Jul 15 05:50:24 GMT 2025","passed","Tue Jul 15 05:50:24 GMT 2025","","dial","",""
"","1","throws on content topic with empty version field","ensureValidContentTopic","Tue Jul 15 05:50:08 GMT 2025","passed","Tue Jul 15 05:50:08 GMT 2025","","","",""
"","2","should return false when under bootstrap limit","ConnectionLimiter","Tue Jul 15 05:50:24 GMT 2025","passed","Tue Jul 15 05:50:24 GMT 2025","","hasMoreThanMaxBootstrapConnections","",""
"","0","should hash ""!@#$%^&*()"" with n=5 and maxValue=100 correctly","hashN","Tue Jul 15 05:51:04 GMT 2025","passed","Tue Jul 15 05:51:04 GMT 2025","","","",""
"","5","returns all values when wanted number matches available values","Discovery","Tue Jul 15 05:50:32 GMT 2025","passed","Tue Jul 15 05:50:32 GMT 2025","","","",""
"","0","should hash ""hello"" with n=1 and maxValue=10000 correctly","hashN","Tue Jul 15 05:51:04 GMT 2025","passed","Tue Jul 15 05:51:04 GMT 2025","","","",""
"","0","should properly create location multiaddrs - udp4","ENR","Tue Jul 15 05:50:15 GMT 2025","passed","Tue Jul 15 05:50:15 GMT 2025","","Location multiaddr","",""
"","1","Accepts a valid Waku Message","Message Validator","Tue Jul 15 05:50:58 GMT 2025","passed","Tue Jul 15 05:50:58 GMT 2025","","","",""
"","0","can start the service","Local Storage Discovery","Tue Jul 15 05:50:37 GMT 2025","passed","Tue Jul 15 05:50:37 GMT 2025","interface-peer-discovery compliance tests","Compliance Tests","",""
"","1","should throw error - invalid id","ENR","Tue Jul 15 05:50:15 GMT 2025","passed","Tue Jul 15 05:50:15 GMT 2025","","Verify","",""
"","0","Meta field set when metaSetter is specified","Waku Message version 0","Tue Jul 15 05:50:25 GMT 2025","passed","Tue Jul 15 05:50:25 GMT 2025","","","",""
"","0","should invoke callbacks only when newly receiving message is given","Filter Subscription","Tue Jul 15 05:50:55 GMT 2025","broken","Tue Jul 15 05:50:55 GMT 2025","","","",""
"","0","should not create relay timers when relay is not provided","KeepAliveManager","Tue Jul 15 05:50:24 GMT 2025","passed","Tue Jul 15 05:50:24 GMT 2025","","relay timer management","",""
"","1","messageHashStr produces consistent results for the same input","messageHash and messageHashStr","Tue Jul 15 05:50:24 GMT 2025","passed","Tue Jul 15 05:50:24 GMT 2025","","","",""
"","6","should remove expired entries after TTL has passed","TTLSet","Tue Jul 15 05:50:52 GMT 2025","passed","Tue Jul 15 05:50:52 GMT 2025","","","",""
"","0","Push message equal or less that 1MB","Waku Light Push: Multiple Nodes: Strict Check: false","Tue Jul 15 06:17:36 GMT 2025","passed","Tue Jul 15 06:17:36 GMT 2025","","","",""
"","0","should lock peers when selected","PeerManager","Tue Jul 15 05:50:54 GMT 2025","passed","Tue Jul 15 05:50:54 GMT 2025","","","",""
"","0","should drop connection to all peers on hangUp","Dialing","Tue Jul 15 05:52:49 GMT 2025","passed","Tue Jul 15 05:52:49 GMT 2025","","","",""
"","1","should remove event listeners from globalThis","NetworkMonitor","Tue Jul 15 05:50:23 GMT 2025","passed","Tue Jul 15 05:50:23 GMT 2025","","stop","",""
"","0","should return false when at bootstrap limit","ConnectionLimiter","Tue Jul 15 05:50:24 GMT 2025","passed","Tue Jul 15 05:50:24 GMT 2025","","hasMoreThanMaxBootstrapConnections","",""
"","0","should remove event listeners","ConnectionLimiter","Tue Jul 15 05:50:24 GMT 2025","passed","Tue Jul 15 05:50:24 GMT 2025","","stop","",""
"","0","Push message with unicode special characters payload","Waku Light Push: Multiple Nodes: Strict Check: false","Tue Jul 15 06:17:36 GMT 2025","passed","Tue Jul 15 06:17:36 GMT 2025","","","",""
"","0","Push message with content topic containing emoji","Waku Light Push: Multiple Nodes: Strict Check: false","Tue Jul 15 06:17:36 GMT 2025","broken","Tue Jul 15 06:17:36 GMT 2025","","","",""
"","0","should clear existing timers before creating new ones","KeepAliveManager","Tue Jul 15 05:50:24 GMT 2025","passed","Tue Jul 15 05:50:24 GMT 2025","","timer cleanup","",""
"","0","Push message with XML payload","Waku Light Push: Multiple Nodes: Strict Check: false","Tue Jul 15 06:17:36 GMT 2025","passed","Tue Jul 15 06:17:36 GMT 2025","","","",""
"","0","should emit events and transition isConnected state when has peers or no peers","waku:connection","Tue Jul 15 05:51:43 GMT 2025","passed","Tue Jul 15 05:51:43 GMT 2025","","","",""
"","0","rejects content-filtered query with only contentTopics","StoreQueryRequest validation","Tue Jul 15 05:50:25 GMT 2025","passed","Tue Jul 15 05:50:25 GMT 2025","","","",""
"","1","ENRTree (tree): should error if DNS tree entry is misformatted","ENRTree","Tue Jul 15 05:50:32 GMT 2025","passed","Tue Jul 15 05:50:32 GMT 2025","","","",""
"","3","should continually clean up expired entries at intervals","TTLSet","Tue Jul 15 05:50:52 GMT 2025","passed","Tue Jul 15 05:50:52 GMT 2025","","","",""
"","0","should throw an error for non-numeric clusterId: /waku/2/rs/$/1","pubsubTopicToSingleShardInfo with various invalid formats","Tue Jul 15 05:50:08 GMT 2025","passed","Tue Jul 15 05:50:08 GMT 2025","","","",""
"","1","should be able to decode the field with ALL protocols set to true","ENR waku2 codec","Tue Jul 15 05:50:14 GMT 2025","passed","Tue Jul 15 05:50:14 GMT 2025","","Decoding","",""
"","0","Push 30 different messages","Waku Light Push: Multiple Nodes: Strict Check: false","Tue Jul 15 06:17:36 GMT 2025","skipped","Tue Jul 15 06:17:36 GMT 2025","","","",""
"","0","Push message with Arabic payload","Waku Light Push: Multiple Nodes: Strict Check: true","Tue Jul 15 06:17:36 GMT 2025","passed","Tue Jul 15 06:17:36 GMT 2025","","","",""
"","1","should hang up with multiaddr and return true on success","ConnectionManager","Tue Jul 15 05:50:25 GMT 2025","passed","Tue Jul 15 05:50:25 GMT 2025","","hangUp","",""
"","0","should start the dialing interval","Dialer","Tue Jul 15 05:50:24 GMT 2025","passed","Tue Jul 15 05:50:24 GMT 2025","","start","",""
"","4","accepts valid message hash query","StoreQueryRequest validation","Tue Jul 15 05:50:25 GMT 2025","passed","Tue Jul 15 05:50:25 GMT 2025","","","",""
"","1","should not receive a peer event after stop","DNS Discovery: Compliance Test","Tue Jul 15 05:51:28 GMT 2025","passed","Tue Jul 15 05:51:28 GMT 2025","","interface-peer-discovery compliance tests","",""
"","0","Encoder throws on undefined content topic","Ensures content topic is defined","Tue Jul 15 05:50:43 GMT 2025","passed","Tue Jul 15 05:50:43 GMT 2025","","","",""
"","1","should be safe to call multiple times","KeepAliveManager","Tue Jul 15 05:50:24 GMT 2025","passed","Tue Jul 15 05:50:24 GMT 2025","","start","",""
"","2","All","ENR Interop: ServiceNode","Tue Jul 15 05:51:30 GMT 2025","passed","Tue Jul 15 05:51:30 GMT 2025","","","",""
"","0","Ephemeral field set to true","Waku Message version 0","Tue Jul 15 05:50:25 GMT 2025","passed","Tue Jul 15 05:50:25 GMT 2025","","","",""
"","1","receiving a ping from a peer does not overwrite shard info","Metadata Protocol","Tue Jul 15 05:53:03 GMT 2025","passed","Tue Jul 15 05:53:03 GMT 2025","","auto sharding","",""
"","1","should initialize bloom filter with correct parameters","BloomFilter","Tue Jul 15 05:51:06 GMT 2025","passed","Tue Jul 15 05:51:06 GMT 2025","","","",""
"","1","should check false positive rate","BloomFilter with special patterns","Tue Jul 15 05:51:06 GMT 2025","passed","Tue Jul 15 05:51:06 GMT 2025","","","",""
"","1","should store libp2p and options references","ConnectionLimiter","Tue Jul 15 05:50:24 GMT 2025","passed","Tue Jul 15 05:50:24 GMT 2025","","constructor","",""
"","0","should handle peer store update failures gracefully","KeepAliveManager","Tue Jul 15 05:50:24 GMT 2025","passed","Tue Jul 15 05:50:24 GMT 2025","","ping timer management","",""
"","1","should hash ""hello"" with n=0 and maxValue=10000 correctly","hashN","Tue Jul 15 05:51:04 GMT 2025","passed","Tue Jul 15 05:51:04 GMT 2025","","","",""
"","0","should reject if Store is requested but not mounted","waitForRemotePeer","Tue Jul 15 05:50:54 GMT 2025","passed","Tue Jul 15 05:50:54 GMT 2025","","","",""
"","1","different cluster: nodes don't connect","Metadata Protocol","Tue Jul 15 05:53:03 GMT 2025","passed","Tue Jul 15 05:53:03 GMT 2025","","auto sharding","",""
"","0","Push message with numeric payload","Waku Light Push: Multiple Nodes: Strict Check: true","Tue Jul 15 06:17:36 GMT 2025","passed","Tue Jul 15 06:17:36 GMT 2025","","","",""
"","1","Push message with long payload","Waku Light Push: Multiple Nodes: Strict Check: true","Tue Jul 15 06:17:36 GMT 2025","passed","Tue Jul 15 06:17:36 GMT 2025","","","",""
"","1","should retrieve 3 multiaddrs for test.waku.nodes.status.im","DNS Node Discovery [live data]","Tue Jul 15 05:50:33 GMT 2025","skipped","Tue Jul 15 05:50:33 GMT 2025","","","",""
"","0","should be able to decode the field with only STORE set to true","ENR waku2 codec","Tue Jul 15 05:50:14 GMT 2025","passed","Tue Jul 15 05:50:14 GMT 2025","","Decoding","",""
"","0","should correctly map /app/20/sometopic/someencoding to shard index 0 with networkShards 1","contentTopicToShardIndex","Tue Jul 15 05:50:08 GMT 2025","passed","Tue Jul 15 05:50:08 GMT 2025","","","",""
"","0","peer:update - should do nothing if another protocol hit","StreamManager","Tue Jul 15 05:50:25 GMT 2025","passed","Tue Jul 15 05:50:25 GMT 2025","","","",""
"","0","Push message with escaped characters payload","Waku Light Push: Multiple Nodes: Strict Check: true","Tue Jul 15 06:17:36 GMT 2025","passed","Tue Jul 15 06:17:36 GMT 2025","","","",""
"","1","should not fail to start the service if it is already started","Peer Exchange","Tue Jul 15 05:53:39 GMT 2025","passed","Tue Jul 15 05:53:39 GMT 2025","interface-peer-discovery compliance tests","Compliance Test","",""
"","1","Decoder throws on undefined content topic","Ensures content topic is defined","Tue Jul 15 05:50:44 GMT 2025","passed","Tue Jul 15 05:50:44 GMT 2025","","","",""
"","1","should return false when network is not connected","ConnectionManager","Tue Jul 15 05:50:25 GMT 2025","passed","Tue Jul 15 05:50:25 GMT 2025","","isConnected","",""
"","1","should dial second nwaku node that was discovered","DiscoveryDialer","Tue Jul 15 05:51:23 GMT 2025","skipped","Tue Jul 15 05:51:23 GMT 2025","","","",""
"","0","should be able to decode the field with STORE and LIGHTPUSH protocols set to true","ENR waku2 codec","Tue Jul 15 05:50:14 GMT 2025","passed","Tue Jul 15 05:50:14 GMT 2025","","Decoding","",""
"","1","Push message with escaped characters payload","Waku Light Push: Multiple Nodes: Strict Check: false","Tue Jul 15 06:17:36 GMT 2025","passed","Tue Jul 15 06:17:36 GMT 2025","","","",""
"","8","should add and check entries correctly","TTLSet","Tue Jul 15 05:50:52 GMT 2025","passed","Tue Jul 15 05:50:52 GMT 2025","","","",""
"","0","throws on content topic with non-number generation field","ensureValidContentTopic","Tue Jul 15 05:50:08 GMT 2025","passed","Tue Jul 15 05:50:08 GMT 2025","","","",""
"","9","messageHashStr returns the same value as bytesToHex(messageHash)","messageHash and messageHashStr","Tue Jul 15 05:50:24 GMT 2025","passed","Tue Jul 15 05:50:24 GMT 2025","","","",""
"","0","should reject if Filter is requested but not mounted","waitForRemotePeer","Tue Jul 15 05:50:54 GMT 2025","passed","Tue Jul 15 05:50:54 GMT 2025","","","",""
"","0","Push message with SQL Injection payload","Waku Light Push: Multiple Nodes: Strict Check: true","Tue Jul 15 06:17:36 GMT 2025","passed","Tue Jul 15 06:17:36 GMT 2025","","","",""
"","0","should allow a peer to be returned again after renewPeer is called","PeerManager","Tue Jul 15 05:50:54 GMT 2025","passed","Tue Jul 15 05:50:54 GMT 2025","","","",""
"","0","1 Store, 2 relays, 2 fetches","Fetch nodes until capabilities are fulfilled","Tue Jul 15 05:50:33 GMT 2025","passed","Tue Jul 15 05:50:33 GMT 2025","","","",""
"","0","Decoder throws on empty string content topic","Ensures content topic is defined","Tue Jul 15 05:50:44 GMT 2025","passed","Tue Jul 15 05:50:44 GMT 2025","","","",""
"","0","should create a new stream if no existing for protocol found","StreamManager","Tue Jul 15 05:50:25 GMT 2025","passed","Tue Jul 15 05:50:25 GMT 2025","","","",""
"","0","Push message with content topic containing emoji","Waku Light Push: Multiple Nodes: Strict Check: true","Tue Jul 15 06:17:36 GMT 2025","broken","Tue Jul 15 06:17:36 GMT 2025","","","",""
"","0","can query messages normally","Waku Store, message hash query","Tue Jul 15 05:55:25 GMT 2025","broken","Tue Jul 15 05:55:25 GMT 2025","","","",""
"","0","ignores unrecognized TXT record formats","DNS Node Discovery","Tue Jul 15 05:50:33 GMT 2025","passed","Tue Jul 15 05:50:33 GMT 2025","","","",""
"","0","should filter out already connected peers","ConnectionLimiter","Tue Jul 15 05:50:24 GMT 2025","passed","Tue Jul 15 05:50:24 GMT 2025","","dialPeersFromStore","",""
"","1","should return the correct m/n for k = 7, targetError = 0.01","Probabilities","Tue Jul 15 05:51:04 GMT 2025","passed","Tue Jul 15 05:51:04 GMT 2025","","","",""
"","0","should hash ""hello"" with n=5 and maxValue=1000 correctly","hashN","Tue Jul 15 05:51:04 GMT 2025","passed","Tue Jul 15 05:51:04 GMT 2025","","","",""
"","0","should hash """" with n=1 and maxValue=100 correctly","hashN","Tue Jul 15 05:51:04 GMT 2025","passed","Tue Jul 15 05:51:04 GMT 2025","","","",""
"","1","retrieves all peers (2) when cannot fulfill all requirements","DNS Node Discovery w/ capabilities","Tue Jul 15 05:50:33 GMT 2025","passed","Tue Jul 15 05:50:33 GMT 2025","","","",""
"","0","should handle complete peer lifecycle","KeepAliveManager","Tue Jul 15 05:50:24 GMT 2025","passed","Tue Jul 15 05:50:24 GMT 2025","","integration","",""
"","0","Push message with content topic containing numeric","Waku Light Push: Multiple Nodes: Strict Check: true","Tue Jul 15 06:17:36 GMT 2025","broken","Tue Jul 15 06:17:36 GMT 2025","","","",""
"","4","should dial peer when on same shard","Dialer","Tue Jul 15 05:50:24 GMT 2025","passed","Tue Jul 15 05:50:24 GMT 2025","","dial","",""
"","0","should send relay ping messages on timer","KeepAliveManager","Tue Jul 15 05:50:24 GMT 2025","passed","Tue Jul 15 05:50:24 GMT 2025","","relay timer management","",""
"","0","should return false when connections are non-bootstrap peers","ConnectionLimiter","Tue Jul 15 05:50:24 GMT 2025","passed","Tue Jul 15 05:50:24 GMT 2025","","hasMoreThanMaxBootstrapConnections","",""
"","0","should return available peers with correct protocol and pubsub topic","PeerManager","Tue Jul 15 05:50:54 GMT 2025","passed","Tue Jul 15 05:50:54 GMT 2025","","","",""
"","0","should create an instance with libp2p and dialer","DiscoveryDialer","Tue Jul 15 05:50:24 GMT 2025","passed","Tue Jul 15 05:50:24 GMT 2025","","constructor","",""
"","1","should hash ""test123"" with n=2 and maxValue=1000 correctly","hashN","Tue Jul 15 05:51:04 GMT 2025","passed","Tue Jul 15 05:51:04 GMT 2025","","","",""
"","1","should return false when navigator.onLine is true but network is not connected","NetworkMonitor","Tue Jul 15 05:50:23 GMT 2025","passed","Tue Jul 15 05:50:23 GMT 2025","","isConnected","",""
"","0","should emit a peer event after start","Peer Exchange","Tue Jul 15 05:53:39 GMT 2025","passed","Tue Jul 15 05:53:39 GMT 2025","interface-peer-discovery compliance tests","Compliance Test","",""
"","0","rejects hash query with content filter parameters","StoreQueryRequest validation","Tue Jul 15 05:50:25 GMT 2025","passed","Tue Jul 15 05:50:25 GMT 2025","","","",""
"","0","Push message with custom timestamp: 1752562315344","Waku Light Push: Multiple Nodes: Strict Check: true","Tue Jul 15 06:17:36 GMT 2025","passed","Tue Jul 15 06:17:36 GMT 2025","","","",""
"","0","should add peer to queue when queue is not empty","Dialer","Tue Jul 15 05:50:24 GMT 2025","passed","Tue Jul 15 05:50:24 GMT 2025","","dial","",""
"","0","Push message with custom timestamp: 1721800315344","Waku Light Push: Multiple Nodes: Strict Check: true","Tue Jul 15 06:17:36 GMT 2025","passed","Tue Jul 15 06:17:36 GMT 2025","","","",""
"","0","should start ping timers on peer connect","KeepAliveManager","Tue Jul 15 05:50:24 GMT 2025","passed","Tue Jul 15 05:50:24 GMT 2025","","peer connect event handling","",""
"","0","should handle corrupted shard info gracefully","ShardReader","Tue Jul 15 05:50:24 GMT 2025","passed","Tue Jul 15 05:50:24 GMT 2025","","error handling","",""
"","0","should not process empty queue","Dialer","Tue Jul 15 05:50:24 GMT 2025","passed","Tue Jul 15 05:50:24 GMT 2025","","queue processing","",""
"","0","should set field with only STORE enabled","ENR","Tue Jul 15 05:50:15 GMT 2025","passed","Tue Jul 15 05:50:15 GMT 2025","","waku2 key round trip","",""
"","0","Push message with content topic containing XML","Waku Light Push: Multiple Nodes: Strict Check: false","Tue Jul 15 06:17:36 GMT 2025","broken","Tue Jul 15 06:17:36 GMT 2025","","","",""
"","1","should return peer for existing peer","ConnectionLimiter","Tue Jul 15 05:50:24 GMT 2025","passed","Tue Jul 15 05:50:24 GMT 2025","","getPeer","",""
"","1","should only return 1 node with relay capability","DNS Node Discovery w/ capabilities","Tue Jul 15 05:50:33 GMT 2025","passed","Tue Jul 15 05:50:33 GMT 2025","","","",""
"","1","should handle peer disconnect event when no connections remain","NetworkMonitor","Tue Jul 15 05:50:23 GMT 2025","passed","Tue Jul 15 05:50:23 GMT 2025","","peer connection events","",""
"","1","ENRTree (root): should error if DNS root entry is mis-prefixed","ENRTree","Tue Jul 15 05:50:32 GMT 2025","passed","Tue Jul 15 05:50:32 GMT 2025","","","",""
"","0","Push message with rate limit","Waku Light Push: Multiple Nodes: Strict Check: true","Tue Jul 15 06:17:36 GMT 2025","passed","Tue Jul 15 06:17:36 GMT 2025","","","",""
"","0","does not throw on valid cases","ensureValidContentTopic","Tue Jul 15 05:50:08 GMT 2025","passed","Tue Jul 15 05:50:08 GMT 2025","","","",""
"","1","should handle complete discovery-to-dial flow","DiscoveryDialer","Tue Jul 15 05:50:24 GMT 2025","passed","Tue Jul 15 05:50:24 GMT 2025","","integration","",""
"","0","should request peer renewal on specific errors","RetryManager","Tue Jul 15 05:50:53 GMT 2025","passed","Tue Jul 15 05:50:53 GMT 2025","","","",""
"","1","Symmetric encrypt & Decrypt","Waku Encryption","Tue Jul 15 05:50:43 GMT 2025","passed","Tue Jul 15 05:50:43 GMT 2025","","","",""
"","1","groups multiple content topics into the same pubsub topic when they share the same shard index","contentTopicsByPubsubTopic","Tue Jul 15 05:50:08 GMT 2025","passed","Tue Jul 15 05:50:08 GMT 2025","","","",""
"","0","should hang up with PeerId and return true on success","ConnectionManager","Tue Jul 15 05:50:25 GMT 2025","passed","Tue Jul 15 05:50:25 GMT 2025","","hangUp","",""
"","4","should hash """" with n=2 and maxValue=10000 correctly","hashN","Tue Jul 15 05:51:04 GMT 2025","passed","Tue Jul 15 05:51:04 GMT 2025","","","",""
"","0","Push message with content topic containing JSON","Waku Light Push: Multiple Nodes: Strict Check: false","Tue Jul 15 06:17:36 GMT 2025","broken","Tue Jul 15 06:17:36 GMT 2025","","","",""
"","0","should retry if all attempts fail","RetryManager","Tue Jul 15 05:50:53 GMT 2025","passed","Tue Jul 15 05:50:53 GMT 2025","","","",""
"","0","Round trip binary serialization","Waku Message version 0","Tue Jul 15 05:50:25 GMT 2025","passed","Tue Jul 15 05:50:25 GMT 2025","","","",""
"","0","Push message with Russian payload","Waku Light Push: Multiple Nodes: Strict Check: false","Tue Jul 15 06:17:36 GMT 2025","passed","Tue Jul 15 06:17:36 GMT 2025","","","",""
"","1","should return false when pubsub topic parsing fails","ShardReader","Tue Jul 15 05:50:24 GMT 2025","passed","Tue Jul 15 05:50:24 GMT 2025","","isPeerOnTopic","",""
"","1","should not allow unachievable error rate","Probabilities","Tue Jul 15 05:51:04 GMT 2025","passed","Tue Jul 15 05:51:04 GMT 2025","","","",""
"","2","should return null for non-existent peer","ConnectionLimiter","Tue Jul 15 05:50:24 GMT 2025","passed","Tue Jul 15 05:50:24 GMT 2025","","getPeer","",""
"","1","should throw an error for invalid PubsubTopic format: /waku/1/rs/1/2","pubsubTopicToSingleShardInfo with various invalid formats","Tue Jul 15 05:50:08 GMT 2025","passed","Tue Jul 15 05:50:08 GMT 2025","","","",""
"","1","should hash """" with n=1 and maxValue=10000 correctly","hashN","Tue Jul 15 05:51:04 GMT 2025","passed","Tue Jul 15 05:51:04 GMT 2025","","","",""
"","1","Fields are not dropped","to proto message","Tue Jul 15 05:50:24 GMT 2025","passed","Tue Jul 15 05:50:24 GMT 2025","","","",""
"","1","should handle incoming messages","Filter SDK","Tue Jul 15 05:50:54 GMT 2025","broken","Tue Jul 15 05:50:54 GMT 2025","","","",""
"","0","Push message with content topic containing Russian","Waku Light Push: Multiple Nodes: Strict Check: false","Tue Jul 15 06:17:36 GMT 2025","broken","Tue Jul 15 06:17:36 GMT 2025","","","",""
"","1","should handle browser offline state overriding peer connections","NetworkMonitor","Tue Jul 15 05:50:23 GMT 2025","passed","Tue Jul 15 05:50:23 GMT 2025","","integration","",""
"","0","Push message with special chars payload","Waku Light Push: Multiple Nodes: Strict Check: false","Tue Jul 15 06:17:36 GMT 2025","passed","Tue Jul 15 06:17:36 GMT 2025","","","",""
"","3","peerDiscovery without wakuPeerExchangeDiscovery","Peer Exchange","Tue Jul 15 05:54:34 GMT 2025","passed","Tue Jul 15 05:54:34 GMT 2025","","","",""
"","1","Decoder throws on empty string content topic","Ensures content topic is defined","Tue Jul 15 05:50:43 GMT 2025","passed","Tue Jul 15 05:50:43 GMT 2025","","","",""
"","1","peer:update - should schedule stream creation IF protocol hit AND no stream found on connection","StreamManager","Tue Jul 15 05:50:25 GMT 2025","passed","Tue Jul 15 05:50:25 GMT 2025","","","",""
"","0","recovers when dns.resolve returns empty","DNS Node Discovery","Tue Jul 15 05:50:33 GMT 2025","passed","Tue Jul 15 05:50:33 GMT 2025","","","",""
"","0","should increase lamport timestamp","MessageChannel","Tue Jul 15 05:51:09 GMT 2025","passed","Tue Jul 15 05:51:09 GMT 2025","","receiving a message","",""
"","3","peer:update - should not schedule stream creation IF protocol hit AND stream found on connection","StreamManager","Tue Jul 15 05:50:25 GMT 2025","passed","Tue Jul 15 05:50:25 GMT 2025","","","",""
"","2","Correctly serialized arguments","nwaku","Tue Jul 15 05:53:03 GMT 2025","passed","Tue Jul 15 05:53:03 GMT 2025","","","",""
"","0","returns all values when wanted number is greater than available values","Discovery","Tue Jul 15 05:50:32 GMT 2025","passed","Tue Jul 15 05:50:32 GMT 2025","","","",""
"","0","should not create timers for topics where peer is not in mesh","KeepAliveManager","Tue Jul 15 05:50:24 GMT 2025","passed","Tue Jul 15 05:50:24 GMT 2025","","relay timer management","",""
"","0","peer exchange sets tag","Peer Exchange","Tue Jul 15 05:54:34 GMT 2025","passed","Tue Jul 15 05:54:34 GMT 2025","","","",""
"","0","should hash ""test123"" with n=0 and maxValue=10000 correctly","hashN","Tue Jul 15 05:51:04 GMT 2025","passed","Tue Jul 15 05:51:04 GMT 2025","","","",""
"","0","should unregister libp2p event listeners when stop is called","PeerManager","Tue Jul 15 05:50:54 GMT 2025","passed","Tue Jul 15 05:50:54 GMT 2025","","","",""
"","0","msgTime: -19000 ms from now, startTime: -19010, endTime: -18990","Waku Store, time filter","Tue Jul 15 05:56:04 GMT 2025","broken","Tue Jul 15 05:56:04 GMT 2025","","","",""
"","0","should throw an error for non-numeric shard: /waku/2/rs/1/-","pubsubTopicToSingleShardInfo with various invalid formats","Tue Jul 15 05:50:08 GMT 2025","passed","Tue Jul 15 05:50:08 GMT 2025","","","",""
"","1","should hash ""Lorem ipsum dolor sit amet"" with n=2 and maxValue=100 correctly","hashN","Tue Jul 15 05:51:04 GMT 2025","passed","Tue Jul 15 05:51:04 GMT 2025","","","",""
"","0","should handle peer store errors gracefully","DiscoveryDialer","Tue Jul 15 05:50:24 GMT 2025","passed","Tue Jul 15 05:50:24 GMT 2025","","peer discovery handling","",""
"","1","should add event listeners to libp2p","NetworkMonitor","Tue Jul 15 05:50:23 GMT 2025","passed","Tue Jul 15 05:50:23 GMT 2025","","start","",""
"","0","should handle peer store errors gracefully","ConnectionLimiter","Tue Jul 15 05:50:24 GMT 2025","passed","Tue Jul 15 05:50:24 GMT 2025","","hasMoreThanMaxBootstrapConnections","",""
"","0","should remove event listeners","KeepAliveManager","Tue Jul 15 05:50:24 GMT 2025","passed","Tue Jul 15 05:50:24 GMT 2025","","stop","",""
"","0","should create all internal components","ConnectionManager","Tue Jul 15 05:50:25 GMT 2025","passed","Tue Jul 15 05:50:25 GMT 2025","","constructor","",""
"","0","should get all peers from store","ConnectionLimiter","Tue Jul 15 05:50:24 GMT 2025","passed","Tue Jul 15 05:50:24 GMT 2025","","dialPeersFromStore","",""
"","0","should throw error - no public key","ENR","Tue Jul 15 05:50:15 GMT 2025","passed","Tue Jul 15 05:50:15 GMT 2025","","Verify","",""
"","0","Fails to push message with large meta","Waku Light Push: Multiple Nodes: Strict Check: true","Tue Jul 15 06:17:36 GMT 2025","broken","Tue Jul 15 06:17:36 GMT 2025","","","",""
"","0","Encoder throws on undefined content topic","Ensures content topic is defined","Tue Jul 15 05:50:44 GMT 2025","passed","Tue Jul 15 05:50:44 GMT 2025","","","",""
"","0","should be able to encode the field with only FILTER set to true","ENR waku2 codec","Tue Jul 15 05:50:14 GMT 2025","passed","Tue Jul 15 05:50:14 GMT 2025","","Encoding","",""
"","0","should be able to decode the field with only RELAY set to true","ENR waku2 codec","Tue Jul 15 05:50:14 GMT 2025","passed","Tue Jul 15 05:50:14 GMT 2025","","Decoding","",""
"","0","should hash ""test123"" with n=0 and maxValue=1000 correctly","hashN","Tue Jul 15 05:51:04 GMT 2025","passed","Tue Jul 15 05:51:04 GMT 2025","","","",""
"","1","should drop connection via multiaddr with hangUp","Dialing","Tue Jul 15 05:52:49 GMT 2025","passed","Tue Jul 15 05:52:49 GMT 2025","","","",""
"","0","should hash ""!@#$%^&*()"" with n=5 and maxValue=1000 correctly","hashN","Tue Jul 15 05:51:04 GMT 2025","passed","Tue Jul 15 05:51:04 GMT 2025","","","",""
"","1","should add event listeners to globalThis","NetworkMonitor","Tue Jul 15 05:50:23 GMT 2025","passed","Tue Jul 15 05:50:23 GMT 2025","","start","",""
"","0","should reject if WakuNode is not started","waitForRemotePeer","Tue Jul 15 05:50:54 GMT 2025","passed","Tue Jul 15 05:50:54 GMT 2025","","","",""
"","6","should requeue task if no peer is available","RetryManager","Tue Jul 15 05:50:53 GMT 2025","passed","Tue Jul 15 05:50:53 GMT 2025","","","",""
"","0","should handle all zero keep alive options","KeepAliveManager","Tue Jul 15 05:50:24 GMT 2025","passed","Tue Jul 15 05:50:24 GMT 2025","","edge cases","",""
"","0","Push message with content topic containing Arabic","Waku Light Push: Multiple Nodes: Strict Check: false","Tue Jul 15 06:17:36 GMT 2025","broken","Tue Jul 15 06:17:36 GMT 2025","","","",""
"","0","should return false when peer is not found","ShardReader","Tue Jul 15 05:50:24 GMT 2025","passed","Tue Jul 15 05:50:24 GMT 2025","","isPeerOnNetwork","",""
"","0","same cluster: nodes connect","Metadata Protocol","Tue Jul 15 05:53:03 GMT 2025","passed","Tue Jul 15 05:53:03 GMT 2025","","auto sharding","",""
"","1","should hash """" with n=0 and maxValue=100 correctly","hashN","Tue Jul 15 05:51:04 GMT 2025","passed","Tue Jul 15 05:51:04 GMT 2025","","","",""
"","1","should reject if Relay is requested but not mounted","waitForRemotePeer","Tue Jul 15 05:50:54 GMT 2025","passed","Tue Jul 15 05:50:54 GMT 2025","","","",""
"","0","should hash ""test123"" with n=5 and maxValue=1000 correctly","hashN","Tue Jul 15 05:51:04 GMT 2025","passed","Tue Jul 15 05:51:04 GMT 2025","","","",""
"","1","should return false when peer is not on the specified shard","ShardReader","Tue Jul 15 05:50:24 GMT 2025","passed","Tue Jul 15 05:50:24 GMT 2025","","isPeerOnShard","",""
"","1","Push message with content topic containing shell command","Waku Light Push: Multiple Nodes: Strict Check: false","Tue Jul 15 06:17:36 GMT 2025","broken","Tue Jul 15 06:17:36 GMT 2025","","","",""
"","0","Push message with content topic containing SQL Injection","Waku Light Push: Multiple Nodes: Strict Check: false","Tue Jul 15 06:17:36 GMT 2025","broken","Tue Jul 15 06:17:36 GMT 2025","","","",""
"","1","should return the correct m/n for k = 7, targetError = 0.001","Probabilities","Tue Jul 15 05:51:04 GMT 2025","passed","Tue Jul 15 05:51:04 GMT 2025","","","",""
"","1","should encode/decode to RLP encoding","ENR","Tue Jul 15 05:50:15 GMT 2025","passed","Tue Jul 15 05:50:15 GMT 2025","","Static tests","",""
"","1","should process tasks in queue","RetryManager","Tue Jul 15 05:50:53 GMT 2025","passed","Tue Jul 15 05:50:53 GMT 2025","","","",""
"","0","should retry failed tasks","RetryManager","Tue Jul 15 05:50:53 GMT 2025","passed","Tue Jul 15 05:50:53 GMT 2025","","","",""
"","1","should throw an error for non-numeric clusterId: /waku/2/rs/!/1","pubsubTopicToSingleShardInfo with various invalid formats","Tue Jul 15 05:50:08 GMT 2025","passed","Tue Jul 15 05:50:08 GMT 2025","","","",""
"","1","should process up to 3 peers at once","Dialer","Tue Jul 15 05:50:24 GMT 2025","passed","Tue Jul 15 05:50:24 GMT 2025","","queue processing","",""
"","0","should be safe to call multiple times","DiscoveryDialer","Tue Jul 15 05:50:24 GMT 2025","passed","Tue Jul 15 05:50:24 GMT 2025","","start","",""
"","0","Fails to push message with large meta","Waku Light Push: Multiple Nodes: Strict Check: false","Tue Jul 15 06:17:36 GMT 2025","broken","Tue Jul 15 06:17:36 GMT 2025","","","",""
"","1","should correctly map /app/20/sometopic/someencoding to shard index 7","contentTopicToShardIndex","Tue Jul 15 05:50:08 GMT 2025","passed","Tue Jul 15 05:50:08 GMT 2025","","","",""
"","0","should return false when no connections","ConnectionLimiter","Tue Jul 15 05:50:24 GMT 2025","passed","Tue Jul 15 05:50:24 GMT 2025","","hasMoreThanMaxBootstrapConnections","",""
"","0","should update lamport timestamp if greater than current timestamp and dependencies are met","MessageChannel","Tue Jul 15 05:51:09 GMT 2025","passed","Tue Jul 15 05:51:09 GMT 2025","","receiving a message","",""
"","1","should not create ping timers when pingKeepAlive = 0","KeepAliveManager","Tue Jul 15 05:50:24 GMT 2025","passed","Tue Jul 15 05:50:24 GMT 2025","","ping timer management","",""
"","1","should maintain proper timestamps if all messages received","MessageChannel","Tue Jul 15 05:51:09 GMT 2025","passed","Tue Jul 15 05:51:09 GMT 2025","","receiving a message","",""
"","0","should handle peer not in mesh for all topics","KeepAliveManager","Tue Jul 15 05:50:24 GMT 2025","passed","Tue Jul 15 05:50:24 GMT 2025","","edge cases","",""
"","1","should return false when peer is not on topic","ConnectionManager","Tue Jul 15 05:50:25 GMT 2025","passed","Tue Jul 15 05:50:25 GMT 2025","","isPeerOnTopic","",""
"","1","should not fail to stop the service if it was not started","Peer Exchange","Tue Jul 15 05:53:39 GMT 2025","passed","Tue Jul 15 05:53:39 GMT 2025","interface-peer-discovery compliance tests","Compliance Test","",""
"","1","Fails to push message bigger that 1MB","Waku Light Push: Multiple Nodes: Strict Check: true","Tue Jul 15 06:17:36 GMT 2025","passed","Tue Jul 15 06:17:36 GMT 2025","","","",""
"","0","messageHash returns a Uint8Array","messageHash and messageHashStr","Tue Jul 15 05:50:24 GMT 2025","passed","Tue Jul 15 05:50:24 GMT 2025","","","",""
"","1","should set default options when no config provided","ConnectionManager","Tue Jul 15 05:50:25 GMT 2025","passed","Tue Jul 15 05:50:25 GMT 2025","","constructor","",""
"","1","returns a subset of values when wanted number is lesser than available values","Discovery","Tue Jul 15 05:50:32 GMT 2025","passed","Tue Jul 15 05:50:32 GMT 2025","","","",""
"","0","Push to array if already present","pushOrInitMapSet","Tue Jul 15 05:50:08 GMT 2025","passed","Tue Jul 15 05:50:08 GMT 2025","","","",""
"","1","should discard bootstrap peers when has more than 1 (default limit)","Connection Limiter","Tue Jul 15 05:51:55 GMT 2025","passed","Tue Jul 15 05:51:55 GMT 2025","","","",""
"","0","should be safe to call multiple times","ConnectionManager","Tue Jul 15 05:50:25 GMT 2025","passed","Tue Jul 15 05:50:25 GMT 2025","","stop","",""
"","0","should be able to decode the field with ALL protocols set to false","ENR waku2 codec","Tue Jul 15 05:50:14 GMT 2025","passed","Tue Jul 15 05:50:14 GMT 2025","","Decoding","",""
"","1","topics with same application and version share the same shard","contentTopicToShardIndex","Tue Jul 15 05:50:08 GMT 2025","passed","Tue Jul 15 05:50:08 GMT 2025","","","",""
"","0","should correctly map /toychat/2/huilong/proto to shard index 3","contentTopicToShardIndex","Tue Jul 15 05:50:08 GMT 2025","passed","Tue Jul 15 05:50:08 GMT 2025","","","",""
"","0","should emit `waku:offline` event only when all peers disconnect","Connection state","Tue Jul 15 05:51:43 GMT 2025","passed","Tue Jul 15 05:51:43 GMT 2025","","","",""
"","2","should return false when peer is on different cluster","ShardReader","Tue Jul 15 05:50:24 GMT 2025","passed","Tue Jul 15 05:50:24 GMT 2025","","isPeerOnNetwork","",""
"","0","should be able to encode the field with STORE and LIGHTPUSH protocols set to true","ENR waku2 codec","Tue Jul 15 05:50:14 GMT 2025","passed","Tue Jul 15 05:50:14 GMT 2025","","Encoding","",""
"","0","Ephemeral messages are not stored","Waku Message Ephemeral field","Tue Jul 15 05:54:15 GMT 2025","broken","Tue Jul 15 05:54:15 GMT 2025","","","",""
"","0","messageHashStr works with IProtoMessage","messageHash and messageHashStr","Tue Jul 15 05:50:24 GMT 2025","passed","Tue Jul 15 05:50:24 GMT 2025","","","",""
"","1","should return true when peer is on the pubsub topic shard","ShardReader","Tue Jul 15 05:50:24 GMT 2025","passed","Tue Jul 15 05:50:24 GMT 2025","","isPeerOnTopic","",""
"","2","should handle peer store errors during connection limiting","ConnectionLimiter","Tue Jul 15 05:50:24 GMT 2025","passed","Tue Jul 15 05:50:24 GMT 2025","","integration tests","",""
"","0","should handle multiple peer connections","KeepAliveManager","Tue Jul 15 05:50:24 GMT 2025","passed","Tue Jul 15 05:50:24 GMT 2025","","peer connect event handling","",""
"","0","Push message with custom timestamp: 1752555115344","Waku Light Push: Multiple Nodes: Strict Check: false","Tue Jul 15 06:17:36 GMT 2025","passed","Tue Jul 15 06:17:36 GMT 2025","","","",""
"","1","should transition to Unhealthy when no connections","HealthIndicator","Tue Jul 15 05:50:54 GMT 2025","passed","Tue Jul 15 05:50:54 GMT 2025","","","",""
"","1","should not fail to start the service if it is already started","DNS Discovery: Compliance Test","Tue Jul 15 05:51:28 GMT 2025","passed","Tue Jul 15 05:51:28 GMT 2025","","interface-peer-discovery compliance tests","",""
"","11","should do nothing if peer is not a bootstrap peer","ConnectionLimiter","Tue Jul 15 05:50:24 GMT 2025","passed","Tue Jul 15 05:50:24 GMT 2025","","onConnectedEvent","",""
"","0","should handle case with no peers in store","ConnectionLimiter","Tue Jul 15 05:50:24 GMT 2025","passed","Tue Jul 15 05:50:24 GMT 2025","","dialPeersFromStore","",""
"","0","should sort peers by ping value","ConnectionManager","Tue Jul 15 05:50:25 GMT 2025","passed","Tue Jul 15 05:50:25 GMT 2025","","getConnectedPeers","",""
"","1","isConnected should return false after all peers disconnect","Connection state","Tue Jul 15 05:51:43 GMT 2025","passed","Tue Jul 15 05:51:43 GMT 2025","","","",""
"","0","can start and stop the service","Peer Exchange","Tue Jul 15 05:53:39 GMT 2025","passed","Tue Jul 15 05:53:39 GMT 2025","interface-peer-discovery compliance tests","Compliance Test","",""
"","0","should hash ""test123"" with n=2 and maxValue=100 correctly","hashN","Tue Jul 15 05:51:04 GMT 2025","passed","Tue Jul 15 05:51:04 GMT 2025","","","",""
"","0","1 Relay, 1 fetch","Fetch nodes until capabilities are fulfilled","Tue Jul 15 05:50:33 GMT 2025","passed","Tue Jul 15 05:50:33 GMT 2025","","","",""
"","0","should mark all messages in causal history as acknowledged","MessageChannel","Tue Jul 15 05:51:09 GMT 2025","passed","Tue Jul 15 05:51:09 GMT 2025","","reviewing ack status","",""
"","0","Throws when trying to push message with empty payload","Waku Light Push: Multiple Nodes: Strict Check: false","Tue Jul 15 06:17:36 GMT 2025","passed","Tue Jul 15 06:17:36 GMT 2025","","","",""
"","1","should not execute task if max attempts is 0","RetryManager","Tue Jul 15 05:50:53 GMT 2025","passed","Tue Jul 15 05:50:53 GMT 2025","","","",""
"","0","should handle renewPeer for a non-existent or disconnected peer gracefully","PeerManager","Tue Jul 15 05:50:54 GMT 2025","passed","Tue Jul 15 05:50:54 GMT 2025","","","",""
"","0","should throw an error for non-numeric shard: /waku/2/rs/1/!","pubsubTopicToSingleShardInfo with various invalid formats","Tue Jul 15 05:50:08 GMT 2025","passed","Tue Jul 15 05:50:08 GMT 2025","","","",""
"","0","should throw an error for non-numeric shard: /waku/2/rs/1/y","pubsubTopicToSingleShardInfo with various invalid formats","Tue Jul 15 05:50:08 GMT 2025","passed","Tue Jul 15 05:50:08 GMT 2025","","","",""
"","0","should redial peers when all connections are lost","ConnectionLimiter","Tue Jul 15 05:50:24 GMT 2025","passed","Tue Jul 15 05:50:24 GMT 2025","","integration tests","",""
"","0","Push message with special chars payload","Waku Light Push: Multiple Nodes: Strict Check: true","Tue Jul 15 06:17:36 GMT 2025","passed","Tue Jul 15 06:17:36 GMT 2025","","","",""
"","0","should hash """" with n=2 and maxValue=1000 correctly","hashN","Tue Jul 15 05:51:04 GMT 2025","passed","Tue Jul 15 05:51:04 GMT 2025","","","",""
"","0","Push message with Russian payload","Waku Light Push: Multiple Nodes: Strict Check: true","Tue Jul 15 06:17:36 GMT 2025","passed","Tue Jul 15 06:17:36 GMT 2025","","","",""
"","0","should hash ""!@#$%^&*()"" with n=2 and maxValue=1000 correctly","hashN","Tue Jul 15 05:51:04 GMT 2025","passed","Tue Jul 15 05:51:04 GMT 2025","","","",""
"","1","can start the service","DNS Discovery: Compliance Test","Tue Jul 15 05:51:28 GMT 2025","passed","Tue Jul 15 05:51:28 GMT 2025","","interface-peer-discovery compliance tests","",""
"","0","should dial peers from store on start","ConnectionLimiter","Tue Jul 15 05:50:24 GMT 2025","passed","Tue Jul 15 05:50:24 GMT 2025","","start","",""
"","0","should hash ""hello"" with n=1 and maxValue=1000 correctly","hashN","Tue Jul 15 05:51:04 GMT 2025","passed","Tue Jul 15 05:51:04 GMT 2025","","","",""
"","0","accepts time-filtered query with content filter","StoreQueryRequest validation","Tue Jul 15 05:50:25 GMT 2025","passed","Tue Jul 15 05:50:25 GMT 2025","","","",""
"","0","should only return 1 node with store capability","DNS Node Discovery w/ capabilities","Tue Jul 15 05:50:33 GMT 2025","passed","Tue Jul 15 05:50:33 GMT 2025","","","",""
"","1","should start and stop interval correctly","RetryManager","Tue Jul 15 05:50:53 GMT 2025","passed","Tue Jul 15 05:50:53 GMT 2025","","","",""
"","0","should add received messages to bloom filter","MessageChannel","Tue Jul 15 05:51:09 GMT 2025","passed","Tue Jul 15 05:51:09 GMT 2025","","receiving a message","",""
"","0","Ephemeral field is preserved - asymmetric encryption","Waku Message Ephemeral field","Tue Jul 15 05:54:15 GMT 2025","broken","Tue Jul 15 05:54:15 GMT 2025","","","",""
"","0","should wait for Filter peer to be connected","waitForRemotePeer","Tue Jul 15 05:50:54 GMT 2025","passed","Tue Jul 15 05:50:54 GMT 2025","","","",""
"","0","should wait for Store peer to be connected","waitForRemotePeer","Tue Jul 15 05:50:54 GMT 2025","passed","Tue Jul 15 05:50:54 GMT 2025","","","",""
"","1","should be able to encode the field with only RELAY set to true","ENR waku2 codec","Tue Jul 15 05:50:14 GMT 2025","passed","Tue Jul 15 05:50:14 GMT 2025","","Encoding","",""
"","0","should handle mixed peer types with bootstrap limiting","ConnectionLimiter","Tue Jul 15 05:50:24 GMT 2025","passed","Tue Jul 15 05:50:24 GMT 2025","","integration tests","",""
"","1","Encoder throws on undefined content topic","Ensures content topic is defined","Tue Jul 15 05:50:25 GMT 2025","passed","Tue Jul 15 05:50:25 GMT 2025","","","",""
"","0","Push message with JSON payload","Waku Light Push: Multiple Nodes: Strict Check: false","Tue Jul 15 06:17:36 GMT 2025","passed","Tue Jul 15 06:17:36 GMT 2025","","","",""
"","0","should be able to dial TLS multiaddrs","Dialing","Tue Jul 15 05:52:49 GMT 2025","passed","Tue Jul 15 05:52:49 GMT 2025","","","",""
"","0","should be safe to call multiple times","Dialer","Tue Jul 15 05:50:24 GMT 2025","passed","Tue Jul 15 05:50:24 GMT 2025","","stop","",""
"","0","should return exactly numPeersToUse peers when enough are available","PeerManager","Tue Jul 15 05:50:54 GMT 2025","passed","Tue Jul 15 05:50:54 GMT 2025","","","",""
"","0","should skip peer when already connected","Dialer","Tue Jul 15 05:50:24 GMT 2025","passed","Tue Jul 15 05:50:24 GMT 2025","","dial","",""
"","5","should return empty array for non-existent peer","ConnectionLimiter","Tue Jul 15 05:50:24 GMT 2025","passed","Tue Jul 15 05:50:24 GMT 2025","","getTagsForPeer","",""
"","0","should properly create location multiaddrs - tcp4","ENR","Tue Jul 15 05:50:15 GMT 2025","passed","Tue Jul 15 05:50:15 GMT 2025","","Location multiaddr","",""
"","0","should properly compute the node id","ENR","Tue Jul 15 05:50:15 GMT 2025","passed","Tue Jul 15 05:50:15 GMT 2025","","Static tests","",""
"","0","Unsubscribe from 100 topics (new limit) at once and receives messages","Waku Filter: Unsubscribe: Multiple Nodes: Strict Checking: true","Tue Jul 15 05:57:52 GMT 2025","passed","Tue Jul 15 05:57:52 GMT 2025","","","",""
"","1","should enable only dns and peerExchange when localPeerCache is disabled","Default Peer Discoveries","Tue Jul 15 05:50:54 GMT 2025","passed","Tue Jul 15 05:50:54 GMT 2025","","","",""
"","0","should add event listeners for peer connect and disconnect","KeepAliveManager","Tue Jul 15 05:50:24 GMT 2025","passed","Tue Jul 15 05:50:24 GMT 2025","","start","",""
"","0","should handle onConnected and onDisconnected","PeerManager","Tue Jul 15 05:50:54 GMT 2025","passed","Tue Jul 15 05:50:54 GMT 2025","","","",""
"","0","should hash """" with n=0 and maxValue=10000 correctly","hashN","Tue Jul 15 05:51:04 GMT 2025","passed","Tue Jul 15 05:51:04 GMT 2025","","","",""
"","1","should create ConnectionManager with required options","ConnectionManager","Tue Jul 15 05:50:25 GMT 2025","passed","Tue Jul 15 05:50:25 GMT 2025","","constructor","",""
"","1","`waku:online` between 2 js-waku relay nodes","Connection state","Tue Jul 15 05:51:43 GMT 2025","passed","Tue Jul 15 05:51:43 GMT 2025","","","",""
"","1","should hash """" with n=5 and maxValue=1000 correctly","hashN","Tue Jul 15 05:51:04 GMT 2025","passed","Tue Jul 15 05:51:04 GMT 2025","","","",""
"","1","throws on content topic with empty application field","ensureValidContentTopic","Tue Jul 15 05:50:08 GMT 2025","passed","Tue Jul 15 05:50:08 GMT 2025","","","",""
"","0","should handle bootstrap limit of 1 correctly","ConnectionLimiter","Tue Jul 15 05:50:24 GMT 2025","passed","Tue Jul 15 05:50:24 GMT 2025","","integration tests","",""
"","0","should properly create location multiaddrs - tcp6","ENR","Tue Jul 15 05:50:15 GMT 2025","passed","Tue Jul 15 05:50:15 GMT 2025","","Location multiaddr","",""
"","1","should enable only peerExchange and localPeerCache when dns is disabled","Default Peer Discoveries","Tue Jul 15 05:50:54 GMT 2025","passed","Tue Jul 15 05:50:54 GMT 2025","","","",""
"","0","Generator, 2 different shards","Waku Store, different static shards","Tue Jul 15 05:54:23 GMT 2025","passed","Tue Jul 15 05:54:23 GMT 2025","","","",""
"","0","should handle high bootstrap limit correctly","ConnectionLimiter","Tue Jul 15 05:50:24 GMT 2025","passed","Tue Jul 15 05:50:24 GMT 2025","","integration tests","",""
"","1","should handle peerStore errors gracefully","ConnectionManager","Tue Jul 15 05:50:25 GMT 2025","passed","Tue Jul 15 05:50:25 GMT 2025","","getConnectedPeers","",""
"","0","should retrieve 3 multiaddrs for sandbox.waku.nodes.status.im","DNS Node Discovery [live data]","Tue Jul 15 05:50:33 GMT 2025","skipped","Tue Jul 15 05:50:33 GMT 2025","","","",""
"","0","should return all connected peers without codec filter","ConnectionManager","Tue Jul 15 05:50:25 GMT 2025","passed","Tue Jul 15 05:50:25 GMT 2025","","getConnectedPeers","",""
"","0","should remove event listener for peer:discovery","DiscoveryDialer","Tue Jul 15 05:50:24 GMT 2025","passed","Tue Jul 15 05:50:24 GMT 2025","","stop","",""
"","0","should throw an error for non-numeric clusterId: /waku/2/rs/-/1","pubsubTopicToSingleShardInfo with various invalid formats","Tue Jul 15 05:50:08 GMT 2025","passed","Tue Jul 15 05:50:08 GMT 2025","","","",""
"","0","should hash ""!@#$%^&*()"" with n=0 and maxValue=1000 correctly","hashN","Tue Jul 15 05:51:04 GMT 2025","passed","Tue Jul 15 05:51:04 GMT 2025","","","",""
"","0","should hash ""Lorem ipsum dolor sit amet"" with n=1 and maxValue=100 correctly","hashN","Tue Jul 15 05:51:04 GMT 2025","passed","Tue Jul 15 05:51:04 GMT 2025","","","",""
"","1","should skip peer when not on same cluster","Dialer","Tue Jul 15 05:50:24 GMT 2025","passed","Tue Jul 15 05:50:24 GMT 2025","","dial","",""
"","5","should create KeepAliveManager with relay","KeepAliveManager","Tue Jul 15 05:50:24 GMT 2025","passed","Tue Jul 15 05:50:24 GMT 2025","","constructor","",""
"","0","should handle network check errors gracefully","Dialer","Tue Jul 15 05:50:24 GMT 2025","passed","Tue Jul 15 05:50:24 GMT 2025","","shard reader integration","",""
"","0","should hash ""test123"" with n=5 and maxValue=10000 correctly","hashN","Tue Jul 15 05:51:04 GMT 2025","passed","Tue Jul 15 05:51:04 GMT 2025","","","",""
"","2","tcp ip4 address","Multiaddr from fields","Tue Jul 15 05:50:14 GMT 2025","passed","Tue Jul 15 05:50:14 GMT 2025","","","",""
"","13","should create relay timers when relay exists and relayKeepAlive > 0","KeepAliveManager","Tue Jul 15 05:50:24 GMT 2025","passed","Tue Jul 15 05:50:24 GMT 2025","","relay timer management","",""
"","1","throws on empty content topic","ensureValidContentTopic","Tue Jul 15 05:50:08 GMT 2025","passed","Tue Jul 15 05:50:08 GMT 2025","","","",""
"","0","should hash """" with n=5 and maxValue=10000 correctly","hashN","Tue Jul 15 05:51:04 GMT 2025","passed","Tue Jul 15 05:51:04 GMT 2025","","","",""
"","0","should be able to encode the field with ALL protocols set to false","ENR waku2 codec","Tue Jul 15 05:50:14 GMT 2025","passed","Tue Jul 15 05:50:14 GMT 2025","","Encoding","",""
"","0","handles different clusterIds correctly","contentTopicsByPubsubTopic","Tue Jul 15 05:50:08 GMT 2025","passed","Tue Jul 15 05:50:08 GMT 2025","","","",""
"","1","should dial one peer on dial","Dialing","Tue Jul 15 05:52:49 GMT 2025","passed","Tue Jul 15 05:52:49 GMT 2025","","","",""
"","1","should insert message into bloom filter","MessageChannel","Tue Jul 15 05:51:09 GMT 2025","passed","Tue Jul 15 05:51:09 GMT 2025","","sending a message ","",""
"","0","Push message with rate limit","Waku Light Push: Multiple Nodes: Strict Check: false","Tue Jul 15 06:17:36 GMT 2025","passed","Tue Jul 15 06:17:36 GMT 2025","","","",""
"","0","should create dialer with libp2p and shardReader","Dialer","Tue Jul 15 05:50:24 GMT 2025","passed","Tue Jul 15 05:50:24 GMT 2025","","constructor","",""
"","0","should encode/decode to text encoding","ENR","Tue Jul 15 05:50:15 GMT 2025","passed","Tue Jul 15 05:50:15 GMT 2025","","Static tests","",""
"","0","should dial with PeerId and return stream","ConnectionManager","Tue Jul 15 05:50:25 GMT 2025","passed","Tue Jul 15 05:50:25 GMT 2025","","dial","",""
"","0","Push message with Chinese payload","Waku Light Push: Multiple Nodes: Strict Check: true","Tue Jul 15 06:17:36 GMT 2025","passed","Tue Jul 15 06:17:36 GMT 2025","","","",""
"","1","should not dial peers from store when browser is not connected","ConnectionLimiter","Tue Jul 15 05:50:24 GMT 2025","passed","Tue Jul 15 05:50:24 GMT 2025","","onWakuConnectionEvent","",""
"","0","should dispatch connect and disconnect events","PeerManager","Tue Jul 15 05:50:54 GMT 2025","passed","Tue Jul 15 05:50:54 GMT 2025","","","",""
"","0","Does not throw an exception when node disconnects","Waku Dial [node only]","Tue Jul 15 05:55:32 GMT 2025","passed","Tue Jul 15 05:55:32 GMT 2025","","Interop: ServiceNode","",""
"","1","Push message equal or less that 1MB","Waku Light Push: Multiple Nodes: Strict Check: true","Tue Jul 15 06:17:36 GMT 2025","passed","Tue Jul 15 06:17:36 GMT 2025","","","",""
"","0","Push message with content topic containing long","Waku Light Push: Multiple Nodes: Strict Check: false","Tue Jul 15 06:17:36 GMT 2025","broken","Tue Jul 15 06:17:36 GMT 2025","","","",""
"","0","should initialize with Unhealthy status","HealthIndicator","Tue Jul 15 05:50:54 GMT 2025","passed","Tue Jul 15 05:50:54 GMT 2025","","","",""
"","0","should hash ""Lorem ipsum dolor sit amet"" with n=5 and maxValue=100 correctly","hashN","Tue Jul 15 05:51:04 GMT 2025","passed","Tue Jul 15 05:51:04 GMT 2025","","","",""
"","0","should get / set TCP multiaddr","ENR","Tue Jul 15 05:50:15 GMT 2025","passed","Tue Jul 15 05:50:15 GMT 2025","","Multiaddr getters and setters","",""
"","0","should be sent without a timestamp, causal history, or bloom filter","MessageChannel","Tue Jul 15 05:51:09 GMT 2025","passed","Tue Jul 15 05:51:09 GMT 2025","","Ephemeral messages","",""
"","2","should enable only dns and localPeerCache when peerExchange is disabled","Default Peer Discoveries","Tue Jul 15 05:50:54 GMT 2025","passed","Tue Jul 15 05:50:54 GMT 2025","","","",""
"","1","Unsubscribe 1 topic - node subscribed to 1 topic","Waku Filter: Unsubscribe: Multiple Nodes: Strict Checking: true","Tue Jul 15 05:57:52 GMT 2025","broken","Tue Jul 15 05:57:52 GMT 2025","","","",""
"","1","should correctly map /0/toychat/2/huilong/proto to shard index 3","contentTopicToShardIndex","Tue Jul 15 05:50:08 GMT 2025","passed","Tue Jul 15 05:50:08 GMT 2025","","","",""
"","1","should be able to decode the field with RELAY and FILTER protocols set to true","ENR waku2 codec","Tue Jul 15 05:50:14 GMT 2025","passed","Tue Jul 15 05:50:14 GMT 2025","","Decoding","",""
"","1","should be safe to call multiple times","DiscoveryDialer","Tue Jul 15 05:50:24 GMT 2025","passed","Tue Jul 15 05:50:24 GMT 2025","","stop","",""
"","6","should handle case when globalThis is not available","NetworkMonitor","Tue Jul 15 05:50:23 GMT 2025","passed","Tue Jul 15 05:50:23 GMT 2025","","isConnected","",""
"","0","should hash ""!@#$%^&*()"" with n=2 and maxValue=10000 correctly","hashN","Tue Jul 15 05:51:04 GMT 2025","passed","Tue Jul 15 05:51:04 GMT 2025","","","",""
"","1","Push message with content topic containing long","Waku Light Push: Multiple Nodes: Strict Check: true","Tue Jul 15 06:17:36 GMT 2025","broken","Tue Jul 15 06:17:36 GMT 2025","","","",""
"","0","should dispatch network event when browser goes offline","NetworkMonitor","Tue Jul 15 05:50:23 GMT 2025","passed","Tue Jul 15 05:50:23 GMT 2025","","browser online/offline events","",""
"","0","isConnected return false after peer stops","Connection state","Tue Jul 15 05:51:43 GMT 2025","passed","Tue Jul 15 05:51:43 GMT 2025","","","",""
"","0","should handle a minimal index list","Relay Shard codec","Tue Jul 15 05:50:09 GMT 2025","passed","Tue Jul 15 05:50:09 GMT 2025","","","",""
"","0","Unsubscribe topics the node is not subscribed to","Waku Filter: Unsubscribe: Multiple Nodes: Strict Checking: true","Tue Jul 15 05:57:52 GMT 2025","broken","Tue Jul 15 05:57:52 GMT 2025","","","",""
"","0","should respect custom numPeersToUse configuration","PeerManager","Tue Jul 15 05:50:54 GMT 2025","passed","Tue Jul 15 05:50:54 GMT 2025","","","",""
"","0","should hang up bootstrap peer if over limit","ConnectionLimiter","Tue Jul 15 05:50:24 GMT 2025","passed","Tue Jul 15 05:50:24 GMT 2025","","onConnectedEvent","",""
"","7","should select older connection if present","selectOpenConnection","Tue Jul 15 05:50:24 GMT 2025","passed","Tue Jul 15 05:50:24 GMT 2025","","","",""
"","5","should properly clean up resources when disposed","TTLSet","Tue Jul 15 05:50:52 GMT 2025","passed","Tue Jul 15 05:50:52 GMT 2025","","","",""
"","0","should handle dial errors gracefully","ConnectionLimiter","Tue Jul 15 05:50:24 GMT 2025","passed","Tue Jul 15 05:50:24 GMT 2025","","dialPeersFromStore","",""
"","1","can start and stop the service","Local Storage Discovery","Tue Jul 15 05:50:37 GMT 2025","passed","Tue Jul 15 05:50:37 GMT 2025","interface-peer-discovery compliance tests","Compliance Tests","",""
"","0","should delegate to networkMonitor.isConnected()","ConnectionManager","Tue Jul 15 05:50:25 GMT 2025","passed","Tue Jul 15 05:50:25 GMT 2025","","isConnected","",""
"","0","should handle case with all peers already connected","ConnectionLimiter","Tue Jul 15 05:50:24 GMT 2025","passed","Tue Jul 15 05:50:24 GMT 2025","","dialPeersFromStore","",""
"","2","should clear the dialing interval","Dialer","Tue Jul 15 05:50:24 GMT 2025","passed","Tue Jul 15 05:50:24 GMT 2025","","stop","",""
"","0","wrong wakuPeerExchangeDiscovery pubsub topic","Peer Exchange","Tue Jul 15 05:54:34 GMT 2025","skipped","Tue Jul 15 05:54:34 GMT 2025","","","",""
"","1","ENRTree (branch): should parse and verify a single component DNS branch entry","ENRTree","Tue Jul 15 05:50:32 GMT 2025","passed","Tue Jul 15 05:50:32 GMT 2025","","","",""
"","1","should handle multiple bootstrap peers with different limits","ConnectionLimiter","Tue Jul 15 05:50:24 GMT 2025","passed","Tue Jul 15 05:50:24 GMT 2025","","integration tests","",""
"","0","should enable all discoveries when explicitly set","Default Peer Discoveries","Tue Jul 15 05:50:54 GMT 2025","passed","Tue Jul 15 05:50:54 GMT 2025","","","",""
"","0","should be able to decode the field with only LIGHTPUSH set to true","ENR waku2 codec","Tue Jul 15 05:50:14 GMT 2025","passed","Tue Jul 15 05:50:14 GMT 2025","","Decoding","",""
"","0","Waku message hash computation (message is IProtoMessage with version)","Message Hash: RFC Test Vectors","Tue Jul 15 05:50:24 GMT 2025","passed","Tue Jul 15 05:50:24 GMT 2025","","","",""
"","0","should throw an error for non-numeric clusterId: /waku/2/rs//1","pubsubTopicToSingleShardInfo with various invalid formats","Tue Jul 15 05:50:08 GMT 2025","passed","Tue Jul 15 05:50:08 GMT 2025","","","",""
"","1","should handle ping failures gracefully","KeepAliveManager","Tue Jul 15 05:50:24 GMT 2025","passed","Tue Jul 15 05:50:24 GMT 2025","","ping timer management","",""
"","1","should correctly map /waku/2/content/test.js to shard index 1","contentTopicToShardIndex","Tue Jul 15 05:50:08 GMT 2025","passed","Tue Jul 15 05:50:08 GMT 2025","","","",""
"","0","Push message with short payload","Waku Light Push: Multiple Nodes: Strict Check: true","Tue Jul 15 06:17:36 GMT 2025","passed","Tue Jul 15 06:17:36 GMT 2025","","","",""
"","0","Push message with content topic containing unicode special characters","Waku Light Push: Multiple Nodes: Strict Check: false","Tue Jul 15 06:17:36 GMT 2025","broken","Tue Jul 15 06:17:36 GMT 2025","","","",""
"","0","Push message with content topic containing Basic HTML tag","Waku Light Push: Multiple Nodes: Strict Check: false","Tue Jul 15 06:17:36 GMT 2025","broken","Tue Jul 15 06:17:36 GMT 2025","","","",""
"","1","receiving a ping from a peer does not overwrite shard info","Metadata Protocol","Tue Jul 15 05:53:03 GMT 2025","passed","Tue Jul 15 05:53:03 GMT 2025","","static sharding","",""
"","0","should properly start and stop event listening","HealthIndicator","Tue Jul 15 05:50:54 GMT 2025","passed","Tue Jul 15 05:50:54 GMT 2025","","","",""
"","1","should hash ""hello"" with n=5 and maxValue=10000 correctly","hashN","Tue Jul 15 05:51:04 GMT 2025","passed","Tue Jul 15 05:51:04 GMT 2025","","","",""
"","1","should return different streams if requested simultaniously","StreamManager","Tue Jul 15 05:50:25 GMT 2025","passed","Tue Jul 15 05:50:25 GMT 2025","","","",""
"","1","should track probabilistic acknowledgements of messages received in bloom filter","MessageChannel","Tue Jul 15 05:51:09 GMT 2025","passed","Tue Jul 15 05:51:09 GMT 2025","","reviewing ack status","",""
"","1","should handle peer store errors gracefully","ConnectionLimiter","Tue Jul 15 05:50:24 GMT 2025","passed","Tue Jul 15 05:50:24 GMT 2025","","getTagsForPeer","",""
"","0","should handle shardReader errors","ConnectionManager","Tue Jul 15 05:50:25 GMT 2025","passed","Tue Jul 15 05:50:25 GMT 2025","","isPeerOnTopic","",""
"","0","should handle complete connection lifecycle","NetworkMonitor","Tue Jul 15 05:50:23 GMT 2025","passed","Tue Jul 15 05:50:23 GMT 2025","","integration","",""
"","0","should return false","ENR","Tue Jul 15 05:50:15 GMT 2025","passed","Tue Jul 15 05:50:15 GMT 2025","","Verify","",""
"","1","Sign & Recover","Waku Encryption","Tue Jul 15 05:50:43 GMT 2025","passed","Tue Jul 15 05:50:43 GMT 2025","","","",""
"","0","isConnected between 2 js-waku relay nodes","Connection state","Tue Jul 15 05:51:43 GMT 2025","passed","Tue Jul 15 05:51:43 GMT 2025","","","",""
"","0","Generator, one shard","Waku Store, different static shards","Tue Jul 15 05:54:23 GMT 2025","passed","Tue Jul 15 05:54:23 GMT 2025","","","",""
"","0","should reject on timeout if it was set","waitForRemotePeer","Tue Jul 15 05:50:54 GMT 2025","passed","Tue Jul 15 05:50:54 GMT 2025","","","",""
"","0","should create ConnectionManager with relay","ConnectionManager","Tue Jul 15 05:50:25 GMT 2025","passed","Tue Jul 15 05:50:25 GMT 2025","","constructor","",""
"","1","should stop ping timers on peer disconnect","KeepAliveManager","Tue Jul 15 05:50:24 GMT 2025","passed","Tue Jul 15 05:50:24 GMT 2025","","peer disconnect event handling","",""
"","0","should skip peer when dialed recently","Dialer","Tue Jul 15 05:50:24 GMT 2025","passed","Tue Jul 15 05:50:24 GMT 2025","","dial","",""
"","0","retrieves a single peer","DNS Node Discovery","Tue Jul 15 05:50:33 GMT 2025","passed","Tue Jul 15 05:50:33 GMT 2025","","","",""
"","1","should fail to send if no connected peers found","LightPush SDK","Tue Jul 15 05:50:54 GMT 2025","passed","Tue Jul 15 05:50:54 GMT 2025","","","",""
"","3","should hash ""hello"" with n=2 and maxValue=10000 correctly","hashN","Tue Jul 15 05:51:04 GMT 2025","passed","Tue Jul 15 05:51:04 GMT 2025","","","",""
"","0","uses static shard pubsub topic instead of autosharding when set","Sets sharding configuration correctly","Tue Jul 15 05:50:25 GMT 2025","passed","Tue Jul 15 05:50:25 GMT 2025","","","",""
"","0","A test","This","Tue Jul 15 05:52:49 GMT 2025","passed","Tue Jul 15 05:52:49 GMT 2025","","Is","",""
"","0","should handle queue processing errors gracefully","Dialer","Tue Jul 15 05:50:24 GMT 2025","passed","Tue Jul 15 05:50:24 GMT 2025","","queue processing","",""
"","2","different cluster:  nodes don't connect","Metadata Protocol","Tue Jul 15 05:53:03 GMT 2025","passed","Tue Jul 15 05:53:03 GMT 2025","","static sharding","",""
"","0","should be empty after removing the only subscription","Filter Subscription","Tue Jul 15 05:50:55 GMT 2025","passed","Tue Jul 15 05:50:55 GMT 2025","","","",""
"","1","should successfully unsubscribe from an existing subscription","Filter SDK","Tue Jul 15 05:50:54 GMT 2025","passed","Tue Jul 15 05:50:54 GMT 2025","","","",""
"","0","should clear dial history on start","Dialer","Tue Jul 15 05:50:24 GMT 2025","passed","Tue Jul 15 05:50:24 GMT 2025","","start","",""
"","2","can start the service","Peer Exchange","Tue Jul 15 05:53:39 GMT 2025","passed","Tue Jul 15 05:53:39 GMT 2025","interface-peer-discovery compliance tests","Compliance Test","",""
"","1","Should update multiaddrs","Peer Exchange Continuous Discovery","Tue Jul 15 05:53:39 GMT 2025","broken","Tue Jul 15 05:53:39 GMT 2025","","","",""
"","0","should hash ""hello"" with n=2 and maxValue=1000 correctly","hashN","Tue Jul 15 05:51:04 GMT 2025","passed","Tue Jul 15 05:51:04 GMT 2025","","","",""
"","1","should use DNS peer discovery with light client","DNS Node Discovery [live data]","Tue Jul 15 05:51:28 GMT 2025","skipped","Tue Jul 15 05:51:28 GMT 2025","","","",""
"","0","should correctly map /statusim/1/community/cbor to shard index 4","contentTopicToShardIndex","Tue Jul 15 05:50:08 GMT 2025","passed","Tue Jul 15 05:50:08 GMT 2025","","","",""
"","0","less peers than existing","Peer Exchange Query","Tue Jul 15 05:54:15 GMT 2025","skipped","Tue Jul 15 05:54:15 GMT 2025","","","",""
"","0","Push message with content topic containing Script","Waku Light Push: Multiple Nodes: Strict Check: true","Tue Jul 15 06:17:36 GMT 2025","broken","Tue Jul 15 06:17:36 GMT 2025","","","",""
"","0","should handle special patterns correctly","BloomFilter with special patterns","Tue Jul 15 05:51:06 GMT 2025","passed","Tue Jul 15 05:51:06 GMT 2025","","","",""
"","0","Push message with XML payload","Waku Light Push: Multiple Nodes: Strict Check: true","Tue Jul 15 06:17:36 GMT 2025","passed","Tue Jul 15 06:17:36 GMT 2025","","","",""
"","2","should successfully stop","Filter SDK","Tue Jul 15 05:50:54 GMT 2025","passed","Tue Jul 15 05:50:54 GMT 2025","","","",""
"","1","passes more than one ENR URLs and attempts connection","DNS Node Discovery [live data]","Tue Jul 15 05:51:28 GMT 2025","skipped","Tue Jul 15 05:51:28 GMT 2025","","","",""
"","0","should not receive a peer event after stop","Peer Exchange","Tue Jul 15 05:53:39 GMT 2025","passed","Tue Jul 15 05:53:39 GMT 2025","interface-peer-discovery compliance tests","Compliance Test","",""
"","0","should only return 1 node with relay and store capability","DNS Node Discovery w/ capabilities","Tue Jul 15 05:50:33 GMT 2025","passed","Tue Jul 15 05:50:33 GMT 2025","","","",""
"","0","should not be added to outgoing buffer, bloom filter, or local log","MessageChannel","Tue Jul 15 05:51:09 GMT 2025","passed","Tue Jul 15 05:51:09 GMT 2025","","Sync messages","",""
"","0","should add and remove event listeners correctly","Local Storage Discovery","Tue Jul 15 05:50:37 GMT 2025","passed","Tue Jul 15 05:50:37 GMT 2025","","Unit Tests","",""
"","1","should throw error - no id","ENR","Tue Jul 15 05:50:15 GMT 2025","passed","Tue Jul 15 05:50:15 GMT 2025","","Txt codec","",""
"","0","should return false when navigator.onLine is false","NetworkMonitor","Tue Jul 15 05:50:23 GMT 2025","passed","Tue Jul 15 05:50:23 GMT 2025","","isConnected","",""
"","0","should hash """" with n=1 and maxValue=1000 correctly","hashN","Tue Jul 15 05:51:04 GMT 2025","passed","Tue Jul 15 05:51:04 GMT 2025","","","",""
"","0","should never report false negatives","BloomFilter","Tue Jul 15 05:51:06 GMT 2025","passed","Tue Jul 15 05:51:06 GMT 2025","","","",""
"","0","can start and stop the service","DNS Discovery: Compliance Test","Tue Jul 15 05:51:28 GMT 2025","passed","Tue Jul 15 05:51:28 GMT 2025","","interface-peer-discovery compliance tests","",""
"","0","Waku message hash computation (no timestamp)","Message Hash: RFC Test Vectors","Tue Jul 15 05:50:24 GMT 2025","passed","Tue Jul 15 05:50:24 GMT 2025","","","",""
"","1","should increase lamport timestamp","MessageChannel","Tue Jul 15 05:51:09 GMT 2025","passed","Tue Jul 15 05:51:09 GMT 2025","","sending a message ","",""
"","0","more peers than existing","Peer Exchange Query","Tue Jul 15 05:54:15 GMT 2025","skipped","Tue Jul 15 05:54:15 GMT 2025","","","",""
"","1","should throw an error for non-numeric clusterId: /waku/2/rs/ /1","pubsubTopicToSingleShardInfo with various invalid formats","Tue Jul 15 05:50:08 GMT 2025","passed","Tue Jul 15 05:50:08 GMT 2025","","","",""
"","0","Unsubscribe from 100 topics (new limit) at once and receives messages","Waku Filter: Unsubscribe: Multiple Nodes: Strict Checking: false","Tue Jul 15 05:57:52 GMT 2025","passed","Tue Jul 15 05:57:52 GMT 2025","","","",""
"","0","should create ping timers when pingKeepAlive > 0","KeepAliveManager","Tue Jul 15 05:50:24 GMT 2025","passed","Tue Jul 15 05:50:24 GMT 2025","","ping timer management","",""
"","0","PeerStore has remote peer's shard info after successful connection","Metadata Protocol","Tue Jul 15 05:53:03 GMT 2025","passed","Tue Jul 15 05:53:03 GMT 2025","","static sharding","",""
"","0","should throw error - no public key","ENR","Tue Jul 15 05:50:15 GMT 2025","passed","Tue Jul 15 05:50:15 GMT 2025","","Txt codec","",""
"","0","should return PeerId when PeerId is provided","mapToPeerId","Tue Jul 15 05:50:25 GMT 2025","passed","Tue Jul 15 05:50:25 GMT 2025","","","",""
"","0","Relay","ENR Interop: ServiceNode","Tue Jul 15 05:51:30 GMT 2025","passed","Tue Jul 15 05:51:30 GMT 2025","","","",""
"","3","should create ConnectionLimiter with required options","ConnectionLimiter","Tue Jul 15 05:50:24 GMT 2025","passed","Tue Jul 15 05:50:24 GMT 2025","","constructor","",""
"","1","should hash ""Lorem ipsum dolor sit amet"" with n=5 and maxValue=10000 correctly","hashN","Tue Jul 15 05:51:04 GMT 2025","passed","Tue Jul 15 05:51:04 GMT 2025","","","",""
"","1","should throw an error for non-numeric shard: /waku/2/rs/1/\","pubsubTopicToSingleShardInfo with various invalid formats","Tue Jul 15 05:50:08 GMT 2025","passed","Tue Jul 15 05:50:08 GMT 2025","","","",""
"","1","should hash ""hello"" with n=1 and maxValue=100 correctly","hashN","Tue Jul 15 05:51:04 GMT 2025","passed","Tue Jul 15 05:51:04 GMT 2025","","","",""
"","2","should have no discoveries enabled by default","Default Peer Discoveries","Tue Jul 15 05:50:54 GMT 2025","passed","Tue Jul 15 05:50:54 GMT 2025","","","",""
"","0","should decode valid enr with tcp successfully","ENR","Tue Jul 15 05:50:15 GMT 2025","passed","Tue Jul 15 05:50:15 GMT 2025","","Txt codec","",""
"","1","should emit `waku:online` event only when first peer is connected","Connection state","Tue Jul 15 05:51:43 GMT 2025","passed","Tue Jul 15 05:51:43 GMT 2025","","","",""
"","0","should not fail to stop the service if it was not started","Local Storage Discovery","Tue Jul 15 05:50:37 GMT 2025","passed","Tue Jul 15 05:50:37 GMT 2025","interface-peer-discovery compliance tests","Compliance Tests","",""
"","0","should wait for LightPush peer to be connected","waitForRemotePeer","Tue Jul 15 05:50:54 GMT 2025","passed","Tue Jul 15 05:50:54 GMT 2025","","","",""
"","1","connected peers and dial","Peer Exchange Query","Tue Jul 15 05:54:15 GMT 2025","skipped","Tue Jul 15 05:54:15 GMT 2025","","","",""
"","0","should throw an error for non-numeric clusterId: /waku/2/rs/\/1","pubsubTopicToSingleShardInfo with various invalid formats","Tue Jul 15 05:50:08 GMT 2025","passed","Tue Jul 15 05:50:08 GMT 2025","","","",""
"","1","Push message with Script payload","Waku Light Push: Multiple Nodes: Strict Check: true","Tue Jul 15 06:17:36 GMT 2025","passed","Tue Jul 15 06:17:36 GMT 2025","","","",""
"","0","pre and post cipher","Waku Encryption","Tue Jul 15 05:50:43 GMT 2025","passed","Tue Jul 15 05:50:43 GMT 2025","","","",""
"","1","should properly create location multiaddrs - udp","ENR","Tue Jul 15 05:50:15 GMT 2025","passed","Tue Jul 15 05:50:15 GMT 2025","","Location multiaddr","",""
"","0","Push message with Basic HTML tag payload","Waku Light Push: Multiple Nodes: Strict Check: true","Tue Jul 15 06:17:36 GMT 2025","passed","Tue Jul 15 06:17:36 GMT 2025","","","",""
"","1","ENRTree (root): should error if DNS root entry is malformed","ENRTree","Tue Jul 15 05:50:32 GMT 2025","passed","Tue Jul 15 05:50:32 GMT 2025","","","",""
"","1","should add event listeners for waku:connection, peer connect and disconnect","ConnectionLimiter","Tue Jul 15 05:50:24 GMT 2025","passed","Tue Jul 15 05:50:24 GMT 2025","","start","",""
"","1","should throw an error for non-numeric clusterId: /waku/2/rs/y/1","pubsubTopicToSingleShardInfo with various invalid formats","Tue Jul 15 05:50:08 GMT 2025","passed","Tue Jul 15 05:50:08 GMT 2025","","","",""
"","1","should hash ""hello"" with n=0 and maxValue=100 correctly","hashN","Tue Jul 15 05:51:04 GMT 2025","passed","Tue Jul 15 05:51:04 GMT 2025","","","",""
"","0","should check connected peers if present and suitable","waitForRemotePeer","Tue Jul 15 05:50:54 GMT 2025","passed","Tue Jul 15 05:50:54 GMT 2025","","","",""
"","0","should return true when peer is on the specified shard","ShardReader","Tue Jul 15 05:50:24 GMT 2025","passed","Tue Jul 15 05:50:24 GMT 2025","","isPeerOnShard","",""
"","0","should hash """" with n=0 and maxValue=1000 correctly","hashN","Tue Jul 15 05:51:04 GMT 2025","passed","Tue Jul 15 05:51:04 GMT 2025","","","",""
"","0","should handle errors when getting connections","NetworkMonitor","Tue Jul 15 05:50:23 GMT 2025","passed","Tue Jul 15 05:50:23 GMT 2025","","error handling","",""
"","0","non connected peers","Peer Exchange Query","Tue Jul 15 05:54:15 GMT 2025","skipped","Tue Jul 15 05:54:15 GMT 2025","","","",""
"","0","Push message with Basic HTML tag payload","Waku Light Push: Multiple Nodes: Strict Check: false","Tue Jul 15 06:17:36 GMT 2025","passed","Tue Jul 15 06:17:36 GMT 2025","","","",""
"","2","should return false when peer has no shard info","ShardReader","Tue Jul 15 05:50:24 GMT 2025","passed","Tue Jul 15 05:50:24 GMT 2025","","isPeerOnNetwork","",""
"","0","should invoke callbacks when receiving a message","Filter Subscription","Tue Jul 15 05:50:55 GMT 2025","broken","Tue Jul 15 05:50:55 GMT 2025","","","",""
"","1","should handle dial errors gracefully","Dialer","Tue Jul 15 05:50:24 GMT 2025","passed","Tue Jul 15 05:50:24 GMT 2025","","dial","",""
"","1","should retrieve 3 multiaddrs for test.waku.nodes.status.im","DNS Node Discovery [live data]","Tue Jul 15 05:51:28 GMT 2025","skipped","Tue Jul 15 05:51:28 GMT 2025","","","",""
"","0","should hash ""!@#$%^&*()"" with n=1 and maxValue=100 correctly","hashN","Tue Jul 15 05:51:04 GMT 2025","passed","Tue Jul 15 05:51:04 GMT 2025","","","",""
"","0","Round trip binary encryption [ecies, signature]","Ecies Encryption","Tue Jul 15 05:50:44 GMT 2025","passed","Tue Jul 15 05:50:44 GMT 2025","","","",""
"","0","should return the correct m/n for k = 2, targetError = 0.1","Probabilities","Tue Jul 15 05:51:04 GMT 2025","passed","Tue Jul 15 05:51:04 GMT 2025","","","",""
"","0","should hash ""!@#$%^&*()"" with n=1 and maxValue=10000 correctly","hashN","Tue Jul 15 05:51:04 GMT 2025","passed","Tue Jul 15 05:51:04 GMT 2025","","","",""
"","1","should return false when peer is not on the pubsub topic shard","ShardReader","Tue Jul 15 05:50:24 GMT 2025","passed","Tue Jul 15 05:50:24 GMT 2025","","isPeerOnTopic","",""
"","0","caches peers it previously fetched","DNS Node Discovery","Tue Jul 15 05:50:33 GMT 2025","passed","Tue Jul 15 05:50:33 GMT 2025","","","",""
"","0","should attach causal history and bloom filter to each message","MessageChannel","Tue Jul 15 05:51:09 GMT 2025","passed","Tue Jul 15 05:51:09 GMT 2025","","sending a message ","",""
"","0","should detect messages with missing dependencies","MessageChannel","Tue Jul 15 05:51:09 GMT 2025","passed","Tue Jul 15 05:51:09 GMT 2025","","Sweeping incoming buffer","",""
"","0","throws on content topic with generation field greater than 0","ensureValidContentTopic","Tue Jul 15 05:50:08 GMT 2025","passed","Tue Jul 15 05:50:08 GMT 2025","","","",""
"","0","should stop and cleanup resources","Filter Subscription","Tue Jul 15 05:50:55 GMT 2025","passed","Tue Jul 15 05:50:55 GMT 2025","","","",""
"","1","Asymmetric encrypt & decrypt","Waku Encryption","Tue Jul 15 05:50:43 GMT 2025","passed","Tue Jul 15 05:50:43 GMT 2025","","","",""
"","0","Push message with short payload","Waku Light Push: Multiple Nodes: Strict Check: false","Tue Jul 15 06:17:36 GMT 2025","passed","Tue Jul 15 06:17:36 GMT 2025","","","",""
"","0","should hash ""Lorem ipsum dolor sit amet"" with n=5 and maxValue=1000 correctly","hashN","Tue Jul 15 05:51:04 GMT 2025","passed","Tue Jul 15 05:51:04 GMT 2025","","","",""
"","0","Push message with Chinese payload","Waku Light Push: Multiple Nodes: Strict Check: false","Tue Jul 15 06:17:36 GMT 2025","passed","Tue Jul 15 06:17:36 GMT 2025","","","",""
"","1","should correctly map /app/22/sometopic/someencoding to shard index 2","contentTopicToShardIndex","Tue Jul 15 05:50:08 GMT 2025","passed","Tue Jul 15 05:50:08 GMT 2025","","","",""
"","1","ENRTree (branch): should error if DNS branch entry is mis-prefixed","ENRTree","Tue Jul 15 05:50:32 GMT 2025","passed","Tue Jul 15 05:50:32 GMT 2025","","","",""
"","3","should allow redial after cooldown period","Dialer","Tue Jul 15 05:50:24 GMT 2025","passed","Tue Jul 15 05:50:24 GMT 2025","","dial","",""
"","0","should hash ""Lorem ipsum dolor sit amet"" with n=1 and maxValue=1000 correctly","hashN","Tue Jul 15 05:51:04 GMT 2025","passed","Tue Jul 15 05:51:04 GMT 2025","","","",""
"","0","should transition to SufficientlyHealthy with multiple compatible peers","HealthIndicator","Tue Jul 15 05:50:54 GMT 2025","passed","Tue Jul 15 05:50:54 GMT 2025","","","",""
"","1","should initialize with default number of peers","PeerManager","Tue Jul 15 05:50:54 GMT 2025","passed","Tue Jul 15 05:50:54 GMT 2025","","","",""
"","0","should properly create peer info with all multiaddrs","ENR","Tue Jul 15 05:50:15 GMT 2025","passed","Tue Jul 15 05:50:15 GMT 2025","","Location multiaddr","",""
"","1","should skip updating peer store if peer has same addresses","DiscoveryDialer","Tue Jul 15 05:50:24 GMT 2025","passed","Tue Jul 15 05:50:24 GMT 2025","","updatePeerStore","",""
"","1","should handle errors in getTagsForPeer gracefully","ConnectionLimiter","Tue Jul 15 05:50:24 GMT 2025","passed","Tue Jul 15 05:50:24 GMT 2025","","onConnectedEvent","",""
"","1","should support chaining for add method","TTLSet","Tue Jul 15 05:50:52 GMT 2025","passed","Tue Jul 15 05:50:52 GMT 2025","","","",""
"","1","should create KeepAliveManager with required options","KeepAliveManager","Tue Jul 15 05:50:24 GMT 2025","passed","Tue Jul 15 05:50:24 GMT 2025","","constructor","",""
"","1","should return Multiaddr when Multiaddr input is provided","mapToPeerIdOrMultiaddr","Tue Jul 15 05:50:25 GMT 2025","passed","Tue Jul 15 05:50:25 GMT 2025","","","",""
"","0","Push message with Arabic payload","Waku Light Push: Multiple Nodes: Strict Check: false","Tue Jul 15 06:17:36 GMT 2025","passed","Tue Jul 15 06:17:36 GMT 2025","","","",""
"","1","throws on content topic with empty topic name field","ensureValidContentTopic","Tue Jul 15 05:50:08 GMT 2025","passed","Tue Jul 15 05:50:08 GMT 2025","","","",""
"","0","should return false when peer is on different cluster","ShardReader","Tue Jul 15 05:50:24 GMT 2025","passed","Tue Jul 15 05:50:24 GMT 2025","","isPeerOnShard","",""
"","0","should register libp2p event listeners when start is called","PeerManager","Tue Jul 15 05:50:54 GMT 2025","passed","Tue Jul 15 05:50:54 GMT 2025","","","",""
"","0","should convert tags map to array of keys","ConnectionLimiter","Tue Jul 15 05:50:24 GMT 2025","passed","Tue Jul 15 05:50:24 GMT 2025","","getTagsForPeer","",""
"","0","should add event listener for peer:discovery","DiscoveryDialer","Tue Jul 15 05:50:24 GMT 2025","passed","Tue Jul 15 05:50:24 GMT 2025","","start","",""
"","0","should update peers in local storage on 'peer:identify' event","Local Storage Discovery","Tue Jul 15 05:50:37 GMT 2025","passed","Tue Jul 15 05:50:37 GMT 2025","","Unit Tests","",""
"","0","should create timers for each pubsub topic where peer is in mesh","KeepAliveManager","Tue Jul 15 05:50:24 GMT 2025","passed","Tue Jul 15 05:50:24 GMT 2025","","relay timer management","",""
"","0","PeerStore has remote peer's shard info after successful connection","Metadata Protocol","Tue Jul 15 05:53:03 GMT 2025","passed","Tue Jul 15 05:53:03 GMT 2025","","auto sharding","",""
"","0","should throw an error for invalid PubsubTopic format: /waku/2/rs/1/2/extra","pubsubTopicToSingleShardInfo with various invalid formats","Tue Jul 15 05:50:08 GMT 2025","passed","Tue Jul 15 05:50:08 GMT 2025","","","",""
"","0","should process queue every 500ms","Dialer","Tue Jul 15 05:50:24 GMT 2025","passed","Tue Jul 15 05:50:24 GMT 2025","","queue processing","",""
"","0","Push message with content topic containing special chars","Waku Light Push: Multiple Nodes: Strict Check: true","Tue Jul 15 06:17:36 GMT 2025","broken","Tue Jul 15 06:17:36 GMT 2025","","","",""
"","1","Push message with content topic containing short","Waku Light Push: Multiple Nodes: Strict Check: true","Tue Jul 15 06:17:36 GMT 2025","broken","Tue Jul 15 06:17:36 GMT 2025","","","",""
"","0","Push message with Script payload","Waku Light Push: Multiple Nodes: Strict Check: false","Tue Jul 15 06:17:36 GMT 2025","passed","Tue Jul 15 06:17:36 GMT 2025","","","",""
"","0","should throw error - no id","ENR","Tue Jul 15 05:50:15 GMT 2025","passed","Tue Jul 15 05:50:15 GMT 2025","","Verify","",""
"","0","messageHashStr produces different results for different inputs","messageHash and messageHashStr","Tue Jul 15 05:50:24 GMT 2025","passed","Tue Jul 15 05:50:24 GMT 2025","","","",""
"","0","ENRTree (root): should error if DNS root entry signature is invalid","ENRTree","Tue Jul 15 05:50:32 GMT 2025","passed","Tue Jul 15 05:50:32 GMT 2025","","","",""
"","0","Waku message hash computation (payload length 0)","Message Hash: RFC Test Vectors","Tue Jul 15 05:50:24 GMT 2025","passed","Tue Jul 15 05:50:24 GMT 2025","","","",""
"","0","Push message with content topic containing escaped characters","Waku Light Push: Multiple Nodes: Strict Check: false","Tue Jul 15 06:17:36 GMT 2025","broken","Tue Jul 15 06:17:36 GMT 2025","","","",""
"","0","should return no connections if no open connection provided","selectOpenConnection","Tue Jul 15 05:50:24 GMT 2025","passed","Tue Jul 15 05:50:24 GMT 2025","","","",""
"","0","should not return locked peers if enough unlocked are available","PeerManager","Tue Jul 15 05:50:54 GMT 2025","passed","Tue Jul 15 05:50:54 GMT 2025","","","",""
"","0","should dial all remaining peers","ConnectionLimiter","Tue Jul 15 05:50:24 GMT 2025","passed","Tue Jul 15 05:50:24 GMT 2025","","dialPeersFromStore","",""
"","0","should handle task timeouts","RetryManager","Tue Jul 15 05:50:53 GMT 2025","passed","Tue Jul 15 05:50:53 GMT 2025","","","",""
"","0","Ephemeral field is preserved - symmetric encryption","Waku Message Ephemeral field","Tue Jul 15 05:54:15 GMT 2025","broken","Tue Jul 15 05:54:15 GMT 2025","","","",""
"","1","it tolerates circular branch references","DNS Node Discovery","Tue Jul 15 05:50:33 GMT 2025","passed","Tue Jul 15 05:50:33 GMT 2025","","","",""
"","0","should hash ""Lorem ipsum dolor sit amet"" with n=0 and maxValue=100 correctly","hashN","Tue Jul 15 05:51:04 GMT 2025","passed","Tue Jul 15 05:51:04 GMT 2025","","","",""
"","1","should do nothing when connections still exist","ConnectionLimiter","Tue Jul 15 05:50:24 GMT 2025","passed","Tue Jul 15 05:50:24 GMT 2025","","onDisconnectedEvent","",""
"","0","should hash ""Lorem ipsum dolor sit amet"" with n=1 and maxValue=10000 correctly","hashN","Tue Jul 15 05:51:04 GMT 2025","passed","Tue Jul 15 05:51:04 GMT 2025","","","",""
"","0","Push message with content topic containing special chars","Waku Light Push: Multiple Nodes: Strict Check: false","Tue Jul 15 06:17:36 GMT 2025","broken","Tue Jul 15 06:17:36 GMT 2025","","","",""
"","0","should hash ""test123"" with n=1 and maxValue=10000 correctly","hashN","Tue Jul 15 05:51:04 GMT 2025","passed","Tue Jul 15 05:51:04 GMT 2025","","","",""
"","0","should handle peer connect event","NetworkMonitor","Tue Jul 15 05:50:23 GMT 2025","passed","Tue Jul 15 05:50:23 GMT 2025","","peer connection events","",""
"","1","Push message with numeric payload","Waku Light Push: Multiple Nodes: Strict Check: false","Tue Jul 15 06:17:36 GMT 2025","passed","Tue Jul 15 06:17:36 GMT 2025","","","",""
"","0","should correctly map /myapp/1/latest/proto to shard index 0","contentTopicToShardIndex","Tue Jul 15 05:50:08 GMT 2025","passed","Tue Jul 15 05:50:08 GMT 2025","","","",""
"","0","should dial peers from store when browser is connected","ConnectionLimiter","Tue Jul 15 05:50:24 GMT 2025","passed","Tue Jul 15 05:50:24 GMT 2025","","onWakuConnectionEvent","",""
"","0","should serialize and deserialize correctly","BloomFilter","Tue Jul 15 05:51:06 GMT 2025","passed","Tue Jul 15 05:51:06 GMT 2025","","","",""
"","0","should dial peer when peer is discovered","DiscoveryDialer","Tue Jul 15 05:50:24 GMT 2025","passed","Tue Jul 15 05:50:24 GMT 2025","","peer discovery handling","",""
"","0","should return false and handle errors gracefully","ConnectionManager","Tue Jul 15 05:50:25 GMT 2025","passed","Tue Jul 15 05:50:25 GMT 2025","","hangUp","",""
"","1","Push message with custom timestamp: 1752562315344","Waku Light Push: Multiple Nodes: Strict Check: false","Tue Jul 15 06:17:36 GMT 2025","passed","Tue Jul 15 06:17:36 GMT 2025","","","",""
"","1","should correctly map /app/20/sometopic/someencoding to shard index 1 with networkShards 2","contentTopicToShardIndex","Tue Jul 15 05:50:08 GMT 2025","passed","Tue Jul 15 05:50:08 GMT 2025","","","",""
"","0","Using a function","Waku Dial [node only]","Tue Jul 15 05:55:32 GMT 2025","passed","Tue Jul 15 05:55:32 GMT 2025","","Bootstrap","",""
"","0","should insert message id into causal history","MessageChannel","Tue Jul 15 05:51:09 GMT 2025","passed","Tue Jul 15 05:51:09 GMT 2025","","sending a message ","",""
"","0","should be safe to call multiple times","ConnectionManager","Tue Jul 15 05:50:25 GMT 2025","passed","Tue Jul 15 05:50:25 GMT 2025","","start","",""
"","1","should dial all peers on dial","Dialing","Tue Jul 15 05:52:49 GMT 2025","passed","Tue Jul 15 05:52:49 GMT 2025","","","",""
"","0","should enable only localPeerCache when dns and peerExchange are disabled","Default Peer Discoveries","Tue Jul 15 05:50:54 GMT 2025","passed","Tue Jul 15 05:50:54 GMT 2025","","","",""
"","0","retrieves all peers (3) when branch entries are composed of multiple strings","DNS Node Discovery w/ capabilities","Tue Jul 15 05:50:33 GMT 2025","passed","Tue Jul 15 05:50:33 GMT 2025","","","",""
"","0","should dial peers from store when no connections remain","ConnectionLimiter","Tue Jul 15 05:50:24 GMT 2025","passed","Tue Jul 15 05:50:24 GMT 2025","","onDisconnectedEvent","",""
"","1","Unsubscribe 2 topics - node subscribed to 2 topics","Waku Filter: Unsubscribe: Multiple Nodes: Strict Checking: true","Tue Jul 15 05:57:52 GMT 2025","broken","Tue Jul 15 05:57:52 GMT 2025","","","",""
"","0","should correctly encode and decode relay shards using rsv format (Bit Vector)","Relay Shard codec","Tue Jul 15 05:50:09 GMT 2025","passed","Tue Jul 15 05:50:09 GMT 2025","","","",""
"","1","Check meta is set [ecies]","Ecies Encryption","Tue Jul 15 05:50:44 GMT 2025","passed","Tue Jul 15 05:50:44 GMT 2025","","","",""
"","0","Push message with content topic containing JSON","Waku Light Push: Multiple Nodes: Strict Check: true","Tue Jul 15 06:17:36 GMT 2025","broken","Tue Jul 15 06:17:36 GMT 2025","","","",""
"","0","Push message with JSON payload","Waku Light Push: Multiple Nodes: Strict Check: true","Tue Jul 15 06:17:36 GMT 2025","passed","Tue Jul 15 06:17:36 GMT 2025","","","",""
"","0","Push message with content topic containing numeric","Waku Light Push: Multiple Nodes: Strict Check: false","Tue Jul 15 06:17:36 GMT 2025","broken","Tue Jul 15 06:17:36 GMT 2025","","","",""
"","0","Push message with custom timestamp: 1752555115344","Waku Light Push: Multiple Nodes: Strict Check: true","Tue Jul 15 06:17:36 GMT 2025","passed","Tue Jul 15 06:17:36 GMT 2025","","","",""
"","0","should successfully subscribe to supported pubsub topic","Filter SDK","Tue Jul 15 05:50:54 GMT 2025","passed","Tue Jul 15 05:50:54 GMT 2025","","","",""
"","0","should return true when peer is on the same cluster","ShardReader","Tue Jul 15 05:50:24 GMT 2025","passed","Tue Jul 15 05:50:24 GMT 2025","","isPeerOnNetwork","",""
"","1","should throw an error for invalid PubsubTopic format: /incorrect/format","pubsubTopicToSingleShardInfo with various invalid formats","Tue Jul 15 05:50:08 GMT 2025","passed","Tue Jul 15 05:50:08 GMT 2025","","","",""
"","0","should be able to encode the field with only LIGHTPUSH set to true","ENR waku2 codec","Tue Jul 15 05:50:14 GMT 2025","passed","Tue Jul 15 05:50:14 GMT 2025","","Encoding","",""
"","1","should not fail to stop the service if it was not started","DNS Discovery: Compliance Test","Tue Jul 15 05:51:28 GMT 2025","passed","Tue Jul 15 05:51:28 GMT 2025","","interface-peer-discovery compliance tests","",""
"","0","should return PeerId when PeerId is provided","mapToPeerIdOrMultiaddr","Tue Jul 15 05:50:25 GMT 2025","passed","Tue Jul 15 05:50:25 GMT 2025","","","",""
"","0","should reject if LightPush is requested but not mounted","waitForRemotePeer","Tue Jul 15 05:50:54 GMT 2025","passed","Tue Jul 15 05:50:54 GMT 2025","","","",""
"","7","should perform ping and update peer store on timer","KeepAliveManager","Tue Jul 15 05:50:24 GMT 2025","passed","Tue Jul 15 05:50:24 GMT 2025","","ping timer management","",""
"","0","should handle connection event","ConnectionLimiter","Tue Jul 15 05:50:24 GMT 2025","passed","Tue Jul 15 05:50:24 GMT 2025","","onConnectedEvent","",""
"","0","should handle multiple peers with different shard configurations","Dialer","Tue Jul 15 05:50:24 GMT 2025","passed","Tue Jul 15 05:50:24 GMT 2025","","integration","",""
"","7","should be safe to call multiple times","KeepAliveManager","Tue Jul 15 05:50:24 GMT 2025","passed","Tue Jul 15 05:50:24 GMT 2025","","stop","",""
"","1","should handle errors gracefully when getting peer info","ShardReader","Tue Jul 15 05:50:24 GMT 2025","passed","Tue Jul 15 05:50:24 GMT 2025","","error handling","",""
"","1","should hash ""Lorem ipsum dolor sit amet"" with n=0 and maxValue=10000 correctly","hashN","Tue Jul 15 05:51:04 GMT 2025","passed","Tue Jul 15 05:51:04 GMT 2025","","","",""
"","1","should hash ""test123"" with n=0 and maxValue=100 correctly","hashN","Tue Jul 15 05:51:04 GMT 2025","passed","Tue Jul 15 05:51:04 GMT 2025","","","",""
"","0","should correctly map /app/20/sometopic/someencoding to shard index 15 with networkShards 16","contentTopicToShardIndex","Tue Jul 15 05:50:08 GMT 2025","passed","Tue Jul 15 05:50:08 GMT 2025","","","",""
"","1","should not receive a peer event before start","Local Storage Discovery","Tue Jul 15 05:50:37 GMT 2025","passed","Tue Jul 15 05:50:37 GMT 2025","interface-peer-discovery compliance tests","Compliance Tests","",""
"","0","should not discard bootstrap peers if under the limit","Connection Limiter","Tue Jul 15 05:51:55 GMT 2025","passed","Tue Jul 15 05:51:55 GMT 2025","","","",""
"","2","should not allow k > 12","Probabilities","Tue Jul 15 05:51:04 GMT 2025","passed","Tue Jul 15 05:51:04 GMT 2025","","","",""
"","0","should dial with multiaddr and return stream","ConnectionManager","Tue Jul 15 05:50:25 GMT 2025","passed","Tue Jul 15 05:50:25 GMT 2025","","dial","",""
"","1","should not fail to start the service if it is already started","Local Storage Discovery","Tue Jul 15 05:50:37 GMT 2025","passed","Tue Jul 15 05:50:37 GMT 2025","interface-peer-discovery compliance tests","Compliance Tests","",""
"","1","should remove messages without delivering if timeout is exceeded","MessageChannel","Tue Jul 15 05:51:09 GMT 2025","passed","Tue Jul 15 05:51:09 GMT 2025","","Sweeping incoming buffer","",""
"","0","Check meta is set [symmetric]","Symmetric Encryption","Tue Jul 15 05:50:43 GMT 2025","passed","Tue Jul 15 05:50:43 GMT 2025","","","",""
"","0","should add to incoming buffer if dependencies are not met","MessageChannel","Tue Jul 15 05:51:09 GMT 2025","passed","Tue Jul 15 05:51:09 GMT 2025","","receiving a message","",""
"","0","should handle case when navigator is not available","NetworkMonitor","Tue Jul 15 05:50:23 GMT 2025","passed","Tue Jul 15 05:50:23 GMT 2025","","isConnected","",""
"","0","should update peer store before dialing","DiscoveryDialer","Tue Jul 15 05:50:24 GMT 2025","passed","Tue Jul 15 05:50:24 GMT 2025","","peer discovery handling","",""
"","1","should not return the same peer twice in consecutive getPeers calls without renew","PeerManager","Tue Jul 15 05:50:54 GMT 2025","passed","Tue Jul 15 05:50:54 GMT 2025","","","",""
"","0","should return false when unsubscribing from a non-existing subscription","Filter SDK","Tue Jul 15 05:50:54 GMT 2025","passed","Tue Jul 15 05:50:54 GMT 2025","","","",""
"","1","should merge peer addresses if peer exists with different addresses","DiscoveryDialer","Tue Jul 15 05:50:24 GMT 2025","passed","Tue Jul 15 05:50:24 GMT 2025","","updatePeerStore","",""
"","0","should handle shard reader errors gracefully","Dialer","Tue Jul 15 05:50:24 GMT 2025","passed","Tue Jul 15 05:50:24 GMT 2025","","shard reader integration","",""
"","1","should handle dial errors gracefully","DiscoveryDialer","Tue Jul 15 05:50:24 GMT 2025","passed","Tue Jul 15 05:50:24 GMT 2025","","peer discovery handling","",""
"","0","should stop all internal components","ConnectionManager","Tue Jul 15 05:50:25 GMT 2025","passed","Tue Jul 15 05:50:25 GMT 2025","","stop","",""
"","11","should be safe to call multiple times","ConnectionLimiter","Tue Jul 15 05:50:24 GMT 2025","passed","Tue Jul 15 05:50:24 GMT 2025","","stop","",""
"","0","should retry on complete failure if specified","LightPush SDK","Tue Jul 15 05:50:54 GMT 2025","passed","Tue Jul 15 05:50:54 GMT 2025","","","",""
"","0","Push 30 different messages","Waku Light Push: Multiple Nodes: Strict Check: true","Tue Jul 15 06:17:36 GMT 2025","skipped","Tue Jul 15 06:17:36 GMT 2025","","","",""
"","0","should handle dial errors","ConnectionManager","Tue Jul 15 05:50:25 GMT 2025","passed","Tue Jul 15 05:50:25 GMT 2025","","dial","",""
"","1","should throw an error for non-numeric shard: /waku/2/rs/1/$","pubsubTopicToSingleShardInfo with various invalid formats","Tue Jul 15 05:50:08 GMT 2025","passed","Tue Jul 15 05:50:08 GMT 2025","","","",""
"","0","Push message with emoji payload","Waku Light Push: Multiple Nodes: Strict Check: true","Tue Jul 15 06:17:36 GMT 2025","passed","Tue Jul 15 06:17:36 GMT 2025","","","",""
"","0","should hash ""hello"" with n=2 and maxValue=100 correctly","hashN","Tue Jul 15 05:51:04 GMT 2025","passed","Tue Jul 15 05:51:04 GMT 2025","","","",""
"","1","should create ShardReader with auto sharding network config","ShardReader","Tue Jul 15 05:50:24 GMT 2025","passed","Tue Jul 15 05:50:24 GMT 2025","","constructor","",""
"","1","should get tags for the connected peer","ConnectionLimiter","Tue Jul 15 05:50:24 GMT 2025","passed","Tue Jul 15 05:50:24 GMT 2025","","onConnectedEvent","",""
"","0","should not create multiple intervals when called multiple times","Dialer","Tue Jul 15 05:50:24 GMT 2025","passed","Tue Jul 15 05:50:24 GMT 2025","","start","",""
"","0","should throw an error for non-numeric shard: /waku/2/rs/1/ ","pubsubTopicToSingleShardInfo with various invalid formats","Tue Jul 15 05:50:08 GMT 2025","passed","Tue Jul 15 05:50:08 GMT 2025","","","",""
"","1","should maintain desired error rate","BloomFilter","Tue Jul 15 05:51:06 GMT 2025","passed","Tue Jul 15 05:51:06 GMT 2025","","","",""
"","0","should decode valid enr successfully","ENR","Tue Jul 15 05:50:15 GMT 2025","passed","Tue Jul 15 05:50:15 GMT 2025","","Txt codec","",""
"","0","should dial peer immediately when queue is empty","Dialer","Tue Jul 15 05:50:24 GMT 2025","passed","Tue Jul 15 05:50:24 GMT 2025","","dial","",""
"","0","should start and setup intervals and event listeners","Filter Subscription","Tue Jul 15 05:50:55 GMT 2025","passed","Tue Jul 15 05:50:55 GMT 2025","","","",""
