"DESCRIPTION","DURATION IN MS","NAME","PARENT SUITE","START TIME","STATUS","STOP TIME","SUB SUITE","SUITE","TEST CLASS","TEST METHOD"
"","1","should not receive a peer event after stop","DNS Discovery: Compliance Test","Fri May 16 18:14:58 GMT 2025","passed","Fri May 16 18:14:58 GMT 2025","","interface-peer-discovery compliance tests","",""
"","0","should return unique PubsubTopics for static sharding","shardInfoToPubsubTopics","Fri May 16 18:13:44 GMT 2025","passed","Fri May 16 18:13:44 GMT 2025","","","",""
"","0","Cluster ID 0 - Default/Global Cluster","Static Sharding: Running Nodes","Fri May 16 18:17:23 GMT 2025","passed","Fri May 16 18:17:23 GMT 2025","","","",""
"","0","should be able to encode the field with only STORE set to true","ENR waku2 codec","Fri May 16 18:13:52 GMT 2025","passed","Fri May 16 18:13:52 GMT 2025","","Encoding","",""
"","1","msgTime: -19000 ms from now, startTime: -19000, endTime: -18000","Waku Store, time filter","Fri May 16 18:16:41 GMT 2025","passed","Fri May 16 18:16:41 GMT 2025","","","",""
"","1","should select older connection if present","selectOpenConnection","Fri May 16 18:13:58 GMT 2025","passed","Fri May 16 18:13:58 GMT 2025","","","",""
"","6","should emit `peer:connected:peer-exchange` event when a peer is connected","Events","Fri May 16 18:14:54 GMT 2025","passed","Fri May 16 18:14:54 GMT 2025","","peer:connect","",""
"","0","should throw an error for SingleShardInfos with different clusterIds","singleShardInfosToShardInfo","Fri May 16 18:13:44 GMT 2025","passed","Fri May 16 18:13:44 GMT 2025","","","",""
"","0","should process correctly when SingleShardInfo has no clusterId but has a shard","determinePubsubTopic","Fri May 16 18:13:44 GMT 2025","passed","Fri May 16 18:13:44 GMT 2025","","","",""
"","1","getPeersByDiscovery","Public methods","Fri May 16 18:15:33 GMT 2025","passed","Fri May 16 18:15:33 GMT 2025","","","",""
"","0","should convert content topics to PubsubTopics for autosharding","shardInfoToPubsubTopics","Fri May 16 18:13:44 GMT 2025","passed","Fri May 16 18:13:44 GMT 2025","","","",""
"","1","configure the node with multiple pubsub topics","Static Sharding: Running Nodes","Fri May 16 18:17:23 GMT 2025","passed","Fri May 16 18:17:23 GMT 2025","","Others","",""
"","0","should retrieve 3 multiaddrs for sandbox.waku.nodes.status.im","DNS Node Discovery [live data]","Fri May 16 18:14:07 GMT 2025","skipped","Fri May 16 18:14:07 GMT 2025","","","",""
"","1","Fails to push message bigger that 1MB","Waku Light Push: Multiple Nodes: Strict Check: true","Fri May 16 18:24:16 GMT 2025","passed","Fri May 16 18:24:16 GMT 2025","","","",""
"","0","Relay","ENR Interop: ServiceNode","Fri May 16 18:14:58 GMT 2025","passed","Fri May 16 18:14:58 GMT 2025","","","",""
"","0","Push message with content topic containing numeric","Waku Light Push: Multiple Nodes: Strict Check: false","Fri May 16 18:24:16 GMT 2025","passed","Fri May 16 18:24:16 GMT 2025","","","",""
"","0","Push to array if already present","pushOrInitMapSet","Fri May 16 18:13:44 GMT 2025","passed","Fri May 16 18:13:44 GMT 2025","","","",""
"","1","should not be added to outgoing buffer, bloom filter, or local log","MessageChannel","Fri May 16 18:14:34 GMT 2025","passed","Fri May 16 18:14:34 GMT 2025","","Sync messages","",""
"","0","Push message with content topic containing special chars","Waku Light Push: Multiple Nodes: Strict Check: false","Fri May 16 18:24:16 GMT 2025","passed","Fri May 16 18:24:16 GMT 2025","","","",""
"","0","should correctly map /app/27/sometopic/someencoding to shard index 5","contentTopicToShardIndex","Fri May 16 18:13:44 GMT 2025","passed","Fri May 16 18:13:44 GMT 2025","","","",""
"","0","Passing page size 19 when there are 20 messages","Waku Store, page size","Fri May 16 18:16:31 GMT 2025","passed","Fri May 16 18:16:31 GMT 2025","","","",""
"","1","more peers than existing","Peer Exchange Query","Fri May 16 18:15:13 GMT 2025","skipped","Fri May 16 18:15:13 GMT 2025","","","",""
"","0","Passing page size 110 when there are 120 messages","Waku Store, page size","Fri May 16 18:16:31 GMT 2025","passed","Fri May 16 18:16:31 GMT 2025","","","",""
"","0","Push message with Chinese payload","Waku Light Push: Multiple Nodes: Strict Check: false","Fri May 16 18:24:16 GMT 2025","passed","Fri May 16 18:24:16 GMT 2025","","","",""
"","1","should hash ""test123"" with n=0 and maxValue=10000 correctly","hashN","Fri May 16 18:14:34 GMT 2025","passed","Fri May 16 18:14:34 GMT 2025","","","",""
"","0","Query Generator, No Decoder","Waku Store, error handling","Fri May 16 18:16:05 GMT 2025","passed","Fri May 16 18:16:05 GMT 2025","","","",""
"","1","topics with same application and version share the same shard","contentTopicToShardIndex","Fri May 16 18:13:44 GMT 2025","passed","Fri May 16 18:13:44 GMT 2025","","","",""
"","0","all px service nodes subscribed to the shard topic should be dialed","Autosharding: Peer Management","Fri May 16 18:16:13 GMT 2025","passed","Fri May 16 18:16:13 GMT 2025","","Peer Exchange","",""
"","0","ENRTree (tree): should error if DNS tree entry is misformatted","ENRTree","Fri May 16 18:14:06 GMT 2025","passed","Fri May 16 18:14:06 GMT 2025","","","",""
"","1","should throw an error for non-numeric shard: /waku/2/rs/1/$","pubsubTopicToSingleShardInfo with various invalid formats","Fri May 16 18:13:44 GMT 2025","passed","Fri May 16 18:13:44 GMT 2025","","","",""
"","0","Push message with content topic containing emoji","Waku Light Push: Multiple Nodes: Strict Check: false","Fri May 16 18:24:16 GMT 2025","passed","Fri May 16 18:24:16 GMT 2025","","","",""
"","1","different cluster, same shard: nodes don't connect","Metadata Protocol","Fri May 16 18:15:08 GMT 2025","passed","Fri May 16 18:15:08 GMT 2025","","connections","",""
"","1","Passing a valid cursor at 0 index when there are 20 messages","Waku Store, cursor","Fri May 16 18:15:52 GMT 2025","passed","Fri May 16 18:15:52 GMT 2025","","","",""
"","0","1 Relay, 1 Filter, gives up","Fetch nodes until capabilities are fulfilled","Fri May 16 18:14:07 GMT 2025","passed","Fri May 16 18:14:07 GMT 2025","","","",""
"","0","should throw an error for invalid PubsubTopic format: /waku/1/rs/1/2","pubsubTopicToSingleShardInfo with various invalid formats","Fri May 16 18:13:44 GMT 2025","passed","Fri May 16 18:13:44 GMT 2025","","","",""
"","0","random auto sharding 4 - Cluster ID: 10, Content Topic: /app9/4/topic443/utf8","Autosharding: Running Nodes","Fri May 16 18:16:56 GMT 2025","passed","Fri May 16 18:16:56 GMT 2025","","","",""
"","1","Push message with content topic containing XML","Waku Light Push: Multiple Nodes: Strict Check: true","Fri May 16 18:24:16 GMT 2025","passed","Fri May 16 18:24:16 GMT 2025","","","",""
"","0","should insert message id into causal history","MessageChannel","Fri May 16 18:14:34 GMT 2025","passed","Fri May 16 18:14:34 GMT 2025","","sending a message ","",""
"","0","Relay + Store","ENR","Fri May 16 18:13:52 GMT 2025","passed","Fri May 16 18:13:52 GMT 2025","","Waku2 key: decode","",""
"","1","should set field with only LIGHTPUSH enabled","ENR","Fri May 16 18:13:52 GMT 2025","passed","Fri May 16 18:13:52 GMT 2025","","waku2 key round trip","",""
"","0","should wait for LightPush peer to be connected","waitForRemotePeer","Fri May 16 18:14:25 GMT 2025","passed","Fri May 16 18:14:25 GMT 2025","","","",""
"","0","Query Generator sorting by timestamp while page direction is false","Waku Store, sorting","Fri May 16 18:16:30 GMT 2025","passed","Fri May 16 18:16:30 GMT 2025","","","",""
"","1","throws on empty content topic","ensureValidContentTopic","Fri May 16 18:13:44 GMT 2025","passed","Fri May 16 18:13:44 GMT 2025","","","",""
"","0","isConnected return false after peer stops","Connection state","Fri May 16 18:15:13 GMT 2025","passed","Fri May 16 18:15:13 GMT 2025","","","",""
"","0","should hash """" with n=1 and maxValue=1000 correctly","hashN","Fri May 16 18:14:34 GMT 2025","passed","Fri May 16 18:14:34 GMT 2025","","","",""
"","0","should return false when shard is not included in network shards","IWaku utils","Fri May 16 18:14:25 GMT 2025","passed","Fri May 16 18:14:25 GMT 2025","","isShardCompatible","",""
"","0","Symmetric encrypt & Decrypt","Waku Encryption","Fri May 16 18:14:17 GMT 2025","passed","Fri May 16 18:14:17 GMT 2025","","","",""
"","0","should correctly map /app/20/sometopic/someencoding to shard index 7","contentTopicToShardIndex","Fri May 16 18:13:44 GMT 2025","passed","Fri May 16 18:13:44 GMT 2025","","","",""
"","0","random auto sharding 7 - Cluster ID: 10, Content Topic: /app5/7/topic602/json","Autosharding: Running Nodes","Fri May 16 18:16:56 GMT 2025","passed","Fri May 16 18:16:56 GMT 2025","","","",""
"","0","should hash ""test123"" with n=2 and maxValue=100 correctly","hashN","Fri May 16 18:14:34 GMT 2025","passed","Fri May 16 18:14:34 GMT 2025","","","",""
"","0","Push message with long payload","Waku Light Push: Multiple Nodes: Strict Check: false","Fri May 16 18:24:16 GMT 2025","passed","Fri May 16 18:24:16 GMT 2025","","","",""
"","1","msgTime: -19000 ms from now, startTime: -18990, endTime: -19010","Waku Store, time filter","Fri May 16 18:16:41 GMT 2025","passed","Fri May 16 18:16:41 GMT 2025","","","",""
"","1","retrieves all peers (2) when cannot fulfill all requirements","DNS Node Discovery w/ capabilities","Fri May 16 18:14:07 GMT 2025","passed","Fri May 16 18:14:07 GMT 2025","","","",""
"","1","should reject if LightPush is requested but not mounted","waitForRemotePeer","Fri May 16 18:14:25 GMT 2025","passed","Fri May 16 18:14:25 GMT 2025","","","",""
"","1","Push message with emoji payload","Waku Light Push: Multiple Nodes: Strict Check: false","Fri May 16 18:24:16 GMT 2025","passed","Fri May 16 18:24:16 GMT 2025","","","",""
"","1","retrieves all peers (3) when branch entries are composed of multiple strings","DNS Node Discovery w/ capabilities","Fri May 16 18:14:07 GMT 2025","passed","Fri May 16 18:14:07 GMT 2025","","","",""
"","2","Query with Ordered Callback, No message returned","Waku Store, error handling","Fri May 16 18:16:05 GMT 2025","passed","Fri May 16 18:16:05 GMT 2025","","","",""
"","0","Passing page size 11 when there are 10 messages","Waku Store, page size","Fri May 16 18:16:31 GMT 2025","passed","Fri May 16 18:16:31 GMT 2025","","","",""
"","0","Query with Ordered Callback, Multiple PubsubTopics","Waku Store, error handling","Fri May 16 18:16:05 GMT 2025","passed","Fri May 16 18:16:05 GMT 2025","","","",""
"","0","should handle special patterns correctly","BloomFilter with special patterns","Fri May 16 18:14:36 GMT 2025","passed","Fri May 16 18:14:36 GMT 2025","","","",""
"","5","throws on content topic with empty topic name field","ensureValidContentTopic","Fri May 16 18:13:44 GMT 2025","passed","Fri May 16 18:13:44 GMT 2025","","","",""
"","0","should reject if Store is requested but not mounted","waitForRemotePeer","Fri May 16 18:14:25 GMT 2025","passed","Fri May 16 18:14:25 GMT 2025","","","",""
"","1","should emit `peer:discovery:peer-exchange` event when a peer is discovered","Events","Fri May 16 18:14:54 GMT 2025","passed","Fri May 16 18:14:54 GMT 2025","","peer:discovery","",""
"","1","should return the correct m/n for k = 7, targetError = 0.001","Probabilities","Fri May 16 18:14:33 GMT 2025","passed","Fri May 16 18:14:33 GMT 2025","","","",""
"","0","should update peers in local storage on 'peer:identify' event","Local Storage Discovery","Fri May 16 18:14:11 GMT 2025","passed","Fri May 16 18:14:11 GMT 2025","","Unit Tests","",""
"","0","should hash """" with n=5 and maxValue=1000 correctly","hashN","Fri May 16 18:14:34 GMT 2025","passed","Fri May 16 18:14:34 GMT 2025","","","",""
"","0","groups content topics by expected pubsub topic","contentTopicsByPubsubTopic","Fri May 16 18:13:44 GMT 2025","passed","Fri May 16 18:13:44 GMT 2025","","","",""
"","0","should hash ""Lorem ipsum dolor sit amet"" with n=0 and maxValue=100 correctly","hashN","Fri May 16 18:14:34 GMT 2025","passed","Fri May 16 18:14:34 GMT 2025","","","",""
"","1","should throw an error for non-numeric shard: /waku/2/rs/1/ ","pubsubTopicToSingleShardInfo with various invalid formats","Fri May 16 18:13:44 GMT 2025","passed","Fri May 16 18:13:44 GMT 2025","","","",""
"","0","Push message with content topic containing shell command","Waku Light Push: Multiple Nodes: Strict Check: true","Fri May 16 18:24:16 GMT 2025","passed","Fri May 16 18:24:16 GMT 2025","","","",""
"","0","should be sent without a timestamp, causal history, or bloom filter","MessageChannel","Fri May 16 18:14:34 GMT 2025","passed","Fri May 16 18:14:34 GMT 2025","","Ephemeral messages","",""
"","1","should set field with only RELAY enabled","ENR","Fri May 16 18:13:52 GMT 2025","passed","Fri May 16 18:13:52 GMT 2025","","waku2 key round trip","",""
"","1","Callback on promise, aborts when callback returns true","Waku Store, general","Fri May 16 18:16:39 GMT 2025","passed","Fri May 16 18:16:39 GMT 2025","","","",""
"","0","shard 0","Static Sharding: Running Nodes","Fri May 16 18:17:23 GMT 2025","passed","Fri May 16 18:17:23 GMT 2025","","","",""
"","0","Passing page size 10 when there are 10 messages","Waku Store, page size","Fri May 16 18:16:31 GMT 2025","passed","Fri May 16 18:16:31 GMT 2025","","","",""
"","0","Push message with content topic containing long","Waku Light Push: Multiple Nodes: Strict Check: true","Fri May 16 18:24:16 GMT 2025","passed","Fri May 16 18:24:16 GMT 2025","","","",""
"","1","Generator, custom pubsub topic","Waku Store, custom pubsub topic","Fri May 16 18:16:16 GMT 2025","passed","Fri May 16 18:16:16 GMT 2025","","","",""
"","0","should throw an error for non-numeric shard: /waku/2/rs/1/","pubsubTopicToSingleShardInfo with various invalid formats","Fri May 16 18:13:44 GMT 2025","passed","Fri May 16 18:13:44 GMT 2025","","","",""
"","1","should check connected peers if present and suitable","waitForRemotePeer","Fri May 16 18:14:25 GMT 2025","passed","Fri May 16 18:14:25 GMT 2025","","","",""
"","0","Light Node - default protocols","Wait for remote peer","Fri May 16 18:16:51 GMT 2025","passed","Fri May 16 18:16:51 GMT 2025","","","",""
"","0","random auto sharding 2 - Cluster ID: 10, Content Topic: /app81/6/topic120/test.js","Autosharding: Running Nodes","Fri May 16 18:16:56 GMT 2025","passed","Fri May 16 18:16:56 GMT 2025","","","",""
"","0","Push message with content topic containing escaped characters","Waku Light Push: Multiple Nodes: Strict Check: true","Fri May 16 18:24:16 GMT 2025","passed","Fri May 16 18:24:16 GMT 2025","","","",""
"","0","should use provided shard info when available","IWaku utils","Fri May 16 18:14:25 GMT 2025","passed","Fri May 16 18:14:25 GMT 2025","","decoderParamsToShardInfo","",""
"","0","should not be called more than DEFAULT_MAX_BOOTSTRAP_PEERS_ALLOWED times for bootstrap peers","Dials","Fri May 16 18:15:01 GMT 2025","passed","Fri May 16 18:15:01 GMT 2025","For bootstrap peers","dialPeer method","",""
"","0","tcp ip4 address","Multiaddr from fields","Fri May 16 18:13:52 GMT 2025","passed","Fri May 16 18:13:52 GMT 2025","","","",""
"","2","should emit `peer:discovery:bootstrap` event when a peer is discovered","Events","Fri May 16 18:14:54 GMT 2025","passed","Fri May 16 18:14:54 GMT 2025","","peer:discovery","",""
"","0","should be able to encode the field with ALL protocols set to false","ENR waku2 codec","Fri May 16 18:13:52 GMT 2025","passed","Fri May 16 18:13:52 GMT 2025","","Encoding","",""
"","0","should detect messages with missing dependencies","MessageChannel","Fri May 16 18:14:34 GMT 2025","passed","Fri May 16 18:14:34 GMT 2025","","Sweeping incoming buffer","",""
"","1","peerDiscovery without wakuPeerExchangeDiscovery","Peer Exchange","Fri May 16 18:16:03 GMT 2025","passed","Fri May 16 18:16:03 GMT 2025","","","",""
"","1","peer:update - should schedule stream creation IF protocol hit AND no stream found on connection","StreamManager","Fri May 16 18:13:58 GMT 2025","passed","Fri May 16 18:13:58 GMT 2025","","","",""
"","0","Promise Callback  - false","Waku Store, order","Fri May 16 18:16:23 GMT 2025","passed","Fri May 16 18:16:23 GMT 2025","","","",""
"","0","Passing invalid cursor","Waku Store, cursor","Fri May 16 18:15:52 GMT 2025","passed","Fri May 16 18:15:52 GMT 2025","","","",""
"","0","caches peers it previously fetched","DNS Node Discovery","Fri May 16 18:14:07 GMT 2025","passed","Fri May 16 18:14:07 GMT 2025","","","",""
"","1","should increase lamport timestamp","MessageChannel","Fri May 16 18:14:34 GMT 2025","passed","Fri May 16 18:14:34 GMT 2025","","sending a message ","",""
"","0","Relay + Store","ENR Interop: ServiceNode","Fri May 16 18:14:58 GMT 2025","passed","Fri May 16 18:14:58 GMT 2025","","","",""
"","0","Privacy Node - default protocol","Wait for remote peer","Fri May 16 18:16:51 GMT 2025","passed","Fri May 16 18:16:51 GMT 2025","","","",""
"","0","should only return 1 node with relay capability","DNS Node Discovery w/ capabilities","Fri May 16 18:14:07 GMT 2025","passed","Fri May 16 18:14:07 GMT 2025","","","",""
"","0","Throws when trying to push message with empty payload","Waku Light Push: Multiple Nodes: Strict Check: true","Fri May 16 18:24:16 GMT 2025","passed","Fri May 16 18:24:16 GMT 2025","","","",""
"","1","Push message with meta","Waku Light Push: Multiple Nodes: Strict Check: true","Fri May 16 18:24:16 GMT 2025","passed","Fri May 16 18:24:16 GMT 2025","","","",""
"","0","should only return 1 node with relay and store capability","DNS Node Discovery w/ capabilities","Fri May 16 18:14:07 GMT 2025","passed","Fri May 16 18:14:07 GMT 2025","","","",""
"","1","throws on content topic with non-number generation field","ensureValidContentTopic","Fri May 16 18:13:44 GMT 2025","passed","Fri May 16 18:13:44 GMT 2025","","","",""
"","1","ENRTree (root): should parse and verify and DNS root entry","ENRTree","Fri May 16 18:14:06 GMT 2025","passed","Fri May 16 18:14:06 GMT 2025","","","",""
"","0","should correctly map /app/20/sometopic/someencoding to shard index 15 with networkShards 16","contentTopicToShardIndex","Fri May 16 18:13:44 GMT 2025","passed","Fri May 16 18:13:44 GMT 2025","","","",""
"","0","should hash ""hello"" with n=2 and maxValue=1000 correctly","hashN","Fri May 16 18:14:34 GMT 2025","passed","Fri May 16 18:14:34 GMT 2025","","","",""
"","0","should not fail to stop the service if it was not started","Peer Exchange","Fri May 16 18:15:39 GMT 2025","passed","Fri May 16 18:15:39 GMT 2025","interface-peer-discovery compliance tests","Compliance Test","",""
"","1","should load peers from local storage and dispatch events","Local Storage Discovery","Fri May 16 18:14:11 GMT 2025","passed","Fri May 16 18:14:11 GMT 2025","","Unit Tests","",""
"","0","should hash """" with n=1 and maxValue=100 correctly","hashN","Fri May 16 18:14:34 GMT 2025","passed","Fri May 16 18:14:34 GMT 2025","","","",""
"","1","should hash """" with n=0 and maxValue=1000 correctly","hashN","Fri May 16 18:14:34 GMT 2025","passed","Fri May 16 18:14:34 GMT 2025","","","",""
"","0","should decode valid enr successfully","ENR","Fri May 16 18:13:52 GMT 2025","passed","Fri May 16 18:13:52 GMT 2025","","Txt codec","",""
"","0","should throw an error for non-numeric shard: /waku/2/rs/1/-","pubsubTopicToSingleShardInfo with various invalid formats","Fri May 16 18:13:44 GMT 2025","passed","Fri May 16 18:13:44 GMT 2025","","","",""
"","1","Passing page size 1 when there are 4 messages","Waku Store, page size","Fri May 16 18:16:31 GMT 2025","passed","Fri May 16 18:16:31 GMT 2025","","","",""
"","0","can start and stop the service","Peer Exchange","Fri May 16 18:15:39 GMT 2025","passed","Fri May 16 18:15:39 GMT 2025","interface-peer-discovery compliance tests","Compliance Test","",""
"","1","should reject if WakuNode is not started","waitForRemotePeer","Fri May 16 18:14:25 GMT 2025","passed","Fri May 16 18:14:25 GMT 2025","","","",""
"","0","Push message with emoji payload","Waku Light Push: Multiple Nodes: Strict Check: true","Fri May 16 18:24:16 GMT 2025","passed","Fri May 16 18:24:16 GMT 2025","","","",""
"","1","groups multiple content topics into the same pubsub topic when they share the same shard index","contentTopicsByPubsubTopic","Fri May 16 18:13:44 GMT 2025","passed","Fri May 16 18:13:44 GMT 2025","","","",""
"","0","should throw error - no public key","ENR","Fri May 16 18:13:52 GMT 2025","passed","Fri May 16 18:13:52 GMT 2025","","Txt codec","",""
"","1","should properly create location multiaddrs - udp","ENR","Fri May 16 18:13:52 GMT 2025","passed","Fri May 16 18:13:52 GMT 2025","","Location multiaddr","",""
"","0","should aggregate SingleShardInfos into a ShardInfo","singleShardInfosToShardInfo","Fri May 16 18:13:44 GMT 2025","passed","Fri May 16 18:13:44 GMT 2025","","","",""
"","1","should hash ""Lorem ipsum dolor sit amet"" with n=1 and maxValue=1000 correctly","hashN","Fri May 16 18:14:34 GMT 2025","passed","Fri May 16 18:14:34 GMT 2025","","","",""
"","0","should request renew when peer disconnects","PeerManager","Fri May 16 18:14:25 GMT 2025","passed","Fri May 16 18:14:25 GMT 2025","","","",""
"","0","Sample","ENR multiaddrs codec","Fri May 16 18:13:52 GMT 2025","passed","Fri May 16 18:13:52 GMT 2025","","","",""
"","0","Fails to push message with large meta","Waku Light Push: Multiple Nodes: Strict Check: true","Fri May 16 18:24:16 GMT 2025","passed","Fri May 16 18:24:16 GMT 2025","","","",""
"","0","Push message with content topic containing Basic HTML tag","Waku Light Push: Multiple Nodes: Strict Check: false","Fri May 16 18:24:16 GMT 2025","passed","Fri May 16 18:24:16 GMT 2025","","","",""
"","0","should throw an error for empty SingleShardInfos array","singleShardInfosToShardInfo","Fri May 16 18:13:44 GMT 2025","passed","Fri May 16 18:13:44 GMT 2025","","","",""
"","1","should return false when clusterId doesn't match","IWaku utils","Fri May 16 18:14:25 GMT 2025","passed","Fri May 16 18:14:25 GMT 2025","","isShardCompatible","",""
"","1","should deliver messages after dependencies are met","MessageChannel","Fri May 16 18:14:34 GMT 2025","passed","Fri May 16 18:14:34 GMT 2025","","Sweeping incoming buffer","",""
"","0","should be delivered but not added to local log or bloom filter","MessageChannel","Fri May 16 18:14:34 GMT 2025","passed","Fri May 16 18:14:34 GMT 2025","","Sync messages","",""
"","0","should request peer renewal on specific errors","RetryManager","Fri May 16 18:14:25 GMT 2025","passed","Fri May 16 18:14:25 GMT 2025","","","",""
"","1","PeerStore has remote peer's shard info after successful connection","Metadata Protocol","Fri May 16 18:15:08 GMT 2025","passed","Fri May 16 18:15:08 GMT 2025","","","",""
"","1","Query Generator, No message returned","Waku Store, error handling","Fri May 16 18:16:05 GMT 2025","passed","Fri May 16 18:16:05 GMT 2025","","","",""
"","0","1 Store, 2 relays, 2 fetches","Fetch nodes until capabilities are fulfilled","Fri May 16 18:14:07 GMT 2025","passed","Fri May 16 18:14:07 GMT 2025","","","",""
"","0","Push 30 different messages","Waku Light Push: Multiple Nodes: Strict Check: false","Fri May 16 18:24:16 GMT 2025","skipped","Fri May 16 18:24:16 GMT 2025","","","",""
"","0","Push message with content topic containing Chinese","Waku Light Push: Multiple Nodes: Strict Check: true","Fri May 16 18:24:16 GMT 2025","passed","Fri May 16 18:24:16 GMT 2025","","","",""
"","0","should return Multiaddr when Multiaddr input is provided","IWaku utils","Fri May 16 18:14:25 GMT 2025","passed","Fri May 16 18:14:25 GMT 2025","","mapToPeerIdOrMultiaddr","",""
"","0","should hash ""Lorem ipsum dolor sit amet"" with n=1 and maxValue=10000 correctly","hashN","Fri May 16 18:14:34 GMT 2025","passed","Fri May 16 18:14:34 GMT 2025","","","",""
"","0","should hash ""test123"" with n=0 and maxValue=100 correctly","hashN","Fri May 16 18:14:34 GMT 2025","passed","Fri May 16 18:14:34 GMT 2025","","","",""
"","0","should throw error - no id","ENR","Fri May 16 18:13:52 GMT 2025","passed","Fri May 16 18:13:52 GMT 2025","","Verify","",""
"","0","Push message with special chars payload","Waku Light Push: Multiple Nodes: Strict Check: false","Fri May 16 18:24:16 GMT 2025","passed","Fri May 16 18:24:16 GMT 2025","","","",""
"","0","should hash ""Lorem ipsum dolor sit amet"" with n=1 and maxValue=100 correctly","hashN","Fri May 16 18:14:34 GMT 2025","passed","Fri May 16 18:14:34 GMT 2025","","","",""
"","1","1 Store, 2 fetches","Fetch nodes until capabilities are fulfilled","Fri May 16 18:14:07 GMT 2025","passed","Fri May 16 18:14:07 GMT 2025","","","",""
"","0","random static sharding 3 - Cluster ID: 443, Shard ID: 542","Static Sharding: Running Nodes","Fri May 16 18:17:23 GMT 2025","passed","Fri May 16 18:17:23 GMT 2025","","","",""
"","0","should set field with all protocols enabled","ENR","Fri May 16 18:13:52 GMT 2025","passed","Fri May 16 18:13:52 GMT 2025","","waku2 key round trip","",""
"","1","random static sharding 5 - Cluster ID: 290, Shard ID: 388","Static Sharding: Running Nodes","Fri May 16 18:17:23 GMT 2025","passed","Fri May 16 18:17:23 GMT 2025","","","",""
"","0","Push message with XML payload","Waku Light Push: Multiple Nodes: Strict Check: false","Fri May 16 18:24:16 GMT 2025","passed","Fri May 16 18:24:16 GMT 2025","","","",""
"","0","should hash ""hello"" with n=1 and maxValue=100 correctly","hashN","Fri May 16 18:14:34 GMT 2025","passed","Fri May 16 18:14:34 GMT 2025","","","",""
"","0","Push message with content topic containing Arabic","Waku Light Push: Multiple Nodes: Strict Check: false","Fri May 16 18:24:16 GMT 2025","passed","Fri May 16 18:24:16 GMT 2025","","","",""
"","0","should hash ""!@#$%^&*()"" with n=5 and maxValue=1000 correctly","hashN","Fri May 16 18:14:34 GMT 2025","passed","Fri May 16 18:14:34 GMT 2025","","","",""
"","0","should fall back to default pubsub topic when pubsubTopicShardInfo is not provided","determinePubsubTopic","Fri May 16 18:13:44 GMT 2025","passed","Fri May 16 18:13:44 GMT 2025","","","",""
"","0","Push message with content topic containing emoji","Waku Light Push: Multiple Nodes: Strict Check: true","Fri May 16 18:24:16 GMT 2025","passed","Fri May 16 18:24:16 GMT 2025","","","",""
"","1","Init the array if not present","pushOrInitMapSet","Fri May 16 18:13:44 GMT 2025","passed","Fri May 16 18:13:44 GMT 2025","","","",""
"","0","throws an error for improperly formatted content topics","contentTopicsByPubsubTopic","Fri May 16 18:13:44 GMT 2025","passed","Fri May 16 18:13:44 GMT 2025","","","",""
"","0","Push message with content topic containing Arabic","Waku Light Push: Multiple Nodes: Strict Check: true","Fri May 16 18:24:16 GMT 2025","passed","Fri May 16 18:24:16 GMT 2025","","","",""
"","0","recovers when dns.resolve returns empty","DNS Node Discovery","Fri May 16 18:14:07 GMT 2025","passed","Fri May 16 18:14:07 GMT 2025","","","",""
"","0","passes more than one ENR URLs and attempts connection","DNS Node Discovery [live data]","Fri May 16 18:14:58 GMT 2025","skipped","Fri May 16 18:14:58 GMT 2025","","","",""
"","0","should not fail to start the service if it is already started","Peer Exchange","Fri May 16 18:15:39 GMT 2025","passed","Fri May 16 18:15:39 GMT 2025","interface-peer-discovery compliance tests","Compliance Test","",""
"","4","should be able to decode the field with RELAY and FILTER protocols set to true","ENR waku2 codec","Fri May 16 18:13:52 GMT 2025","passed","Fri May 16 18:13:52 GMT 2025","","Decoding","",""
"","1","ENRTree (branch): should parse and verify a single component DNS branch entry","ENRTree","Fri May 16 18:14:06 GMT 2025","passed","Fri May 16 18:14:06 GMT 2025","","","",""
"","0","random static sharding 1 - Cluster ID: 657, Shard ID: 984","Static Sharding: Running Nodes","Fri May 16 18:17:23 GMT 2025","passed","Fri May 16 18:17:23 GMT 2025","","","",""
"","0","should throw an error for invalid PubsubTopic format: /waku/2/r/1/2","pubsubTopicToSingleShardInfo with various invalid formats","Fri May 16 18:13:44 GMT 2025","passed","Fri May 16 18:13:44 GMT 2025","","","",""
"","0","should wait for Store peer to be connected","waitForRemotePeer","Fri May 16 18:14:25 GMT 2025","passed","Fri May 16 18:14:25 GMT 2025","","","",""
"","1","should create a new stream if no existing for protocol found","StreamManager","Fri May 16 18:13:58 GMT 2025","passed","Fri May 16 18:13:58 GMT 2025","","","",""
"","1","Query generator for multiple messages with different content topic format","Waku Store, general","Fri May 16 18:16:39 GMT 2025","passed","Fri May 16 18:16:39 GMT 2025","","","",""
"","1","Push message with content topic containing short","Waku Light Push: Multiple Nodes: Strict Check: true","Fri May 16 18:24:16 GMT 2025","passed","Fri May 16 18:24:16 GMT 2025","","","",""
"","0","through manual discovery","multiaddr: dialing","Fri May 16 18:15:03 GMT 2025","passed","Fri May 16 18:15:03 GMT 2025","","does not attempt the same peer discovered multiple times more than once","",""
"","0","should hash ""!@#$%^&*()"" with n=2 and maxValue=100 correctly","hashN","Fri May 16 18:14:34 GMT 2025","passed","Fri May 16 18:14:34 GMT 2025","","","",""
"","1","should emit events and trasition isConnected state when has peers or no peers","Events","Fri May 16 18:14:54 GMT 2025","passed","Fri May 16 18:14:54 GMT 2025","","waku:connection","",""
"","0","should correctly map /0/statusim/1/community/cbor to shard index 4","contentTopicToShardIndex","Fri May 16 18:13:44 GMT 2025","passed","Fri May 16 18:13:44 GMT 2025","","","",""
"","0","Subscribe and receive messages on 2 different pubsubtopics","Waku Light Push (Autosharding): Multiple PubsubTopics","Fri May 16 18:15:15 GMT 2025","passed","Fri May 16 18:15:15 GMT 2025","","","",""
"","1","should be called for every peer with PEER_EXCHANGE tags","Dials","Fri May 16 18:15:01 GMT 2025","passed","Fri May 16 18:15:01 GMT 2025","For peer-exchange peers","dialPeer method","",""
"","0","Query generator for multiple messages with different message text format","Waku Store, general","Fri May 16 18:16:39 GMT 2025","passed","Fri May 16 18:16:39 GMT 2025","","","",""
"","0","Push message with content topic containing XML","Waku Light Push: Multiple Nodes: Strict Check: false","Fri May 16 18:24:16 GMT 2025","passed","Fri May 16 18:24:16 GMT 2025","","","",""
"","0","Push message with Basic HTML tag payload","Waku Light Push: Multiple Nodes: Strict Check: false","Fri May 16 18:24:16 GMT 2025","passed","Fri May 16 18:24:16 GMT 2025","","","",""
"","0","Push message with JSON payload","Waku Light Push: Multiple Nodes: Strict Check: false","Fri May 16 18:24:16 GMT 2025","passed","Fri May 16 18:24:16 GMT 2025","","","",""
"","1","should be able to encode the field with only LIGHTPUSH set to true","ENR waku2 codec","Fri May 16 18:13:52 GMT 2025","passed","Fri May 16 18:13:52 GMT 2025","","Encoding","",""
"","1","Push message with Chinese payload","Waku Light Push: Multiple Nodes: Strict Check: true","Fri May 16 18:24:16 GMT 2025","passed","Fri May 16 18:24:16 GMT 2025","","","",""
"","0","should hash ""!@#$%^&*()"" with n=5 and maxValue=100 correctly","hashN","Fri May 16 18:14:34 GMT 2025","passed","Fri May 16 18:14:34 GMT 2025","","","",""
"","0","should properly create peer info with all multiaddrs","ENR","Fri May 16 18:13:52 GMT 2025","passed","Fri May 16 18:13:52 GMT 2025","","Location multiaddr","",""
"","0","Wrong topic","Autosharding: Running Nodes","Fri May 16 18:16:56 GMT 2025","passed","Fri May 16 18:16:56 GMT 2025","","","",""
"","0","Push message with JSON payload","Waku Light Push: Multiple Nodes: Strict Check: true","Fri May 16 18:24:16 GMT 2025","passed","Fri May 16 18:24:16 GMT 2025","","","",""
"","1","should handle corrupted local storage data gracefully","Local Storage Discovery","Fri May 16 18:14:11 GMT 2025","passed","Fri May 16 18:14:11 GMT 2025","","Unit Tests","",""
"","1","returns nothing if no connections present","selectOpenConnection","Fri May 16 18:13:58 GMT 2025","passed","Fri May 16 18:13:58 GMT 2025","","","",""
"","1","throws on content topic with empty version field","ensureValidContentTopic","Fri May 16 18:13:44 GMT 2025","passed","Fri May 16 18:13:44 GMT 2025","","","",""
"","0","less peers than existing","Peer Exchange Query","Fri May 16 18:15:13 GMT 2025","skipped","Fri May 16 18:15:13 GMT 2025","","","",""
"","0","should throw if no connection provided","StreamManager","Fri May 16 18:13:58 GMT 2025","passed","Fri May 16 18:13:58 GMT 2025","","","",""
"","1","Passing a valid cursor at 19 index when there are 20 messages","Waku Store, cursor","Fri May 16 18:15:52 GMT 2025","passed","Fri May 16 18:15:52 GMT 2025","","","",""
"","0","Relay - dialed first","Wait for remote peer","Fri May 16 18:16:51 GMT 2025","passed","Fri May 16 18:16:51 GMT 2025","","","",""
"","1","Passing page size 3 when there are 20 messages","Waku Store, page size","Fri May 16 18:16:31 GMT 2025","passed","Fri May 16 18:16:31 GMT 2025","","","",""
"","1","handles empty contentTopics array correctly","ensureShardingConfigured","Fri May 16 18:13:44 GMT 2025","passed","Fri May 16 18:13:44 GMT 2025","","","",""
"","1","should throw an error for missing sharding configuration","ensureShardingConfigured","Fri May 16 18:13:44 GMT 2025","passed","Fri May 16 18:13:44 GMT 2025","","","",""
"","0","should add received messages to bloom filter","MessageChannel","Fri May 16 18:14:34 GMT 2025","passed","Fri May 16 18:14:34 GMT 2025","","receiving a message","",""
"","0","Push message with content topic containing escaped characters","Waku Light Push: Multiple Nodes: Strict Check: false","Fri May 16 18:24:16 GMT 2025","passed","Fri May 16 18:24:16 GMT 2025","","","",""
"","0","should properly create location multiaddrs - tcp","ENR","Fri May 16 18:13:52 GMT 2025","passed","Fri May 16 18:13:52 GMT 2025","","Location multiaddr","",""
"","1","should return usable stream attached to connection","StreamManager","Fri May 16 18:13:58 GMT 2025","passed","Fri May 16 18:13:58 GMT 2025","","","",""
"","1","Push message with content topic containing Russian","Waku Light Push: Multiple Nodes: Strict Check: true","Fri May 16 18:24:16 GMT 2025","passed","Fri May 16 18:24:16 GMT 2025","","","",""
"","0","connected peers and dial","Peer Exchange Query","Fri May 16 18:15:13 GMT 2025","skipped","Fri May 16 18:15:13 GMT 2025","","","",""
"","0","ignores unrecognized TXT record formats","DNS Node Discovery","Fri May 16 18:14:07 GMT 2025","passed","Fri May 16 18:14:07 GMT 2025","","","",""
"","0","random static sharding 10 - Cluster ID: 469, Shard ID: 870","Static Sharding: Running Nodes","Fri May 16 18:17:23 GMT 2025","passed","Fri May 16 18:17:23 GMT 2025","","","",""
"","1","should reject if Filter is requested but not mounted","waitForRemotePeer","Fri May 16 18:14:25 GMT 2025","passed","Fri May 16 18:14:25 GMT 2025","","","",""
"","1","random auto sharding 9 - Cluster ID: 10, Content Topic: /app82/6/topic877/xml","Autosharding: Running Nodes","Fri May 16 18:16:56 GMT 2025","passed","Fri May 16 18:16:56 GMT 2025","","","",""
"","0","should insert message into bloom filter","MessageChannel","Fri May 16 18:14:34 GMT 2025","passed","Fri May 16 18:14:34 GMT 2025","","sending a message ","",""
"","0","Push message with escaped characters payload","Waku Light Push: Multiple Nodes: Strict Check: false","Fri May 16 18:24:16 GMT 2025","passed","Fri May 16 18:24:16 GMT 2025","","","",""
"","0","msgTime: -19000 ms from now, startTime: -19002, endTime: -19001","Waku Store, time filter","Fri May 16 18:16:41 GMT 2025","passed","Fri May 16 18:16:41 GMT 2025","","","",""
"","0","peer:update - should do nothing if another protocol hit","StreamManager","Fri May 16 18:13:58 GMT 2025","passed","Fri May 16 18:13:58 GMT 2025","","","",""
"","1","should be online or offline if network state changed","Events","Fri May 16 18:14:54 GMT 2025","passed","Fri May 16 18:14:54 GMT 2025","","waku:connection","",""
"","0","stop","Public methods","Fri May 16 18:15:33 GMT 2025","passed","Fri May 16 18:15:33 GMT 2025","","","",""
"","0","should update ack status of messages in outgoing buffer","MessageChannel","Fri May 16 18:14:34 GMT 2025","passed","Fri May 16 18:14:34 GMT 2025","","Sync messages","",""
"","0","Store - dialed after - with timeout","Wait for remote peer","Fri May 16 18:16:51 GMT 2025","passed","Fri May 16 18:16:51 GMT 2025","","","",""
"","0","Should update shard info","Peer Exchange Continuous Discovery","Fri May 16 18:15:08 GMT 2025","passed","Fri May 16 18:15:08 GMT 2025","","","",""
"","0","ignores domain fetching errors","DNS Node Discovery","Fri May 16 18:14:07 GMT 2025","passed","Fri May 16 18:14:07 GMT 2025","","","",""
"","1","should be able to decode the field with ALL protocols set to false","ENR waku2 codec","Fri May 16 18:13:52 GMT 2025","passed","Fri May 16 18:13:52 GMT 2025","","Decoding","",""
"","1","should hash ""hello"" with n=5 and maxValue=1000 correctly","hashN","Fri May 16 18:14:34 GMT 2025","passed","Fri May 16 18:14:34 GMT 2025","","","",""
"","1","should hash ""!@#$%^&*()"" with n=1 and maxValue=10000 correctly","hashN","Fri May 16 18:14:34 GMT 2025","passed","Fri May 16 18:14:34 GMT 2025","","","",""
"","0","should set field with only STORE enabled","ENR","Fri May 16 18:13:52 GMT 2025","passed","Fri May 16 18:13:52 GMT 2025","","waku2 key round trip","",""
"","0","should not fail to start the service if it is already started","DNS Discovery: Compliance Test","Fri May 16 18:14:58 GMT 2025","passed","Fri May 16 18:14:58 GMT 2025","","interface-peer-discovery compliance tests","",""
"","1","should maintain desired error rate","BloomFilter","Fri May 16 18:14:36 GMT 2025","passed","Fri May 16 18:14:36 GMT 2025","","","",""
"","1","returns only open connection if one present","selectOpenConnection","Fri May 16 18:13:58 GMT 2025","passed","Fri May 16 18:13:58 GMT 2025","","","",""
"","0","Push message with rate limit","Waku Light Push: Multiple Nodes: Strict Check: true","Fri May 16 18:24:16 GMT 2025","passed","Fri May 16 18:24:16 GMT 2025","","","",""
"","0","should properly create location multiaddrs - udp4","ENR","Fri May 16 18:13:52 GMT 2025","passed","Fri May 16 18:13:52 GMT 2025","","Location multiaddr","",""
"","1","should partition messages based on acknowledgement status","MessageChannel","Fri May 16 18:14:34 GMT 2025","passed","Fri May 16 18:14:34 GMT 2025","","Sweeping outgoing buffer","",""
"","0","random static sharding 7 - Cluster ID: 38, Shard ID: 344","Static Sharding: Running Nodes","Fri May 16 18:17:23 GMT 2025","passed","Fri May 16 18:17:23 GMT 2025","","","",""
"","0","should hash ""hello"" with n=2 and maxValue=10000 correctly","hashN","Fri May 16 18:14:34 GMT 2025","passed","Fri May 16 18:14:34 GMT 2025","","","",""
"","0","Push message with numeric payload","Waku Light Push: Multiple Nodes: Strict Check: false","Fri May 16 18:24:16 GMT 2025","passed","Fri May 16 18:24:16 GMT 2025","","","",""
"","0","should hash ""Lorem ipsum dolor sit amet"" with n=0 and maxValue=1000 correctly","hashN","Fri May 16 18:14:34 GMT 2025","passed","Fri May 16 18:14:34 GMT 2025","","","",""
"","0","should encode/decode to text encoding","ENR","Fri May 16 18:13:52 GMT 2025","passed","Fri May 16 18:13:52 GMT 2025","","Static tests","",""
"","0","dispatchEvent via connectionManager","Public methods","Fri May 16 18:15:33 GMT 2025","passed","Fri May 16 18:15:33 GMT 2025","","","",""
"","1","should hash ""Lorem ipsum dolor sit amet"" with n=0 and maxValue=10000 correctly","hashN","Fri May 16 18:14:34 GMT 2025","passed","Fri May 16 18:14:34 GMT 2025","","","",""
"","3","should hash ""hello"" with n=1 and maxValue=10000 correctly","hashN","Fri May 16 18:14:34 GMT 2025","passed","Fri May 16 18:14:34 GMT 2025","","","",""
"","0","Meta field can be set directly with toWire","Waku Message version 0","Fri May 16 18:13:59 GMT 2025","passed","Fri May 16 18:13:59 GMT 2025","","","",""
"","1","handles different networkShards values correctly","contentTopicsByPubsubTopic","Fri May 16 18:13:44 GMT 2025","passed","Fri May 16 18:13:44 GMT 2025","","","",""
"","0","can start and stop the service","DNS Discovery: Compliance Test","Fri May 16 18:14:58 GMT 2025","passed","Fri May 16 18:14:58 GMT 2025","","interface-peer-discovery compliance tests","",""
"","0","random auto sharding 1 - Cluster ID: 10, Content Topic: /app13/1/topic475/test.js","Autosharding: Running Nodes","Fri May 16 18:16:56 GMT 2025","passed","Fri May 16 18:16:56 GMT 2025","","","",""
"","0","Ordered Callback - false","Waku Store, order","Fri May 16 18:16:23 GMT 2025","passed","Fri May 16 18:16:23 GMT 2025","","","",""
"","0","addEventListener with wrong event","Public methods","Fri May 16 18:15:33 GMT 2025","passed","Fri May 16 18:15:33 GMT 2025","","","",""
"","1","`waku:online` between 2 js-waku relay nodes","Connection state","Fri May 16 18:15:13 GMT 2025","passed","Fri May 16 18:15:13 GMT 2025","","","",""
"","0","should hash ""!@#$%^&*()"" with n=1 and maxValue=1000 correctly","hashN","Fri May 16 18:14:34 GMT 2025","passed","Fri May 16 18:14:34 GMT 2025","","","",""
"","0","should calculate shard index from content topic when shard is not provided","IWaku utils","Fri May 16 18:14:25 GMT 2025","passed","Fri May 16 18:14:25 GMT 2025","","decoderParamsToShardInfo","",""
"","0","random auto sharding 8 - Cluster ID: 10, Content Topic: /app79/2/topic588/proto","Autosharding: Running Nodes","Fri May 16 18:16:56 GMT 2025","passed","Fri May 16 18:16:56 GMT 2025","","","",""
"","0","Push message with content topic containing unicode special characters","Waku Light Push: Multiple Nodes: Strict Check: false","Fri May 16 18:24:16 GMT 2025","passed","Fri May 16 18:24:16 GMT 2025","","","",""
"","0","should not throw an error for a single configured topic","ensurePubsubTopicIsConfigured","Fri May 16 18:13:44 GMT 2025","passed","Fri May 16 18:13:44 GMT 2025","","","",""
"","0","using a protocol with unconfigured pubsub topic should fail","Static Sharding: Running Nodes","Fri May 16 18:17:23 GMT 2025","passed","Fri May 16 18:17:23 GMT 2025","","Others","",""
"","0","should hash """" with n=2 and maxValue=100 correctly","hashN","Fri May 16 18:14:34 GMT 2025","passed","Fri May 16 18:14:34 GMT 2025","","","",""
"","1","different cluster, different shard: nodes don't connect","Metadata Protocol","Fri May 16 18:15:08 GMT 2025","passed","Fri May 16 18:15:08 GMT 2025","","connections","",""
"","0","Push message with Russian payload","Waku Light Push: Multiple Nodes: Strict Check: false","Fri May 16 18:24:16 GMT 2025","passed","Fri May 16 18:24:16 GMT 2025","","","",""
"","0","can dial TLS multiaddrs","multiaddr: dialing","Fri May 16 18:15:03 GMT 2025","passed","Fri May 16 18:15:03 GMT 2025","","","",""
"","0","should hash """" with n=5 and maxValue=100 correctly","hashN","Fri May 16 18:14:34 GMT 2025","passed","Fri May 16 18:14:34 GMT 2025","","","",""
"","1","unsubscribes","Util: toAsyncIterator: Filter","Fri May 16 18:16:37 GMT 2025","passed","Fri May 16 18:16:37 GMT 2025","","","",""
"","0","Passing a valid cursor at 2 index when there are 4 messages","Waku Store, cursor","Fri May 16 18:15:52 GMT 2025","passed","Fri May 16 18:15:52 GMT 2025","","","",""
"","0","should correctly map /toychat/2/huilong/proto to shard index 3","contentTopicToShardIndex","Fri May 16 18:13:44 GMT 2025","passed","Fri May 16 18:13:44 GMT 2025","","","",""
"","0","msgTime: 19000 ms from now, startTime: 18990, endTime: 19010","Waku Store, time filter","Fri May 16 18:16:41 GMT 2025","passed","Fri May 16 18:16:41 GMT 2025","","","",""
"","0","should return empty list for no shard","shardInfoToPubsubTopics","Fri May 16 18:13:44 GMT 2025","passed","Fri May 16 18:13:44 GMT 2025","","","",""
"","1","Push message with content topic containing JSON","Waku Light Push: Multiple Nodes: Strict Check: false","Fri May 16 18:24:16 GMT 2025","passed","Fri May 16 18:24:16 GMT 2025","","","",""
"","0","handles empty shards array correctly","ensureShardingConfigured","Fri May 16 18:13:44 GMT 2025","passed","Fri May 16 18:13:44 GMT 2025","","","",""
"","0","Query generator for multiple messages","Waku Store, general","Fri May 16 18:16:39 GMT 2025","passed","Fri May 16 18:16:39 GMT 2025","","","",""
"","0","Push message with custom timestamp: 1747415695011","Waku Light Push: Multiple Nodes: Strict Check: false","Fri May 16 18:24:16 GMT 2025","passed","Fri May 16 18:24:16 GMT 2025","","","",""
"","0","should throw an error for non-numeric shard: /waku/2/rs/1/y","pubsubTopicToSingleShardInfo with various invalid formats","Fri May 16 18:13:44 GMT 2025","passed","Fri May 16 18:13:44 GMT 2025","","","",""
"","0","should not fail to stop the service if it was not started","Local Storage Discovery","Fri May 16 18:14:11 GMT 2025","passed","Fri May 16 18:14:11 GMT 2025","interface-peer-discovery compliance tests","Compliance Tests","",""
"","0","should hash ""hello"" with n=0 and maxValue=1000 correctly","hashN","Fri May 16 18:14:34 GMT 2025","passed","Fri May 16 18:14:34 GMT 2025","","","",""
"","0","should hash ""hello"" with n=0 and maxValue=100 correctly","hashN","Fri May 16 18:14:34 GMT 2025","passed","Fri May 16 18:14:34 GMT 2025","","","",""
"","0","Push message with content topic containing Script","Waku Light Push: Multiple Nodes: Strict Check: true","Fri May 16 18:24:16 GMT 2025","passed","Fri May 16 18:24:16 GMT 2025","","","",""
"","1","should emit `waku:online` event only when first peer is connected","Connection state","Fri May 16 18:15:13 GMT 2025","passed","Fri May 16 18:15:13 GMT 2025","","","",""
"","0","should hash ""hello"" with n=5 and maxValue=100 correctly","hashN","Fri May 16 18:14:34 GMT 2025","passed","Fri May 16 18:14:34 GMT 2025","","","",""
"","0","should properly create location multiaddrs - tcp6","ENR","Fri May 16 18:13:52 GMT 2025","passed","Fri May 16 18:13:52 GMT 2025","","Location multiaddr","",""
"","0","1 Relay, 1 fetch","Fetch nodes until capabilities are fulfilled","Fri May 16 18:14:07 GMT 2025","passed","Fri May 16 18:14:07 GMT 2025","","","",""
"","1","px service nodes not subscribed to the shard should not be dialed","Static Sharding: Peer Management","Fri May 16 18:16:13 GMT 2025","passed","Fri May 16 18:16:13 GMT 2025","","Peer Exchange","",""
"","0","should emit a peer event after start","Peer Exchange","Fri May 16 18:15:39 GMT 2025","passed","Fri May 16 18:15:39 GMT 2025","interface-peer-discovery compliance tests","Compliance Test","",""
"","4","should hash ""hello"" with n=1 and maxValue=1000 correctly","hashN","Fri May 16 18:14:34 GMT 2025","passed","Fri May 16 18:14:34 GMT 2025","","","",""
"","0","Push message with Basic HTML tag payload","Waku Light Push: Multiple Nodes: Strict Check: true","Fri May 16 18:24:16 GMT 2025","passed","Fri May 16 18:24:16 GMT 2025","","","",""
"","0","Push message with SQL Injection payload","Waku Light Push: Multiple Nodes: Strict Check: false","Fri May 16 18:24:16 GMT 2025","passed","Fri May 16 18:24:16 GMT 2025","","","",""
"","0","ENRTree (tree): should parse a DNS tree entry","ENRTree","Fri May 16 18:14:06 GMT 2025","passed","Fri May 16 18:14:06 GMT 2025","","","",""
"","1","should return PeerId when PeerId is provided","IWaku utils","Fri May 16 18:14:25 GMT 2025","passed","Fri May 16 18:14:25 GMT 2025","","mapToPeerIdOrMultiaddr","",""
"","13","Generator, 2 different pubsubtopics","Waku Store (named sharding), custom pubsub topic","Fri May 16 18:16:16 GMT 2025","passed","Fri May 16 18:16:16 GMT 2025","","","",""
"","0","should hash ""!@#$%^&*()"" with n=0 and maxValue=100 correctly","hashN","Fri May 16 18:14:34 GMT 2025","passed","Fri May 16 18:14:34 GMT 2025","","","",""
"","2","Query Generator  - true","Waku Store, order","Fri May 16 18:16:23 GMT 2025","passed","Fri May 16 18:16:23 GMT 2025","","","",""
"","0","peer:update - should not schedule stream creation IF protocol hit AND stream found on connection","StreamManager","Fri May 16 18:13:58 GMT 2025","passed","Fri May 16 18:13:58 GMT 2025","","","",""
"","0","should only return 1 node with store capability","DNS Node Discovery w/ capabilities","Fri May 16 18:14:07 GMT 2025","passed","Fri May 16 18:14:07 GMT 2025","","","",""
"","0","Generator, 2 nwaku nodes each with different pubsubtopics","Waku Store (Autosharding), custom pubsub topic","Fri May 16 18:16:16 GMT 2025","skipped","Fri May 16 18:16:16 GMT 2025","","","",""
"","0","should emit `waku:offline` event only when all peers disconnect","Connection state","Fri May 16 18:15:13 GMT 2025","passed","Fri May 16 18:15:13 GMT 2025","","","",""
"","1","Query with Promise Callback, No Decoder","Waku Store, error handling","Fri May 16 18:16:05 GMT 2025","passed","Fri May 16 18:16:05 GMT 2025","","","",""
"","1","should initialize bloom filter with correct parameters","BloomFilter","Fri May 16 18:14:36 GMT 2025","passed","Fri May 16 18:14:36 GMT 2025","","","",""
"","0","should hash ""test123"" with n=1 and maxValue=100 correctly","hashN","Fri May 16 18:14:34 GMT 2025","passed","Fri May 16 18:14:34 GMT 2025","","","",""
"","1","should be called at least once on all `peer:discovery` events","Dials","Fri May 16 18:15:01 GMT 2025","passed","Fri May 16 18:15:01 GMT 2025","","attemptDial method","",""
"","0","should reject if Relay is requested but not mounted","waitForRemotePeer","Fri May 16 18:14:25 GMT 2025","passed","Fri May 16 18:14:25 GMT 2025","","","",""
"","0","should hash ""hello"" with n=0 and maxValue=10000 correctly","hashN","Fri May 16 18:14:34 GMT 2025","passed","Fri May 16 18:14:34 GMT 2025","","","",""
"","0","should hash ""Lorem ipsum dolor sit amet"" with n=2 and maxValue=1000 correctly","hashN","Fri May 16 18:14:34 GMT 2025","passed","Fri May 16 18:14:34 GMT 2025","","","",""
"","0","Relay - times out","Wait for remote peer","Fri May 16 18:16:51 GMT 2025","passed","Fri May 16 18:16:51 GMT 2025","","","",""
"","0","should correctly map /app/20/sometopic/someencoding to shard index 1 with networkShards 2","contentTopicToShardIndex","Fri May 16 18:13:44 GMT 2025","passed","Fri May 16 18:13:44 GMT 2025","","","",""
"","0","start node with empty shard should fail","Static Sharding: Running Nodes","Fri May 16 18:17:23 GMT 2025","passed","Fri May 16 18:17:23 GMT 2025","","Others","",""
"","0","should hash ""test123"" with n=0 and maxValue=1000 correctly","hashN","Fri May 16 18:14:34 GMT 2025","passed","Fri May 16 18:14:34 GMT 2025","","","",""
"","0","should track probabilistic acknowledgements of messages received in bloom filter","MessageChannel","Fri May 16 18:14:34 GMT 2025","passed","Fri May 16 18:14:34 GMT 2025","","reviewing ack status","",""
"","0","Push message with shell command payload","Waku Light Push: Multiple Nodes: Strict Check: true","Fri May 16 18:24:16 GMT 2025","passed","Fri May 16 18:24:16 GMT 2025","","","",""
"","1","should hash ""test123"" with n=2 and maxValue=10000 correctly","hashN","Fri May 16 18:14:34 GMT 2025","passed","Fri May 16 18:14:34 GMT 2025","","","",""
"","1","Push message with SQL Injection payload","Waku Light Push: Multiple Nodes: Strict Check: true","Fri May 16 18:24:16 GMT 2025","passed","Fri May 16 18:24:16 GMT 2025","","","",""
"","1","Default pageSize","Waku Store, page size","Fri May 16 18:16:31 GMT 2025","passed","Fri May 16 18:16:31 GMT 2025","","","",""
"","0","same cluster, different shard: nodes connect","Metadata Protocol","Fri May 16 18:15:08 GMT 2025","passed","Fri May 16 18:15:08 GMT 2025","","connections","",""
"","1","should update lamport timestamp if greater than current timestamp and dependencies are met","MessageChannel","Fri May 16 18:14:34 GMT 2025","passed","Fri May 16 18:14:34 GMT 2025","","receiving a message","",""
"","3","Query Generator, Multiple PubsubTopics","Waku Store, error handling","Fri May 16 18:16:05 GMT 2025","passed","Fri May 16 18:16:05 GMT 2025","","","",""
"","0","Push message with escaped characters payload","Waku Light Push: Multiple Nodes: Strict Check: true","Fri May 16 18:24:16 GMT 2025","passed","Fri May 16 18:24:16 GMT 2025","","","",""
"","0","should return the correct m/n for k = 2, targetError = 0.1","Probabilities","Fri May 16 18:14:33 GMT 2025","passed","Fri May 16 18:14:33 GMT 2025","","","",""
"","1","should be able to encode the field with ALL protocols set to true","ENR waku2 codec","Fri May 16 18:13:52 GMT 2025","passed","Fri May 16 18:13:52 GMT 2025","","Encoding","",""
"","0","should encodeTxt and decodeTxt","ENR","Fri May 16 18:13:52 GMT 2025","passed","Fri May 16 18:13:52 GMT 2025","","Txt codec","",""
"","0","Generator, custom pubsub topic","Waku Store (named sharding), custom pubsub topic","Fri May 16 18:16:16 GMT 2025","passed","Fri May 16 18:16:16 GMT 2025","","","",""
"","0","should increase lamport timestamp","MessageChannel","Fri May 16 18:14:34 GMT 2025","passed","Fri May 16 18:14:34 GMT 2025","","receiving a message","",""
"","0","Push message with numeric payload","Waku Light Push: Multiple Nodes: Strict Check: true","Fri May 16 18:24:16 GMT 2025","passed","Fri May 16 18:24:16 GMT 2025","","","",""
"","0","Push message with Russian payload","Waku Light Push: Multiple Nodes: Strict Check: true","Fri May 16 18:24:16 GMT 2025","passed","Fri May 16 18:24:16 GMT 2025","","","",""
"","1","Meta from toWire prioritized over metaSetter","Waku Message version 0","Fri May 16 18:13:59 GMT 2025","passed","Fri May 16 18:13:59 GMT 2025","","","",""
"","0","Throws when trying to push message with empty payload","Waku Light Push: Multiple Nodes: Strict Check: false","Fri May 16 18:24:16 GMT 2025","passed","Fri May 16 18:24:16 GMT 2025","","","",""
"","0","should correctly map /myapp/1/latest/proto to shard index 0","contentTopicToShardIndex","Fri May 16 18:13:44 GMT 2025","passed","Fri May 16 18:13:44 GMT 2025","","","",""
"","0","should be called for peers with PEER_EXCHANGE tags","Dials","Fri May 16 18:15:01 GMT 2025","passed","Fri May 16 18:15:01 GMT 2025","For peer-exchange peers","dialPeer method","",""
"","0","random static sharding 9 - Cluster ID: 929, Shard ID: 672","Static Sharding: Running Nodes","Fri May 16 18:17:23 GMT 2025","passed","Fri May 16 18:17:23 GMT 2025","","","",""
"","1","returns all values when wanted number is greater than available values","Discovery","Fri May 16 18:14:05 GMT 2025","passed","Fri May 16 18:14:05 GMT 2025","","","",""
"","0","should initialize with default number of peers","PeerManager","Fri May 16 18:14:25 GMT 2025","passed","Fri May 16 18:14:25 GMT 2025","","","",""
"","0","should add and remove event listeners correctly","Local Storage Discovery","Fri May 16 18:14:11 GMT 2025","passed","Fri May 16 18:14:11 GMT 2025","","Unit Tests","",""
"","0","should hash """" with n=0 and maxValue=100 correctly","hashN","Fri May 16 18:14:34 GMT 2025","passed","Fri May 16 18:14:34 GMT 2025","","","",""
"","0","should transition to SufficientlyHealthy with multiple compatible peers","HealthIndicator","Fri May 16 18:14:25 GMT 2025","passed","Fri May 16 18:14:25 GMT 2025","","","",""
"","0","should throw an error for invalid PubsubTopic format: /waku/2/rs/1/2/extra","pubsubTopicToSingleShardInfo with various invalid formats","Fri May 16 18:13:44 GMT 2025","passed","Fri May 16 18:13:44 GMT 2025","","","",""
"","0","should correctly map /0/toychat/2/huilong/proto to shard index 3","contentTopicToShardIndex","Fri May 16 18:13:44 GMT 2025","passed","Fri May 16 18:13:44 GMT 2025","","","",""
"","0","should throw an error for non-numeric clusterId: /waku/2/rs/$/1","pubsubTopicToSingleShardInfo with various invalid formats","Fri May 16 18:13:44 GMT 2025","passed","Fri May 16 18:13:44 GMT 2025","","","",""
"","0","should return different streams if requested simultaniously","StreamManager","Fri May 16 18:13:58 GMT 2025","passed","Fri May 16 18:13:58 GMT 2025","","","",""
"","1","Push message with custom timestamp: 1716660895011","Waku Light Push: Multiple Nodes: Strict Check: true","Fri May 16 18:24:16 GMT 2025","passed","Fri May 16 18:24:16 GMT 2025","","","",""
"","0","should not fail to start the service if it is already started","Local Storage Discovery","Fri May 16 18:14:11 GMT 2025","passed","Fri May 16 18:14:11 GMT 2025","interface-peer-discovery compliance tests","Compliance Tests","",""
"","0","should return no connections if no open connection provided","selectOpenConnection","Fri May 16 18:13:58 GMT 2025","passed","Fri May 16 18:13:58 GMT 2025","","","",""
"","1","Generator, 2 nwaku nodes each with different pubsubtopics","Waku Store, custom pubsub topic","Fri May 16 18:16:16 GMT 2025","passed","Fri May 16 18:16:16 GMT 2025","","","",""
"","0","removeEventListener with wrong event","Public methods","Fri May 16 18:15:33 GMT 2025","passed","Fri May 16 18:15:33 GMT 2025","","","",""
"","1","ENRTree (tree): should error if DNS tree entry is mis-prefixed","ENRTree","Fri May 16 18:14:06 GMT 2025","passed","Fri May 16 18:14:06 GMT 2025","","","",""
"","0","should insert elements correctly","BloomFilter","Fri May 16 18:14:36 GMT 2025","passed","Fri May 16 18:14:36 GMT 2025","","","",""
"","0","should be able to decode the field with only STORE set to true","ENR waku2 codec","Fri May 16 18:13:52 GMT 2025","passed","Fri May 16 18:13:52 GMT 2025","","Decoding","",""
"","0","should mark all messages in causal history as acknowledged","MessageChannel","Fri May 16 18:14:34 GMT 2025","passed","Fri May 16 18:14:34 GMT 2025","","reviewing ack status","",""
"","1","should decode valid enr with tcp successfully","ENR","Fri May 16 18:13:52 GMT 2025","passed","Fri May 16 18:13:52 GMT 2025","","Txt codec","",""
"","0","Push message with rate limit","Waku Light Push: Multiple Nodes: Strict Check: false","Fri May 16 18:24:16 GMT 2025","passed","Fri May 16 18:24:16 GMT 2025","","","",""
"","0","should return the correct m/n for k = 7, targetError = 0.01","Probabilities","Fri May 16 18:14:33 GMT 2025","passed","Fri May 16 18:14:33 GMT 2025","","","",""
"","0","should emit a peer event after start","Local Storage Discovery","Fri May 16 18:14:11 GMT 2025","passed","Fri May 16 18:14:11 GMT 2025","interface-peer-discovery compliance tests","Compliance Tests","",""
"","0","Push message with XML payload","Waku Light Push: Multiple Nodes: Strict Check: true","Fri May 16 18:24:16 GMT 2025","passed","Fri May 16 18:24:16 GMT 2025","","","",""
"","0","Passing page size 0 when there are 110 messages","Waku Store, page size","Fri May 16 18:16:31 GMT 2025","passed","Fri May 16 18:16:31 GMT 2025","","","",""
"","1","should map different content topics to different pubsub topics based on shard index","contentTopicToPubsubTopic","Fri May 16 18:13:44 GMT 2025","passed","Fri May 16 18:13:44 GMT 2025","","","",""
"","0","A test","This","Fri May 16 18:14:58 GMT 2025","passed","Fri May 16 18:14:58 GMT 2025","","Is also","",""
"","1","Push message with custom timestamp: 1747422895011","Waku Light Push: Multiple Nodes: Strict Check: false","Fri May 16 18:24:16 GMT 2025","passed","Fri May 16 18:24:16 GMT 2025","","","",""
"","0","should correctly encode and decode relay shards using rs format (Index List)","Relay Shard codec","Fri May 16 18:13:44 GMT 2025","passed","Fri May 16 18:13:44 GMT 2025","","","",""
"","0","can start the service","Peer Exchange","Fri May 16 18:15:39 GMT 2025","passed","Fri May 16 18:15:39 GMT 2025","interface-peer-discovery compliance tests","Compliance Test","",""
"","1","Store - dialed first","Wait for remote peer","Fri May 16 18:16:51 GMT 2025","passed","Fri May 16 18:16:51 GMT 2025","","","",""
"","1","should hash """" with n=2 and maxValue=1000 correctly","hashN","Fri May 16 18:14:34 GMT 2025","passed","Fri May 16 18:14:34 GMT 2025","","","",""
"","1","Correctly serialized arguments","nwaku","Fri May 16 18:15:03 GMT 2025","passed","Fri May 16 18:15:03 GMT 2025","","","",""
"","0","should process tasks in queue","RetryManager","Fri May 16 18:14:25 GMT 2025","passed","Fri May 16 18:14:25 GMT 2025","","","",""
"","1","msgTime: -19000 ms from now, startTime: -20000, endTime: -19000","Waku Store, time filter","Fri May 16 18:16:41 GMT 2025","passed","Fri May 16 18:16:41 GMT 2025","","","",""
"","1","Timestamp too far from node time: 40000 ms from now","Waku Store, time filter","Fri May 16 18:16:41 GMT 2025","passed","Fri May 16 18:16:41 GMT 2025","","","",""
"","0","should return valid sharding parameters for static sharding","ensureShardingConfigured","Fri May 16 18:13:44 GMT 2025","passed","Fri May 16 18:13:44 GMT 2025","","","",""
"","0","Timestamp too far from node time: -20000 ms from now","Waku Store, time filter","Fri May 16 18:16:41 GMT 2025","passed","Fri May 16 18:16:41 GMT 2025","","","",""
"","0","Push message with content topic containing Script","Waku Light Push: Multiple Nodes: Strict Check: false","Fri May 16 18:24:16 GMT 2025","passed","Fri May 16 18:24:16 GMT 2025","","","",""
"","0","should reject on timeout if it was set","waitForRemotePeer","Fri May 16 18:14:25 GMT 2025","passed","Fri May 16 18:14:25 GMT 2025","","","",""
"","17","should initialize with custom number of peers","PeerManager","Fri May 16 18:14:25 GMT 2025","passed","Fri May 16 18:14:25 GMT 2025","","","",""
"","0","random static sharding 6 - Cluster ID: 537, Shard ID: 137","Static Sharding: Running Nodes","Fri May 16 18:17:23 GMT 2025","passed","Fri May 16 18:17:23 GMT 2025","","","",""
"","1","Non TWN Cluster","Autosharding: Running Nodes","Fri May 16 18:16:56 GMT 2025","passed","Fri May 16 18:16:56 GMT 2025","","","",""
"","0","should correctly encode and decode relay shards using rsv format (Bit Vector)","Relay Shard codec","Fri May 16 18:13:44 GMT 2025","passed","Fri May 16 18:13:44 GMT 2025","","","",""
"","1","Push message with unicode special characters payload","Waku Light Push: Multiple Nodes: Strict Check: true","Fri May 16 18:24:16 GMT 2025","passed","Fri May 16 18:24:16 GMT 2025","","","",""
"","0","Ephemeral field set to true","Waku Message version 0","Fri May 16 18:13:59 GMT 2025","passed","Fri May 16 18:13:59 GMT 2025","","","",""
"","0","should hash ""Lorem ipsum dolor sit amet"" with n=5 and maxValue=1000 correctly","hashN","Fri May 16 18:14:34 GMT 2025","passed","Fri May 16 18:14:34 GMT 2025","","","",""
"","1","should handle clusterId, application and version for autosharding with cluster iD 1","shardInfoToPubsubTopics","Fri May 16 18:13:44 GMT 2025","passed","Fri May 16 18:13:44 GMT 2025","","","",""
"","0","should throw error - invalid id","ENR","Fri May 16 18:13:52 GMT 2025","passed","Fri May 16 18:13:52 GMT 2025","","Verify","",""
"","1","should hash """" with n=0 and maxValue=10000 correctly","hashN","Fri May 16 18:14:34 GMT 2025","passed","Fri May 16 18:14:34 GMT 2025","","","",""
"","0","should be able to encode the field with only FILTER set to true","ENR waku2 codec","Fri May 16 18:13:52 GMT 2025","passed","Fri May 16 18:13:52 GMT 2025","","Encoding","",""
"","0","should transition to Unhealthy when no connections","HealthIndicator","Fri May 16 18:14:25 GMT 2025","passed","Fri May 16 18:14:25 GMT 2025","","","",""
"","0","should hash ""!@#$%^&*()"" with n=0 and maxValue=10000 correctly","hashN","Fri May 16 18:14:34 GMT 2025","passed","Fri May 16 18:14:34 GMT 2025","","","",""
"","1","random auto sharding 10 - Cluster ID: 10, Content Topic: /app1/6/topic624/test.js","Autosharding: Running Nodes","Fri May 16 18:16:56 GMT 2025","passed","Fri May 16 18:16:56 GMT 2025","","","",""
"","0","should return false","ENR","Fri May 16 18:13:52 GMT 2025","passed","Fri May 16 18:13:52 GMT 2025","","Verify","",""
"","0","ENRTree (root): should error if DNS root entry signature is invalid","ENRTree","Fri May 16 18:14:06 GMT 2025","passed","Fri May 16 18:14:06 GMT 2025","","","",""
"","1","should hash ""test123"" with n=5 and maxValue=100 correctly","hashN","Fri May 16 18:14:34 GMT 2025","passed","Fri May 16 18:14:34 GMT 2025","","","",""
"","1","should hash ""!@#$%^&*()"" with n=2 and maxValue=1000 correctly","hashN","Fri May 16 18:14:34 GMT 2025","passed","Fri May 16 18:14:34 GMT 2025","","","",""
"","0","throws on content topic with generation field greater than 0","ensureValidContentTopic","Fri May 16 18:13:44 GMT 2025","passed","Fri May 16 18:13:44 GMT 2025","","","",""
"","1","Query generator for 2000 messages","Waku Store, general","Fri May 16 18:16:39 GMT 2025","passed","Fri May 16 18:16:39 GMT 2025","","","",""
"","0","should emit a peer event after start","DNS Discovery: Compliance Test","Fri May 16 18:14:58 GMT 2025","passed","Fri May 16 18:14:58 GMT 2025","","interface-peer-discovery compliance tests","",""
"","1","should wait for Filter peer to be connected","waitForRemotePeer","Fri May 16 18:14:25 GMT 2025","passed","Fri May 16 18:14:25 GMT 2025","","","",""
"","0","removeEventListener with correct event","Public methods","Fri May 16 18:15:33 GMT 2025","passed","Fri May 16 18:15:33 GMT 2025","","","",""
"","0","All","ENR Interop: ServiceNode","Fri May 16 18:14:58 GMT 2025","passed","Fri May 16 18:14:58 GMT 2025","","","",""
"","0","Push message with custom timestamp: 1747422895011","Waku Light Push: Multiple Nodes: Strict Check: true","Fri May 16 18:24:16 GMT 2025","passed","Fri May 16 18:24:16 GMT 2025","","","",""
"","1","should not fail to stop the service if it was not started","DNS Discovery: Compliance Test","Fri May 16 18:14:58 GMT 2025","passed","Fri May 16 18:14:58 GMT 2025","","interface-peer-discovery compliance tests","",""
"","0","udp ip6 address","Multiaddr from fields","Fri May 16 18:13:52 GMT 2025","passed","Fri May 16 18:13:52 GMT 2025","","","",""
"","2","returns a subset of values when wanted number is lesser than available values","Discovery","Fri May 16 18:14:05 GMT 2025","passed","Fri May 16 18:14:05 GMT 2025","","","",""
"","0","ENRTree (root): should error if DNS root entry is malformed","ENRTree","Fri May 16 18:14:06 GMT 2025","passed","Fri May 16 18:14:06 GMT 2025","","","",""
"","0","receiving a ping from a peer does not overwrite shard info","Metadata Protocol","Fri May 16 18:15:08 GMT 2025","passed","Fri May 16 18:15:08 GMT 2025","","","",""
"","0","should derive a pubsub topic using contentTopic when SingleShardInfo only contains clusterId","determinePubsubTopic","Fri May 16 18:13:44 GMT 2025","passed","Fri May 16 18:13:44 GMT 2025","","","",""
"","0","Push message with unicode special characters payload","Waku Light Push: Multiple Nodes: Strict Check: false","Fri May 16 18:24:16 GMT 2025","passed","Fri May 16 18:24:16 GMT 2025","","","",""
"","0","Push message with content topic containing JSON","Waku Light Push: Multiple Nodes: Strict Check: true","Fri May 16 18:24:16 GMT 2025","passed","Fri May 16 18:24:16 GMT 2025","","","",""
"","0","should throw an error for an unconfigured topic","ensurePubsubTopicIsConfigured","Fri May 16 18:13:44 GMT 2025","passed","Fri May 16 18:13:44 GMT 2025","","","",""
"","0","Passing a valid cursor at 19 index when there are 50 messages","Waku Store, cursor","Fri May 16 18:15:52 GMT 2025","passed","Fri May 16 18:15:52 GMT 2025","","","",""
"","1","should throw an error if shards are undefined for static sharding","shardInfoToPubsubTopics","Fri May 16 18:13:44 GMT 2025","passed","Fri May 16 18:13:44 GMT 2025","","","",""
"","1","msgTime: -19000 ms from now, startTime: -19010, endTime: -18990","Waku Store, time filter","Fri May 16 18:16:41 GMT 2025","passed","Fri May 16 18:16:41 GMT 2025","","","",""
"","0","should hash ""Lorem ipsum dolor sit amet"" with n=2 and maxValue=10000 correctly","hashN","Fri May 16 18:14:34 GMT 2025","passed","Fri May 16 18:14:34 GMT 2025","","","",""
"","0","Passing a valid cursor at 10 index when there are 40 messages","Waku Store, cursor","Fri May 16 18:15:52 GMT 2025","passed","Fri May 16 18:15:52 GMT 2025","","","",""
"","0","msgTime: -19000 ms from now, startTime: -18999, endTime: -18996","Waku Store, time filter","Fri May 16 18:16:41 GMT 2025","passed","Fri May 16 18:16:41 GMT 2025","","","",""
"","1","Push message with content topic containing SQL Injection","Waku Light Push: Multiple Nodes: Strict Check: false","Fri May 16 18:24:16 GMT 2025","passed","Fri May 16 18:24:16 GMT 2025","","","",""
"","1","should not allow unachievable error rate","Probabilities","Fri May 16 18:14:33 GMT 2025","passed","Fri May 16 18:14:33 GMT 2025","","","",""
"","0","Cluster ID 0 - Default/Global Cluster","Autosharding: Running Nodes","Fri May 16 18:16:56 GMT 2025","passed","Fri May 16 18:16:56 GMT 2025","","","",""
"","1","Push message with content topic containing long","Waku Light Push: Multiple Nodes: Strict Check: false","Fri May 16 18:24:16 GMT 2025","passed","Fri May 16 18:24:16 GMT 2025","","","",""
"","0","should correctly map /app/29/sometopic/someencoding to shard index 6","contentTopicToShardIndex","Fri May 16 18:13:44 GMT 2025","passed","Fri May 16 18:13:44 GMT 2025","","","",""
"","0","should throw an error for invalid PubsubTopic format: /waku/2/rs","pubsubTopicToSingleShardInfo with various invalid formats","Fri May 16 18:13:44 GMT 2025","passed","Fri May 16 18:13:44 GMT 2025","","","",""
"","1","should properly create location multiaddrs - udp6","ENR","Fri May 16 18:13:52 GMT 2025","passed","Fri May 16 18:13:52 GMT 2025","","Location multiaddr","",""
"","0","Push message with special chars payload","Waku Light Push: Multiple Nodes: Strict Check: true","Fri May 16 18:24:16 GMT 2025","passed","Fri May 16 18:24:16 GMT 2025","","","",""
"","0","should hash ""!@#$%^&*()"" with n=5 and maxValue=10000 correctly","hashN","Fri May 16 18:14:34 GMT 2025","passed","Fri May 16 18:14:34 GMT 2025","","","",""
"","0","should return the pubsub topic directly if a string is provided","determinePubsubTopic","Fri May 16 18:13:44 GMT 2025","passed","Fri May 16 18:13:44 GMT 2025","","","",""
"","1","should push the message to the outgoing buffer","MessageChannel","Fri May 16 18:14:34 GMT 2025","passed","Fri May 16 18:14:34 GMT 2025","","sending a message ","",""
"","0","Fails to push message with large meta","Waku Light Push: Multiple Nodes: Strict Check: false","Fri May 16 18:24:16 GMT 2025","passed","Fri May 16 18:24:16 GMT 2025","","","",""
"","0","handles different clusterIds correctly","contentTopicsByPubsubTopic","Fri May 16 18:13:44 GMT 2025","passed","Fri May 16 18:13:44 GMT 2025","","","",""
"","0","should be sent with empty content","MessageChannel","Fri May 16 18:14:34 GMT 2025","passed","Fri May 16 18:14:34 GMT 2025","","Sync messages","",""
"","1","should throw an error for non-numeric clusterId: /waku/2/rs/-/1","pubsubTopicToSingleShardInfo with various invalid formats","Fri May 16 18:13:44 GMT 2025","passed","Fri May 16 18:13:44 GMT 2025","","","",""
"","0","should not receive a peer event before start","DNS Discovery: Compliance Test","Fri May 16 18:14:58 GMT 2025","passed","Fri May 16 18:14:58 GMT 2025","","interface-peer-discovery compliance tests","",""
"","1","should get / set UDP multiaddr","ENR","Fri May 16 18:13:52 GMT 2025","passed","Fri May 16 18:13:52 GMT 2025","","Multiaddr getters and setters","",""
"","1","should correctly map /waku/2/content/test.js to shard index 1","contentTopicToShardIndex","Fri May 16 18:13:44 GMT 2025","passed","Fri May 16 18:13:44 GMT 2025","","","",""
"","1","should hash """" with n=2 and maxValue=10000 correctly","hashN","Fri May 16 18:14:34 GMT 2025","passed","Fri May 16 18:14:34 GMT 2025","","","",""
"","1","isConnected between 2 js-waku relay nodes","Connection state","Fri May 16 18:15:13 GMT 2025","passed","Fri May 16 18:15:13 GMT 2025","","","",""
"","0","should not receive a peer event after stop","Local Storage Discovery","Fri May 16 18:14:11 GMT 2025","passed","Fri May 16 18:14:11 GMT 2025","interface-peer-discovery compliance tests","Compliance Tests","",""
"","0","should correctly map /app/20/sometopic/someencoding to shard index 0 with networkShards 1","contentTopicToShardIndex","Fri May 16 18:13:44 GMT 2025","passed","Fri May 16 18:13:44 GMT 2025","","","",""
"","0","should never report false negatives","BloomFilter","Fri May 16 18:14:36 GMT 2025","passed","Fri May 16 18:14:36 GMT 2025","","","",""
"","0","Push message with content topic containing numeric","Waku Light Push: Multiple Nodes: Strict Check: true","Fri May 16 18:24:16 GMT 2025","passed","Fri May 16 18:24:16 GMT 2025","","","",""
"","0","should handle connection events","PeerManager","Fri May 16 18:14:25 GMT 2025","passed","Fri May 16 18:14:25 GMT 2025","","","",""
"","0","should be able to encode the field with STORE and LIGHTPUSH protocols set to true","ENR waku2 codec","Fri May 16 18:13:52 GMT 2025","passed","Fri May 16 18:13:52 GMT 2025","","Encoding","",""
"","1","should return true when clusterId matches and shard is included in network shards","IWaku utils","Fri May 16 18:14:25 GMT 2025","passed","Fri May 16 18:14:25 GMT 2025","","isShardCompatible","",""
"","1","pre and post cipher","Waku Encryption","Fri May 16 18:14:17 GMT 2025","passed","Fri May 16 18:14:17 GMT 2025","","","",""
"","0","should use the provided clusterId for the pubsub topic","contentTopicToPubsubTopic","Fri May 16 18:13:44 GMT 2025","passed","Fri May 16 18:13:44 GMT 2025","","","",""
"","1","should not throw an error when the topic is within a list of configured topics","ensurePubsubTopicIsConfigured","Fri May 16 18:13:44 GMT 2025","passed","Fri May 16 18:13:44 GMT 2025","","","",""
"","0","should throw an error for missing required configuration","shardInfoToPubsubTopics","Fri May 16 18:13:44 GMT 2025","passed","Fri May 16 18:13:44 GMT 2025","","","",""
"","0","should correctly map a content topic to a pubsub topic for different network shard sizes","contentTopicToPubsubTopic","Fri May 16 18:13:44 GMT 2025","passed","Fri May 16 18:13:44 GMT 2025","","","",""
"","0","creates an iterator","Util: toAsyncIterator: Filter","Fri May 16 18:16:37 GMT 2025","passed","Fri May 16 18:16:37 GMT 2025","","","",""
"","0","Push message with content topic containing SQL Injection","Waku Light Push: Multiple Nodes: Strict Check: true","Fri May 16 18:24:16 GMT 2025","passed","Fri May 16 18:24:16 GMT 2025","","","",""
"","0","should set field with all protocols disabled","ENR","Fri May 16 18:13:52 GMT 2025","passed","Fri May 16 18:13:52 GMT 2025","","waku2 key round trip","",""
"","0","Query Generator  - false","Waku Store, order","Fri May 16 18:16:23 GMT 2025","passed","Fri May 16 18:16:23 GMT 2025","","","",""
"","1","should extract SingleShardInfo from a valid PubsubTopic","pubsubTopicToSingleShardInfo with various invalid formats","Fri May 16 18:13:44 GMT 2025","passed","Fri May 16 18:13:44 GMT 2025","","","",""
"","0","Decoder throws on empty string content topic","Ensures content topic is defined","Fri May 16 18:13:59 GMT 2025","passed","Fri May 16 18:13:59 GMT 2025","","","",""
"","0","addEventListener with correct event","Public methods","Fri May 16 18:15:33 GMT 2025","passed","Fri May 16 18:15:33 GMT 2025","","","",""
"","0","should throw error - no id","ENR","Fri May 16 18:13:52 GMT 2025","passed","Fri May 16 18:13:52 GMT 2025","","Txt codec","",""
"","0","should remove messages without delivering if timeout is exceeded","MessageChannel","Fri May 16 18:14:34 GMT 2025","passed","Fri May 16 18:14:34 GMT 2025","","Sweeping incoming buffer","",""
"","0","should attach causal history and bloom filter to each message","MessageChannel","Fri May 16 18:14:34 GMT 2025","passed","Fri May 16 18:14:34 GMT 2025","","sending a message ","",""
"","0","should throw an error for non-numeric clusterId: /waku/2/rs/ /1","pubsubTopicToSingleShardInfo with various invalid formats","Fri May 16 18:13:44 GMT 2025","passed","Fri May 16 18:13:44 GMT 2025","","","",""
"","1","should start and stop interval correctly","RetryManager","Fri May 16 18:14:25 GMT 2025","passed","Fri May 16 18:14:25 GMT 2025","","","",""
"","0","random auto sharding 6 - Cluster ID: 10, Content Topic: /app57/3/topic401/utf8","Autosharding: Running Nodes","Fri May 16 18:16:56 GMT 2025","passed","Fri May 16 18:16:56 GMT 2025","","","",""
"","1","Query generator for multiple messages with multiple decoders","Waku Store, general","Fri May 16 18:16:39 GMT 2025","passed","Fri May 16 18:16:39 GMT 2025","","","",""
"","0","Push message with content topic containing shell command","Waku Light Push: Multiple Nodes: Strict Check: false","Fri May 16 18:24:16 GMT 2025","passed","Fri May 16 18:24:16 GMT 2025","","","",""
"","0","should be able to decode the field with ALL protocols set to true","ENR waku2 codec","Fri May 16 18:13:52 GMT 2025","passed","Fri May 16 18:13:52 GMT 2025","","Decoding","",""
"","0","Query Generator, Wrong PubsubTopic","Waku Store, error handling","Fri May 16 18:16:05 GMT 2025","passed","Fri May 16 18:16:05 GMT 2025","","","",""
"","1","Push message with content topic containing special chars","Waku Light Push: Multiple Nodes: Strict Check: true","Fri May 16 18:24:16 GMT 2025","passed","Fri May 16 18:24:16 GMT 2025","","","",""
"","1","should throw an error for non-numeric clusterId: /waku/2/rs/y/1","pubsubTopicToSingleShardInfo with various invalid formats","Fri May 16 18:13:44 GMT 2025","passed","Fri May 16 18:13:44 GMT 2025","","","",""
"","1","should use network config clusterId when shard info clusterId is not provided","IWaku utils","Fri May 16 18:14:25 GMT 2025","passed","Fri May 16 18:14:25 GMT 2025","","decoderParamsToShardInfo","",""
"","0","configure the node with multiple content topics","Autosharding: Running Nodes","Fri May 16 18:16:56 GMT 2025","passed","Fri May 16 18:16:56 GMT 2025","","","",""
"","0","should retry failed tasks","RetryManager","Fri May 16 18:14:25 GMT 2025","passed","Fri May 16 18:14:25 GMT 2025","","","",""
"","0","should throw an error for non-numeric clusterId: /waku/2/rs/!/1","pubsubTopicToSingleShardInfo with various invalid formats","Fri May 16 18:13:44 GMT 2025","passed","Fri May 16 18:13:44 GMT 2025","","","",""
"","1","should correctly map /app/22/sometopic/someencoding to shard index 2","contentTopicToShardIndex","Fri May 16 18:13:44 GMT 2025","passed","Fri May 16 18:13:44 GMT 2025","","","",""
"","0","Encoder throws on undefined content topic","Ensures content topic is defined","Fri May 16 18:13:59 GMT 2025","passed","Fri May 16 18:13:59 GMT 2025","","","",""
"","2","should get locked peers","PeerManager","Fri May 16 18:14:25 GMT 2025","passed","Fri May 16 18:14:25 GMT 2025","","","",""
"","1","should hash ""hello"" with n=2 and maxValue=100 correctly","hashN","Fri May 16 18:14:34 GMT 2025","passed","Fri May 16 18:14:34 GMT 2025","","","",""
"","0","Ordered Callback sorting by timestamp while page direction is false","Waku Store, sorting","Fri May 16 18:16:30 GMT 2025","passed","Fri May 16 18:16:30 GMT 2025","","","",""
"","1","should throw an error for invalid PubsubTopic format: /incorrect/format","pubsubTopicToSingleShardInfo with various invalid formats","Fri May 16 18:13:44 GMT 2025","passed","Fri May 16 18:13:44 GMT 2025","","","",""
"","0","should throw an error for non-numeric clusterId: /waku/2/rs/x/1","pubsubTopicToSingleShardInfo with various invalid formats","Fri May 16 18:13:44 GMT 2025","passed","Fri May 16 18:13:44 GMT 2025","","","",""
"","1","should hash ""!@#$%^&*()"" with n=1 and maxValue=100 correctly","hashN","Fri May 16 18:14:34 GMT 2025","passed","Fri May 16 18:14:34 GMT 2025","","","",""
"","0","should throw an error for non-numeric shard: /waku/2/rs/1/!","pubsubTopicToSingleShardInfo with various invalid formats","Fri May 16 18:13:44 GMT 2025","passed","Fri May 16 18:13:44 GMT 2025","","","",""
"","1","should retrieve 3 multiaddrs for test.waku.nodes.status.im","DNS Node Discovery [live data]","Fri May 16 18:14:07 GMT 2025","skipped","Fri May 16 18:14:07 GMT 2025","","","",""
"","1","should retrieve 3 multiaddrs for test.waku.nodes.status.im","DNS Node Discovery [live data]","Fri May 16 18:14:58 GMT 2025","skipped","Fri May 16 18:14:58 GMT 2025","","","",""
"","0","should hash ""test123"" with n=2 and maxValue=1000 correctly","hashN","Fri May 16 18:14:34 GMT 2025","passed","Fri May 16 18:14:34 GMT 2025","","","",""
"","1","Round trip binary serialization","Waku Message version 0","Fri May 16 18:13:59 GMT 2025","passed","Fri May 16 18:13:59 GMT 2025","","","",""
"","0","should properly compute the node id","ENR","Fri May 16 18:13:52 GMT 2025","passed","Fri May 16 18:13:52 GMT 2025","","Static tests","",""
"","0","Query with Ordered Callback, Wrong PubsubTopic","Waku Store, error handling","Fri May 16 18:16:05 GMT 2025","passed","Fri May 16 18:16:05 GMT 2025","","","",""
"","0","should be able to decode the field with STORE and LIGHTPUSH protocols set to true","ENR waku2 codec","Fri May 16 18:13:52 GMT 2025","passed","Fri May 16 18:13:52 GMT 2025","","Decoding","",""
"","1","should initialize with Unhealthy status","HealthIndicator","Fri May 16 18:14:25 GMT 2025","passed","Fri May 16 18:14:25 GMT 2025","","","",""
"","0","Query with Promise Callback, Multiple PubsubTopics","Waku Store, error handling","Fri May 16 18:16:05 GMT 2025","passed","Fri May 16 18:16:05 GMT 2025","","","",""
"","0","handles multiple messages","Util: toAsyncIterator: Filter","Fri May 16 18:16:37 GMT 2025","passed","Fri May 16 18:16:37 GMT 2025","","","",""
"","0","ENRTree (branch): should error if DNS branch entry is mis-prefixed","ENRTree","Fri May 16 18:14:06 GMT 2025","passed","Fri May 16 18:14:06 GMT 2025","","","",""
"","0","should call waitForPeer on Relay","waitForRemotePeer","Fri May 16 18:14:25 GMT 2025","passed","Fri May 16 18:14:25 GMT 2025","","","",""
"","0","non connected peers","Peer Exchange Query","Fri May 16 18:15:13 GMT 2025","skipped","Fri May 16 18:15:13 GMT 2025","","","",""
"","0","should hash """" with n=5 and maxValue=10000 correctly","hashN","Fri May 16 18:14:34 GMT 2025","passed","Fri May 16 18:14:34 GMT 2025","","","",""
"","0","Promise Callback  - true","Waku Store, order","Fri May 16 18:16:23 GMT 2025","passed","Fri May 16 18:16:23 GMT 2025","","","",""
"","0","should not receive a peer event before start","Peer Exchange","Fri May 16 18:15:39 GMT 2025","passed","Fri May 16 18:15:39 GMT 2025","interface-peer-discovery compliance tests","Compliance Test","",""
"","1","Fields are not dropped","to proto message","Fri May 16 18:13:58 GMT 2025","passed","Fri May 16 18:13:58 GMT 2025","","","",""
"","1","Generator, 2 different pubsubtopics","Waku Store (Autosharding), custom pubsub topic","Fri May 16 18:16:16 GMT 2025","skipped","Fri May 16 18:16:16 GMT 2025","","","",""
"","0","Meta field set when metaSetter is specified","Waku Message version 0","Fri May 16 18:13:59 GMT 2025","passed","Fri May 16 18:13:59 GMT 2025","","","",""
"","0","Decoder throws on undefined content topic","Ensures content topic is defined","Fri May 16 18:13:59 GMT 2025","passed","Fri May 16 18:13:59 GMT 2025","","","",""
"","1","random static sharding 8 - Cluster ID: 805, Shard ID: 820","Static Sharding: Running Nodes","Fri May 16 18:17:23 GMT 2025","passed","Fri May 16 18:17:23 GMT 2025","","","",""
"","0","start node with empty content topic","Autosharding: Running Nodes","Fri May 16 18:16:56 GMT 2025","passed","Fri May 16 18:16:56 GMT 2025","","","",""
"","0","listenerCount","Public methods","Fri May 16 18:15:33 GMT 2025","passed","Fri May 16 18:15:33 GMT 2025","","","",""
"","0","Push message with short payload","Waku Light Push: Multiple Nodes: Strict Check: false","Fri May 16 18:24:16 GMT 2025","passed","Fri May 16 18:24:16 GMT 2025","","","",""
"","0","should be able to decode the field with only FILTER set to true","ENR waku2 codec","Fri May 16 18:13:52 GMT 2025","passed","Fri May 16 18:13:52 GMT 2025","","Decoding","",""
"","0","Generator, with asymmetric & symmetric encrypted messages","Waku Store, general","Fri May 16 18:16:39 GMT 2025","passed","Fri May 16 18:16:39 GMT 2025","","","",""
"","1","Encoder throws on empty string content topic","Ensures content topic is defined","Fri May 16 18:13:59 GMT 2025","passed","Fri May 16 18:13:59 GMT 2025","","","",""
"","0","Generator, custom pubsub topic","Waku Store (Autosharding), custom pubsub topic","Fri May 16 18:16:16 GMT 2025","skipped","Fri May 16 18:16:16 GMT 2025","","","",""
"","0","Push message equal or less that 1MB","Waku Light Push: Multiple Nodes: Strict Check: false","Fri May 16 18:24:16 GMT 2025","passed","Fri May 16 18:24:16 GMT 2025","","","",""
"","0","Callback on promise","Waku Store, general","Fri May 16 18:16:39 GMT 2025","passed","Fri May 16 18:16:39 GMT 2025","","","",""
"","0","Ordered Callback - true","Waku Store, order","Fri May 16 18:16:23 GMT 2025","passed","Fri May 16 18:16:23 GMT 2025","","","",""
"","0","Generator, 2 nwaku nodes each with different pubsubtopics","Waku Store (named sharding), custom pubsub topic","Fri May 16 18:16:16 GMT 2025","passed","Fri May 16 18:16:16 GMT 2025","","","",""
"","1","should not receive a peer event before start","Local Storage Discovery","Fri May 16 18:14:11 GMT 2025","passed","Fri May 16 18:14:11 GMT 2025","interface-peer-discovery compliance tests","Compliance Tests","",""
"","0","Push message with meta","Waku Light Push: Multiple Nodes: Strict Check: false","Fri May 16 18:24:16 GMT 2025","passed","Fri May 16 18:24:16 GMT 2025","","","",""
"","1","Filter","Wait for remote peer","Fri May 16 18:16:51 GMT 2025","passed","Fri May 16 18:16:51 GMT 2025","","","",""
"","1","A test","This","Fri May 16 18:14:58 GMT 2025","passed","Fri May 16 18:14:58 GMT 2025","","Is","",""
"","0","should decode valid ENR with multiaddrs successfully [shared test vector]","ENR","Fri May 16 18:13:52 GMT 2025","passed","Fri May 16 18:13:52 GMT 2025","","Txt codec","",""
"","3","wrong wakuPeerExchangeDiscovery pubsub topic","Peer Exchange","Fri May 16 18:16:03 GMT 2025","skipped","Fri May 16 18:16:03 GMT 2025","","","",""
"","1","should be called for bootstrap peers","Dials","Fri May 16 18:15:01 GMT 2025","passed","Fri May 16 18:15:01 GMT 2025","For bootstrap peers","dialPeer method","",""
"","1","isConnected should return false after all peers disconnect","Connection state","Fri May 16 18:15:13 GMT 2025","passed","Fri May 16 18:15:13 GMT 2025","","","",""
"","0","Fails to push message bigger that 1MB","Waku Light Push: Multiple Nodes: Strict Check: false","Fri May 16 18:24:16 GMT 2025","passed","Fri May 16 18:24:16 GMT 2025","","","",""
"","0","should throw an error for non-numeric shard: /waku/2/rs/1/x","pubsubTopicToSingleShardInfo with various invalid formats","Fri May 16 18:13:44 GMT 2025","passed","Fri May 16 18:13:44 GMT 2025","","","",""
"","0","should respect max attempts limit","RetryManager","Fri May 16 18:14:25 GMT 2025","passed","Fri May 16 18:14:25 GMT 2025","","","",""
"","0","should maintain proper timestamps if all messages received","MessageChannel","Fri May 16 18:14:34 GMT 2025","passed","Fri May 16 18:14:34 GMT 2025","","receiving a message","",""
"","0","should transition to MinimallyHealthy with one compatible peer","HealthIndicator","Fri May 16 18:14:25 GMT 2025","passed","Fri May 16 18:14:25 GMT 2025","","","",""
"","0","should serialize and deserialize correctly","BloomFilter","Fri May 16 18:14:36 GMT 2025","passed","Fri May 16 18:14:36 GMT 2025","","","",""
"","0","should hash """" with n=1 and maxValue=10000 correctly","hashN","Fri May 16 18:14:34 GMT 2025","passed","Fri May 16 18:14:34 GMT 2025","","","",""
"","1","should hash ""Lorem ipsum dolor sit amet"" with n=2 and maxValue=100 correctly","hashN","Fri May 16 18:14:34 GMT 2025","passed","Fri May 16 18:14:34 GMT 2025","","","",""
"","0","Push message equal or less that 1MB","Waku Light Push: Multiple Nodes: Strict Check: true","Fri May 16 18:24:16 GMT 2025","passed","Fri May 16 18:24:16 GMT 2025","","","",""
"","0","should throw an error for non-numeric clusterId: /waku/2/rs/\/1","pubsubTopicToSingleShardInfo with various invalid formats","Fri May 16 18:13:44 GMT 2025","passed","Fri May 16 18:13:44 GMT 2025","","","",""
"","0","should throw an error for non-numeric shard: /waku/2/rs/1/\","pubsubTopicToSingleShardInfo with various invalid formats","Fri May 16 18:13:44 GMT 2025","passed","Fri May 16 18:13:44 GMT 2025","","","",""
"","1","Asymmetric encrypt & decrypt","Waku Encryption","Fri May 16 18:14:17 GMT 2025","passed","Fri May 16 18:14:17 GMT 2025","","","",""
"","0","should handle clusterId, application and version for autosharding with cluster iD 0","shardInfoToPubsubTopics","Fri May 16 18:13:44 GMT 2025","passed","Fri May 16 18:13:44 GMT 2025","","","",""
"","0","should properly create location multiaddrs - tcp4","ENR","Fri May 16 18:13:52 GMT 2025","passed","Fri May 16 18:13:52 GMT 2025","","Location multiaddr","",""
"","0","Push message with content topic containing short","Waku Light Push: Multiple Nodes: Strict Check: false","Fri May 16 18:24:16 GMT 2025","passed","Fri May 16 18:24:16 GMT 2025","","","",""
"","0","Push message with long payload","Waku Light Push: Multiple Nodes: Strict Check: true","Fri May 16 18:24:16 GMT 2025","passed","Fri May 16 18:24:16 GMT 2025","","","",""
"","0","Push message with content topic containing Chinese","Waku Light Push: Multiple Nodes: Strict Check: false","Fri May 16 18:24:16 GMT 2025","passed","Fri May 16 18:24:16 GMT 2025","","","",""
"","1","should correctly map /statusim/1/community/cbor to shard index 4","contentTopicToShardIndex","Fri May 16 18:13:44 GMT 2025","passed","Fri May 16 18:13:44 GMT 2025","","","",""
"","1","can start the service","DNS Discovery: Compliance Test","Fri May 16 18:14:58 GMT 2025","passed","Fri May 16 18:14:58 GMT 2025","","interface-peer-discovery compliance tests","",""
"","0","should convert a SingleShardInfo object to the correct PubsubTopic","singleShardInfoToPubsubTopic","Fri May 16 18:13:44 GMT 2025","passed","Fri May 16 18:13:44 GMT 2025","","","",""
"","0","should throw an error for insufficient data","Relay Shard codec","Fri May 16 18:13:44 GMT 2025","passed","Fri May 16 18:13:44 GMT 2025","","","",""
"","0","Push message with content topic containing unicode special characters","Waku Light Push: Multiple Nodes: Strict Check: true","Fri May 16 18:24:16 GMT 2025","passed","Fri May 16 18:24:16 GMT 2025","","","",""
"","0","should set field with only FILTER enabled","ENR","Fri May 16 18:13:52 GMT 2025","passed","Fri May 16 18:13:52 GMT 2025","","waku2 key round trip","",""
"","0","ENRTree (root): should error if DNS root entry is mis-prefixed","ENRTree","Fri May 16 18:14:06 GMT 2025","passed","Fri May 16 18:14:06 GMT 2025","","","",""
"","0","px service nodes not subscribed to the shard should not be dialed","Autosharding: Peer Management","Fri May 16 18:16:13 GMT 2025","passed","Fri May 16 18:16:13 GMT 2025","","Peer Exchange","",""
"","1","new peer added after a peer was already found","Peer Exchange","Fri May 16 18:16:03 GMT 2025","skipped","Fri May 16 18:16:03 GMT 2025","","","",""
"","0","should throw error - no public key","ENR","Fri May 16 18:13:52 GMT 2025","passed","Fri May 16 18:13:52 GMT 2025","","Verify","",""
"","1","Relay - dialed after","Wait for remote peer","Fri May 16 18:16:51 GMT 2025","passed","Fri May 16 18:16:51 GMT 2025","","","",""
"","1","should be able to decode the field with only RELAY set to true","ENR waku2 codec","Fri May 16 18:13:52 GMT 2025","passed","Fri May 16 18:13:52 GMT 2025","","Decoding","",""
"","1","it tolerates circular branch references","DNS Node Discovery","Fri May 16 18:14:07 GMT 2025","passed","Fri May 16 18:14:07 GMT 2025","","","",""
"","0","Query with Promise Callback, Wrong PubsubTopic","Waku Store, error handling","Fri May 16 18:16:05 GMT 2025","passed","Fri May 16 18:16:05 GMT 2025","","","",""
"","1","random static sharding 2 - Cluster ID: 896, Shard ID: 292","Static Sharding: Running Nodes","Fri May 16 18:17:23 GMT 2025","passed","Fri May 16 18:17:23 GMT 2025","","","",""
"","0","should check false positive rate","BloomFilter with special patterns","Fri May 16 18:14:36 GMT 2025","passed","Fri May 16 18:14:36 GMT 2025","","","",""
"","1","does not throw on valid cases","ensureValidContentTopic","Fri May 16 18:13:44 GMT 2025","passed","Fri May 16 18:13:44 GMT 2025","","","",""
"","0","should handle general insertion and lookup correctly","BloomFilter with special patterns","Fri May 16 18:14:36 GMT 2025","passed","Fri May 16 18:14:36 GMT 2025","","","",""
"","0","should handle clusterId, application and version for autosharding with cluster iD 6","shardInfoToPubsubTopics","Fri May 16 18:13:44 GMT 2025","passed","Fri May 16 18:13:44 GMT 2025","","","",""
"","0","LightPush","Wait for remote peer","Fri May 16 18:16:51 GMT 2025","passed","Fri May 16 18:16:51 GMT 2025","","","",""
"","0","uses static shard pubsub topic instead of autosharding when set","Sets sharding configuration correctly","Fri May 16 18:13:59 GMT 2025","passed","Fri May 16 18:13:59 GMT 2025","","","",""
"","2","Query Generator sorting by timestamp while page direction is true","Waku Store, sorting","Fri May 16 18:16:30 GMT 2025","passed","Fri May 16 18:16:30 GMT 2025","","","",""
"","0","Ordered callback, aborts when callback returns true","Waku Store, general","Fri May 16 18:16:39 GMT 2025","passed","Fri May 16 18:16:39 GMT 2025","","","",""
"","1","Light push messages to 2 nwaku nodes each with different pubsubtopics","Waku Light Push (Autosharding): Multiple PubsubTopics","Fri May 16 18:15:15 GMT 2025","passed","Fri May 16 18:15:15 GMT 2025","","","",""
"","0","can start the service","Local Storage Discovery","Fri May 16 18:14:11 GMT 2025","passed","Fri May 16 18:14:11 GMT 2025","interface-peer-discovery compliance tests","Compliance Tests","",""
"","0","Push 30 different messages","Waku Light Push: Multiple Nodes: Strict Check: true","Fri May 16 18:24:16 GMT 2025","skipped","Fri May 16 18:24:16 GMT 2025","","","",""
"","0","safeDispatchEvent","Public methods","Fri May 16 18:15:33 GMT 2025","passed","Fri May 16 18:15:33 GMT 2025","","","",""
"","1","retrieves a single peer","DNS Node Discovery","Fri May 16 18:14:07 GMT 2025","passed","Fri May 16 18:14:07 GMT 2025","","","",""
"","6","should emit `peer:connected:bootstrap` event when a peer is connected","Events","Fri May 16 18:14:54 GMT 2025","passed","Fri May 16 18:14:54 GMT 2025","","peer:connect","",""
"","0","Push message with Script payload","Waku Light Push: Multiple Nodes: Strict Check: false","Fri May 16 18:24:16 GMT 2025","passed","Fri May 16 18:24:16 GMT 2025","","","",""
"","0","getPeersByDiscovery","Peer Exchange","Fri May 16 18:16:03 GMT 2025","passed","Fri May 16 18:16:03 GMT 2025","","","",""
"","0","throws on content topic with empty encoding field","ensureValidContentTopic","Fri May 16 18:13:44 GMT 2025","passed","Fri May 16 18:13:44 GMT 2025","","","",""
"","5","returns all values when wanted number matches available values","Discovery","Fri May 16 18:14:05 GMT 2025","passed","Fri May 16 18:14:05 GMT 2025","","","",""
"","0","should hash ""test123"" with n=1 and maxValue=1000 correctly","hashN","Fri May 16 18:14:34 GMT 2025","passed","Fri May 16 18:14:34 GMT 2025","","","",""
"","1","Should update multiaddrs","Peer Exchange Continuous Discovery","Fri May 16 18:15:08 GMT 2025","passed","Fri May 16 18:15:08 GMT 2025","","","",""
"","0","should add to incoming buffer if dependencies are not met","MessageChannel","Fri May 16 18:14:34 GMT 2025","passed","Fri May 16 18:14:34 GMT 2025","","receiving a message","",""
"","1","Passing a valid cursor at 110 index when there are 120 messages","Waku Store, cursor","Fri May 16 18:15:52 GMT 2025","passed","Fri May 16 18:15:52 GMT 2025","","","",""
"","1","can start and stop the service","Local Storage Discovery","Fri May 16 18:14:11 GMT 2025","passed","Fri May 16 18:14:11 GMT 2025","interface-peer-discovery compliance tests","Compliance Tests","",""
"","0","Push message with short payload","Waku Light Push: Multiple Nodes: Strict Check: true","Fri May 16 18:24:16 GMT 2025","passed","Fri May 16 18:24:16 GMT 2025","","","",""
"","0","using a protocol with unconfigured pubsub topic should fail","Autosharding: Running Nodes","Fri May 16 18:16:56 GMT 2025","passed","Fri May 16 18:16:56 GMT 2025","","","",""
"","0","should use shardsUnderCluster when provided","IWaku utils","Fri May 16 18:14:25 GMT 2025","passed","Fri May 16 18:14:25 GMT 2025","","decoderParamsToShardInfo","",""
"","0","throws on content topic with empty application field","ensureValidContentTopic","Fri May 16 18:13:44 GMT 2025","passed","Fri May 16 18:13:44 GMT 2025","","","",""
"","1","should not allow k > 12","Probabilities","Fri May 16 18:14:33 GMT 2025","passed","Fri May 16 18:14:33 GMT 2025","","","",""
"","0","should return a calculated topic if SingleShardInfo is provided","determinePubsubTopic","Fri May 16 18:13:44 GMT 2025","passed","Fri May 16 18:13:44 GMT 2025","","","",""
"","0","Push message with content topic containing Basic HTML tag","Waku Light Push: Multiple Nodes: Strict Check: true","Fri May 16 18:24:16 GMT 2025","passed","Fri May 16 18:24:16 GMT 2025","","","",""
"","0","random static sharding 4 - Cluster ID: 512, Shard ID: 325","Static Sharding: Running Nodes","Fri May 16 18:17:23 GMT 2025","passed","Fri May 16 18:17:23 GMT 2025","","","",""
"","0","Generator, 2 different pubsubtopics","Waku Store, custom pubsub topic","Fri May 16 18:16:16 GMT 2025","passed","Fri May 16 18:16:16 GMT 2025","","","",""
"","0","random auto sharding 3 - Cluster ID: 10, Content Topic: /app51/3/topic554/proto","Autosharding: Running Nodes","Fri May 16 18:16:56 GMT 2025","passed","Fri May 16 18:16:56 GMT 2025","","","",""
"","0","should throw an error for non-numeric clusterId: /waku/2/rs//1","pubsubTopicToSingleShardInfo with various invalid formats","Fri May 16 18:13:44 GMT 2025","passed","Fri May 16 18:13:44 GMT 2025","","","",""
"","0","should correctly map a content topic to a pubsub topic","contentTopicToPubsubTopic","Fri May 16 18:13:44 GMT 2025","passed","Fri May 16 18:13:44 GMT 2025","","","",""
"","0","Sign & Recover","Waku Encryption","Fri May 16 18:14:17 GMT 2025","passed","Fri May 16 18:14:17 GMT 2025","","","",""
"","0","Push message with Script payload","Waku Light Push: Multiple Nodes: Strict Check: true","Fri May 16 18:24:16 GMT 2025","passed","Fri May 16 18:24:16 GMT 2025","","","",""
"","7","should hash ""test123"" with n=5 and maxValue=10000 correctly","hashN","Fri May 16 18:14:34 GMT 2025","passed","Fri May 16 18:14:34 GMT 2025","","","",""
"","1","should be able to encode the field with RELAY and FILTER protocols set to true","ENR waku2 codec","Fri May 16 18:13:52 GMT 2025","passed","Fri May 16 18:13:52 GMT 2025","","Encoding","",""
"","0","should hash ""Lorem ipsum dolor sit amet"" with n=5 and maxValue=100 correctly","hashN","Fri May 16 18:14:34 GMT 2025","passed","Fri May 16 18:14:34 GMT 2025","","","",""
"","0","throws on content topic with too few or too many fields","ensureValidContentTopic","Fri May 16 18:13:44 GMT 2025","passed","Fri May 16 18:13:44 GMT 2025","","","",""
"","0","should return valid sharding parameters for content topics autosharding","ensureShardingConfigured","Fri May 16 18:13:44 GMT 2025","passed","Fri May 16 18:13:44 GMT 2025","","","",""
"","1","should properly start and stop event listening","HealthIndicator","Fri May 16 18:14:25 GMT 2025","passed","Fri May 16 18:14:25 GMT 2025","","","",""
"","1","Push message with shell command payload","Waku Light Push: Multiple Nodes: Strict Check: false","Fri May 16 18:24:16 GMT 2025","passed","Fri May 16 18:24:16 GMT 2025","","","",""
"","0","should hash ""Lorem ipsum dolor sit amet"" with n=5 and maxValue=10000 correctly","hashN","Fri May 16 18:14:34 GMT 2025","passed","Fri May 16 18:14:34 GMT 2025","","","",""
"","0","should use DNS peer discovery with light client","DNS Node Discovery [live data]","Fri May 16 18:14:58 GMT 2025","skipped","Fri May 16 18:14:58 GMT 2025","","","",""
"","0","should hash ""!@#$%^&*()"" with n=0 and maxValue=1000 correctly","hashN","Fri May 16 18:14:34 GMT 2025","passed","Fri May 16 18:14:34 GMT 2025","","","",""
"","1","should hash ""hello"" with n=5 and maxValue=10000 correctly","hashN","Fri May 16 18:14:34 GMT 2025","passed","Fri May 16 18:14:34 GMT 2025","","","",""
"","0","should hash ""!@#$%^&*()"" with n=2 and maxValue=10000 correctly","hashN","Fri May 16 18:14:34 GMT 2025","passed","Fri May 16 18:14:34 GMT 2025","","","",""
"","0","should be delivered immediately if received","MessageChannel","Fri May 16 18:14:34 GMT 2025","passed","Fri May 16 18:14:34 GMT 2025","","Ephemeral messages","",""
"","4","should be able to encode the field with only RELAY set to true","ENR waku2 codec","Fri May 16 18:13:52 GMT 2025","passed","Fri May 16 18:13:52 GMT 2025","","Encoding","",""
"","0","should get / set TCP multiaddr","ENR","Fri May 16 18:13:52 GMT 2025","passed","Fri May 16 18:13:52 GMT 2025","","Multiaddr getters and setters","",""
"","0","Push message with custom timestamp: 1716660895011","Waku Light Push: Multiple Nodes: Strict Check: false","Fri May 16 18:24:16 GMT 2025","passed","Fri May 16 18:24:16 GMT 2025","","","",""
"","1","all px service nodes subscribed to the shard topic should be dialed","Static Sharding: Peer Management","Fri May 16 18:16:13 GMT 2025","passed","Fri May 16 18:16:13 GMT 2025","","Peer Exchange","",""
"","0","should hash ""test123"" with n=1 and maxValue=10000 correctly","hashN","Fri May 16 18:14:34 GMT 2025","passed","Fri May 16 18:14:34 GMT 2025","","","",""
"","1","Push message with Arabic payload","Waku Light Push: Multiple Nodes: Strict Check: false","Fri May 16 18:24:16 GMT 2025","passed","Fri May 16 18:24:16 GMT 2025","","","",""
"","0","Push message with custom timestamp: 1747415695011","Waku Light Push: Multiple Nodes: Strict Check: true","Fri May 16 18:24:16 GMT 2025","passed","Fri May 16 18:24:16 GMT 2025","","","",""
"","0","isConnected should return true after first peer connects","Connection state","Fri May 16 18:15:13 GMT 2025","passed","Fri May 16 18:15:13 GMT 2025","","","",""
"","1","should handle task timeouts","RetryManager","Fri May 16 18:14:25 GMT 2025","passed","Fri May 16 18:14:25 GMT 2025","","","",""
"","1","Passing cursor with wrong pubsubTopic","Waku Store, cursor","Fri May 16 18:15:52 GMT 2025","passed","Fri May 16 18:15:52 GMT 2025","","","",""
"","0","same cluster, same shard: nodes connect","Metadata Protocol","Fri May 16 18:15:08 GMT 2025","passed","Fri May 16 18:15:08 GMT 2025","","connections","",""
"","0","Query with Promise Callback, No message returned","Waku Store, error handling","Fri May 16 18:16:05 GMT 2025","passed","Fri May 16 18:16:05 GMT 2025","","","",""
"","4","should encode/decode to RLP encoding","ENR","Fri May 16 18:13:52 GMT 2025","passed","Fri May 16 18:13:52 GMT 2025","","Static tests","",""
"","0","Query with Ordered Callback, No Decoder","Waku Store, error handling","Fri May 16 18:16:05 GMT 2025","passed","Fri May 16 18:16:05 GMT 2025","","","",""
"","0","Push message with Arabic payload","Waku Light Push: Multiple Nodes: Strict Check: true","Fri May 16 18:24:16 GMT 2025","passed","Fri May 16 18:24:16 GMT 2025","","","",""
"","0","Push message with content topic containing Russian","Waku Light Push: Multiple Nodes: Strict Check: false","Fri May 16 18:24:16 GMT 2025","passed","Fri May 16 18:24:16 GMT 2025","","","",""
"","1","should be able to decode the field with only LIGHTPUSH set to true","ENR waku2 codec","Fri May 16 18:13:52 GMT 2025","passed","Fri May 16 18:13:52 GMT 2025","","Decoding","",""
"","1","Reusing cursor across nodes","Waku Store, cursor","Fri May 16 18:15:52 GMT 2025","passed","Fri May 16 18:15:52 GMT 2025","","","",""
"","0","should handle a minimal index list","Relay Shard codec","Fri May 16 18:13:44 GMT 2025","passed","Fri May 16 18:13:44 GMT 2025","","","",""
"","0","Ordered Callback sorting by timestamp while page direction is true","Waku Store, sorting","Fri May 16 18:16:30 GMT 2025","passed","Fri May 16 18:16:30 GMT 2025","","","",""
"","0","random auto sharding 5 - Cluster ID: 10, Content Topic: /app33/1/topic594/xml","Autosharding: Running Nodes","Fri May 16 18:16:56 GMT 2025","passed","Fri May 16 18:16:56 GMT 2025","","","",""
"","0","should hash ""test123"" with n=5 and maxValue=1000 correctly","hashN","Fri May 16 18:14:34 GMT 2025","passed","Fri May 16 18:14:34 GMT 2025","","","",""
"","1","should not receive a peer event after stop","Peer Exchange","Fri May 16 18:15:39 GMT 2025","passed","Fri May 16 18:15:39 GMT 2025","interface-peer-discovery compliance tests","Compliance Test","",""
