"Status","Start Time","Stop Time","Duration in ms","Parent Suite","Suite","Sub Suite","Test Class","Test Method","Name","Description"
"passed","Thu Apr 18 20:22:54 GMT 2024","Thu Apr 18 20:22:54 GMT 2024","0","pubsubTopicToSingleShardInfo with various invalid formats","","","","","should throw an error for invalid PubsubTopic format: /waku/2/r/1/2",""
"skipped","Thu Apr 18 20:28:34 GMT 2024","Thu Apr 18 20:28:34 GMT 2024","0","Waku Store (Autosharding), custom pubsub topic","","","","","Generator, custom pubsub topic",""
"passed","Thu Apr 18 20:23:02 GMT 2024","Thu Apr 18 20:23:02 GMT 2024","2","ENR waku2 codec","Encoding","","","","should be able to encode the field with only FILTER set to true",""
"passed","Thu Apr 18 20:23:17 GMT 2024","Thu Apr 18 20:23:17 GMT 2024","1","Discovery","","","","","returns all values when wanted number is greater than available values",""
"broken","Thu Apr 18 20:29:05 GMT 2024","Thu Apr 18 20:29:05 GMT 2024","0","Waku Relay, Subscribe","","","","","Subscribe to topic containing Russian and publish message",""
"broken","Thu Apr 18 20:31:45 GMT 2024","Thu Apr 18 20:31:45 GMT 2024","0","Waku Light Push: Single Node","","","","","Push message with shell command payload",""
"broken","Thu Apr 18 20:31:45 GMT 2024","Thu Apr 18 20:31:45 GMT 2024","0","Waku Light Push: Single Node","","","","","Push message with rate limit",""
"passed","Thu Apr 18 20:22:54 GMT 2024","Thu Apr 18 20:22:54 GMT 2024","1","contentTopicToPubsubTopic","","","","","should correctly map a content topic to a pubsub topic for different network shard sizes",""
"passed","Thu Apr 18 20:28:01 GMT 2024","Thu Apr 18 20:28:01 GMT 2024","0","Waku Store, error handling","","","","","Query with Ordered Callback, Wrong PubsubTopic",""
"skipped","Thu Apr 18 20:26:14 GMT 2024","Thu Apr 18 20:26:14 GMT 2024","1","Peer Exchange","","","","","wrong wakuPeerExchangeDiscovery pubsub topic",""
"broken","Thu Apr 18 20:29:05 GMT 2024","Thu Apr 18 20:29:05 GMT 2024","0","Waku Relay, Subscribe","","","","","Subscribe one by one to 100 topics and publish messages",""
"passed","Thu Apr 18 20:30:36 GMT 2024","Thu Apr 18 20:30:36 GMT 2024","1","Wait for remote peer","","","","","Store - dialed first",""
"passed","Thu Apr 18 20:24:19 GMT 2024","Thu Apr 18 20:24:19 GMT 2024","1","Waku Filter V2: Multiple PubsubTopics","","","","","Should fail to subscribe with decoder with wrong pubsubTopic",""
"broken","Thu Apr 18 20:31:45 GMT 2024","Thu Apr 18 20:31:45 GMT 2024","0","Waku Light Push: Single Node","","","","","Push message with Russian payload",""
"broken","Thu Apr 18 20:31:45 GMT 2024","Thu Apr 18 20:31:45 GMT 2024","0","Waku Light Push: Single Node","","","","","Push message with content topic containing emoji",""
"passed","Thu Apr 18 20:24:06 GMT 2024","Thu Apr 18 20:24:06 GMT 2024","0","DNS Discovery: Compliance Test","interface-peer-discovery compliance tests","","","","should emit a peer event after start",""
"skipped","Thu Apr 18 20:28:34 GMT 2024","Thu Apr 18 20:28:34 GMT 2024","1","Waku Store (Autosharding), custom pubsub topic","","","","","Generator, 2 nwaku nodes each with different pubsubtopics",""
"passed","Thu Apr 18 20:22:54 GMT 2024","Thu Apr 18 20:22:54 GMT 2024","1","determinePubsubTopic","","","","","should process correctly when SingleShardInfo has no clusterId but has a shard",""
"broken","Thu Apr 18 20:25:32 GMT 2024","Thu Apr 18 20:25:32 GMT 2024","0","Waku Relay, Publish","","","","","Check publish message containing JSON",""
"broken","Thu Apr 18 20:30:58 GMT 2024","Thu Apr 18 20:30:58 GMT 2024","0","Waku Store, general","","","","","Callback on promise",""
"broken","Thu Apr 18 20:29:05 GMT 2024","Thu Apr 18 20:29:05 GMT 2024","0","Waku Relay, Subscribe","","","","","Subscribe to topic containing short and publish message",""
"broken","Thu Apr 18 20:30:43 GMT 2024","Thu Apr 18 20:30:43 GMT 2024","1","Waku Store, page size","","","","","Default pageSize",""
"broken","Thu Apr 18 20:29:05 GMT 2024","Thu Apr 18 20:29:05 GMT 2024","0","Waku Relay, Subscribe","","","","","Subscribe to topic containing XML and publish message",""
"passed","Thu Apr 18 20:23:56 GMT 2024","Thu Apr 18 20:23:56 GMT 2024","1","getPeers","getPeers with varying maxBootstrapPeers","maxBootstrapPeers=7","","","numPeers=2 -- returns total 2 peers, with max 7 bootstrap peers",""
"broken","Thu Apr 18 20:29:31 GMT 2024","Thu Apr 18 20:29:31 GMT 2024","0","Waku Relay, Interop","","","","","Publishes to nwaku",""
"broken","Thu Apr 18 20:23:08 GMT 2024","Thu Apr 18 20:23:08 GMT 2024","0","Waku Message version 0","","","","","Meta field set when metaSetter is specified",""
"skipped","Thu Apr 18 20:24:53 GMT 2024","Thu Apr 18 20:24:53 GMT 2024","0","Waku Light Push (Autosharding): Multiple PubsubTopics","","","","","Light push messages to 2 nwaku nodes each with different pubsubtopics",""
"broken","Thu Apr 18 20:25:32 GMT 2024","Thu Apr 18 20:25:32 GMT 2024","0","Waku Relay, Publish","","","","","Check publish message containing Chinese",""
"broken","Thu Apr 18 20:29:31 GMT 2024","Thu Apr 18 20:29:31 GMT 2024","0","Waku Relay, Interop","","","","","Nwaku publishes",""
"broken","Thu Apr 18 20:25:32 GMT 2024","Thu Apr 18 20:25:32 GMT 2024","1","Waku Relay, Publish","","","","","Fails to publish duplicate message",""
"passed","Thu Apr 18 20:22:54 GMT 2024","Thu Apr 18 20:22:54 GMT 2024","0","determinePubsubTopic","","","","","should return the pubsub topic directly if a string is provided",""
"passed","Thu Apr 18 20:22:54 GMT 2024","Thu Apr 18 20:22:54 GMT 2024","0","pubsubTopicToSingleShardInfo with various invalid formats","","","","","should throw an error for non-numeric clusterId: /waku/2/rs/-/1",""
"passed","Thu Apr 18 20:23:02 GMT 2024","Thu Apr 18 20:23:02 GMT 2024","1","ENR waku2 codec","Decoding","","","","should be able to decode the field with only RELAY set to true",""
"broken","Thu Apr 18 20:25:32 GMT 2024","Thu Apr 18 20:25:32 GMT 2024","1","Waku Relay, Publish","","","","","Check publish message containing XML",""
"passed","Thu Apr 18 20:22:54 GMT 2024","Thu Apr 18 20:22:54 GMT 2024","0","contentTopicToShardIndex","","","","","should correctly map /myapp/1/latest/proto to shard index 0",""
"passed","Thu Apr 18 20:22:54 GMT 2024","Thu Apr 18 20:22:54 GMT 2024","0","pubsubTopicToSingleShardInfo with various invalid formats","","","","","should throw an error for invalid PubsubTopic format: /waku/2/rs",""
"broken","Thu Apr 18 20:31:45 GMT 2024","Thu Apr 18 20:31:45 GMT 2024","0","Waku Light Push: Single Node","","","","","Fails to push message with large meta",""
"broken","Thu Apr 18 20:30:43 GMT 2024","Thu Apr 18 20:30:43 GMT 2024","0","Waku Store, page size","","","","","Passing page size 0 when there are 110 messages",""
"passed","Thu Apr 18 20:29:05 GMT 2024","Thu Apr 18 20:29:05 GMT 2024","0","Waku Relay, Subscribe","","","","","Mutual subscription",""
"passed","Thu Apr 18 20:22:54 GMT 2024","Thu Apr 18 20:22:54 GMT 2024","1","ensureShardingConfigured","","","","","should configure sharding based on clusterId, application and version for autosharding with cluster iD 1",""
"passed","Thu Apr 18 20:23:28 GMT 2024","Thu Apr 18 20:23:28 GMT 2024","0","Waku Encryption","","","","","pre and post cipher",""
"skipped","Thu Apr 18 20:23:56 GMT 2024","Thu Apr 18 20:23:56 GMT 2024","0","getConnectedPeersForProtocolAndShard","","","","","different cluster, same shard: nodes don't connect (autosharding)",""
"passed","Thu Apr 18 20:22:54 GMT 2024","Thu Apr 18 20:22:54 GMT 2024","0","contentTopicToPubsubTopic","","","","","should use the provided clusterId for the pubsub topic",""
"skipped","Thu Apr 18 20:24:53 GMT 2024","Thu Apr 18 20:24:53 GMT 2024","1","Waku Light Push (Autosharding): Multiple PubsubTopics","","","","","Push message on custom pubsubTopic",""
"passed","Thu Apr 18 20:23:18 GMT 2024","Thu Apr 18 20:23:18 GMT 2024","0","Fetch nodes until capabilities are fulfilled","","","","","1 Relay, 1 Filter, gives up",""
"passed","Thu Apr 18 20:23:43 GMT 2024","Thu Apr 18 20:23:43 GMT 2024","1","Events","peer:discovery","","","","should emit `peer:discovery:peer-exchange` event when a peer is discovered",""
"broken","Thu Apr 18 20:25:32 GMT 2024","Thu Apr 18 20:25:32 GMT 2024","0","Waku Relay, Publish","","","","","Publish message with custom timestamp: Fri Apr 28 2023 20:25:14 GMT+0000 (Coordinated Universal Time)",""
"passed","Thu Apr 18 20:30:36 GMT 2024","Thu Apr 18 20:30:36 GMT 2024","1","Waku Dial [node only]","Bootstrap","","","","Passing an array",""
"skipped","Thu Apr 18 20:25:53 GMT 2024","Thu Apr 18 20:25:53 GMT 2024","0","Autosharding: Running Nodes","Different clusters and topics","","","","random auto sharding 7 - Cluster ID: 1, Content Topic: /app96/5/topic685/xml",""
"broken","Thu Apr 18 20:29:05 GMT 2024","Thu Apr 18 20:29:05 GMT 2024","0","Waku Relay, Subscribe","","","","","Subscribe and publish messages on 2 different content topics",""
"passed","Thu Apr 18 20:23:03 GMT 2024","Thu Apr 18 20:23:03 GMT 2024","0","ENR","Location multiaddr","","","","should properly create location multiaddrs - tcp",""
"passed","Thu Apr 18 20:23:18 GMT 2024","Thu Apr 18 20:23:18 GMT 2024","0","DNS Node Discovery","","","","","ignores unrecognized TXT record formats",""
"broken","Thu Apr 18 20:31:45 GMT 2024","Thu Apr 18 20:31:45 GMT 2024","0","Waku Light Push: Single Node","","","","","Push message with short payload",""
"passed","Thu Apr 18 20:23:28 GMT 2024","Thu Apr 18 20:23:28 GMT 2024","0","Ensures content topic is defined","","","","","Decoder throws on empty string content topic",""
"passed","Thu Apr 18 20:23:28 GMT 2024","Thu Apr 18 20:23:28 GMT 2024","0","Ensures content topic is defined","","","","","Decoder throws on undefined content topic",""
"passed","Thu Apr 18 20:30:36 GMT 2024","Thu Apr 18 20:30:36 GMT 2024","0","Waku Dial [node only]","Interop: ServiceNode","","","","connects to nwaku",""
"broken","Thu Apr 18 20:29:05 GMT 2024","Thu Apr 18 20:29:05 GMT 2024","0","Waku Relay, Subscribe","","","","","Subscribe at once to 10000 topics and publish messages",""
"skipped","Thu Apr 18 20:25:53 GMT 2024","Thu Apr 18 20:25:53 GMT 2024","0","SDK: Creating by Content Topic","","","","","receives messages sent to provided content topic through callback",""
"passed","Thu Apr 18 20:24:18 GMT 2024","Thu Apr 18 20:24:18 GMT 2024","0","Connection state","","","","","isConnected bwtween 2 js-waku relay nodes",""
"passed","Thu Apr 18 20:24:18 GMT 2024","Thu Apr 18 20:24:18 GMT 2024","1","Connection state","","","","","isConnected should return true after first peer connects",""
"passed","Thu Apr 18 20:23:56 GMT 2024","Thu Apr 18 20:23:56 GMT 2024","1","getPeers","getPeers with varying maxBootstrapPeers","maxBootstrapPeers=1","","","numPeers=3 -- returns total 3 peers, with max 1 bootstrap peers",""
"passed","Thu Apr 18 20:24:06 GMT 2024","Thu Apr 18 20:24:06 GMT 2024","0","DNS Discovery: Compliance Test","interface-peer-discovery compliance tests","","","","should not receive a peer event after stop",""
"passed","Thu Apr 18 20:26:42 GMT 2024","Thu Apr 18 20:26:42 GMT 2024","0","Static Sharding: Running Nodes","Different clusters and shards","","","","random static sharding 8 - Cluster ID: 457, Shard ID: 721",""
"passed","Thu Apr 18 20:23:56 GMT 2024","Thu Apr 18 20:23:56 GMT 2024","1","getPeers","getPeers property-based tests","","","","should return the correct number of peers based on numPeers and maxBootstrapPeers",""
"passed","Thu Apr 18 20:23:07 GMT 2024","Thu Apr 18 20:23:07 GMT 2024","1","filterPeersByDiscovery function","","","","","should return only bootstrap peers up to maxBootstrapPeers",""
"passed","Thu Apr 18 20:30:36 GMT 2024","Thu Apr 18 20:30:36 GMT 2024","0","Wait for remote peer","","","","","Filter",""
"passed","Thu Apr 18 20:24:24 GMT 2024","Thu Apr 18 20:24:24 GMT 2024","1","Public methods","","","","","stop",""
"broken","Thu Apr 18 20:31:45 GMT 2024","Thu Apr 18 20:31:45 GMT 2024","0","Waku Light Push: Single Node","","","","","Push message with Arabic payload",""
"passed","Thu Apr 18 20:30:36 GMT 2024","Thu Apr 18 20:30:36 GMT 2024","1","Wait for remote peer","","","","","Relay - dialed after",""
"skipped","Thu Apr 18 20:23:56 GMT 2024","Thu Apr 18 20:23:56 GMT 2024","1","getConnectedPeersForProtocolAndShard","","","","","same cluster, same shard: nodes connect",""
"passed","Thu Apr 18 20:23:18 GMT 2024","Thu Apr 18 20:23:18 GMT 2024","1","ENRTree","","","","","ENRTree (root): should error if DNS root entry is mis-prefixed",""
"broken","Thu Apr 18 20:25:32 GMT 2024","Thu Apr 18 20:25:32 GMT 2024","0","Waku Relay, Publish","","","","","Check publish message containing Arabic",""
"skipped","Thu Apr 18 20:24:19 GMT 2024","Thu Apr 18 20:24:19 GMT 2024","0","Waku Filter V2 (Autosharding): Multiple PubsubTopics","","","","","Subscribe and receive messages on autosharded pubsubtopic",""
"skipped","Thu Apr 18 20:25:53 GMT 2024","Thu Apr 18 20:25:53 GMT 2024","1","Autosharding: Running Nodes","Different clusters and topics","","","","random auto sharding 6 - Cluster ID: 1, Content Topic: /app81/6/topic774/test.js",""
"passed","Thu Apr 18 20:22:54 GMT 2024","Thu Apr 18 20:22:54 GMT 2024","0","shardInfoToPubsubTopics","","","","","should throw an error if shards are undefined for static sharding",""
"passed","Thu Apr 18 20:22:54 GMT 2024","Thu Apr 18 20:22:54 GMT 2024","0","contentTopicToShardIndex","","","","","should correctly map /0/statusim/1/community/cbor to shard index 4",""
"passed","Thu Apr 18 20:23:18 GMT 2024","Thu Apr 18 20:23:18 GMT 2024","1","ENRTree","","","","","ENRTree (root): should error if DNS root entry signature is invalid",""
"broken","Thu Apr 18 20:25:32 GMT 2024","Thu Apr 18 20:25:32 GMT 2024","1","Waku Relay, Publish","","","","","Fails to publish message with size larger than 1 MB",""
"broken","Thu Apr 18 20:25:32 GMT 2024","Thu Apr 18 20:25:32 GMT 2024","1","Waku Relay, Publish","","","","","Publish message with custom timestamp: Sun Dec 17 1995 03:24:00 GMT+0000 (Coordinated Universal Time)",""
"passed","Thu Apr 18 20:22:54 GMT 2024","Thu Apr 18 20:22:54 GMT 2024","1","determinePubsubTopic","","","","","should return a calculated topic if SingleShardInfo is provided",""
"broken","Thu Apr 18 20:29:05 GMT 2024","Thu Apr 18 20:29:05 GMT 2024","0","Waku Relay, Subscribe","","","","","Subscribe to topic containing shell command and publish message",""
"passed","Thu Apr 18 20:23:03 GMT 2024","Thu Apr 18 20:23:03 GMT 2024","0","ENR","Static tests","","","","should encode/decode to text encoding",""
"broken","Thu Apr 18 20:29:05 GMT 2024","Thu Apr 18 20:29:05 GMT 2024","0","Waku Relay, Subscribe","","","","","Subscribe to topic containing emoji and publish message",""
"passed","Thu Apr 18 20:23:02 GMT 2024","Thu Apr 18 20:23:02 GMT 2024","1","ENR waku2 codec","Encoding","","","","should be able to encode the field with ALL protocols set to true",""
"broken","Thu Apr 18 20:29:05 GMT 2024","Thu Apr 18 20:29:05 GMT 2024","0","Waku Relay, Subscribe","","","","","Subscribe to topic containing numeric and publish message",""
"passed","Thu Apr 18 20:22:54 GMT 2024","Thu Apr 18 20:22:54 GMT 2024","0","ensureShardingConfigured","","","","","should configure sharding based on application and version for autosharding",""
"passed","Thu Apr 18 20:23:02 GMT 2024","Thu Apr 18 20:23:02 GMT 2024","1","ENR waku2 codec","Decoding","","","","should be able to decode the field with only STORE set to true",""
"broken","Thu Apr 18 20:25:32 GMT 2024","Thu Apr 18 20:25:32 GMT 2024","0","Waku Relay, Publish","","","","","Check publish message containing long",""
"passed","Thu Apr 18 20:23:22 GMT 2024","Thu Apr 18 20:23:22 GMT 2024","0","Local Storage Discovery","Unit Tests","","","","should handle corrupted local storage data gracefully",""
"passed","Thu Apr 18 20:30:36 GMT 2024","Thu Apr 18 20:30:36 GMT 2024","0","Wait for remote peer","","","","","Store - dialed after - with timeout",""
"passed","Thu Apr 18 20:28:34 GMT 2024","Thu Apr 18 20:28:34 GMT 2024","0","Waku Store, custom pubsub topic","","","","","Generator, custom pubsub topic",""
"passed","Thu Apr 18 20:22:54 GMT 2024","Thu Apr 18 20:22:54 GMT 2024","0","ensureShardingConfigured","","","","","should configure sharding based on clusterId, application and version for autosharding with cluster iD 4",""
"passed","Thu Apr 18 20:22:55 GMT 2024","Thu Apr 18 20:22:55 GMT 2024","0","Relay Shard codec","","","","","should correctly encode and decode relay shards using rs format (Index List)",""
"broken","Thu Apr 18 20:28:31 GMT 2024","Thu Apr 18 20:28:31 GMT 2024","2","Waku Store, cursor","","","","","Passing cursor with wrong pubsubTopic",""
"passed","Thu Apr 18 20:22:54 GMT 2024","Thu Apr 18 20:22:54 GMT 2024","0","determinePubsubTopic","","","","","should derive a pubsub topic using contentTopic when SingleShardInfo only contains clusterId",""
"passed","Thu Apr 18 20:23:07 GMT 2024","Thu Apr 18 20:23:07 GMT 2024","0","filterPeersByDiscovery function","","","","","should return all non-bootstrap peers and no bootstrap peer when numPeers is 0 and maxBootstrapPeers is 0",""
"broken","Thu Apr 18 20:30:02 GMT 2024","Thu Apr 18 20:30:02 GMT 2024","11","Waku Store, order","","","","","Query Generator  - forward",""
"passed","Thu Apr 18 20:22:54 GMT 2024","Thu Apr 18 20:22:54 GMT 2024","0","contentTopicToShardIndex","","","","","should correctly map /app/20/sometopic/someencoding to shard index 0 with networkShards 1",""
"passed","Thu Apr 18 20:22:54 GMT 2024","Thu Apr 18 20:22:54 GMT 2024","0","singleShardInfosToShardInfo","","","","","should throw an error for SingleShardInfos with different clusterIds",""
"broken","Thu Apr 18 20:31:45 GMT 2024","Thu Apr 18 20:31:45 GMT 2024","0","Waku Light Push: Single Node","","","","","Push message with special chars payload",""
"passed","Thu Apr 18 20:28:34 GMT 2024","Thu Apr 18 20:28:34 GMT 2024","1","Waku Store (named sharding), custom pubsub topic","","","","","Generator, 2 different pubsubtopics",""
"broken","Thu Apr 18 20:31:45 GMT 2024","Thu Apr 18 20:31:45 GMT 2024","0","Waku Light Push: Single Node","","","","","Push message with XML payload",""
"passed","Thu Apr 18 20:23:56 GMT 2024","Thu Apr 18 20:23:56 GMT 2024","1","getPeers","getPeers with varying maxBootstrapPeers","maxBootstrapPeers=2","","","numPeers=0 -- returns all peers including all non-bootstrap with maxBootstrapPeers: 2",""
"broken","Thu Apr 18 20:31:30 GMT 2024","Thu Apr 18 20:31:30 GMT 2024","0","Waku Store, time filter","","","","","msgTime: 19000 ms from now, startTime: 18990, endTime: 19010",""
"broken","Thu Apr 18 20:30:58 GMT 2024","Thu Apr 18 20:30:58 GMT 2024","1","Waku Store, general","","","","","Query generator for multiple messages",""
"broken","Thu Apr 18 20:28:01 GMT 2024","Thu Apr 18 20:28:01 GMT 2024","0","Waku Store, error handling","","","","","Query with Ordered Callback, No message returned",""
"passed","Thu Apr 18 20:22:54 GMT 2024","Thu Apr 18 20:22:54 GMT 2024","0","pubsubTopicToSingleShardInfo with various invalid formats","","","","","should throw an error for non-numeric clusterId: /waku/2/rs/y/1",""
"passed","Thu Apr 18 20:23:18 GMT 2024","Thu Apr 18 20:23:18 GMT 2024","0","DNS Node Discovery w/ capabilities","","","","","retrieves all peers (3) when branch entries are composed of multiple strings",""
"broken","Thu Apr 18 20:29:05 GMT 2024","Thu Apr 18 20:29:05 GMT 2024","0","Waku Relay, Subscribe","","","","","Subscribe to topic containing Basic HTML tag and publish message",""
"broken","Thu Apr 18 20:29:05 GMT 2024","Thu Apr 18 20:29:05 GMT 2024","0","Waku Relay, Subscribe","","","","","Subscribe to topic containing Script and publish message",""
"broken","Thu Apr 18 20:31:45 GMT 2024","Thu Apr 18 20:31:45 GMT 2024","0","Waku Light Push: Single Node","","","","","Push message with SQL Injection payload",""
"broken","Thu Apr 18 20:31:45 GMT 2024","Thu Apr 18 20:31:45 GMT 2024","0","Waku Light Push: Single Node","","","","","Push message with content topic containing short",""
"passed","Thu Apr 18 20:22:54 GMT 2024","Thu Apr 18 20:22:54 GMT 2024","1","ensureShardingConfigured","","","","","should return valid sharding parameters for content topics autosharding",""
"broken","Thu Apr 18 20:30:02 GMT 2024","Thu Apr 18 20:30:02 GMT 2024","1","Waku Store, order","","","","","Ordered Callback - forward",""
"broken","Thu Apr 18 20:31:30 GMT 2024","Thu Apr 18 20:31:30 GMT 2024","0","Waku Store, time filter","","","","","Timestamp too far from node time: 40000 ms from now",""
"passed","Thu Apr 18 20:24:22 GMT 2024","Thu Apr 18 20:24:22 GMT 2024","0","multiaddr: dialing","does not attempt the same peer discovered multiple times more than once","","","","through manual discovery",""
"passed","Thu Apr 18 20:28:34 GMT 2024","Thu Apr 18 20:28:34 GMT 2024","0","Waku Store (named sharding), custom pubsub topic","","","","","Generator, 2 nwaku nodes each with different pubsubtopics",""
"broken","Thu Apr 18 20:25:32 GMT 2024","Thu Apr 18 20:25:32 GMT 2024","1","Waku Relay, Publish","","","","","Check publish message containing short",""
"broken","Thu Apr 18 20:25:32 GMT 2024","Thu Apr 18 20:25:32 GMT 2024","0","Waku Relay, Publish","","","","","Check publish message containing Russian",""
"passed","Thu Apr 18 20:24:24 GMT 2024","Thu Apr 18 20:24:24 GMT 2024","0","Public methods","","","","","listenerCount",""
"broken","Thu Apr 18 20:31:45 GMT 2024","Thu Apr 18 20:31:45 GMT 2024","0","Waku Light Push: Single Node","","","","","Push message with escaped characters payload",""
"passed","Thu Apr 18 20:23:03 GMT 2024","Thu Apr 18 20:23:03 GMT 2024","0","ENR","waku2 key round trip","","","","should set field with only STORE enabled",""
"passed","Thu Apr 18 20:23:56 GMT 2024","Thu Apr 18 20:23:56 GMT 2024","1","getPeers","getPeers with varying maxBootstrapPeers","maxBootstrapPeers=5","","","numPeers=1 -- returns one bootstrap peer ",""
"broken","Thu Apr 18 20:31:45 GMT 2024","Thu Apr 18 20:31:45 GMT 2024","0","Waku Light Push: Single Node","","","","","Push 30 different messages",""
"broken","Thu Apr 18 20:30:58 GMT 2024","Thu Apr 18 20:30:58 GMT 2024","1","Waku Store, general","","","","","Query generator for 2000 messages",""
"passed","Thu Apr 18 20:22:54 GMT 2024","Thu Apr 18 20:22:54 GMT 2024","1","singleShardInfosToShardInfo","","","","","should throw an error for empty SingleShardInfos array",""
"broken","Thu Apr 18 20:28:31 GMT 2024","Thu Apr 18 20:28:31 GMT 2024","1","Waku Store, cursor","","","","","Passing cursor with wrong message digest",""
"skipped","Thu Apr 18 20:26:14 GMT 2024","Thu Apr 18 20:26:14 GMT 2024","0","Peer Exchange","","","","","new peer added after a peer was already found",""
"skipped","Thu Apr 18 20:29:05 GMT 2024","Thu Apr 18 20:29:05 GMT 2024","1","Waku Relay, Subscribe","","","","","Overlapping topic subscription",""
"broken","Thu Apr 18 20:29:31 GMT 2024","Thu Apr 18 20:29:31 GMT 2024","0","Waku Relay, Interop","Two nodes connected to nwaku","","","","Js publishes, other Js receives",""
"passed","Thu Apr 18 20:28:01 GMT 2024","Thu Apr 18 20:28:01 GMT 2024","0","Waku Store, error handling","","","","","Query with Promise Callback, Multiple PubsubTopics",""
"broken","Thu Apr 18 20:23:08 GMT 2024","Thu Apr 18 20:23:08 GMT 2024","0","Ensures content topic is defined","","","","","Decoder throws on empty string content topic",""
"passed","Thu Apr 18 20:23:43 GMT 2024","Thu Apr 18 20:23:43 GMT 2024","1","Events","peer:discovery","","","","should emit `peer:discovery:bootstrap` event when a peer is discovered",""
"broken","Thu Apr 18 20:28:31 GMT 2024","Thu Apr 18 20:28:31 GMT 2024","0","Waku Store, cursor","","","","","Passing a valid cursor at 19 index when there are 20 messages",""
"passed","Thu Apr 18 20:23:56 GMT 2024","Thu Apr 18 20:23:56 GMT 2024","1","getPeers","getPeers with varying maxBootstrapPeers","maxBootstrapPeers=1","","","numPeers=0 -- returns all peers including all non-bootstrap with maxBootstrapPeers: 1",""
"broken","Thu Apr 18 20:30:58 GMT 2024","Thu Apr 18 20:30:58 GMT 2024","0","Waku Store, general","","","","","Query generator for multiple messages with different message text format",""
"passed","Thu Apr 18 20:22:54 GMT 2024","Thu Apr 18 20:22:54 GMT 2024","0","ensureValidContentTopic","","","","","does not throw on valid cases",""
"passed","Thu Apr 18 20:23:03 GMT 2024","Thu Apr 18 20:23:03 GMT 2024","1","ENR","Txt codec","","","","should decode valid ENR with multiaddrs successfully [shared test vector]",""
"passed","Thu Apr 18 20:28:01 GMT 2024","Thu Apr 18 20:28:01 GMT 2024","0","Waku Store, error handling","","","","","Query with Promise Callback, No Decoder",""
"broken","Thu Apr 18 20:28:31 GMT 2024","Thu Apr 18 20:28:31 GMT 2024","0","Waku Store, cursor","","","","","Passing a valid cursor at 19 index when there are 50 messages",""
"broken","Thu Apr 18 20:31:45 GMT 2024","Thu Apr 18 20:31:45 GMT 2024","0","Waku Light Push: Single Node","","","","","Push message with custom timestamp: 1713475437114",""
"skipped","Thu Apr 18 20:24:37 GMT 2024","Thu Apr 18 20:24:37 GMT 2024","0","Peer Exchange Query","","","","","less peers than existing",""
"passed","Thu Apr 18 20:23:56 GMT 2024","Thu Apr 18 20:23:56 GMT 2024","1","getPeers","getPeers with varying maxBootstrapPeers","maxBootstrapPeers=6","","","numPeers=0 -- returns all peers including all non-bootstrap with maxBootstrapPeers: 6",""
"passed","Thu Apr 18 20:24:19 GMT 2024","Thu Apr 18 20:24:19 GMT 2024","1","This","Is","","","","A test",""
"broken","Thu Apr 18 20:23:08 GMT 2024","Thu Apr 18 20:23:08 GMT 2024","1","Waku Message version 0","","","","","Round trip binary serialization",""
"passed","Thu Apr 18 20:22:54 GMT 2024","Thu Apr 18 20:22:54 GMT 2024","0","contentTopicsByPubsubTopic","","","","","groups content topics by expected pubsub topic",""
"passed","Thu Apr 18 20:22:54 GMT 2024","Thu Apr 18 20:22:54 GMT 2024","0","pubsubTopicToSingleShardInfo with various invalid formats","","","","","should throw an error for invalid PubsubTopic format: /waku/2/rs/1/2/extra",""
"passed","Thu Apr 18 20:23:44 GMT 2024","Thu Apr 18 20:23:44 GMT 2024","0","Events","peer:connect","","","","should emit `peer:connected:peer-exchange` event when a peer is connected",""
"skipped","Thu Apr 18 20:28:13 GMT 2024","Thu Apr 18 20:28:13 GMT 2024","0","Autosharding: Peer Management","Peer Exchange","","","","all px service nodes subscribed to the shard topic should be dialed",""
"passed","Thu Apr 18 20:23:54 GMT 2024","Thu Apr 18 20:23:54 GMT 2024","0","ENR Interop: ServiceNode","","","","","All",""
"passed","Thu Apr 18 20:23:17 GMT 2024","Thu Apr 18 20:23:17 GMT 2024","0","Discovery","","","","","returns a subset of values when wanted number is lesser than available values",""
"passed","Thu Apr 18 20:23:54 GMT 2024","Thu Apr 18 20:23:54 GMT 2024","0","ENR Interop: ServiceNode","","","","","Relay",""
"passed","Thu Apr 18 20:23:18 GMT 2024","Thu Apr 18 20:23:18 GMT 2024","2","ENRTree","","","","","ENRTree (root): should parse and verify and DNS root entry",""
"passed","Thu Apr 18 20:24:24 GMT 2024","Thu Apr 18 20:24:24 GMT 2024","0","Public methods","","","","","safeDispatchEvent",""
"passed","Thu Apr 18 20:25:32 GMT 2024","Thu Apr 18 20:25:32 GMT 2024","0","Waku Relay, Publish","","","","","Fails to publish message with empty text",""
"passed","Thu Apr 18 20:23:51 GMT 2024","Thu Apr 18 20:23:51 GMT 2024","0","Dials","attemptDial method","","","","should be called at least once on all `peer:discovery` events",""
"passed","Thu Apr 18 20:23:02 GMT 2024","Thu Apr 18 20:23:02 GMT 2024","1","ENR waku2 codec","Encoding","","","","should be able to encode the field with only LIGHTPUSH set to true",""
"passed","Thu Apr 18 20:28:34 GMT 2024","Thu Apr 18 20:28:34 GMT 2024","0","Waku Store (named sharding), custom pubsub topic","","","","","Generator, custom pubsub topic",""
"passed","Thu Apr 18 20:22:54 GMT 2024","Thu Apr 18 20:22:54 GMT 2024","1","shardInfoToPubsubTopics","","","","","should throw an error for missing required configuration",""
"passed","Thu Apr 18 20:24:53 GMT 2024","Thu Apr 18 20:24:53 GMT 2024","1","Waku Light Push : Multiple PubsubTopics","","","","","Subscribe and receive messages on 2 different pubsubtopics",""
"passed","Thu Apr 18 20:23:02 GMT 2024","Thu Apr 18 20:23:02 GMT 2024","1","ENR waku2 codec","Decoding","","","","should be able to decode the field with ALL protocols set to true",""
"passed","Thu Apr 18 20:28:34 GMT 2024","Thu Apr 18 20:28:34 GMT 2024","1","Waku Store, custom pubsub topic","","","","","Generator, 2 different pubsubtopics",""
"passed","Thu Apr 18 20:23:03 GMT 2024","Thu Apr 18 20:23:03 GMT 2024","0","ENR","Location multiaddr","","","","should properly create location multiaddrs - tcp4",""
"passed","Thu Apr 18 20:26:42 GMT 2024","Thu Apr 18 20:26:42 GMT 2024","0","Static Sharding: Running Nodes","Different clusters and shards","","","","Cluster ID 0 - Default/Global Cluster",""
"passed","Thu Apr 18 20:22:54 GMT 2024","Thu Apr 18 20:22:54 GMT 2024","0","contentTopicToPubsubTopic","","","","","should map different content topics to different pubsub topics based on shard index",""
"passed","Thu Apr 18 20:24:19 GMT 2024","Thu Apr 18 20:24:19 GMT 2024","1","Waku Filter V2: Multiple PubsubTopics","","","","","Subscribe and receive messages on 2 different pubsubtopics",""
"passed","Thu Apr 18 20:28:13 GMT 2024","Thu Apr 18 20:28:13 GMT 2024","1","Static Sharding: Peer Management","Peer Exchange","","","","all px service nodes subscribed to the shard topic should be dialed",""
"passed","Thu Apr 18 20:23:56 GMT 2024","Thu Apr 18 20:23:56 GMT 2024","1","getPeers","getPeers with varying maxBootstrapPeers","maxBootstrapPeers=7","","","numPeers=4 -- returns total 4 peers, with max 7 bootstrap peers",""
"skipped","Thu Apr 18 20:23:56 GMT 2024","Thu Apr 18 20:23:56 GMT 2024","0","getConnectedPeersForProtocolAndShard","","","","","different cluster, different shard: nodes don't connect (autosharding)",""
"passed","Thu Apr 18 20:23:56 GMT 2024","Thu Apr 18 20:23:56 GMT 2024","0","getPeers","getPeers with varying maxBootstrapPeers","maxBootstrapPeers=4","","","numPeers=0 -- returns all peers including all non-bootstrap with maxBootstrapPeers: 4",""
"passed","Thu Apr 18 20:23:51 GMT 2024","Thu Apr 18 20:23:51 GMT 2024","0","Dials","dialPeer method","For peer-exchange peers","","","should be called for every peer with PEER_EXCHANGE tags",""
"passed","Thu Apr 18 20:23:43 GMT 2024","Thu Apr 18 20:23:44 GMT 2024","1","Events","peer:connect","","","","should emit `peer:connected:bootstrap` event when a peer is connected",""
"passed","Thu Apr 18 20:22:54 GMT 2024","Thu Apr 18 20:22:54 GMT 2024","1","ensureValidContentTopic","","","","","throws on content topic with generation field greater than 0",""
"passed","Thu Apr 18 20:26:42 GMT 2024","Thu Apr 18 20:26:42 GMT 2024","0","Static Sharding: Running Nodes","Others","","","","using a protocol with unconfigured pubsub topic should fail",""
"passed","Thu Apr 18 20:23:56 GMT 2024","Thu Apr 18 20:23:56 GMT 2024","1","getPeers","getPeers with varying maxBootstrapPeers","maxBootstrapPeers=1","","","numPeers=1 -- returns one bootstrap peer ",""
"passed","Thu Apr 18 20:25:13 GMT 2024","Thu Apr 18 20:25:13 GMT 2024","2","Waku Message Ephemeral field","","","","","Ephemeral field is preserved - symmetric encryption",""
"passed","Thu Apr 18 20:23:03 GMT 2024","Thu Apr 18 20:23:03 GMT 2024","1","ENR","Txt codec","","","","should encodeTxt and decodeTxt",""
"skipped","Thu Apr 18 20:24:06 GMT 2024","Thu Apr 18 20:24:06 GMT 2024","1","DNS Node Discovery [live data]","","","","","should use DNS peer discovery with light client",""
"passed","Thu Apr 18 20:23:22 GMT 2024","Thu Apr 18 20:23:22 GMT 2024","1","Local Storage Discovery","Compliance Tests","interface-peer-discovery compliance tests","","","can start the service",""
"passed","Thu Apr 18 20:23:22 GMT 2024","Thu Apr 18 20:23:22 GMT 2024","0","Local Storage Discovery","Compliance Tests","interface-peer-discovery compliance tests","","","should not fail to start the service if it is already started",""
"passed","Thu Apr 18 20:23:02 GMT 2024","Thu Apr 18 20:23:02 GMT 2024","3","ENR waku2 codec","Encoding","","","","should be able to encode the field with only RELAY set to true",""
"passed","Thu Apr 18 20:22:54 GMT 2024","Thu Apr 18 20:22:54 GMT 2024","0","ensureValidContentTopic","","","","","throws on content topic with empty topic name field",""
"broken","Thu Apr 18 20:30:18 GMT 2024","Thu Apr 18 20:30:18 GMT 2024","0","Waku Store, sorting","","","","","Ordered Callback sorting by timestamp while page direction is forward",""
"passed","Thu Apr 18 20:22:54 GMT 2024","Thu Apr 18 20:22:54 GMT 2024","1","pubsubTopicToSingleShardInfo with various invalid formats","","","","","should throw an error for non-numeric clusterId: /waku/2/rs/x/1",""
"passed","Thu Apr 18 20:23:18 GMT 2024","Thu Apr 18 20:23:18 GMT 2024","0","ENRTree","","","","","ENRTree (tree): should parse a DNS tree entry",""
"passed","Thu Apr 18 20:24:18 GMT 2024","Thu Apr 18 20:24:18 GMT 2024","1","Connection state","","","","","isConnected return false after peer stops",""
"broken","Thu Apr 18 20:31:45 GMT 2024","Thu Apr 18 20:31:45 GMT 2024","0","Waku Light Push: Single Node","","","","","Fails to push message with empty content topic",""
"passed","Thu Apr 18 20:26:14 GMT 2024","Thu Apr 18 20:26:14 GMT 2024","0","Peer Exchange","","","","","peerDiscovery without wakuPeerExchangeDiscovery",""
"broken","Thu Apr 18 20:29:05 GMT 2024","Thu Apr 18 20:29:05 GMT 2024","0","Waku Relay, Subscribe","","","","","Subscribe to topic containing Chinese and publish message",""
"skipped","Thu Apr 18 20:25:53 GMT 2024","Thu Apr 18 20:25:53 GMT 2024","0","Autosharding: Running Nodes","Different clusters and topics","","","","random auto sharding 2 - Cluster ID: 1, Content Topic: /app64/2/topic325/xml",""
"passed","Thu Apr 18 20:23:03 GMT 2024","Thu Apr 18 20:23:03 GMT 2024","0","ENR","waku2 key round trip","","","","should set field with only LIGHTPUSH enabled",""
"passed","Thu Apr 18 20:23:03 GMT 2024","Thu Apr 18 20:23:03 GMT 2024","0","ENR","Verify","","","","should return false",""
"broken","Thu Apr 18 20:30:43 GMT 2024","Thu Apr 18 20:30:43 GMT 2024","0","Waku Store, page size","","","","","Passing page size 10 when there are 10 messages",""
"broken","Thu Apr 18 20:23:08 GMT 2024","Thu Apr 18 20:23:08 GMT 2024","0","Waku Message version 0","","","","","Ephemeral field set to true",""
"passed","Thu Apr 18 20:22:54 GMT 2024","Thu Apr 18 20:22:54 GMT 2024","0","pubsubTopicToSingleShardInfo with various invalid formats","","","","","should throw an error for invalid PubsubTopic format: /incorrect/format",""
"passed","Thu Apr 18 20:23:22 GMT 2024","Thu Apr 18 20:23:22 GMT 2024","1","Local Storage Discovery","Compliance Tests","interface-peer-discovery compliance tests","","","should not receive a peer event after stop",""
"broken","Thu Apr 18 20:24:53 GMT 2024","Thu Apr 18 20:24:53 GMT 2024","1","Waku Light Push (named sharding): Multiple PubsubTopics","","","","","Subscribe and receive messages on 2 different pubsubtopics",""
"passed","Thu Apr 18 20:22:54 GMT 2024","Thu Apr 18 20:22:54 GMT 2024","0","contentTopicToShardIndex","","","","","should correctly map /toychat/2/huilong/proto to shard index 3",""
"broken","Thu Apr 18 20:31:45 GMT 2024","Thu Apr 18 20:31:45 GMT 2024","0","Waku Light Push: Single Node","","","","","Push message with content topic containing Russian",""
"passed","Thu Apr 18 20:23:18 GMT 2024","Thu Apr 18 20:23:18 GMT 2024","1","ENRTree","","","","","ENRTree (branch): should error if DNS branch entry is mis-prefixed",""
"passed","Thu Apr 18 20:22:54 GMT 2024","Thu Apr 18 20:22:54 GMT 2024","1","pubsubTopicToSingleShardInfo with various invalid formats","","","","","should throw an error for non-numeric shard: /waku/2/rs/1/y",""
"skipped","Thu Apr 18 20:23:56 GMT 2024","Thu Apr 18 20:23:56 GMT 2024","0","getConnectedPeersForProtocolAndShard","","","","","different cluster, different shard: nodes don't connect",""
"skipped","Thu Apr 18 20:24:37 GMT 2024","Thu Apr 18 20:24:37 GMT 2024","0","Peer Exchange Query","","","","","non connected peers",""
"passed","Thu Apr 18 20:23:02 GMT 2024","Thu Apr 18 20:23:02 GMT 2024","1","Multiaddr from fields","","","","","udp ip6 address",""
"passed","Thu Apr 18 20:24:36 GMT 2024","Thu Apr 18 20:24:36 GMT 2024","0","Metadata Protocol","","","","","PeerStore has remote peer's shard info after successful connection",""
"skipped","Thu Apr 18 20:28:13 GMT 2024","Thu Apr 18 20:28:13 GMT 2024","0","Autosharding: Peer Management","Peer Exchange","","","","px service nodes not subscribed to the shard should not be dialed",""
"passed","Thu Apr 18 20:23:56 GMT 2024","Thu Apr 18 20:23:56 GMT 2024","0","getPeers","getPeers with varying maxBootstrapPeers","maxBootstrapPeers=3","","","numPeers=3 -- returns total 3 peers, with max 3 bootstrap peers",""
"passed","Thu Apr 18 20:23:02 GMT 2024","Thu Apr 18 20:23:02 GMT 2024","2","ENR waku2 codec","Encoding","","","","should be able to encode the field with only STORE set to true",""
"broken","Thu Apr 18 20:31:30 GMT 2024","Thu Apr 18 20:31:30 GMT 2024","0","Waku Store, time filter","","","","","msgTime: -19000 ms from now, startTime: -19000, endTime: -18000",""
"broken","Thu Apr 18 20:28:31 GMT 2024","Thu Apr 18 20:28:31 GMT 2024","0","Waku Store, cursor","","","","","Passing a valid cursor at 0 index when there are 20 messages",""
"skipped","Thu Apr 18 20:24:37 GMT 2024","Thu Apr 18 20:24:37 GMT 2024","1","Peer Exchange Query","","","","","connected peers and dial",""
"passed","Thu Apr 18 20:22:54 GMT 2024","Thu Apr 18 20:22:54 GMT 2024","0","ensureValidContentTopic","","","","","throws on content topic with non-number generation field",""
"passed","Thu Apr 18 20:23:56 GMT 2024","Thu Apr 18 20:23:56 GMT 2024","0","getPeers","getPeers with varying maxBootstrapPeers","maxBootstrapPeers=3","","","numPeers=1 -- returns one bootstrap peer ",""
"skipped","Thu Apr 18 20:26:42 GMT 2024","Thu Apr 18 20:26:42 GMT 2024","0","Static Sharding: Running Nodes","Different clusters and shards","","","","shard 0",""
"broken","Thu Apr 18 20:25:32 GMT 2024","Thu Apr 18 20:25:32 GMT 2024","0","Waku Relay, Publish","","","","","Check publish message containing escaped characters",""
"passed","Thu Apr 18 20:26:42 GMT 2024","Thu Apr 18 20:26:42 GMT 2024","0","Static Sharding: Running Nodes","Different clusters and shards","","","","random static sharding 3 - Cluster ID: 489, Shard ID: 130",""
"passed","Thu Apr 18 20:23:56 GMT 2024","Thu Apr 18 20:23:56 GMT 2024","0","getPeers","getPeers with varying maxBootstrapPeers","maxBootstrapPeers=2","","","numPeers=4 -- returns total 4 peers, with max 2 bootstrap peers",""
"skipped","Thu Apr 18 20:25:53 GMT 2024","Thu Apr 18 20:25:53 GMT 2024","0","Autosharding: Running Nodes","Others","","","","start node with empty content topic",""
"passed","Thu Apr 18 20:22:55 GMT 2024","Thu Apr 18 20:22:55 GMT 2024","0","Relay Shard codec","","","","","should handle a minimal index list",""
"skipped","Thu Apr 18 20:25:53 GMT 2024","Thu Apr 18 20:25:53 GMT 2024","0","Autosharding: Running Nodes","Different clusters and topics","","","","Non Autosharding Cluster",""
"broken","Thu Apr 18 20:25:32 GMT 2024","Thu Apr 18 20:25:32 GMT 2024","0","Waku Relay, Publish","","","","","Publish message with large meta",""
"passed","Thu Apr 18 20:23:18 GMT 2024","Thu Apr 18 20:23:18 GMT 2024","0","Fetch nodes until capabilities are fulfilled","","","","","1 Store, 2 relays, 2 fetches",""
"skipped","Thu Apr 18 20:24:19 GMT 2024","Thu Apr 18 20:24:19 GMT 2024","0","Waku Filter V2 (Autosharding): Multiple PubsubTopics","","","","","Should fail to subscribe with decoder with wrong pubsubTopic",""
"broken","Thu Apr 18 20:23:08 GMT 2024","Thu Apr 18 20:23:08 GMT 2024","1","Ensures content topic is defined","","","","","Decoder throws on undefined content topic",""
"passed","Thu Apr 18 20:23:56 GMT 2024","Thu Apr 18 20:23:56 GMT 2024","1","getPeers","getPeers with varying maxBootstrapPeers","maxBootstrapPeers=5","","","numPeers=4 -- returns total 4 peers, with max 5 bootstrap peers",""
"passed","Thu Apr 18 20:23:28 GMT 2024","Thu Apr 18 20:23:28 GMT 2024","0","Ensures content topic is defined","","","","","Decoder throws on undefined content topic",""
"broken","Thu Apr 18 20:31:45 GMT 2024","Thu Apr 18 20:31:45 GMT 2024","0","Waku Light Push: Single Node","","","","","Push message with long payload",""
"passed","Thu Apr 18 20:22:54 GMT 2024","Thu Apr 18 20:22:54 GMT 2024","0","shardInfoToPubsubTopics","","","","","should return empty list for no shard",""
"passed","Thu Apr 18 20:22:54 GMT 2024","Thu Apr 18 20:22:54 GMT 2024","0","pubsubTopicToSingleShardInfo with various invalid formats","","","","","should throw an error for non-numeric shard: /waku/2/rs/1/$",""
"passed","Thu Apr 18 20:22:54 GMT 2024","Thu Apr 18 20:22:54 GMT 2024","1","contentTopicToShardIndex","","","","","should correctly map /app/20/sometopic/someencoding to shard index 1 with networkShards 2",""
"broken","Thu Apr 18 20:30:58 GMT 2024","Thu Apr 18 20:30:58 GMT 2024","0","Waku Store, general","","","","","Ordered callback, aborts when callback returns true",""
"passed","Thu Apr 18 20:24:19 GMT 2024","Thu Apr 18 20:24:19 GMT 2024","0","Waku Filter V2 (Named sharding): Multiple PubsubTopics","","","","","Should fail to subscribe with decoder with wrong pubsubTopic",""
"broken","Thu Apr 18 20:23:28 GMT 2024","Thu Apr 18 20:23:28 GMT 2024","0","Ecies Encryption","","","","","Round trip binary encryption [ecies, signature]",""
"broken","Thu Apr 18 20:29:05 GMT 2024","Thu Apr 18 20:29:05 GMT 2024","0","Waku Relay, Subscribe","","","","","Subscribe and publish message",""
"passed","Thu Apr 18 20:23:18 GMT 2024","Thu Apr 18 20:23:18 GMT 2024","0","DNS Node Discovery w/ capabilities","","","","","retrieves all peers (2) when cannot fulfill all requirements",""
"broken","Thu Apr 18 20:31:45 GMT 2024","Thu Apr 18 20:31:45 GMT 2024","1","Waku Light Push: Single Node","","","","","Push message with content topic containing Arabic",""
"broken","Thu Apr 18 20:29:05 GMT 2024","Thu Apr 18 20:29:05 GMT 2024","0","Waku Relay, Subscribe","","","","","Subscribe to topic containing SQL Injection and publish message",""
"passed","Thu Apr 18 20:23:07 GMT 2024","Thu Apr 18 20:23:07 GMT 2024","1","to proto message","","","","","Fields are not dropped",""
"passed","Thu Apr 18 20:24:24 GMT 2024","Thu Apr 18 20:24:24 GMT 2024","1","Public methods","","","","","getPeersByDiscovery",""
"skipped","Thu Apr 18 20:24:19 GMT 2024","Thu Apr 18 20:24:19 GMT 2024","0","Waku Filter V2 (Autosharding): Multiple PubsubTopics","","","","","Subscribe and receive messages on 2 different pubsubtopics",""
"passed","Thu Apr 18 20:23:03 GMT 2024","Thu Apr 18 20:23:03 GMT 2024","0","ENR","Txt codec","","","","should decode valid enr successfully",""
"skipped","Thu Apr 18 20:25:53 GMT 2024","Thu Apr 18 20:25:53 GMT 2024","0","SDK: Creating by Content Topic","","","","","given a waku node and content topic, creates a filter subscription",""
"passed","Thu Apr 18 20:23:18 GMT 2024","Thu Apr 18 20:23:18 GMT 2024","0","DNS Node Discovery","","","","","it tolerates circular branch references",""
"passed","Thu Apr 18 20:23:18 GMT 2024","Thu Apr 18 20:23:18 GMT 2024","0","DNS Node Discovery w/ capabilities","","","","","should only return 1 node with relay and store capability",""
"broken","Thu Apr 18 20:28:31 GMT 2024","Thu Apr 18 20:28:31 GMT 2024","0","Waku Store, cursor","","","","","Reusing cursor across nodes",""
"passed","Thu Apr 18 20:23:18 GMT 2024","Thu Apr 18 20:23:18 GMT 2024","0","ENRTree","","","","","ENRTree (root): should error if DNS root entry is malformed",""
"broken","Thu Apr 18 20:30:43 GMT 2024","Thu Apr 18 20:30:43 GMT 2024","0","Waku Store, page size","","","","","Passing page size 19 when there are 20 messages",""
"passed","Thu Apr 18 20:25:32 GMT 2024","Thu Apr 18 20:25:32 GMT 2024","0","Waku Relay, Publish","","","","","Fails to publish message with wrong pubsubtopic",""
"broken","Thu Apr 18 20:23:11 GMT 2024","Thu Apr 18 20:23:11 GMT 2024","1","Message Validator","","","","","Accepts a valid Waku Message",""
"broken","Thu Apr 18 20:31:45 GMT 2024","Thu Apr 18 20:31:45 GMT 2024","0","Waku Light Push: Single Node","","","","","Push message with content topic containing JSON",""
"passed","Thu Apr 18 20:22:54 GMT 2024","Thu Apr 18 20:22:54 GMT 2024","1","ensureValidContentTopic","","","","","throws on empty content topic",""
"passed","Thu Apr 18 20:24:24 GMT 2024","Thu Apr 18 20:24:24 GMT 2024","1","Public methods","","","","","dispatchEvent via connectionManager",""
"skipped","Thu Apr 18 20:25:53 GMT 2024","Thu Apr 18 20:25:53 GMT 2024","0","Autosharding: Running Nodes","Different clusters and topics","","","","random auto sharding 3 - Cluster ID: 1, Content Topic: /app54/2/topic219/utf8",""
"passed","Thu Apr 18 20:22:54 GMT 2024","Thu Apr 18 20:22:54 GMT 2024","0","ensureShardingConfigured","","","","","should throw an error for missing sharding configuration",""
"broken","Thu Apr 18 20:31:45 GMT 2024","Thu Apr 18 20:31:45 GMT 2024","0","Waku Light Push: Single Node","","","","","Push message with content topic containing long",""
"passed","Thu Apr 18 20:23:03 GMT 2024","Thu Apr 18 20:23:03 GMT 2024","0","ENR","Location multiaddr","","","","should properly create peer info with all multiaddrs",""
"broken","Thu Apr 18 20:25:32 GMT 2024","Thu Apr 18 20:25:32 GMT 2024","1","Waku Relay, Publish","","","","","Fails to publish message with wrong content topic",""
"passed","Thu Apr 18 20:23:03 GMT 2024","Thu Apr 18 20:23:03 GMT 2024","1","ENR","Waku2 key: decode","","","","Relay + Store",""
"broken","Thu Apr 18 20:23:08 GMT 2024","Thu Apr 18 20:23:08 GMT 2024","1","Ensures content topic is defined","","","","","Encoder throws on undefined content topic",""
"passed","Thu Apr 18 20:23:56 GMT 2024","Thu Apr 18 20:23:56 GMT 2024","1","getPeers","getPeers with varying maxBootstrapPeers","maxBootstrapPeers=5","","","numPeers=2 -- returns total 2 peers, with max 5 bootstrap peers",""
"passed","Thu Apr 18 20:23:56 GMT 2024","Thu Apr 18 20:23:56 GMT 2024","0","getPeers","getPeers with varying maxBootstrapPeers","maxBootstrapPeers=7","","","numPeers=3 -- returns total 3 peers, with max 7 bootstrap peers",""
"broken","Thu Apr 18 20:23:28 GMT 2024","Thu Apr 18 20:23:28 GMT 2024","2","Ecies Encryption","","","","","Round trip binary encryption [ecies, no signature]",""
"broken","Thu Apr 18 20:30:43 GMT 2024","Thu Apr 18 20:30:43 GMT 2024","1","Waku Store, page size","","","","","Passing page size 11 when there are 10 messages",""
"passed","Thu Apr 18 20:30:36 GMT 2024","Thu Apr 18 20:30:36 GMT 2024","0","Waku Dial [node only]","Interop: ServiceNode","","","","Does not throw an exception when node disconnects",""
"passed","Thu Apr 18 20:23:02 GMT 2024","Thu Apr 18 20:23:02 GMT 2024","1","ENR waku2 codec","Decoding","","","","should be able to decode the field with ALL protocols set to false",""
"passed","Thu Apr 18 20:23:56 GMT 2024","Thu Apr 18 20:23:56 GMT 2024","0","getPeers","getPeers with varying maxBootstrapPeers","maxBootstrapPeers=1","","","numPeers=2 -- returns total 2 peers, with max 1 bootstrap peers",""
"broken","Thu Apr 18 20:30:02 GMT 2024","Thu Apr 18 20:30:02 GMT 2024","0","Waku Store, order","","","","","Promise Callback  - backward",""
"broken","Thu Apr 18 20:30:18 GMT 2024","Thu Apr 18 20:30:18 GMT 2024","0","Waku Store, sorting","","","","","Query Generator sorting by timestamp while page direction is forward",""
"passed","Thu Apr 18 20:23:03 GMT 2024","Thu Apr 18 20:23:03 GMT 2024","1","ENR","Txt codec","","","","should throw error - no public key",""
"passed","Thu Apr 18 20:26:42 GMT 2024","Thu Apr 18 20:26:42 GMT 2024","5","Static Sharding: Running Nodes","Different clusters and shards","","","","random static sharding 6 - Cluster ID: 476, Shard ID: 267",""
"passed","Thu Apr 18 20:23:02 GMT 2024","Thu Apr 18 20:23:02 GMT 2024","3","ENR waku2 codec","Encoding","","","","should be able to encode the field with RELAY and FILTER protocols set to true",""
"passed","Thu Apr 18 20:23:03 GMT 2024","Thu Apr 18 20:23:03 GMT 2024","1","ENR","waku2 key round trip","","","","should set field with only FILTER enabled",""
"broken","Thu Apr 18 20:28:01 GMT 2024","Thu Apr 18 20:28:01 GMT 2024","1","Waku Store, error handling","","","","","Query Generator, No message returned",""
"passed","Thu Apr 18 20:23:28 GMT 2024","Thu Apr 18 20:23:28 GMT 2024","1","Symmetric Encryption","","","","","Round trip binary encryption [symmetric, no signature]",""
"passed","Thu Apr 18 20:23:03 GMT 2024","Thu Apr 18 20:23:03 GMT 2024","0","ENR","Txt codec","","","","should throw error - no id",""
"skipped","Thu Apr 18 20:23:56 GMT 2024","Thu Apr 18 20:23:56 GMT 2024","0","getConnectedPeersForProtocolAndShard","","","","","different cluster, same shard: nodes don't connect",""
"broken","Thu Apr 18 20:31:45 GMT 2024","Thu Apr 18 20:31:45 GMT 2024","0","Waku Light Push: Single Node","","","","","Push message with JSON payload",""
"passed","Thu Apr 18 20:23:56 GMT 2024","Thu Apr 18 20:23:56 GMT 2024","1","getPeers","getPeers with varying maxBootstrapPeers","maxBootstrapPeers=5","","","numPeers=3 -- returns total 3 peers, with max 5 bootstrap peers",""
"passed","Thu Apr 18 20:24:53 GMT 2024","Thu Apr 18 20:24:53 GMT 2024","0","Waku Light Push : Multiple PubsubTopics","","","","","Push message on custom pubsubTopic",""
"passed","Thu Apr 18 20:22:54 GMT 2024","Thu Apr 18 20:22:54 GMT 2024","0","pubsubTopicToSingleShardInfo with various invalid formats","","","","","should throw an error for non-numeric clusterId: /waku/2/rs/ /1",""
"passed","Thu Apr 18 20:22:54 GMT 2024","Thu Apr 18 20:22:54 GMT 2024","1","shardInfoToPubsubTopics","","","","","should convert content topics to PubsubTopics for autosharding",""
"passed","Thu Apr 18 20:22:54 GMT 2024","Thu Apr 18 20:22:54 GMT 2024","0","contentTopicToShardIndex","","","","","should correctly map /statusim/1/community/cbor to shard index 4",""
"passed","Thu Apr 18 20:23:28 GMT 2024","Thu Apr 18 20:23:28 GMT 2024","0","Waku Encryption","","","","","Sign & Recover",""
"passed","Thu Apr 18 20:23:03 GMT 2024","Thu Apr 18 20:23:03 GMT 2024","1","ENR","waku2 key round trip","","","","should set field with all protocols enabled",""
"passed","Thu Apr 18 20:22:54 GMT 2024","Thu Apr 18 20:22:54 GMT 2024","0","pushOrInitMapSet","","","","","Push to array if already present",""
"passed","Thu Apr 18 20:23:02 GMT 2024","Thu Apr 18 20:23:02 GMT 2024","0","ENR multiaddrs codec","","","","","Sample",""
"broken","Thu Apr 18 20:31:45 GMT 2024","Thu Apr 18 20:31:45 GMT 2024","1","Waku Light Push: Single Node","","","","","Push message with custom timestamp: 1682713437114",""
"passed","Thu Apr 18 20:26:42 GMT 2024","Thu Apr 18 20:26:42 GMT 2024","0","Static Sharding: Running Nodes","Different clusters and shards","","","","random static sharding 9 - Cluster ID: 566, Shard ID: 115",""
"passed","Thu Apr 18 20:22:54 GMT 2024","Thu Apr 18 20:22:54 GMT 2024","0","contentTopicsByPubsubTopic","","","","","throws an error for improperly formatted content topics",""
"broken","Thu Apr 18 20:25:13 GMT 2024","Thu Apr 18 20:25:13 GMT 2024","0","Waku Message Ephemeral field","","","","","Ephemeral field is preserved - asymmetric encryption",""
"passed","Thu Apr 18 20:22:54 GMT 2024","Thu Apr 18 20:22:54 GMT 2024","0","contentTopicToShardIndex","","","","","should correctly map /app/20/sometopic/someencoding to shard index 15 with networkShards 16",""
"broken","Thu Apr 18 20:25:32 GMT 2024","Thu Apr 18 20:25:32 GMT 2024","0","Waku Relay, Publish","","","","","Publish message with custom timestamp: Thu Apr 18 2024 19:25:14 GMT+0000 (Coordinated Universal Time)",""
"passed","Thu Apr 18 20:23:18 GMT 2024","Thu Apr 18 20:23:18 GMT 2024","0","DNS Node Discovery","","","","","retrieves a single peer",""
"passed","Thu Apr 18 20:23:28 GMT 2024","Thu Apr 18 20:23:28 GMT 2024","0","Symmetric Encryption","","","","","Check meta is set [symmetric]",""
"passed","Thu Apr 18 20:23:02 GMT 2024","Thu Apr 18 20:23:02 GMT 2024","1","ENR waku2 codec","Decoding","","","","should be able to decode the field with STORE and LIGHTPUSH protocols set to true",""
"passed","Thu Apr 18 20:24:36 GMT 2024","Thu Apr 18 20:24:36 GMT 2024","0","Metadata Protocol","connections","","","","different cluster, different shard: nodes don't connect",""
"broken","Thu Apr 18 20:25:32 GMT 2024","Thu Apr 18 20:25:32 GMT 2024","1","Waku Relay, Publish","","","","","Check publish message containing emoji",""
"passed","Thu Apr 18 20:23:18 GMT 2024","Thu Apr 18 20:23:18 GMT 2024","1","ENRTree","","","","","ENRTree (tree): should error if DNS tree entry is mis-prefixed",""
"passed","Thu Apr 18 20:22:54 GMT 2024","Thu Apr 18 20:22:54 GMT 2024","1","contentTopicsByPubsubTopic","","","","","groups multiple content topics into the same pubsub topic when they share the same shard index",""
"passed","Thu Apr 18 20:24:19 GMT 2024","Thu Apr 18 20:24:19 GMT 2024","1","Waku Filter V2: Multiple PubsubTopics","","","","","Subscribe and receive messages on custom pubsubtopic",""
"passed","Thu Apr 18 20:23:22 GMT 2024","Thu Apr 18 20:23:22 GMT 2024","1","Local Storage Discovery","Unit Tests","","","","should update peers in local storage on 'peer:identify' event",""
"passed","Thu Apr 18 20:27:04 GMT 2024","Thu Apr 18 20:27:04 GMT 2024","0","Peer Exchange","Compliance Test","interface-peer-discovery compliance tests","","","should not fail to stop the service if it was not started",""
"broken","Thu Apr 18 20:25:32 GMT 2024","Thu Apr 18 20:25:32 GMT 2024","0","Waku Relay, Publish","","","","","Check publish message containing Basic HTML tag",""
"passed","Thu Apr 18 20:28:01 GMT 2024","Thu Apr 18 20:28:01 GMT 2024","1","Waku Store, error handling","","","","","Query Generator, Multiple PubsubTopics",""
"skipped","Thu Apr 18 20:24:37 GMT 2024","Thu Apr 18 20:24:37 GMT 2024","1","Peer Exchange Query","","","","","more peers than existing",""
"broken","Thu Apr 18 20:29:05 GMT 2024","Thu Apr 18 20:29:05 GMT 2024","0","Waku Relay, Subscribe","","","","","Subscribe to topic containing special chars and publish message",""
"passed","Thu Apr 18 20:22:54 GMT 2024","Thu Apr 18 20:22:54 GMT 2024","0","singleShardInfosToShardInfo","","","","","should aggregate SingleShardInfos into a ShardInfo",""
"passed","Thu Apr 18 20:27:04 GMT 2024","Thu Apr 18 20:27:04 GMT 2024","0","Peer Exchange","Compliance Test","interface-peer-discovery compliance tests","","","can start and stop the service",""
"broken","Thu Apr 18 20:31:30 GMT 2024","Thu Apr 18 20:31:30 GMT 2024","0","Waku Store, time filter","","","","","msgTime: -19000 ms from now, startTime: -18990, endTime: -19010",""
"passed","Thu Apr 18 20:23:56 GMT 2024","Thu Apr 18 20:23:56 GMT 2024","2","getPeers","getPeers with varying maxBootstrapPeers","maxBootstrapPeers=6","","","numPeers=2 -- returns total 2 peers, with max 6 bootstrap peers",""
"passed","Thu Apr 18 20:26:42 GMT 2024","Thu Apr 18 20:26:42 GMT 2024","1","Static Sharding: Running Nodes","Different clusters and shards","","","","random static sharding 10 - Cluster ID: 829, Shard ID: 25",""
"passed","Thu Apr 18 20:27:04 GMT 2024","Thu Apr 18 20:27:04 GMT 2024","1","Peer Exchange","Compliance Test","interface-peer-discovery compliance tests","","","can start the service",""
"passed","Thu Apr 18 20:24:53 GMT 2024","Thu Apr 18 20:24:53 GMT 2024","4","Waku Light Push (named sharding): Multiple PubsubTopics","","","","","Push message on custom pubsubTopic",""
"passed","Thu Apr 18 20:27:04 GMT 2024","Thu Apr 18 20:27:04 GMT 2024","0","Peer Exchange","Compliance Test","interface-peer-discovery compliance tests","","","should not receive a peer event before start",""
"broken","Thu Apr 18 20:30:58 GMT 2024","Thu Apr 18 20:30:58 GMT 2024","1","Waku Store, general","","","","","Query generator for multiple messages with different content topic format",""
"broken","Thu Apr 18 20:31:45 GMT 2024","Thu Apr 18 20:31:45 GMT 2024","0","Waku Light Push: Single Node","","","","","Push message with meta",""
"broken","Thu Apr 18 20:31:45 GMT 2024","Thu Apr 18 20:31:45 GMT 2024","0","Waku Light Push: Single Node","","","","","Push message with Chinese payload",""
"passed","Thu Apr 18 20:23:03 GMT 2024","Thu Apr 18 20:23:03 GMT 2024","0","ENR","Verify","","","","should throw error - no id",""
"broken","Thu Apr 18 20:31:45 GMT 2024","Thu Apr 18 20:31:45 GMT 2024","0","Waku Light Push: Single Node","","","","","Push message with content topic containing unicode special characters",""
"broken","Thu Apr 18 20:31:45 GMT 2024","Thu Apr 18 20:31:45 GMT 2024","0","Waku Light Push: Single Node","","","","","Push message equal or less that 1MB",""
"broken","Thu Apr 18 20:30:43 GMT 2024","Thu Apr 18 20:30:43 GMT 2024","0","Waku Store, page size","","","","","Passing page size 1 when there are 4 messages",""
"passed","Thu Apr 18 20:24:06 GMT 2024","Thu Apr 18 20:24:06 GMT 2024","0","DNS Discovery: Compliance Test","interface-peer-discovery compliance tests","","","","should not fail to start the service if it is already started",""
"broken","Thu Apr 18 20:29:05 GMT 2024","Thu Apr 18 20:29:05 GMT 2024","0","Waku Relay, Subscribe","","","","","Subscribe to topic containing escaped characters and publish message",""
"passed","Thu Apr 18 20:26:42 GMT 2024","Thu Apr 18 20:26:42 GMT 2024","0","Static Sharding: Running Nodes","Different clusters and shards","","","","random static sharding 7 - Cluster ID: 768, Shard ID: 973",""
"broken","Thu Apr 18 20:25:32 GMT 2024","Thu Apr 18 20:25:32 GMT 2024","0","Waku Relay, Publish","","","","","Check publish message containing numeric",""
"passed","Thu Apr 18 20:22:54 GMT 2024","Thu Apr 18 20:22:54 GMT 2024","0","ensureValidContentTopic","","","","","throws on content topic with empty application field",""
"passed","Thu Apr 18 20:24:36 GMT 2024","Thu Apr 18 20:24:36 GMT 2024","1","Metadata Protocol","connections","","","","same cluster, same shard: nodes connect",""
"passed","Thu Apr 18 20:22:54 GMT 2024","Thu Apr 18 20:22:54 GMT 2024","1","pubsubTopicToSingleShardInfo with various invalid formats","","","","","should throw an error for non-numeric shard: /waku/2/rs/1/-",""
"passed","Thu Apr 18 20:22:57 GMT 2024","Thu Apr 18 20:22:57 GMT 2024","0","RFC Test Vectors","","","","","Waku message hash computation (payload length 0)",""
"passed","Thu Apr 18 20:24:19 GMT 2024","Thu Apr 18 20:24:19 GMT 2024","0","This","Is also","","","","A test",""
"passed","Thu Apr 18 20:24:53 GMT 2024","Thu Apr 18 20:24:53 GMT 2024","0","Waku Light Push : Multiple PubsubTopics","","","","","Light push messages to 2 nwaku nodes each with different pubsubtopics",""
"passed","Thu Apr 18 20:23:03 GMT 2024","Thu Apr 18 20:23:03 GMT 2024","0","ENR","Location multiaddr","","","","should properly create location multiaddrs - udp4",""
"skipped","Thu Apr 18 20:23:56 GMT 2024","Thu Apr 18 20:23:56 GMT 2024","0","getConnectedPeersForProtocolAndShard","","","","","same cluster, different shard: nodes connect (autosharding)",""
"passed","Thu Apr 18 20:23:18 GMT 2024","Thu Apr 18 20:23:18 GMT 2024","1","ENRTree","","","","","ENRTree (tree): should error if DNS tree entry is misformatted",""
"passed","Thu Apr 18 20:28:13 GMT 2024","Thu Apr 18 20:28:13 GMT 2024","0","Static Sharding: Peer Management","Peer Exchange","","","","px service nodes not subscribed to the shard should not be dialed",""
"passed","Thu Apr 18 20:23:02 GMT 2024","Thu Apr 18 20:23:02 GMT 2024","1","ENR waku2 codec","Encoding","","","","should be able to encode the field with STORE and LIGHTPUSH protocols set to true",""
"passed","Thu Apr 18 20:22:54 GMT 2024","Thu Apr 18 20:22:54 GMT 2024","0","pubsubTopicToSingleShardInfo with various invalid formats","","","","","should extract SingleShardInfo from a valid PubsubTopic",""
"passed","Thu Apr 18 20:23:22 GMT 2024","Thu Apr 18 20:23:22 GMT 2024","0","Local Storage Discovery","Unit Tests","","","","should add and remove event listeners correctly",""
"passed","Thu Apr 18 20:27:04 GMT 2024","Thu Apr 18 20:27:04 GMT 2024","0","Peer Exchange","Compliance Test","interface-peer-discovery compliance tests","","","should emit a peer event after start",""
"broken","Thu Apr 18 20:31:45 GMT 2024","Thu Apr 18 20:31:45 GMT 2024","1","Waku Light Push: Single Node","","","","","Push message with numeric payload",""
"passed","Thu Apr 18 20:22:54 GMT 2024","Thu Apr 18 20:22:54 GMT 2024","0","ensurePubsubTopicIsConfigured","","","","","should not throw an error when the topic is within a list of configured topics",""
"passed","Thu Apr 18 20:23:22 GMT 2024","Thu Apr 18 20:23:22 GMT 2024","0","Local Storage Discovery","Compliance Tests","interface-peer-discovery compliance tests","","","should not receive a peer event before start",""
"passed","Thu Apr 18 20:23:51 GMT 2024","Thu Apr 18 20:23:51 GMT 2024","1","Dials","dialPeer method","For bootstrap peers","","","should be called for bootstrap peers",""
"broken","Thu Apr 18 20:22:54 GMT 2024","Thu Apr 18 20:22:54 GMT 2024","0","determinePubsubTopic","","","","","should fall back to default pubsub topic when pubsubTopicShardInfo is not provided",""
"passed","Thu Apr 18 20:22:54 GMT 2024","Thu Apr 18 20:22:54 GMT 2024","0","ensurePubsubTopicIsConfigured","","","","","should not throw an error for a single configured topic",""
"skipped","Thu Apr 18 20:24:06 GMT 2024","Thu Apr 18 20:24:06 GMT 2024","1","DNS Node Discovery [live data]","","","","","passes more than one ENR URLs and attempts connection",""
"passed","Thu Apr 18 20:23:22 GMT 2024","Thu Apr 18 20:23:22 GMT 2024","1","Local Storage Discovery","Compliance Tests","interface-peer-discovery compliance tests","","","should emit a peer event after start",""
"passed","Thu Apr 18 20:23:28 GMT 2024","Thu Apr 18 20:23:28 GMT 2024","1","Ensures content topic is defined","","","","","Decoder throws on empty string content topic",""
"passed","Thu Apr 18 20:23:03 GMT 2024","Thu Apr 18 20:23:03 GMT 2024","0","ENR","Location multiaddr","","","","should properly create location multiaddrs - tcp6",""
"skipped","Thu Apr 18 20:25:53 GMT 2024","Thu Apr 18 20:25:53 GMT 2024","0","SDK: Creating by Content Topic","","","","","receives messages sent to provided content topic through stream",""
"broken","Thu Apr 18 20:29:05 GMT 2024","Thu Apr 18 20:29:05 GMT 2024","0","Waku Relay, Subscribe","","","","","Subscribe to topic containing long and publish message",""
"broken","Thu Apr 18 20:25:32 GMT 2024","Thu Apr 18 20:25:32 GMT 2024","0","Waku Relay, Publish","","","","","Publish message with rate limit",""
"passed","Thu Apr 18 20:30:36 GMT 2024","Thu Apr 18 20:30:36 GMT 2024","0","Wait for remote peer","","","","","Light Node - default protocols",""
"passed","Thu Apr 18 20:23:56 GMT 2024","Thu Apr 18 20:23:56 GMT 2024","4","getPeers","getPeers with varying maxBootstrapPeers","maxBootstrapPeers=5","","","numPeers=0 -- returns all peers including all non-bootstrap with maxBootstrapPeers: 5",""
"passed","Thu Apr 18 20:23:03 GMT 2024","Thu Apr 18 20:23:03 GMT 2024","0","ENR","Static tests","","","","should encode/decode to RLP encoding",""
"passed","Thu Apr 18 20:23:03 GMT 2024","Thu Apr 18 20:23:03 GMT 2024","0","ENR","waku2 key round trip","","","","should set field with all protocols disabled",""
"passed","Thu Apr 18 20:23:02 GMT 2024","Thu Apr 18 20:23:02 GMT 2024","1","ENR waku2 codec","Decoding","","","","should be able to decode the field with only FILTER set to true",""
"skipped","Thu Apr 18 20:23:18 GMT 2024","Thu Apr 18 20:23:18 GMT 2024","0","DNS Node Discovery [live data]","","","","","should retrieve 3 multiaddrs for test.waku.nodes.status.im",""
"passed","Thu Apr 18 20:22:54 GMT 2024","Thu Apr 18 20:22:54 GMT 2024","0","pubsubTopicToSingleShardInfo with various invalid formats","","","","","should throw an error for non-numeric shard: /waku/2/rs/1/",""
"skipped","Thu Apr 18 20:25:53 GMT 2024","Thu Apr 18 20:25:53 GMT 2024","0","Autosharding: Running Nodes","Different clusters and topics","","","","Cluster ID 0 - Default/Global Cluster",""
"skipped","Thu Apr 18 20:23:18 GMT 2024","Thu Apr 18 20:23:18 GMT 2024","0","DNS Node Discovery [live data]","","","","","should retrieve 3 multiaddrs for sandbox.waku.nodes.status.im",""
"broken","Thu Apr 18 20:30:02 GMT 2024","Thu Apr 18 20:30:02 GMT 2024","0","Waku Store, order","","","","","Query Generator  - backward",""
"passed","Thu Apr 18 20:23:28 GMT 2024","Thu Apr 18 20:23:28 GMT 2024","0","Waku Encryption","","","","","Symmetric encrypt & Decrypt",""
"broken","Thu Apr 18 20:25:32 GMT 2024","Thu Apr 18 20:25:32 GMT 2024","2","Waku Relay, Publish","","","","","Check publish message containing special chars",""
"passed","Thu Apr 18 20:23:56 GMT 2024","Thu Apr 18 20:23:56 GMT 2024","0","getPeers","getPeers with varying maxBootstrapPeers","maxBootstrapPeers=3","","","numPeers=4 -- returns total 4 peers, with max 3 bootstrap peers",""
"broken","Thu Apr 18 20:30:58 GMT 2024","Thu Apr 18 20:30:58 GMT 2024","0","Waku Store, general","","","","","Callback on promise, aborts when callback returns true",""
"passed","Thu Apr 18 20:22:54 GMT 2024","Thu Apr 18 20:22:54 GMT 2024","0","pubsubTopicToSingleShardInfo with various invalid formats","","","","","should throw an error for non-numeric clusterId: /waku/2/rs//1",""
"broken","Thu Apr 18 20:25:53 GMT 2024","Thu Apr 18 20:25:53 GMT 2024","0","Waku Relay","","","","","Delete observer",""
"passed","Thu Apr 18 20:24:06 GMT 2024","Thu Apr 18 20:24:06 GMT 2024","0","DNS Discovery: Compliance Test","interface-peer-discovery compliance tests","","","","should not fail to stop the service if it was not started",""
"passed","Thu Apr 18 20:22:54 GMT 2024","Thu Apr 18 20:22:54 GMT 2024","0","ensureShardingConfigured","","","","","should configure sharding based on clusterId, application and version for autosharding with cluster iD 0",""
"broken","Thu Apr 18 20:31:45 GMT 2024","Thu Apr 18 20:31:45 GMT 2024","1","Waku Light Push: Single Node","","","","","Push message with Script payload",""
"passed","Thu Apr 18 20:28:01 GMT 2024","Thu Apr 18 20:28:01 GMT 2024","1","Waku Store, error handling","","","","","Query with Ordered Callback, Multiple PubsubTopics",""
"passed","Thu Apr 18 20:23:56 GMT 2024","Thu Apr 18 20:23:56 GMT 2024","1","getPeers","getPeers with varying maxBootstrapPeers","maxBootstrapPeers=2","","","numPeers=1 -- returns one bootstrap peer ",""
"passed","Thu Apr 18 20:22:54 GMT 2024","Thu Apr 18 20:22:54 GMT 2024","0","shardInfoToPubsubTopics","","","","","should return unique PubsubTopics for static sharding",""
"passed","Thu Apr 18 20:24:24 GMT 2024","Thu Apr 18 20:24:24 GMT 2024","0","Public methods","","","","","addEventListener with correct event",""
"passed","Thu Apr 18 20:23:28 GMT 2024","Thu Apr 18 20:23:28 GMT 2024","1","Waku Encryption","","","","","Asymmetric encrypt & decrypt",""
"broken","Thu Apr 18 20:31:45 GMT 2024","Thu Apr 18 20:31:45 GMT 2024","0","Waku Light Push: Single Node","","","","","Push message with content topic containing Basic HTML tag",""
"passed","Thu Apr 18 20:22:54 GMT 2024","Thu Apr 18 20:22:54 GMT 2024","0","contentTopicToShardIndex","","","","","should correctly map /app/29/sometopic/someencoding to shard index 6",""
"passed","Thu Apr 18 20:23:28 GMT 2024","Thu Apr 18 20:23:28 GMT 2024","1","Ensures content topic is defined","","","","","Encoder throws on undefined content topic",""
"broken","Thu Apr 18 20:28:01 GMT 2024","Thu Apr 18 20:28:01 GMT 2024","1","Waku Store, error handling","","","","","Query with Promise Callback, No message returned",""
"passed","Thu Apr 18 20:22:54 GMT 2024","Thu Apr 18 20:22:54 GMT 2024","1","pubsubTopicToSingleShardInfo with various invalid formats","","","","","should throw an error for invalid PubsubTopic format: /waku/1/rs/1/2",""
"passed","Thu Apr 18 20:22:54 GMT 2024","Thu Apr 18 20:22:54 GMT 2024","0","ensureShardingConfigured","","","","","handles empty contentTopics array correctly",""
"broken","Thu Apr 18 20:31:45 GMT 2024","Thu Apr 18 20:31:45 GMT 2024","0","Waku Light Push: Single Node","","","","","Push message with content topic containing escaped characters",""
"passed","Thu Apr 18 20:22:54 GMT 2024","Thu Apr 18 20:22:54 GMT 2024","1","singleShardInfoToPubsubTopic","","","","","should convert a SingleShardInfo object to the correct PubsubTopic",""
"skipped","Thu Apr 18 20:25:53 GMT 2024","Thu Apr 18 20:25:53 GMT 2024","1","Autosharding: Running Nodes","Different clusters and topics","","","","random auto sharding 9 - Cluster ID: 1, Content Topic: /app87/8/topic505/utf8",""
"passed","Thu Apr 18 20:23:02 GMT 2024","Thu Apr 18 20:23:02 GMT 2024","2","ENR waku2 codec","Decoding","","","","should be able to decode the field with only LIGHTPUSH set to true",""
"broken","Thu Apr 18 20:31:45 GMT 2024","Thu Apr 18 20:31:45 GMT 2024","0","Waku Light Push: Single Node","","","","","Throws when trying to push message with empty payload",""
"passed","Thu Apr 18 20:23:03 GMT 2024","Thu Apr 18 20:23:03 GMT 2024","0","ENR","Txt codec","","","","should decode valid enr with tcp successfully",""
"passed","Thu Apr 18 20:22:54 GMT 2024","Thu Apr 18 20:22:54 GMT 2024","1","contentTopicToShardIndex","","","","","topics with same application and version share the same shard",""
"passed","Thu Apr 18 20:22:54 GMT 2024","Thu Apr 18 20:22:54 GMT 2024","0","pubsubTopicToSingleShardInfo with various invalid formats","","","","","should throw an error for non-numeric shard: /waku/2/rs/1/ ",""
"passed","Thu Apr 18 20:24:18 GMT 2024","Thu Apr 18 20:24:18 GMT 2024","0","Connection state","","","","","isConnected should return false after all peers disconnect",""
"passed","Thu Apr 18 20:23:56 GMT 2024","Thu Apr 18 20:23:56 GMT 2024","0","getPeers","getPeers with varying maxBootstrapPeers","maxBootstrapPeers=7","","","numPeers=1 -- returns one bootstrap peer ",""
"broken","Thu Apr 18 20:25:32 GMT 2024","Thu Apr 18 20:25:32 GMT 2024","0","Waku Relay, Publish","","","","","Check publish message containing shell command",""
"passed","Thu Apr 18 20:23:51 GMT 2024","Thu Apr 18 20:23:51 GMT 2024","1","Dials","dialPeer method","For peer-exchange peers","","","should be called for peers with PEER_EXCHANGE tags",""
"passed","Thu Apr 18 20:24:24 GMT 2024","Thu Apr 18 20:24:24 GMT 2024","0","Public methods","","","","","removeEventListener with wrong event",""
"passed","Thu Apr 18 20:26:42 GMT 2024","Thu Apr 18 20:26:42 GMT 2024","0","Static Sharding: Running Nodes","Different clusters and shards","","","","random static sharding 1 - Cluster ID: 124, Shard ID: 404",""
"passed","Thu Apr 18 20:26:42 GMT 2024","Thu Apr 18 20:26:42 GMT 2024","1","Static Sharding: Running Nodes","Others","","","","configure the node with multiple pubsub topics",""
"passed","Thu Apr 18 20:27:04 GMT 2024","Thu Apr 18 20:27:04 GMT 2024","1","Peer Exchange","Compliance Test","interface-peer-discovery compliance tests","","","should not fail to start the service if it is already started",""
"skipped","Thu Apr 18 20:25:53 GMT 2024","Thu Apr 18 20:25:53 GMT 2024","0","SDK: Creating by Content Topic","","","","","receives messages sent to provided content topic through callback (Waku class)",""
"broken","Thu Apr 18 20:31:30 GMT 2024","Thu Apr 18 20:31:30 GMT 2024","0","Waku Store, time filter","","","","","Timestamp too far from node time: -20000 ms from now",""
"passed","Thu Apr 18 20:22:54 GMT 2024","Thu Apr 18 20:22:54 GMT 2024","1","contentTopicToShardIndex","","","","","should correctly map /waku/2/content/test.js to shard index 1",""
"broken","Thu Apr 18 20:23:28 GMT 2024","Thu Apr 18 20:23:28 GMT 2024","0","Ensures content topic is defined","","","","","Encoder throws on empty string content topic",""
"broken","Thu Apr 18 20:31:45 GMT 2024","Thu Apr 18 20:31:45 GMT 2024","0","Waku Light Push: Single Node","","","","","Fails to push message bigger that 1MB",""
"passed","Thu Apr 18 20:23:03 GMT 2024","Thu Apr 18 20:23:03 GMT 2024","0","ENR","Multiaddr getters and setters","","","","should get / set UDP multiaddr",""
"passed","Thu Apr 18 20:23:11 GMT 2024","Thu Apr 18 20:23:11 GMT 2024","0","Message Validator","","","","","Rejects garbage",""
"broken","Thu Apr 18 20:29:05 GMT 2024","Thu Apr 18 20:29:05 GMT 2024","1","Waku Relay, Subscribe","","","","","Subscribe to topic containing JSON and publish message",""
"passed","Thu Apr 18 20:26:42 GMT 2024","Thu Apr 18 20:26:42 GMT 2024","0","Static Sharding: Running Nodes","Different clusters and shards","","","","random static sharding 5 - Cluster ID: 101, Shard ID: 136",""
"broken","Thu Apr 18 20:31:45 GMT 2024","Thu Apr 18 20:31:45 GMT 2024","0","Waku Light Push: Single Node","","","","","Push message with emoji payload",""
"passed","Thu Apr 18 20:26:42 GMT 2024","Thu Apr 18 20:26:42 GMT 2024","0","Static Sharding: Running Nodes","Different clusters and shards","","","","random static sharding 4 - Cluster ID: 931, Shard ID: 105",""
"broken","Thu Apr 18 20:28:31 GMT 2024","Thu Apr 18 20:28:31 GMT 2024","0","Waku Store, cursor","","","","","Passing a valid cursor at 2 index when there are 4 messages",""
"broken","Thu Apr 18 20:30:43 GMT 2024","Thu Apr 18 20:30:43 GMT 2024","0","Waku Store, page size","","","","","Passing page size 3 when there are 20 messages",""
"passed","Thu Apr 18 20:24:36 GMT 2024","Thu Apr 18 20:24:36 GMT 2024","0","Metadata Protocol","connections","","","","same cluster, different shard: nodes connect",""
"passed","Thu Apr 18 20:22:54 GMT 2024","Thu Apr 18 20:22:54 GMT 2024","0","contentTopicToShardIndex","","","","","should correctly map /app/27/sometopic/someencoding to shard index 5",""
"broken","Thu Apr 18 20:29:05 GMT 2024","Thu Apr 18 20:29:05 GMT 2024","1","Waku Relay, Subscribe","","","","","Subscribe to topic containing unicode special characters and publish message",""
"passed","Thu Apr 18 20:30:36 GMT 2024","Thu Apr 18 20:30:36 GMT 2024","0","Waku Dial [node only]","Bootstrap","","","","Using a function",""
"passed","Thu Apr 18 20:24:18 GMT 2024","Thu Apr 18 20:24:18 GMT 2024","0","Connection state","","","","","should emit `waku:online` event only when first peer is connected",""
"passed","Thu Apr 18 20:23:28 GMT 2024","Thu Apr 18 20:23:28 GMT 2024","0","Symmetric Encryption","","","","","Round trip binary encryption [symmetric, signature]",""
"passed","Thu Apr 18 20:23:56 GMT 2024","Thu Apr 18 20:23:56 GMT 2024","0","getPeers","getPeers with varying maxBootstrapPeers","maxBootstrapPeers=1","","","numPeers=4 -- returns total 4 peers, with max 1 bootstrap peers",""
"skipped","Thu Apr 18 20:25:32 GMT 2024","Thu Apr 18 20:25:32 GMT 2024","0","Waku Relay, Publish","","","","","Check publish message after client node is restarted",""
"broken","Thu Apr 18 20:31:30 GMT 2024","Thu Apr 18 20:31:30 GMT 2024","0","Waku Store, time filter","","","","","msgTime: -19000 ms from now, startTime: -20000, endTime: -19000",""
"passed","Thu Apr 18 20:24:06 GMT 2024","Thu Apr 18 20:24:06 GMT 2024","0","DNS Discovery: Compliance Test","interface-peer-discovery compliance tests","","","","should not receive a peer event before start",""
"passed","Thu Apr 18 20:23:18 GMT 2024","Thu Apr 18 20:23:18 GMT 2024","0","DNS Node Discovery","","","","","recovers when dns.resolve returns empty",""
"broken","Thu Apr 18 20:30:18 GMT 2024","Thu Apr 18 20:30:18 GMT 2024","0","Waku Store, sorting","","","","","Query Generator sorting by timestamp while page direction is backward",""
"broken","Thu Apr 18 20:31:45 GMT 2024","Thu Apr 18 20:31:45 GMT 2024","0","Waku Light Push: Single Node","","","","","Push message with content topic containing numeric",""
"passed","Thu Apr 18 20:23:02 GMT 2024","Thu Apr 18 20:23:02 GMT 2024","1","ENR waku2 codec","Decoding","","","","should be able to decode the field with RELAY and FILTER protocols set to true",""
"broken","Thu Apr 18 20:31:30 GMT 2024","Thu Apr 18 20:31:30 GMT 2024","0","Waku Store, time filter","","","","","msgTime: -19000 ms from now, startTime: -19010, endTime: -18990",""
"broken","Thu Apr 18 20:25:32 GMT 2024","Thu Apr 18 20:25:32 GMT 2024","0","Waku Relay, Publish","","","","","Check publish message containing Script",""
"passed","Thu Apr 18 20:26:42 GMT 2024","Thu Apr 18 20:26:42 GMT 2024","0","Static Sharding: Running Nodes","Different clusters and shards","","","","random static sharding 2 - Cluster ID: 813, Shard ID: 984",""
"passed","Thu Apr 18 20:22:54 GMT 2024","Thu Apr 18 20:22:54 GMT 2024","1","shardInfoToPubsubTopics","","","","","should handle clusterId, application and version for autosharding with cluster iD 6",""
"broken","Thu Apr 18 20:29:05 GMT 2024","Thu Apr 18 20:29:05 GMT 2024","0","Waku Relay, Subscribe","","","","","Subscribe to topic containing Arabic and publish message",""
"skipped","Thu Apr 18 20:25:53 GMT 2024","Thu Apr 18 20:25:53 GMT 2024","0","SDK: Creating by Content Topic","","","","","given a content topic, creates a waku node and filter subscription",""
"broken","Thu Apr 18 20:25:32 GMT 2024","Thu Apr 18 20:25:32 GMT 2024","0","Waku Relay, Publish","","","","","Check publish message containing unicode special characters",""
"passed","Thu Apr 18 20:23:17 GMT 2024","Thu Apr 18 20:23:17 GMT 2024","1","Discovery","","","","","returns all values when wanted number matches available values",""
"broken","Thu Apr 18 20:31:45 GMT 2024","Thu Apr 18 20:31:45 GMT 2024","0","Waku Light Push: Single Node","","","","","Push message with content topic containing SQL Injection",""
"passed","Thu Apr 18 20:22:54 GMT 2024","Thu Apr 18 20:22:54 GMT 2024","0","ensureValidContentTopic","","","","","throws on content topic with empty encoding field",""
"passed","Thu Apr 18 20:24:18 GMT 2024","Thu Apr 18 20:24:18 GMT 2024","0","Connection state","","","","","`waku:online` bwtween 2 js-waku relay nodes",""
"skipped","Thu Apr 18 20:25:53 GMT 2024","Thu Apr 18 20:25:53 GMT 2024","0","Autosharding: Running Nodes","Different clusters and topics","","","","Wrong topic",""
"broken","Thu Apr 18 20:31:30 GMT 2024","Thu Apr 18 20:31:30 GMT 2024","0","Waku Store, time filter","","","","","msgTime: -19000 ms from now, startTime: -19002, endTime: -19001",""
"passed","Thu Apr 18 20:23:54 GMT 2024","Thu Apr 18 20:23:54 GMT 2024","1","ENR Interop: ServiceNode","","","","","Relay + Store",""
"passed","Thu Apr 18 20:22:54 GMT 2024","Thu Apr 18 20:22:54 GMT 2024","0","pubsubTopicToSingleShardInfo with various invalid formats","","","","","should throw an error for non-numeric shard: /waku/2/rs/1/!",""
"passed","Thu Apr 18 20:22:54 GMT 2024","Thu Apr 18 20:22:54 GMT 2024","1","ensureValidContentTopic","","","","","throws on content topic with empty version field",""
"passed","Thu Apr 18 20:24:19 GMT 2024","Thu Apr 18 20:24:19 GMT 2024","0","Waku Filter V2 (Named sharding): Multiple PubsubTopics","","","","","Subscribe and receive messages on custom pubsubtopic",""
"passed","Thu Apr 18 20:24:22 GMT 2024","Thu Apr 18 20:24:22 GMT 2024","1","nwaku","","","","","Correctly serialized arguments",""
"passed","Thu Apr 18 20:22:54 GMT 2024","Thu Apr 18 20:22:54 GMT 2024","0","pubsubTopicToSingleShardInfo with various invalid formats","","","","","should throw an error for non-numeric clusterId: /waku/2/rs/!/1",""
"passed","Thu Apr 18 20:23:03 GMT 2024","Thu Apr 18 20:23:03 GMT 2024","0","ENR","Multiaddr getters and setters","","","","should get / set TCP multiaddr",""
"passed","Thu Apr 18 20:22:54 GMT 2024","Thu Apr 18 20:22:54 GMT 2024","0","contentTopicToShardIndex","","","","","should correctly map /app/22/sometopic/someencoding to shard index 2",""
"skipped","Thu Apr 18 20:25:53 GMT 2024","Thu Apr 18 20:25:53 GMT 2024","0","Autosharding: Running Nodes","Different clusters and topics","","","","random auto sharding 10 - Cluster ID: 1, Content Topic: /app49/10/topic498/xml",""
"passed","Thu Apr 18 20:23:03 GMT 2024","Thu Apr 18 20:23:03 GMT 2024","0","ENR","waku2 key round trip","","","","should set field with only RELAY enabled",""
"skipped","Thu Apr 18 20:23:56 GMT 2024","Thu Apr 18 20:23:56 GMT 2024","0","getConnectedPeersForProtocolAndShard","","","","","same cluster, different shard: nodes don't connect",""
"passed","Thu Apr 18 20:22:54 GMT 2024","Thu Apr 18 20:22:54 GMT 2024","0","contentTopicsByPubsubTopic","","","","","handles different clusterIds correctly",""
"passed","Thu Apr 18 20:23:56 GMT 2024","Thu Apr 18 20:23:56 GMT 2024","1","getPeers","getPeers with varying maxBootstrapPeers","maxBootstrapPeers=3","","","numPeers=2 -- returns total 2 peers, with max 3 bootstrap peers",""
"skipped","Thu Apr 18 20:28:34 GMT 2024","Thu Apr 18 20:28:34 GMT 2024","1","Waku Store (Autosharding), custom pubsub topic","","","","","Generator, 2 different pubsubtopics",""
"skipped","Thu Apr 18 20:24:19 GMT 2024","Thu Apr 18 20:24:19 GMT 2024","1","Waku Filter V2 (Autosharding): Multiple PubsubTopics","","","","","Subscribe and receive messages from 2 nwaku nodes each with different pubsubtopics",""
"passed","Thu Apr 18 20:22:57 GMT 2024","Thu Apr 18 20:22:57 GMT 2024","1","RFC Test Vectors","","","","","Waku message hash computation",""
"passed","Thu Apr 18 20:23:07 GMT 2024","Thu Apr 18 20:23:07 GMT 2024","0","filterPeersByDiscovery function","","","","","should return all peers when numPeers is 0",""
"passed","Thu Apr 18 20:24:06 GMT 2024","Thu Apr 18 20:24:06 GMT 2024","1","DNS Discovery: Compliance Test","interface-peer-discovery compliance tests","","","","can start and stop the service",""
"broken","Thu Apr 18 20:31:30 GMT 2024","Thu Apr 18 20:31:30 GMT 2024","1","Waku Store, time filter","","","","","msgTime: -19000 ms from now, startTime: -18999, endTime: -18996",""
"passed","Thu Apr 18 20:30:36 GMT 2024","Thu Apr 18 20:30:36 GMT 2024","5","Wait for remote peer","","","","","Privacy Node - default protocol",""
"passed","Thu Apr 18 20:27:04 GMT 2024","Thu Apr 18 20:27:04 GMT 2024","1","Peer Exchange","Compliance Test","interface-peer-discovery compliance tests","","","should not receive a peer event after stop",""
"passed","Thu Apr 18 20:23:18 GMT 2024","Thu Apr 18 20:23:18 GMT 2024","0","Fetch nodes until capabilities are fulfilled","","","","","1 Relay, 1 fetch",""
"passed","Thu Apr 18 20:23:03 GMT 2024","Thu Apr 18 20:23:03 GMT 2024","0","ENR","Location multiaddr","","","","should properly create location multiaddrs - udp",""
"skipped","Thu Apr 18 20:25:53 GMT 2024","Thu Apr 18 20:25:53 GMT 2024","0","Autosharding: Running Nodes","Different clusters and topics","","","","random auto sharding 8 - Cluster ID: 1, Content Topic: /app47/2/topic391/utf8",""
"broken","Thu Apr 18 20:24:53 GMT 2024","Thu Apr 18 20:24:53 GMT 2024","1","Waku Light Push (named sharding): Multiple PubsubTopics","","","","","Light push messages to 2 nwaku nodes each with different pubsubtopics",""
"broken","Thu Apr 18 20:31:45 GMT 2024","Thu Apr 18 20:31:45 GMT 2024","0","Waku Light Push: Single Node","","","","","Push message with unicode special characters payload",""
"skipped","Thu Apr 18 20:25:53 GMT 2024","Thu Apr 18 20:25:53 GMT 2024","0","Autosharding: Running Nodes","Different clusters and topics","","","","random auto sharding 4 - Cluster ID: 1, Content Topic: /app14/3/topic740/json",""
"passed","Thu Apr 18 20:23:18 GMT 2024","Thu Apr 18 20:23:18 GMT 2024","1","DNS Node Discovery","","","","","ignores domain fetching errors",""
"passed","Thu Apr 18 20:22:54 GMT 2024","Thu Apr 18 20:22:54 GMT 2024","0","pubsubTopicToSingleShardInfo with various invalid formats","","","","","should throw an error for non-numeric clusterId: /waku/2/rs/\/1",""
"passed","Thu Apr 18 20:23:56 GMT 2024","Thu Apr 18 20:23:56 GMT 2024","1","getPeers","getPeers with varying maxBootstrapPeers","maxBootstrapPeers=2","","","numPeers=3 -- returns total 3 peers, with max 2 bootstrap peers",""
"passed","Thu Apr 18 20:24:19 GMT 2024","Thu Apr 18 20:24:19 GMT 2024","1","Waku Filter V2: Multiple PubsubTopics","","","","","Subscribe and receive messages from 2 nwaku nodes each with different pubsubtopics",""
"passed","Thu Apr 18 20:30:36 GMT 2024","Thu Apr 18 20:30:36 GMT 2024","0","Wait for remote peer","","","","","Relay - times out",""
"passed","Thu Apr 18 20:29:31 GMT 2024","Thu Apr 18 20:29:31 GMT 2024","0","Waku Relay, Interop","","","","","nwaku subscribes",""
"passed","Thu Apr 18 20:22:54 GMT 2024","Thu Apr 18 20:22:54 GMT 2024","1","contentTopicToShardIndex","","","","","should correctly map /0/toychat/2/huilong/proto to shard index 3",""
"broken","Thu Apr 18 20:30:02 GMT 2024","Thu Apr 18 20:30:02 GMT 2024","0","Waku Store, order","","","","","Promise Callback  - forward",""
"broken","Thu Apr 18 20:25:32 GMT 2024","Thu Apr 18 20:25:32 GMT 2024","0","Waku Relay, Publish","","","","","Check publish message containing SQL Injection",""
"skipped","Thu Apr 18 20:25:53 GMT 2024","Thu Apr 18 20:25:53 GMT 2024","0","Autosharding: Running Nodes","Different clusters and topics","","","","random auto sharding 5 - Cluster ID: 1, Content Topic: /app79/9/topic441/test.js",""
"skipped","Thu Apr 18 20:25:53 GMT 2024","Thu Apr 18 20:25:53 GMT 2024","0","Autosharding: Running Nodes","Others","","","","using a protocol with unconfigured pubsub topic should fail",""
"passed","Thu Apr 18 20:23:03 GMT 2024","Thu Apr 18 20:23:03 GMT 2024","0","ENR","Verify","","","","should throw error - no public key",""
"passed","Thu Apr 18 20:22:54 GMT 2024","Thu Apr 18 20:22:54 GMT 2024","1","ensureShardingConfigured","","","","","handles empty shards array correctly",""
"skipped","Thu Apr 18 20:23:56 GMT 2024","Thu Apr 18 20:23:56 GMT 2024","1","getConnectedPeersForProtocolAndShard","","","","","same cluster, same shard: nodes connect (autosharding)",""
"skipped","Thu Apr 18 20:24:06 GMT 2024","Thu Apr 18 20:24:06 GMT 2024","0","DNS Node Discovery [live data]","","","","","should retrieve 3 multiaddrs for test.waku.nodes.status.im",""
"skipped","Thu Apr 18 20:24:53 GMT 2024","Thu Apr 18 20:24:53 GMT 2024","0","Waku Light Push (Autosharding): Multiple PubsubTopics","","","","","Subscribe and receive messages on 2 different pubsubtopics",""
"passed","Thu Apr 18 20:24:06 GMT 2024","Thu Apr 18 20:24:06 GMT 2024","0","DNS Discovery: Compliance Test","interface-peer-discovery compliance tests","","","","can start the service",""
"passed","Thu Apr 18 20:24:22 GMT 2024","Thu Apr 18 20:24:22 GMT 2024","1","multiaddr: dialing","","","","","can dial TLS multiaddrs",""
"broken","Thu Apr 18 20:28:31 GMT 2024","Thu Apr 18 20:28:31 GMT 2024","0","Waku Store, cursor","","","","","Passing a valid cursor at 10 index when there are 40 messages",""
"broken","Thu Apr 18 20:23:28 GMT 2024","Thu Apr 18 20:23:28 GMT 2024","1","Ensures content topic is defined","","","","","Encoder throws on undefined content topic",""
"broken","Thu Apr 18 20:30:02 GMT 2024","Thu Apr 18 20:30:02 GMT 2024","12","Waku Store, order","","","","","Ordered Callback - backward",""
"broken","Thu Apr 18 20:25:13 GMT 2024","Thu Apr 18 20:25:13 GMT 2024","1","Waku Message Ephemeral field","","","","","Ephemeral field is preserved - encoder v0",""
"broken","Thu Apr 18 20:30:18 GMT 2024","Thu Apr 18 20:30:18 GMT 2024","1","Waku Store, sorting","","","","","Ordered Callback sorting by timestamp while page direction is backward",""
"passed","Thu Apr 18 20:24:19 GMT 2024","Thu Apr 18 20:24:19 GMT 2024","0","Waku Filter V2 (Named sharding): Multiple PubsubTopics","","","","","Subscribe and receive messages from 2 nwaku nodes each with different pubsubtopics",""
"broken","Thu Apr 18 20:31:45 GMT 2024","Thu Apr 18 20:31:45 GMT 2024","0","Waku Light Push: Single Node","","","","","Push message with custom timestamp: 1713468237114",""
"passed","Thu Apr 18 20:22:54 GMT 2024","Thu Apr 18 20:22:54 GMT 2024","1","pushOrInitMapSet","","","","","Init the array if not present",""
"passed","Thu Apr 18 20:23:56 GMT 2024","Thu Apr 18 20:23:56 GMT 2024","0","getPeers","getPeers with varying maxBootstrapPeers","maxBootstrapPeers=6","","","numPeers=3 -- returns total 3 peers, with max 6 bootstrap peers",""
"passed","Thu Apr 18 20:28:01 GMT 2024","Thu Apr 18 20:28:01 GMT 2024","0","Waku Store, error handling","","","","","Query Generator, No Decoder",""
"passed","Thu Apr 18 20:23:22 GMT 2024","Thu Apr 18 20:23:22 GMT 2024","0","Local Storage Discovery","Compliance Tests","interface-peer-discovery compliance tests","","","can start and stop the service",""
"passed","Thu Apr 18 20:22:54 GMT 2024","Thu Apr 18 20:22:54 GMT 2024","0","shardInfoToPubsubTopics","","","","","should handle clusterId, application and version for autosharding with cluster iD 1",""
"passed","Thu Apr 18 20:23:18 GMT 2024","Thu Apr 18 20:23:18 GMT 2024","1","DNS Node Discovery w/ capabilities","","","","","should only return 1 node with store capability",""
"broken","Thu Apr 18 20:31:45 GMT 2024","Thu Apr 18 20:31:45 GMT 2024","0","Waku Light Push: Single Node","","","","","Push message with Basic HTML tag payload",""
"passed","Thu Apr 18 20:30:36 GMT 2024","Thu Apr 18 20:30:36 GMT 2024","1","Decryption Keys","","","","","Used by Waku Relay",""
"passed","Thu Apr 18 20:22:54 GMT 2024","Thu Apr 18 20:22:54 GMT 2024","0","pubsubTopicToSingleShardInfo with various invalid formats","","","","","should throw an error for non-numeric clusterId: /waku/2/rs/$/1",""
"passed","Thu Apr 18 20:23:22 GMT 2024","Thu Apr 18 20:23:22 GMT 2024","0","Local Storage Discovery","Unit Tests","","","","should load peers from local storage and dispatch events",""
"passed","Thu Apr 18 20:26:42 GMT 2024","Thu Apr 18 20:26:42 GMT 2024","0","Static Sharding: Running Nodes","Others","","","","start node with empty shard",""
"passed","Thu Apr 18 20:22:54 GMT 2024","Thu Apr 18 20:22:54 GMT 2024","0","pubsubTopicToSingleShardInfo with various invalid formats","","","","","should throw an error for non-numeric shard: /waku/2/rs/1/x",""
"passed","Thu Apr 18 20:22:55 GMT 2024","Thu Apr 18 20:22:55 GMT 2024","0","Relay Shard codec","","","","","should correctly encode and decode relay shards using rsv format (Bit Vector)",""
"passed","Thu Apr 18 20:28:01 GMT 2024","Thu Apr 18 20:28:01 GMT 2024","0","Waku Store, error handling","","","","","Query with Ordered Callback, No Decoder",""
"passed","Thu Apr 18 20:28:34 GMT 2024","Thu Apr 18 20:28:34 GMT 2024","1","Waku Store, custom pubsub topic","","","","","Generator, 2 nwaku nodes each with different pubsubtopics",""
"passed","Thu Apr 18 20:23:56 GMT 2024","Thu Apr 18 20:23:56 GMT 2024","0","getPeers","getPeers with varying maxBootstrapPeers","maxBootstrapPeers=7","","","numPeers=0 -- returns all peers including all non-bootstrap with maxBootstrapPeers: 7",""
"passed","Thu Apr 18 20:23:03 GMT 2024","Thu Apr 18 20:23:03 GMT 2024","1","ENR","Static tests","","","","should properly compute the node id",""
"passed","Thu Apr 18 20:23:56 GMT 2024","Thu Apr 18 20:23:56 GMT 2024","0","getPeers","getPeers with varying maxBootstrapPeers","maxBootstrapPeers=6","","","numPeers=4 -- returns total 4 peers, with max 6 bootstrap peers",""
"passed","Thu Apr 18 20:22:54 GMT 2024","Thu Apr 18 20:22:54 GMT 2024","1","ensureValidContentTopic","","","","","throws on content topic with too few or too many fields",""
"broken","Thu Apr 18 20:28:31 GMT 2024","Thu Apr 18 20:28:31 GMT 2024","0","Waku Store, cursor","","","","","Passing a valid cursor at 110 index when there are 120 messages",""
"passed","Thu Apr 18 20:23:56 GMT 2024","Thu Apr 18 20:23:56 GMT 2024","1","getPeers","getPeers with varying maxBootstrapPeers","maxBootstrapPeers=4","","","numPeers=4 -- returns total 4 peers, with max 4 bootstrap peers",""
"broken","Thu Apr 18 20:31:45 GMT 2024","Thu Apr 18 20:31:45 GMT 2024","1","Waku Light Push: Single Node","","","","","Push message with content topic containing shell command",""
"passed","Thu Apr 18 20:23:02 GMT 2024","Thu Apr 18 20:23:02 GMT 2024","0","Multiaddr from fields","","","","","tcp ip4 address",""
"passed","Thu Apr 18 20:28:01 GMT 2024","Thu Apr 18 20:28:01 GMT 2024","0","Waku Store, error handling","","","","","Query Generator, Wrong PubsubTopic",""
"passed","Thu Apr 18 20:23:18 GMT 2024","Thu Apr 18 20:23:18 GMT 2024","0","DNS Node Discovery w/ capabilities","","","","","should only return 1 node with relay capability",""
"passed","Thu Apr 18 20:22:55 GMT 2024","Thu Apr 18 20:22:55 GMT 2024","0","Relay Shard codec","","","","","should throw an error for insufficient data",""
"passed","Thu Apr 18 20:23:28 GMT 2024","Thu Apr 18 20:23:28 GMT 2024","0","Ensures content topic is defined","","","","","Encoder throws on empty string content topic",""
"broken","Thu Apr 18 20:30:58 GMT 2024","Thu Apr 18 20:30:58 GMT 2024","0","Waku Store, general","","","","","Generator, with asymmetric & symmetric encrypted messages",""
"passed","Thu Apr 18 20:24:18 GMT 2024","Thu Apr 18 20:24:18 GMT 2024","1","Connection state","","","","","should emit `waku:offline` event only when all peers disconnect",""
"passed","Thu Apr 18 20:22:57 GMT 2024","Thu Apr 18 20:22:57 GMT 2024","0","RFC Test Vectors","","","","","Waku message hash computation (meta attribute not present)",""
"broken","Thu Apr 18 20:29:05 GMT 2024","Thu Apr 18 20:29:05 GMT 2024","0","Waku Relay, Subscribe","","","","","Publish without waiting for remote peer",""
"skipped","Thu Apr 18 20:25:53 GMT 2024","Thu Apr 18 20:25:53 GMT 2024","1","Autosharding: Running Nodes","Others","","","","start node with ApplicationInfo",""
"broken","Thu Apr 18 20:31:45 GMT 2024","Thu Apr 18 20:31:45 GMT 2024","0","Waku Light Push: Single Node","","","","","Push message with content topic containing Chinese",""
"passed","Thu Apr 18 20:23:18 GMT 2024","Thu Apr 18 20:23:18 GMT 2024","1","ENRTree","","","","","ENRTree (branch): should parse and verify a single component DNS branch entry",""
"passed","Thu Apr 18 20:24:19 GMT 2024","Thu Apr 18 20:24:19 GMT 2024","1","Waku Filter V2 (Named sharding): Multiple PubsubTopics","","","","","Subscribe and receive messages on 2 different pubsubtopics",""
"broken","Thu Apr 18 20:31:45 GMT 2024","Thu Apr 18 20:31:45 GMT 2024","0","Waku Light Push: Single Node","","","","","Push message with content topic containing Script",""
"skipped","Thu Apr 18 20:25:53 GMT 2024","Thu Apr 18 20:25:53 GMT 2024","0","Autosharding: Running Nodes","Different clusters and topics","","","","random auto sharding 1 - Cluster ID: 1, Content Topic: /app98/6/topic110/utf8",""
"passed","Thu Apr 18 20:26:14 GMT 2024","Thu Apr 18 20:26:14 GMT 2024","1","Peer Exchange","","","","","getPeersByDiscovery",""
"passed","Thu Apr 18 20:23:56 GMT 2024","Thu Apr 18 20:23:56 GMT 2024","0","getPeers","getPeers with varying maxBootstrapPeers","maxBootstrapPeers=2","","","numPeers=2 -- returns total 2 peers, with max 2 bootstrap peers",""
"passed","Thu Apr 18 20:22:54 GMT 2024","Thu Apr 18 20:22:54 GMT 2024","0","contentTopicsByPubsubTopic","","","","","handles different networkShards values correctly",""
"broken","Thu Apr 18 20:25:32 GMT 2024","Thu Apr 18 20:25:32 GMT 2024","0","Waku Relay, Publish","","","","","Publish message with custom timestamp: Thu Apr 18 2024 21:25:14 GMT+0000 (Coordinated Universal Time)",""
"broken","Thu Apr 18 20:23:08 GMT 2024","Thu Apr 18 20:23:08 GMT 2024","0","Ensures content topic is defined","","","","","Encoder throws on empty string content topic",""
"passed","Thu Apr 18 20:23:44 GMT 2024","Thu Apr 18 20:23:44 GMT 2024","1","Events","peer:disconnect","","","","isConnected should return false after all peers disconnect",""
"passed","Thu Apr 18 20:29:05 GMT 2024","Thu Apr 18 20:29:05 GMT 2024","1","Waku Relay, Subscribe","","","","","Register correct protocols",""
"broken","Thu Apr 18 20:25:13 GMT 2024","Thu Apr 18 20:25:13 GMT 2024","0","Waku Message Ephemeral field","","","","","Ephemeral messages are not stored",""
"passed","Thu Apr 18 20:28:01 GMT 2024","Thu Apr 18 20:28:01 GMT 2024","0","Waku Store, error handling","","","","","Query with Promise Callback, Wrong PubsubTopic",""
"passed","Thu Apr 18 20:24:36 GMT 2024","Thu Apr 18 20:24:36 GMT 2024","1","Metadata Protocol","connections","","","","different cluster, same shard: nodes don't connect",""
"passed","Thu Apr 18 20:23:56 GMT 2024","Thu Apr 18 20:23:56 GMT 2024","1","getPeers","getPeers with varying maxBootstrapPeers","maxBootstrapPeers=4","","","numPeers=1 -- returns one bootstrap peer ",""
"passed","Thu Apr 18 20:23:03 GMT 2024","Thu Apr 18 20:23:03 GMT 2024","0","ENR","Location multiaddr","","","","should properly create location multiaddrs - udp6",""
"passed","Thu Apr 18 20:23:18 GMT 2024","Thu Apr 18 20:23:18 GMT 2024","0","Fetch nodes until capabilities are fulfilled","","","","","1 Store, 2 fetches",""
"passed","Thu Apr 18 20:23:22 GMT 2024","Thu Apr 18 20:23:22 GMT 2024","0","Local Storage Discovery","Compliance Tests","interface-peer-discovery compliance tests","","","should not fail to stop the service if it was not started",""
"passed","Thu Apr 18 20:23:07 GMT 2024","Thu Apr 18 20:23:07 GMT 2024","1","filterPeersByDiscovery function","","","","","should return one bootstrap peer, and all non-boostrap peers, when numPeers is 0 & maxBootstrap is 1",""
"passed","Thu Apr 18 20:23:56 GMT 2024","Thu Apr 18 20:23:56 GMT 2024","0","getPeers","getPeers with varying maxBootstrapPeers","maxBootstrapPeers=3","","","numPeers=0 -- returns all peers including all non-bootstrap with maxBootstrapPeers: 3",""
"passed","Thu Apr 18 20:23:56 GMT 2024","Thu Apr 18 20:23:56 GMT 2024","8","getPeers","getPeers with varying maxBootstrapPeers","maxBootstrapPeers=4","","","numPeers=3 -- returns total 3 peers, with max 4 bootstrap peers",""
"passed","Thu Apr 18 20:23:44 GMT 2024","Thu Apr 18 20:23:44 GMT 2024","0","Events","peer:disconnect","","","","should emit `waku:offline` event when all peers disconnect",""
"passed","Thu Apr 18 20:22:54 GMT 2024","Thu Apr 18 20:22:54 GMT 2024","0","pubsubTopicToSingleShardInfo with various invalid formats","","","","","should throw an error for non-numeric shard: /waku/2/rs/1/\",""
"passed","Thu Apr 18 20:24:24 GMT 2024","Thu Apr 18 20:24:24 GMT 2024","0","Public methods","","","","","addEventListener with wrong event",""
"passed","Thu Apr 18 20:30:36 GMT 2024","Thu Apr 18 20:30:36 GMT 2024","0","Wait for remote peer","","","","","Relay - dialed first",""
"passed","Thu Apr 18 20:23:03 GMT 2024","Thu Apr 18 20:23:03 GMT 2024","0","ENR","Verify","","","","should throw error - invalid id",""
"passed","Thu Apr 18 20:23:18 GMT 2024","Thu Apr 18 20:23:18 GMT 2024","0","DNS Node Discovery","","","","","caches peers it previously fetched",""
"passed","Thu Apr 18 20:30:36 GMT 2024","Thu Apr 18 20:30:36 GMT 2024","0","Wait for remote peer","","","","","LightPush",""
"broken","Thu Apr 18 20:31:45 GMT 2024","Thu Apr 18 20:31:45 GMT 2024","0","Waku Light Push: Single Node","","","","","Push message with content topic containing XML",""
"passed","Thu Apr 18 20:22:54 GMT 2024","Thu Apr 18 20:22:54 GMT 2024","0","ensureShardingConfigured","","","","","should return valid sharding parameters for static sharding",""
"passed","Thu Apr 18 20:23:02 GMT 2024","Thu Apr 18 20:23:02 GMT 2024","1","ENR waku2 codec","Encoding","","","","should be able to encode the field with ALL protocols set to false",""
"skipped","Thu Apr 18 20:25:32 GMT 2024","Thu Apr 18 20:25:32 GMT 2024","0","Waku Relay, Publish","","","","","Check publish message after service node is restarted",""
"passed","Thu Apr 18 20:23:51 GMT 2024","Thu Apr 18 20:23:51 GMT 2024","0","Dials","dialPeer method","For bootstrap peers","","","should not be called more than DEFAULT_MAX_BOOTSTRAP_PEERS_ALLOWED times for bootstrap peers",""
"skipped","Thu Apr 18 20:29:05 GMT 2024","Thu Apr 18 20:29:05 GMT 2024","0","Waku Relay, Subscribe","","","","","Refresh subscription",""
"passed","Thu Apr 18 20:22:54 GMT 2024","Thu Apr 18 20:22:54 GMT 2024","1","ensurePubsubTopicIsConfigured","","","","","should throw an error for an unconfigured topic",""
"passed","Thu Apr 18 20:23:56 GMT 2024","Thu Apr 18 20:23:56 GMT 2024","1","getPeers","getPeers with varying maxBootstrapPeers","maxBootstrapPeers=4","","","numPeers=2 -- returns total 2 peers, with max 4 bootstrap peers",""
"passed","Thu Apr 18 20:22:54 GMT 2024","Thu Apr 18 20:22:54 GMT 2024","0","shardInfoToPubsubTopics","","","","","should handle application and version for autosharding",""
"skipped","Thu Apr 18 20:25:53 GMT 2024","Thu Apr 18 20:25:53 GMT 2024","1","Autosharding: Running Nodes","Others","","","","configure the node with multiple content topics",""
"passed","Thu Apr 18 20:30:36 GMT 2024","Thu Apr 18 20:30:36 GMT 2024","0","User Agent","","","","","Sets default value correctly",""
"broken","Thu Apr 18 20:25:53 GMT 2024","Thu Apr 18 20:25:53 GMT 2024","0","Waku Relay","","","","","Decrypt messages",""
"broken","Thu Apr 18 20:31:45 GMT 2024","Thu Apr 18 20:31:45 GMT 2024","0","Waku Light Push: Single Node","","","","","Push message with content topic containing special chars",""
"broken","Thu Apr 18 20:30:58 GMT 2024","Thu Apr 18 20:30:58 GMT 2024","0","Waku Store, general","","","","","Query generator for multiple messages with multiple decoders",""
"broken","Thu Apr 18 20:29:05 GMT 2024","Thu Apr 18 20:29:05 GMT 2024","0","Waku Relay, Subscribe","","","","","Subscribe and publish 10000 messages on the same topic",""
"passed","Thu Apr 18 20:22:54 GMT 2024","Thu Apr 18 20:22:54 GMT 2024","0","contentTopicToPubsubTopic","","","","","should correctly map a content topic to a pubsub topic",""
"passed","Thu Apr 18 20:23:56 GMT 2024","Thu Apr 18 20:23:56 GMT 2024","0","getPeers","getPeers with varying maxBootstrapPeers","maxBootstrapPeers=6","","","numPeers=1 -- returns one bootstrap peer ",""
"passed","Thu Apr 18 20:22:54 GMT 2024","Thu Apr 18 20:22:54 GMT 2024","1","contentTopicToShardIndex","","","","","should correctly map /app/20/sometopic/someencoding to shard index 7",""
"broken","Thu Apr 18 20:30:43 GMT 2024","Thu Apr 18 20:30:43 GMT 2024","0","Waku Store, page size","","","","","Passing page size 110 when there are 120 messages",""
"broken","Thu Apr 18 20:23:28 GMT 2024","Thu Apr 18 20:23:28 GMT 2024","0","Ecies Encryption","","","","","Check meta is set [ecies]",""
"passed","Thu Apr 18 20:22:54 GMT 2024","Thu Apr 18 20:22:54 GMT 2024","0","shardInfoToPubsubTopics","","","","","should handle clusterId, application and version for autosharding with cluster iD 0",""
"passed","Thu Apr 18 20:24:24 GMT 2024","Thu Apr 18 20:24:24 GMT 2024","0","Public methods","","","","","removeEventListener with correct event",""
