"DESCRIPTION","DURATION IN MS","NAME","PARENT SUITE","START TIME","STATUS","STOP TIME","SUB SUITE","SUITE","TEST CLASS","TEST METHOD"
"","0","Unsubscribe topics the node is not subscribed to","Waku Filter V2: Unsubscribe: Multiple Nodes: Strict Checking: false","Sun Jun 22 15:47:41 GMT 2025","broken","Sun Jun 22 15:47:41 GMT 2025","","","",""
"","0","Check received message with timestamp: 1750606517626000000 ","Waku Filter V2: FilterPush: Multiple Nodes: Strict Checking: false","Sun Jun 22 16:04:03 GMT 2025","broken","Sun Jun 22 16:04:03 GMT 2025","","","",""
"","0","should add received messages to bloom filter","MessageChannel","Sun Jun 22 15:35:02 GMT 2025","passed","Sun Jun 22 15:35:02 GMT 2025","","receiving a message","",""
"","1","Unsubscribes all - node subscribed to 1 topic","Waku Filter V2: Unsubscribe: Multiple Nodes: Strict Checking: true","Sun Jun 22 15:47:41 GMT 2025","broken","Sun Jun 22 15:47:41 GMT 2025","","","",""
"","0","should convert content topics to PubsubTopics for autosharding","shardInfoToPubsubTopics","Sun Jun 22 15:34:02 GMT 2025","passed","Sun Jun 22 15:34:02 GMT 2025","","","",""
"","4","messageHashStr produces different results for different inputs","messageHash and messageHashStr","Sun Jun 22 15:34:18 GMT 2025","passed","Sun Jun 22 15:34:18 GMT 2025","","","",""
"","0","Sample","ENR multiaddrs codec","Sun Jun 22 15:34:08 GMT 2025","passed","Sun Jun 22 15:34:08 GMT 2025","","","",""
"","0","topics with same application and version share the same shard","contentTopicToShardIndex","Sun Jun 22 15:34:02 GMT 2025","passed","Sun Jun 22 15:34:02 GMT 2025","","","",""
"","0","should return valid sharding parameters for static sharding","ensureShardingConfigured","Sun Jun 22 15:34:02 GMT 2025","passed","Sun Jun 22 15:34:02 GMT 2025","","","",""
"","0","should handle incoming messages","Filter SDK","Sun Jun 22 15:34:49 GMT 2025","passed","Sun Jun 22 15:34:49 GMT 2025","","","",""
"","0","Ping on unsubscribed peer","Waku Filter V2: Ping: Multiple Nodes: Strict Checking: false","Sun Jun 22 15:40:25 GMT 2025","broken","Sun Jun 22 15:40:25 GMT 2025","","","",""
"","0","Check message with no content topic is not received","Waku Filter V2: FilterPush: Multiple Nodes: Strict Checking: false","Sun Jun 22 16:04:03 GMT 2025","passed","Sun Jun 22 16:04:03 GMT 2025","","","",""
"","0","should return the pubsub topic directly if a string is provided","determinePubsubTopic","Sun Jun 22 15:34:02 GMT 2025","passed","Sun Jun 22 15:34:02 GMT 2025","","","",""
"","1","Subscribe to topic containing Script and publish message","Waku Relay, Subscribe","Sun Jun 22 15:51:49 GMT 2025","passed","Sun Jun 22 15:51:49 GMT 2025","","","",""
"","0","1 Store, 2 fetches","Fetch nodes until capabilities are fulfilled","Sun Jun 22 15:34:26 GMT 2025","passed","Sun Jun 22 15:34:26 GMT 2025","","","",""
"","1","should not receive a peer event before start","DNS Discovery: Compliance Test","Sun Jun 22 15:35:22 GMT 2025","passed","Sun Jun 22 15:35:22 GMT 2025","","interface-peer-discovery compliance tests","",""
"","1","should throw an error for an unconfigured topic","ensurePubsubTopicIsConfigured","Sun Jun 22 15:34:02 GMT 2025","passed","Sun Jun 22 15:34:02 GMT 2025","","","",""
"","0","should encodeTxt and decodeTxt","ENR","Sun Jun 22 15:34:09 GMT 2025","passed","Sun Jun 22 15:34:09 GMT 2025","","Txt codec","",""
"","0","Unsubscribe topics the node is not subscribed to","Waku Filter V2: Unsubscribe: Multiple Nodes: Strict Checking: true","Sun Jun 22 15:47:41 GMT 2025","broken","Sun Jun 22 15:47:41 GMT 2025","","","",""
"","0","Subscribe to topic containing escaped characters and publish message","Waku Relay, Subscribe","Sun Jun 22 15:51:49 GMT 2025","passed","Sun Jun 22 15:51:49 GMT 2025","","","",""
"","0","Decoder throws on undefined content topic","Ensures content topic is defined","Sun Jun 22 15:34:37 GMT 2025","passed","Sun Jun 22 15:34:37 GMT 2025","","","",""
"","0","should properly create location multiaddrs - tcp","ENR","Sun Jun 22 15:34:09 GMT 2025","passed","Sun Jun 22 15:34:09 GMT 2025","","Location multiaddr","",""
"","1","random auto sharding 2 - Cluster ID: 10, Content Topic: /app53/4/topic383/json","Autosharding: Running Nodes","Sun Jun 22 16:00:10 GMT 2025","broken","Sun Jun 22 16:00:10 GMT 2025","","","",""
"","1","peer:update - should do nothing if another protocol hit","StreamManager","Sun Jun 22 15:34:18 GMT 2025","passed","Sun Jun 22 15:34:18 GMT 2025","","","",""
"","0","Subscribe to topic containing unicode special characters and publish message","Waku Relay, Subscribe","Sun Jun 22 15:51:49 GMT 2025","passed","Sun Jun 22 15:51:49 GMT 2025","","","",""
"","0","should correctly map /app/22/sometopic/someencoding to shard index 2","contentTopicToShardIndex","Sun Jun 22 15:34:02 GMT 2025","passed","Sun Jun 22 15:34:02 GMT 2025","","","",""
"","0","should throw an error if shards are undefined for static sharding","shardInfoToPubsubTopics","Sun Jun 22 15:34:02 GMT 2025","passed","Sun Jun 22 15:34:02 GMT 2025","","","",""
"","0","should fall back to default pubsub topic when pubsubTopicShardInfo is not provided","determinePubsubTopic","Sun Jun 22 15:34:02 GMT 2025","passed","Sun Jun 22 15:34:02 GMT 2025","","","",""
"","0","should load peers from local storage and dispatch events","Local Storage Discovery","Sun Jun 22 15:34:30 GMT 2025","passed","Sun Jun 22 15:34:30 GMT 2025","","Unit Tests","",""
"","0","should hash ""Lorem ipsum dolor sit amet"" with n=0 and maxValue=10000 correctly","hashN","Sun Jun 22 15:34:58 GMT 2025","passed","Sun Jun 22 15:34:58 GMT 2025","","","",""
"","0","should throw an error for invalid PubsubTopic format: /incorrect/format","pubsubTopicToSingleShardInfo with various invalid formats","Sun Jun 22 15:34:02 GMT 2025","passed","Sun Jun 22 15:34:02 GMT 2025","","","",""
"","0","should correctly map /app/20/sometopic/someencoding to shard index 0 with networkShards 1","contentTopicToShardIndex","Sun Jun 22 15:34:02 GMT 2025","passed","Sun Jun 22 15:34:02 GMT 2025","","","",""
"","0","groups content topics by expected pubsub topic","contentTopicsByPubsubTopic","Sun Jun 22 15:34:02 GMT 2025","passed","Sun Jun 22 15:34:02 GMT 2025","","","",""
"","0","same cluster, same shard: nodes connect","Metadata Protocol","Sun Jun 22 15:49:36 GMT 2025","passed","Sun Jun 22 15:49:36 GMT 2025","","connections","",""
"","1","should be able to decode the field with STORE and LIGHTPUSH protocols set to true","ENR waku2 codec","Sun Jun 22 15:34:08 GMT 2025","passed","Sun Jun 22 15:34:08 GMT 2025","","Decoding","",""
"","1","Check message with no payload is not received","Waku Filter V2: FilterPush: Multiple Nodes: Strict Checking: false","Sun Jun 22 16:04:03 GMT 2025","passed","Sun Jun 22 16:04:03 GMT 2025","","","",""
"","1","should properly create peer info with all multiaddrs","ENR","Sun Jun 22 15:34:09 GMT 2025","passed","Sun Jun 22 15:34:09 GMT 2025","","Location multiaddr","",""
"","1","Waku message hash computation (payload length 0)","Message Hash: RFC Test Vectors","Sun Jun 22 15:34:18 GMT 2025","passed","Sun Jun 22 15:34:18 GMT 2025","","","",""
"","1","Subscribe and publish 10000 messages on the same topic","Waku Relay, Subscribe","Sun Jun 22 15:51:49 GMT 2025","passed","Sun Jun 22 15:51:49 GMT 2025","","","",""
"","1","PeerStore has remote peer's shard info after successful connection","Metadata Protocol","Sun Jun 22 15:49:36 GMT 2025","passed","Sun Jun 22 15:49:36 GMT 2025","","","",""
"","0","should check connected peers if present and suitable","waitForRemotePeer","Sun Jun 22 15:34:48 GMT 2025","passed","Sun Jun 22 15:34:48 GMT 2025","","","",""
"","0","all px service nodes subscribed to the shard topic should be dialed","Autosharding: Peer Management","Sun Jun 22 16:01:09 GMT 2025","passed","Sun Jun 22 16:01:09 GMT 2025","","Peer Exchange","",""
"","1","should maintain desired error rate","BloomFilter","Sun Jun 22 15:35:01 GMT 2025","passed","Sun Jun 22 15:35:01 GMT 2025","","","",""
"","1","should hash """" with n=2 and maxValue=100 correctly","hashN","Sun Jun 22 15:34:58 GMT 2025","passed","Sun Jun 22 15:34:58 GMT 2025","","","",""
"","0","Check received message with timestamp: 1750606517626000000 ","Waku Filter V2: FilterPush: Multiple Nodes: Strict Checking: true","Sun Jun 22 16:04:03 GMT 2025","broken","Sun Jun 22 16:04:03 GMT 2025","","","",""
"","1","should return unique PubsubTopics for static sharding","shardInfoToPubsubTopics","Sun Jun 22 15:34:02 GMT 2025","passed","Sun Jun 22 15:34:02 GMT 2025","","","",""
"","1","does not throw on valid cases","ensureValidContentTopic","Sun Jun 22 15:34:02 GMT 2025","passed","Sun Jun 22 15:34:02 GMT 2025","","","",""
"","1","should hash """" with n=2 and maxValue=1000 correctly","hashN","Sun Jun 22 15:34:58 GMT 2025","passed","Sun Jun 22 15:34:58 GMT 2025","","","",""
"","1","should handle clusterId, application and version for autosharding with cluster iD 6","shardInfoToPubsubTopics","Sun Jun 22 15:34:02 GMT 2025","passed","Sun Jun 22 15:34:02 GMT 2025","","","",""
"","1","should properly clean up resources when disposed","TTLSet","Sun Jun 22 15:34:47 GMT 2025","passed","Sun Jun 22 15:34:47 GMT 2025","","","",""
"","4","should remove expired entries after TTL has passed","TTLSet","Sun Jun 22 15:34:47 GMT 2025","passed","Sun Jun 22 15:34:47 GMT 2025","","","",""
"","0","should retry on complete failure if specified","LightPush SDK","Sun Jun 22 15:34:48 GMT 2025","passed","Sun Jun 22 15:34:48 GMT 2025","","","",""
"","0","should hash ""hello"" with n=0 and maxValue=100 correctly","hashN","Sun Jun 22 15:34:58 GMT 2025","passed","Sun Jun 22 15:34:58 GMT 2025","","","",""
"","0","Check received message containing unicode special characters","Waku Filter V2: FilterPush: Multiple Nodes: Strict Checking: true","Sun Jun 22 16:04:03 GMT 2025","broken","Sun Jun 22 16:04:03 GMT 2025","","","",""
"","1","addEventListener with correct event","Public methods","Sun Jun 22 15:35:58 GMT 2025","passed","Sun Jun 22 15:35:58 GMT 2025","","","",""
"","0","Check received message containing Basic HTML tag","Waku Filter V2: FilterPush: Multiple Nodes: Strict Checking: false","Sun Jun 22 16:04:03 GMT 2025","broken","Sun Jun 22 16:04:03 GMT 2025","","","",""
"","1","Encoder throws on undefined content topic","Ensures content topic is defined","Sun Jun 22 15:34:18 GMT 2025","passed","Sun Jun 22 15:34:18 GMT 2025","","","",""
"","1","should be called for peers with PEER_EXCHANGE tags","Dials","Sun Jun 22 15:35:25 GMT 2025","passed","Sun Jun 22 15:35:25 GMT 2025","For peer-exchange peers","dialPeer method","",""
"","0","should hash ""Lorem ipsum dolor sit amet"" with n=5 and maxValue=1000 correctly","hashN","Sun Jun 22 15:34:58 GMT 2025","passed","Sun Jun 22 15:34:58 GMT 2025","","","",""
"","1","Encoder throws on empty string content topic","Ensures content topic is defined","Sun Jun 22 15:34:38 GMT 2025","passed","Sun Jun 22 15:34:38 GMT 2025","","","",""
"","1","Check received message with timestamp: 1949153314000 ","Waku Filter V2: FilterPush: Multiple Nodes: Strict Checking: true","Sun Jun 22 16:04:03 GMT 2025","broken","Sun Jun 22 16:04:03 GMT 2025","","","",""
"","0","Ephemeral field is preserved - symmetric encryption","Waku Message Ephemeral field","Sun Jun 22 15:38:06 GMT 2025","broken","Sun Jun 22 15:38:06 GMT 2025","","","",""
"","0","should maintain proper timestamps if all messages received","MessageChannel","Sun Jun 22 15:35:02 GMT 2025","passed","Sun Jun 22 15:35:02 GMT 2025","","receiving a message","",""
"","0","Unsubscribe 1 topic - node subscribed to 1 topic","Waku Filter Next: Unsubscribe: Multiple Nodes: Strict Checking: false","Sun Jun 22 15:48:37 GMT 2025","broken","Sun Jun 22 15:48:37 GMT 2025","","","",""
"","0","should not be empty after adding a subscription","Filter Subscription","Sun Jun 22 15:34:49 GMT 2025","passed","Sun Jun 22 15:34:49 GMT 2025","","","",""
"","0","should hash """" with n=1 and maxValue=10000 correctly","hashN","Sun Jun 22 15:34:58 GMT 2025","passed","Sun Jun 22 15:34:58 GMT 2025","","","",""
"","1","connected peers and dial","Peer Exchange Query","Sun Jun 22 15:51:13 GMT 2025","skipped","Sun Jun 22 15:51:13 GMT 2025","","","",""
"","0","should return the correct m/n for k = 2, targetError = 0.1","Probabilities","Sun Jun 22 15:34:58 GMT 2025","passed","Sun Jun 22 15:34:58 GMT 2025","","","",""
"","0","should be able to encode the field with STORE and LIGHTPUSH protocols set to true","ENR waku2 codec","Sun Jun 22 15:34:08 GMT 2025","passed","Sun Jun 22 15:34:08 GMT 2025","","Encoding","",""
"","1","Check message on other pubsub topic is not received","Waku Filter V2: FilterPush: Multiple Nodes: Strict Checking: true","Sun Jun 22 16:04:03 GMT 2025","passed","Sun Jun 22 16:04:03 GMT 2025","","","",""
"","0","should emit a peer event after start","Peer Exchange","Sun Jun 22 15:50:17 GMT 2025","passed","Sun Jun 22 15:50:17 GMT 2025","interface-peer-discovery compliance tests","Compliance Test","",""
"","1","passes more than one ENR URLs and attempts connection","DNS Node Discovery [live data]","Sun Jun 22 15:35:22 GMT 2025","skipped","Sun Jun 22 15:35:22 GMT 2025","","","",""
"","0","Publish message with rate limit","Waku Relay, Publish","Sun Jun 22 15:51:40 GMT 2025","passed","Sun Jun 22 15:51:40 GMT 2025","","","",""
"","0","should return empty list for no shard","shardInfoToPubsubTopics","Sun Jun 22 15:34:02 GMT 2025","passed","Sun Jun 22 15:34:02 GMT 2025","","","",""
"","1","Unsubscribe 1 topic - node subscribed to 1 topic","Waku Filter V2: Unsubscribe: Multiple Nodes: Strict Checking: true","Sun Jun 22 15:47:41 GMT 2025","broken","Sun Jun 22 15:47:41 GMT 2025","","","",""
"","0","should emit `peer:connected:bootstrap` event when a peer is connected","Events","Sun Jun 22 15:35:18 GMT 2025","passed","Sun Jun 22 15:35:18 GMT 2025","","peer:connect","",""
"","0","should attach causal history and bloom filter to each message","MessageChannel","Sun Jun 22 15:35:02 GMT 2025","passed","Sun Jun 22 15:35:02 GMT 2025","","sending a message ","",""
"","0","should hash ""test123"" with n=2 and maxValue=1000 correctly","hashN","Sun Jun 22 15:34:58 GMT 2025","passed","Sun Jun 22 15:34:58 GMT 2025","","","",""
"","0","Sign & Recover","Waku Encryption","Sun Jun 22 15:34:37 GMT 2025","passed","Sun Jun 22 15:34:37 GMT 2025","","","",""
"","0","using a protocol with unconfigured pubsub topic should fail","Autosharding: Running Nodes","Sun Jun 22 16:00:10 GMT 2025","passed","Sun Jun 22 16:00:10 GMT 2025","","","",""
"","0","A test","This","Sun Jun 22 15:49:26 GMT 2025","passed","Sun Jun 22 15:49:26 GMT 2025","","Is also","",""
"","3","should be able to encode the field with ALL protocols set to true","ENR waku2 codec","Sun Jun 22 15:34:08 GMT 2025","passed","Sun Jun 22 15:34:08 GMT 2025","","Encoding","",""
"","1","Accepts a valid Waku Message","Message Validator","Sun Jun 22 15:34:52 GMT 2025","passed","Sun Jun 22 15:34:52 GMT 2025","","","",""
"","1","should decode valid enr successfully","ENR","Sun Jun 22 15:34:09 GMT 2025","passed","Sun Jun 22 15:34:09 GMT 2025","","Txt codec","",""
"","0","different cluster, same shard: nodes don't connect","Metadata Protocol","Sun Jun 22 15:49:36 GMT 2025","passed","Sun Jun 22 15:49:36 GMT 2025","","connections","",""
"","0","should use shardsUnderCluster when provided","IWaku utils","Sun Jun 22 15:34:48 GMT 2025","passed","Sun Jun 22 15:34:48 GMT 2025","","decoderParamsToShardInfo","",""
"","0","stop","Public methods","Sun Jun 22 15:35:58 GMT 2025","passed","Sun Jun 22 15:35:58 GMT 2025","","","",""
"","0","Nodes with multiple pubsub topic","Waku Relay, multiple pubsub topics","Sun Jun 22 15:51:32 GMT 2025","passed","Sun Jun 22 15:51:32 GMT 2025","","","",""
"","0","Check received message containing JSON","Waku Filter V2: FilterPush: Multiple Nodes: Strict Checking: false","Sun Jun 22 16:04:03 GMT 2025","broken","Sun Jun 22 16:04:03 GMT 2025","","","",""
"","0","Unsubscribe 1 topic - node subscribed to 2 topics","Waku Filter V2: Unsubscribe: Multiple Nodes: Strict Checking: true","Sun Jun 22 15:47:41 GMT 2025","broken","Sun Jun 22 15:47:41 GMT 2025","","","",""
"","0","1 Store, 2 relays, 2 fetches","Fetch nodes until capabilities are fulfilled","Sun Jun 22 15:34:26 GMT 2025","passed","Sun Jun 22 15:34:26 GMT 2025","","","",""
"","0","should hash ""Lorem ipsum dolor sit amet"" with n=5 and maxValue=100 correctly","hashN","Sun Jun 22 15:34:58 GMT 2025","passed","Sun Jun 22 15:34:58 GMT 2025","","","",""
"","1","3 nodes on /waku/2/rs/7/1 topic","Waku Relay (Autosharding), multiple pubsub topics","Sun Jun 22 15:51:32 GMT 2025","passed","Sun Jun 22 15:51:32 GMT 2025","","","",""
"","0","Reopen subscription with peer with lost subscription","Waku Filter V2: Ping: Multiple Nodes: Strict Checking: true","Sun Jun 22 15:40:25 GMT 2025","broken","Sun Jun 22 15:40:25 GMT 2025","","","",""
"","1","Subscribe to topic containing special chars and publish message","Waku Relay, Subscribe","Sun Jun 22 15:51:49 GMT 2025","passed","Sun Jun 22 15:51:49 GMT 2025","","","",""
"","0","start node with empty content topic","Autosharding: Running Nodes","Sun Jun 22 16:00:10 GMT 2025","passed","Sun Jun 22 16:00:10 GMT 2025","","","",""
"","1","Check publish message containing Script","Waku Relay, Publish","Sun Jun 22 15:51:40 GMT 2025","passed","Sun Jun 22 15:51:40 GMT 2025","","","",""
"","0","should return the correct m/n for k = 7, targetError = 0.001","Probabilities","Sun Jun 22 15:34:58 GMT 2025","passed","Sun Jun 22 15:34:58 GMT 2025","","","",""
"","0","should return false when shard is not included in network shards","IWaku utils","Sun Jun 22 15:34:48 GMT 2025","passed","Sun Jun 22 15:34:48 GMT 2025","","isShardCompatible","",""
"","0","Subscribe to topic containing JSON and publish message","Waku Relay, Subscribe","Sun Jun 22 15:51:49 GMT 2025","passed","Sun Jun 22 15:51:49 GMT 2025","","","",""
"","1","tcp ip4 address","Multiaddr from fields","Sun Jun 22 15:34:08 GMT 2025","passed","Sun Jun 22 15:34:08 GMT 2025","","","",""
"","0","should retrieve 3 multiaddrs for test.waku.nodes.status.im","DNS Node Discovery [live data]","Sun Jun 22 15:34:26 GMT 2025","skipped","Sun Jun 22 15:34:26 GMT 2025","","","",""
"","1","should hash ""Lorem ipsum dolor sit amet"" with n=2 and maxValue=1000 correctly","hashN","Sun Jun 22 15:34:58 GMT 2025","passed","Sun Jun 22 15:34:58 GMT 2025","","","",""
"","0","should not fail to start the service if it is already started","Local Storage Discovery","Sun Jun 22 15:34:30 GMT 2025","passed","Sun Jun 22 15:34:30 GMT 2025","interface-peer-discovery compliance tests","Compliance Tests","",""
"","1","Symmetric encrypt & Decrypt","Waku Encryption","Sun Jun 22 15:34:37 GMT 2025","passed","Sun Jun 22 15:34:37 GMT 2025","","","",""
"","0","configure the node with multiple content topics","Autosharding: Running Nodes","Sun Jun 22 16:00:10 GMT 2025","broken","Sun Jun 22 16:00:10 GMT 2025","","","",""
"","0","should correctly map a content topic to a pubsub topic for different network shard sizes","contentTopicToPubsubTopic","Sun Jun 22 15:34:02 GMT 2025","passed","Sun Jun 22 15:34:02 GMT 2025","","","",""
"","0","Encoder throws on undefined content topic","Ensures content topic is defined","Sun Jun 22 15:34:38 GMT 2025","passed","Sun Jun 22 15:34:38 GMT 2025","","","",""
"","1","ENRTree (branch): should error if DNS branch entry is mis-prefixed","ENRTree","Sun Jun 22 15:34:26 GMT 2025","passed","Sun Jun 22 15:34:26 GMT 2025","","","",""
"","0","Subscribe at once to 10000 topics and publish messages","Waku Relay, Subscribe","Sun Jun 22 15:51:49 GMT 2025","passed","Sun Jun 22 15:51:49 GMT 2025","","","",""
"","1","Check received message containing short","Waku Filter V2: FilterPush: Multiple Nodes: Strict Checking: true","Sun Jun 22 16:04:03 GMT 2025","broken","Sun Jun 22 16:04:03 GMT 2025","","","",""
"","0","peer:update - should not schedule stream creation IF protocol hit AND stream found on connection","StreamManager","Sun Jun 22 15:34:18 GMT 2025","passed","Sun Jun 22 15:34:18 GMT 2025","","","",""
"","0","Check meta is set [symmetric]","Symmetric Encryption","Sun Jun 22 15:34:37 GMT 2025","passed","Sun Jun 22 15:34:37 GMT 2025","","","",""
"","1","should hash """" with n=0 and maxValue=10000 correctly","hashN","Sun Jun 22 15:34:58 GMT 2025","passed","Sun Jun 22 15:34:58 GMT 2025","","","",""
"","0","should partition messages based on acknowledgement status","MessageChannel","Sun Jun 22 15:35:02 GMT 2025","passed","Sun Jun 22 15:35:02 GMT 2025","","Sweeping outgoing buffer","",""
"","3","Check message received after jswaku node is restarted","Waku Filter V2: FilterPush: Multiple Nodes: Strict Checking: false","Sun Jun 22 16:04:03 GMT 2025","skipped","Sun Jun 22 16:04:03 GMT 2025","","","",""
"","0","1 Relay, 1 fetch","Fetch nodes until capabilities are fulfilled","Sun Jun 22 15:34:26 GMT 2025","passed","Sun Jun 22 15:34:26 GMT 2025","","","",""
"","1","Unsubscribe 2 topics - node subscribed to 2 topics","Waku Filter Next: Unsubscribe: Multiple Nodes: Strict Checking: true","Sun Jun 22 15:48:37 GMT 2025","broken","Sun Jun 22 15:48:37 GMT 2025","","","",""
"","0","Subscribe to topic containing numeric and publish message","Waku Relay, Subscribe","Sun Jun 22 15:51:49 GMT 2025","passed","Sun Jun 22 15:51:49 GMT 2025","","","",""
"","0","Decoder throws on undefined content topic","Ensures content topic is defined","Sun Jun 22 15:34:18 GMT 2025","passed","Sun Jun 22 15:34:18 GMT 2025","","","",""
"","0","Check received message containing special chars","Waku Filter V2: FilterPush: Multiple Nodes: Strict Checking: true","Sun Jun 22 16:04:03 GMT 2025","broken","Sun Jun 22 16:04:03 GMT 2025","","","",""
"","0","should handle corrupted local storage data gracefully","Local Storage Discovery","Sun Jun 22 15:34:30 GMT 2025","passed","Sun Jun 22 15:34:30 GMT 2025","","Unit Tests","",""
"","0","isConnected should return true after first peer connects","Connection state","Sun Jun 22 15:35:36 GMT 2025","passed","Sun Jun 22 15:35:36 GMT 2025","","","",""
"","0","1 Relay, 1 Filter, gives up","Fetch nodes until capabilities are fulfilled","Sun Jun 22 15:34:26 GMT 2025","passed","Sun Jun 22 15:34:26 GMT 2025","","","",""
"","0","should never report false negatives","BloomFilter","Sun Jun 22 15:35:01 GMT 2025","passed","Sun Jun 22 15:35:01 GMT 2025","","","",""
"","2","should not allow unachievable error rate","Probabilities","Sun Jun 22 15:34:58 GMT 2025","passed","Sun Jun 22 15:34:58 GMT 2025","","","",""
"","1","Publish message with custom timestamp: Mon Jul 01 2024 15:51:32 GMT+0000 (Coordinated Universal Time)","Waku Relay, Publish","Sun Jun 22 15:51:40 GMT 2025","passed","Sun Jun 22 15:51:40 GMT 2025","","","",""
"","0","returns only open connection if one present","selectOpenConnection","Sun Jun 22 15:34:18 GMT 2025","passed","Sun Jun 22 15:34:18 GMT 2025","","","",""
"","1","should not receive a peer event after stop","DNS Discovery: Compliance Test","Sun Jun 22 15:35:22 GMT 2025","passed","Sun Jun 22 15:35:22 GMT 2025","","interface-peer-discovery compliance tests","",""
"","1","should throw an error for invalid PubsubTopic format: /waku/1/rs/1/2","pubsubTopicToSingleShardInfo with various invalid formats","Sun Jun 22 15:34:02 GMT 2025","passed","Sun Jun 22 15:34:02 GMT 2025","","","",""
"","0","Meta field set when metaSetter is specified","Waku Message version 0","Sun Jun 22 15:34:18 GMT 2025","passed","Sun Jun 22 15:34:18 GMT 2025","","","",""
"","0","should throw an error for non-numeric clusterId: /waku/2/rs/y/1","pubsubTopicToSingleShardInfo with various invalid formats","Sun Jun 22 15:34:02 GMT 2025","passed","Sun Jun 22 15:34:02 GMT 2025","","","",""
"","0","should throw an error for non-numeric shard: /waku/2/rs/1/\","pubsubTopicToSingleShardInfo with various invalid formats","Sun Jun 22 15:34:02 GMT 2025","passed","Sun Jun 22 15:34:02 GMT 2025","","","",""
"","0","throws on content topic with too few or too many fields","ensureValidContentTopic","Sun Jun 22 15:34:02 GMT 2025","passed","Sun Jun 22 15:34:02 GMT 2025","","","",""
"","1","Unsubscribe 1 topic - node subscribed to 1 topic","Waku Filter Next: Unsubscribe: Multiple Nodes: Strict Checking: true","Sun Jun 22 15:48:37 GMT 2025","broken","Sun Jun 22 15:48:37 GMT 2025","","","",""
"","0","Check message with invalid timestamp is not received","Waku Filter V2: FilterPush: Multiple Nodes: Strict Checking: true","Sun Jun 22 16:04:03 GMT 2025","passed","Sun Jun 22 16:04:03 GMT 2025","","","",""
"","0","should throw an error for non-numeric shard: /waku/2/rs/1/ ","pubsubTopicToSingleShardInfo with various invalid formats","Sun Jun 22 15:34:02 GMT 2025","passed","Sun Jun 22 15:34:02 GMT 2025","","","",""
"","1","can start the service","DNS Discovery: Compliance Test","Sun Jun 22 15:35:22 GMT 2025","passed","Sun Jun 22 15:35:22 GMT 2025","","interface-peer-discovery compliance tests","",""
"","1","Encoder throws on empty string content topic","Ensures content topic is defined","Sun Jun 22 15:34:37 GMT 2025","passed","Sun Jun 22 15:34:37 GMT 2025","","","",""
"","1","safeDispatchEvent","Public methods","Sun Jun 22 15:35:58 GMT 2025","passed","Sun Jun 22 15:35:58 GMT 2025","","","",""
"","9","should be able to encode the field with only RELAY set to true","ENR waku2 codec","Sun Jun 22 15:34:08 GMT 2025","passed","Sun Jun 22 15:34:08 GMT 2025","","Encoding","",""
"","0","should return false when unsubscribing from a non-existing subscription","Filter SDK","Sun Jun 22 15:34:49 GMT 2025","passed","Sun Jun 22 15:34:49 GMT 2025","","","",""
"","0","Cluster ID 0 - Default/Global Cluster","Autosharding: Running Nodes","Sun Jun 22 16:00:10 GMT 2025","broken","Sun Jun 22 16:00:10 GMT 2025","","","",""
"","1","should reject if LightPush is requested but not mounted","waitForRemotePeer","Sun Jun 22 15:34:48 GMT 2025","passed","Sun Jun 22 15:34:48 GMT 2025","","","",""
"","0","should correctly map /app/20/sometopic/someencoding to shard index 7","contentTopicToShardIndex","Sun Jun 22 15:34:02 GMT 2025","passed","Sun Jun 22 15:34:02 GMT 2025","","","",""
"","0","should derive a pubsub topic using contentTopic when SingleShardInfo only contains clusterId","determinePubsubTopic","Sun Jun 22 15:34:02 GMT 2025","passed","Sun Jun 22 15:34:02 GMT 2025","","","",""
"","1","should hash ""!@#$%^&*()"" with n=5 and maxValue=10000 correctly","hashN","Sun Jun 22 15:34:58 GMT 2025","passed","Sun Jun 22 15:34:58 GMT 2025","","","",""
"","0","should get locked peers","PeerManager","Sun Jun 22 15:34:48 GMT 2025","passed","Sun Jun 22 15:34:48 GMT 2025","","","",""
"","1","should select older connection if present","selectOpenConnection","Sun Jun 22 15:34:18 GMT 2025","passed","Sun Jun 22 15:34:18 GMT 2025","","","",""
"","1","should use network config clusterId when shard info clusterId is not provided","IWaku utils","Sun Jun 22 15:34:48 GMT 2025","passed","Sun Jun 22 15:34:48 GMT 2025","","decoderParamsToShardInfo","",""
"","0","should set field with all protocols disabled","ENR","Sun Jun 22 15:34:09 GMT 2025","passed","Sun Jun 22 15:34:09 GMT 2025","","waku2 key round trip","",""
"","0","should handle a minimal index list","Relay Shard codec","Sun Jun 22 15:34:03 GMT 2025","passed","Sun Jun 22 15:34:03 GMT 2025","","","",""
"","0","should successfully unsubscribe from an existing subscription","Filter SDK","Sun Jun 22 15:34:49 GMT 2025","passed","Sun Jun 22 15:34:49 GMT 2025","","","",""
"","1","Check publish message containing Russian","Waku Relay, Publish","Sun Jun 22 15:51:40 GMT 2025","passed","Sun Jun 22 15:51:40 GMT 2025","","","",""
"","1","should request renew when peer disconnects","PeerManager","Sun Jun 22 15:34:48 GMT 2025","passed","Sun Jun 22 15:34:48 GMT 2025","","","",""
"","2","should return no connections if no open connection provided","selectOpenConnection","Sun Jun 22 15:34:18 GMT 2025","passed","Sun Jun 22 15:34:18 GMT 2025","","","",""
"","0","Refresh subscription","Waku Relay, Subscribe","Sun Jun 22 15:51:49 GMT 2025","skipped","Sun Jun 22 15:51:49 GMT 2025","","","",""
"","0","Check received message containing Script","Waku Filter V2: FilterPush: Multiple Nodes: Strict Checking: true","Sun Jun 22 16:04:03 GMT 2025","broken","Sun Jun 22 16:04:03 GMT 2025","","","",""
"","0","should reject if Relay is requested but not mounted","waitForRemotePeer","Sun Jun 22 15:34:48 GMT 2025","passed","Sun Jun 22 15:34:48 GMT 2025","","","",""
"","1","should hash """" with n=0 and maxValue=100 correctly","hashN","Sun Jun 22 15:34:58 GMT 2025","passed","Sun Jun 22 15:34:58 GMT 2025","","","",""
"","1","Check received message containing numeric","Waku Filter V2: FilterPush: Multiple Nodes: Strict Checking: false","Sun Jun 22 16:04:03 GMT 2025","broken","Sun Jun 22 16:04:03 GMT 2025","","","",""
"","0","should reject if Store is requested but not mounted","waitForRemotePeer","Sun Jun 22 15:34:48 GMT 2025","passed","Sun Jun 22 15:34:48 GMT 2025","","","",""
"","0","Relay + Store","ENR","Sun Jun 22 15:34:09 GMT 2025","passed","Sun Jun 22 15:34:09 GMT 2025","","Waku2 key: decode","",""
"","1","Ephemeral field is preserved - encoder v0","Waku Message Ephemeral field","Sun Jun 22 15:38:06 GMT 2025","broken","Sun Jun 22 15:38:06 GMT 2025","","","",""
"","0","ENRTree (branch): should parse and verify a single component DNS branch entry","ENRTree","Sun Jun 22 15:34:26 GMT 2025","passed","Sun Jun 22 15:34:26 GMT 2025","","","",""
"","1","should emit `peer:connected:peer-exchange` event when a peer is connected","Events","Sun Jun 22 15:35:18 GMT 2025","passed","Sun Jun 22 15:35:18 GMT 2025","","peer:connect","",""
"","0","should only return 1 node with relay and store capability","DNS Node Discovery w/ capabilities","Sun Jun 22 15:34:26 GMT 2025","passed","Sun Jun 22 15:34:26 GMT 2025","","","",""
"","5","should not allow k > 12","Probabilities","Sun Jun 22 15:34:58 GMT 2025","passed","Sun Jun 22 15:34:58 GMT 2025","","","",""
"","4","Ping on unsubscribed peer","Waku Filter V2: Ping: Multiple Nodes: Strict Checking: true","Sun Jun 22 15:40:25 GMT 2025","broken","Sun Jun 22 15:40:25 GMT 2025","","","",""
"","0","Check received message containing numeric","Waku Filter V2: FilterPush: Multiple Nodes: Strict Checking: true","Sun Jun 22 16:04:03 GMT 2025","broken","Sun Jun 22 16:04:03 GMT 2025","","","",""
"","0","Check received message containing long","Waku Filter V2: FilterPush: Multiple Nodes: Strict Checking: false","Sun Jun 22 16:04:03 GMT 2025","broken","Sun Jun 22 16:04:03 GMT 2025","","","",""
"","0","Check publish message containing escaped characters","Waku Relay, Publish","Sun Jun 22 15:51:40 GMT 2025","passed","Sun Jun 22 15:51:40 GMT 2025","","","",""
"","0","3 nodes on /waku/2/rs/3/2 topic","Waku Relay, multiple pubsub topics","Sun Jun 22 15:51:32 GMT 2025","passed","Sun Jun 22 15:51:32 GMT 2025","","","",""
"","0","Wrong topic","Autosharding: Running Nodes","Sun Jun 22 16:00:10 GMT 2025","passed","Sun Jun 22 16:00:10 GMT 2025","","","",""
"","1","should set field with only FILTER enabled","ENR","Sun Jun 22 15:34:09 GMT 2025","passed","Sun Jun 22 15:34:09 GMT 2025","","waku2 key round trip","",""
"","0","random auto sharding 8 - Cluster ID: 10, Content Topic: /app27/6/topic173/json","Autosharding: Running Nodes","Sun Jun 22 16:00:10 GMT 2025","broken","Sun Jun 22 16:00:10 GMT 2025","","","",""
"","0","random auto sharding 7 - Cluster ID: 10, Content Topic: /app48/2/topic940/utf8","Autosharding: Running Nodes","Sun Jun 22 16:00:10 GMT 2025","broken","Sun Jun 22 16:00:10 GMT 2025","","","",""
"","1","Relay","ENR Interop: ServiceNode","Sun Jun 22 15:35:22 GMT 2025","passed","Sun Jun 22 15:35:22 GMT 2025","","","",""
"","0","Check publish message containing unicode special characters","Waku Relay, Publish","Sun Jun 22 15:51:40 GMT 2025","passed","Sun Jun 22 15:51:40 GMT 2025","","","",""
"","1","Js publishes, other Js receives","Waku Relay, Interop","Sun Jun 22 15:51:26 GMT 2025","passed","Sun Jun 22 15:51:26 GMT 2025","","","",""
"","0","should enable all discoveries when explicitly set","Default Peer Discoveries","Sun Jun 22 15:34:48 GMT 2025","passed","Sun Jun 22 15:34:48 GMT 2025","","","",""
"","0","Light push messages to 2 nwaku nodes each with different pubsubtopics","Waku Light Push (Autosharding): Multiple PubsubTopics","Sun Jun 22 15:49:26 GMT 2025","passed","Sun Jun 22 15:49:26 GMT 2025","","","",""
"","1","can start the service","Peer Exchange","Sun Jun 22 15:50:17 GMT 2025","passed","Sun Jun 22 15:50:17 GMT 2025","interface-peer-discovery compliance tests","Compliance Test","",""
"","1","3 nodes on /waku/2/rs/3/1 topic","Waku Relay, multiple pubsub topics","Sun Jun 22 15:51:32 GMT 2025","passed","Sun Jun 22 15:51:32 GMT 2025","","","",""
"","0","should stop and cleanup resources","Filter Subscription","Sun Jun 22 15:34:49 GMT 2025","passed","Sun Jun 22 15:34:49 GMT 2025","","","",""
"","0","should be called for every peer with PEER_EXCHANGE tags","Dials","Sun Jun 22 15:35:25 GMT 2025","passed","Sun Jun 22 15:35:25 GMT 2025","For peer-exchange peers","dialPeer method","",""
"","0","Check received message containing Russian","Waku Filter V2: FilterPush: Multiple Nodes: Strict Checking: false","Sun Jun 22 16:04:03 GMT 2025","broken","Sun Jun 22 16:04:03 GMT 2025","","","",""
"","0","should correctly map /app/20/sometopic/someencoding to shard index 1 with networkShards 2","contentTopicToShardIndex","Sun Jun 22 15:34:02 GMT 2025","passed","Sun Jun 22 15:34:02 GMT 2025","","","",""
"","0","removeEventListener with wrong event","Public methods","Sun Jun 22 15:35:58 GMT 2025","passed","Sun Jun 22 15:35:58 GMT 2025","","","",""
"","1","messageHashStr returns a hex string","messageHash and messageHashStr","Sun Jun 22 15:34:18 GMT 2025","passed","Sun Jun 22 15:34:18 GMT 2025","","","",""
"","1","Decrypt messages","Waku Relay","Sun Jun 22 15:51:14 GMT 2025","passed","Sun Jun 22 15:51:14 GMT 2025","","","",""
"","0","should throw error - invalid id","ENR","Sun Jun 22 15:34:09 GMT 2025","passed","Sun Jun 22 15:34:09 GMT 2025","","Verify","",""
"","0","Check publish message after client node is restarted","Waku Relay, Publish","Sun Jun 22 15:51:40 GMT 2025","skipped","Sun Jun 22 15:51:40 GMT 2025","","","",""
"","1","should enable only localPeerCache when dns and peerExchange are disabled","Default Peer Discoveries","Sun Jun 22 15:34:48 GMT 2025","passed","Sun Jun 22 15:34:48 GMT 2025","","","",""
"","0","should correctly map a content topic to a pubsub topic","contentTopicToPubsubTopic","Sun Jun 22 15:34:02 GMT 2025","passed","Sun Jun 22 15:34:02 GMT 2025","","","",""
"","0","Check received message containing Chinese","Waku Filter V2: FilterPush: Multiple Nodes: Strict Checking: true","Sun Jun 22 16:04:03 GMT 2025","broken","Sun Jun 22 16:04:03 GMT 2025","","","",""
"","0","should be able to decode the field with only FILTER set to true","ENR waku2 codec","Sun Jun 22 15:34:08 GMT 2025","passed","Sun Jun 22 15:34:08 GMT 2025","","Decoding","",""
"","1","through manual discovery","multiaddr: dialing","Sun Jun 22 15:49:38 GMT 2025","passed","Sun Jun 22 15:49:38 GMT 2025","","does not attempt the same peer discovered multiple times more than once","",""
"","0","Unsubscribe 2 topics - node subscribed to 2 topics","Waku Filter V2: Unsubscribe: Multiple Nodes: Strict Checking: true","Sun Jun 22 15:47:41 GMT 2025","broken","Sun Jun 22 15:47:41 GMT 2025","","","",""
"","0","messageHashStr produces consistent results for the same input","messageHash and messageHashStr","Sun Jun 22 15:34:18 GMT 2025","passed","Sun Jun 22 15:34:18 GMT 2025","","","",""
"","1","should hash ""!@#$%^&*()"" with n=5 and maxValue=100 correctly","hashN","Sun Jun 22 15:34:58 GMT 2025","passed","Sun Jun 22 15:34:58 GMT 2025","","","",""
"","0","new peer added after a peer was already found","Peer Exchange","Sun Jun 22 15:51:13 GMT 2025","skipped","Sun Jun 22 15:51:13 GMT 2025","","","",""
"","0","should reject on timeout if it was set","waitForRemotePeer","Sun Jun 22 15:34:48 GMT 2025","passed","Sun Jun 22 15:34:48 GMT 2025","","","",""
"","0","should handle clusterId, application and version for autosharding with cluster iD 1","shardInfoToPubsubTopics","Sun Jun 22 15:34:02 GMT 2025","passed","Sun Jun 22 15:34:02 GMT 2025","","","",""
"","1","Check publish message containing Basic HTML tag","Waku Relay, Publish","Sun Jun 22 15:51:40 GMT 2025","passed","Sun Jun 22 15:51:40 GMT 2025","","","",""
"","1","should hash ""hello"" with n=0 and maxValue=1000 correctly","hashN","Sun Jun 22 15:34:58 GMT 2025","passed","Sun Jun 22 15:34:58 GMT 2025","","","",""
"","1","should be called at least once on all `peer:discovery` events","Dials","Sun Jun 22 15:35:25 GMT 2025","passed","Sun Jun 22 15:35:25 GMT 2025","","attemptDial method","",""
"","0","should throw an error for non-numeric shard: /waku/2/rs/1/$","pubsubTopicToSingleShardInfo with various invalid formats","Sun Jun 22 15:34:02 GMT 2025","passed","Sun Jun 22 15:34:02 GMT 2025","","","",""
"","0","should handle task timeouts","RetryManager","Sun Jun 22 15:34:48 GMT 2025","passed","Sun Jun 22 15:34:48 GMT 2025","","","",""
"","0","ENRTree (root): should error if DNS root entry signature is invalid","ENRTree","Sun Jun 22 15:34:26 GMT 2025","passed","Sun Jun 22 15:34:26 GMT 2025","","","",""
"","0","Rejects garbage","Message Validator","Sun Jun 22 15:34:52 GMT 2025","passed","Sun Jun 22 15:34:52 GMT 2025","","","",""
"","0","same cluster, different shard: nodes connect","Metadata Protocol","Sun Jun 22 15:49:36 GMT 2025","passed","Sun Jun 22 15:49:36 GMT 2025","","connections","",""
"","0","px service nodes not subscribed to the shard should not be dialed","Static Sharding: Peer Management","Sun Jun 22 16:01:09 GMT 2025","passed","Sun Jun 22 16:01:09 GMT 2025","","Peer Exchange","",""
"","0","Check message received after jswaku node is restarted","Waku Filter V2: FilterPush: Multiple Nodes: Strict Checking: true","Sun Jun 22 16:04:03 GMT 2025","skipped","Sun Jun 22 16:04:03 GMT 2025","","","",""
"","0","should update lamport timestamp if greater than current timestamp and dependencies are met","MessageChannel","Sun Jun 22 15:35:02 GMT 2025","passed","Sun Jun 22 15:35:02 GMT 2025","","receiving a message","",""
"","4","should initialize with default number of peers","PeerManager","Sun Jun 22 15:34:48 GMT 2025","passed","Sun Jun 22 15:34:48 GMT 2025","","","",""
"","0","Subscribe and publish message","Waku Relay, Subscribe","Sun Jun 22 15:51:49 GMT 2025","passed","Sun Jun 22 15:51:49 GMT 2025","","","",""
"","0","should not throw an error when the topic is within a list of configured topics","ensurePubsubTopicIsConfigured","Sun Jun 22 15:34:02 GMT 2025","passed","Sun Jun 22 15:34:02 GMT 2025","","","",""
"","0","rejects content-filtered query with only contentTopics","StoreQueryRequest validation","Sun Jun 22 15:34:18 GMT 2025","passed","Sun Jun 22 15:34:18 GMT 2025","","","",""
"","0","should use the provided clusterId for the pubsub topic","contentTopicToPubsubTopic","Sun Jun 22 15:34:02 GMT 2025","passed","Sun Jun 22 15:34:02 GMT 2025","","","",""
"","0","Ping on peer without subscriptions","Waku Filter V2: Ping: Multiple Nodes: Strict Checking: true","Sun Jun 22 15:40:25 GMT 2025","broken","Sun Jun 22 15:40:25 GMT 2025","","","",""
"","0","Check publish message containing JSON","Waku Relay, Publish","Sun Jun 22 15:51:40 GMT 2025","passed","Sun Jun 22 15:51:40 GMT 2025","","","",""
"","0","should throw an error for non-numeric shard: /waku/2/rs/1/","pubsubTopicToSingleShardInfo with various invalid formats","Sun Jun 22 15:34:02 GMT 2025","passed","Sun Jun 22 15:34:02 GMT 2025","","","",""
"","1","isConnected should return false after all peers disconnect","Connection state","Sun Jun 22 15:35:36 GMT 2025","passed","Sun Jun 22 15:35:36 GMT 2025","","","",""
"","0","Check message with no payload is not received","Waku Filter V2: FilterPush: Multiple Nodes: Strict Checking: true","Sun Jun 22 16:04:03 GMT 2025","passed","Sun Jun 22 16:04:03 GMT 2025","","","",""
"","1","Publishes to nwaku","Waku Relay, Interop","Sun Jun 22 15:51:26 GMT 2025","passed","Sun Jun 22 15:51:26 GMT 2025","","","",""
"","0","Publish message with custom timestamp: Sun Jun 22 2025 16:51:32 GMT+0000 (Coordinated Universal Time)","Waku Relay, Publish","Sun Jun 22 15:51:40 GMT 2025","passed","Sun Jun 22 15:51:40 GMT 2025","","","",""
"","0","should wait for Filter peer to be connected","waitForRemotePeer","Sun Jun 22 15:34:48 GMT 2025","passed","Sun Jun 22 15:34:48 GMT 2025","","","",""
"","0","should successfully stop","Filter SDK","Sun Jun 22 15:34:49 GMT 2025","passed","Sun Jun 22 15:34:49 GMT 2025","","","",""
"","0","should throw an error for invalid PubsubTopic format: /waku/2/rs/1/2/extra","pubsubTopicToSingleShardInfo with various invalid formats","Sun Jun 22 15:34:02 GMT 2025","passed","Sun Jun 22 15:34:02 GMT 2025","","","",""
"","0","random auto sharding 3 - Cluster ID: 10, Content Topic: /app60/7/topic859/utf8","Autosharding: Running Nodes","Sun Jun 22 16:00:10 GMT 2025","broken","Sun Jun 22 16:00:10 GMT 2025","","","",""
"","0","should check false positive rate","BloomFilter with special patterns","Sun Jun 22 15:35:01 GMT 2025","passed","Sun Jun 22 15:35:01 GMT 2025","","","",""
"","1","Unsubscribe topics the node is not subscribed to","Waku Filter Next: Unsubscribe: Multiple Nodes: Strict Checking: false","Sun Jun 22 15:48:37 GMT 2025","broken","Sun Jun 22 15:48:37 GMT 2025","","","",""
"","0","Ping on peer without subscriptions","Waku Filter V2: Ping: Multiple Nodes: Strict Checking: false","Sun Jun 22 15:40:25 GMT 2025","broken","Sun Jun 22 15:40:25 GMT 2025","","","",""
"","0","should wait for Store peer to be connected","waitForRemotePeer","Sun Jun 22 15:34:48 GMT 2025","passed","Sun Jun 22 15:34:48 GMT 2025","","","",""
"","0","should set field with only STORE enabled","ENR","Sun Jun 22 15:34:09 GMT 2025","passed","Sun Jun 22 15:34:09 GMT 2025","","waku2 key round trip","",""
"","1","getPeersByDiscovery","Peer Exchange","Sun Jun 22 15:51:13 GMT 2025","passed","Sun Jun 22 15:51:13 GMT 2025","","","",""
"","1","retrieves a single peer","DNS Node Discovery","Sun Jun 22 15:34:26 GMT 2025","passed","Sun Jun 22 15:34:26 GMT 2025","","","",""
"","1","should hash ""Lorem ipsum dolor sit amet"" with n=1 and maxValue=100 correctly","hashN","Sun Jun 22 15:34:58 GMT 2025","passed","Sun Jun 22 15:34:58 GMT 2025","","","",""
"","0","Unsubscribes all - node subscribed to 10 topics","Waku Filter V2: Unsubscribe: Multiple Nodes: Strict Checking: false","Sun Jun 22 15:47:41 GMT 2025","broken","Sun Jun 22 15:47:41 GMT 2025","","","",""
"","0","removeEventListener with correct event","Public methods","Sun Jun 22 15:35:58 GMT 2025","passed","Sun Jun 22 15:35:58 GMT 2025","","","",""
"","1","3 nodes on /waku/2/rs/7/0 topic","Waku Relay (Autosharding), multiple pubsub topics","Sun Jun 22 15:51:32 GMT 2025","passed","Sun Jun 22 15:51:32 GMT 2025","","","",""
"","0","should remove messages without delivering if timeout is exceeded","MessageChannel","Sun Jun 22 15:35:02 GMT 2025","passed","Sun Jun 22 15:35:02 GMT 2025","","Sweeping incoming buffer","",""
"","0","Decoder throws on empty string content topic","Ensures content topic is defined","Sun Jun 22 15:34:18 GMT 2025","passed","Sun Jun 22 15:34:18 GMT 2025","","","",""
"","0","should retrieve 3 multiaddrs for test.waku.nodes.status.im","DNS Node Discovery [live data]","Sun Jun 22 15:35:22 GMT 2025","skipped","Sun Jun 22 15:35:22 GMT 2025","","","",""
"","0","can start and stop the service","Local Storage Discovery","Sun Jun 22 15:34:30 GMT 2025","passed","Sun Jun 22 15:34:30 GMT 2025","interface-peer-discovery compliance tests","Compliance Tests","",""
"","0","should hash ""hello"" with n=2 and maxValue=1000 correctly","hashN","Sun Jun 22 15:34:58 GMT 2025","passed","Sun Jun 22 15:34:58 GMT 2025","","","",""
"","0","should hash ""hello"" with n=5 and maxValue=100 correctly","hashN","Sun Jun 22 15:34:58 GMT 2025","passed","Sun Jun 22 15:34:58 GMT 2025","","","",""
"","0","should not throw an error for a single configured topic","ensurePubsubTopicIsConfigured","Sun Jun 22 15:34:02 GMT 2025","passed","Sun Jun 22 15:34:02 GMT 2025","","","",""
"","0","Relay + Store","ENR Interop: ServiceNode","Sun Jun 22 15:35:22 GMT 2025","passed","Sun Jun 22 15:35:22 GMT 2025","","","",""
"","0","Check message received after nwaku node is restarted","Waku Filter V2: FilterPush: Multiple Nodes: Strict Checking: true","Sun Jun 22 16:04:03 GMT 2025","skipped","Sun Jun 22 16:04:03 GMT 2025","","","",""
"","0","Decoder throws on undefined content topic","Ensures content topic is defined","Sun Jun 22 15:34:38 GMT 2025","passed","Sun Jun 22 15:34:38 GMT 2025","","","",""
"","1","should hash """" with n=0 and maxValue=1000 correctly","hashN","Sun Jun 22 15:34:58 GMT 2025","passed","Sun Jun 22 15:34:58 GMT 2025","","","",""
"","1","Check publish message containing long","Waku Relay, Publish","Sun Jun 22 15:51:40 GMT 2025","passed","Sun Jun 22 15:51:40 GMT 2025","","","",""
"","1","returns all values when wanted number is greater than available values","Discovery","Sun Jun 22 15:34:25 GMT 2025","passed","Sun Jun 22 15:34:25 GMT 2025","","","",""
"","1","should hash ""hello"" with n=0 and maxValue=10000 correctly","hashN","Sun Jun 22 15:34:58 GMT 2025","passed","Sun Jun 22 15:34:58 GMT 2025","","","",""
"","0","can dial TLS multiaddrs","multiaddr: dialing","Sun Jun 22 15:49:38 GMT 2025","passed","Sun Jun 22 15:49:38 GMT 2025","","","",""
"","1","should hash ""Lorem ipsum dolor sit amet"" with n=1 and maxValue=10000 correctly","hashN","Sun Jun 22 15:34:58 GMT 2025","passed","Sun Jun 22 15:34:58 GMT 2025","","","",""
"","0","should not fail to stop the service if it was not started","Peer Exchange","Sun Jun 22 15:50:17 GMT 2025","passed","Sun Jun 22 15:50:17 GMT 2025","interface-peer-discovery compliance tests","Compliance Test","",""
"","0","listenerCount","Public methods","Sun Jun 22 15:35:58 GMT 2025","passed","Sun Jun 22 15:35:58 GMT 2025","","","",""
"","0","Check message with no pubsub topic is not received","Waku Filter V2: FilterPush: Multiple Nodes: Strict Checking: true","Sun Jun 22 16:04:03 GMT 2025","passed","Sun Jun 22 16:04:03 GMT 2025","","","",""
"","1","n1 and n2 uses a custom pubsub, n3 uses the default pubsub","Waku Relay (Autosharding), multiple pubsub topics","Sun Jun 22 15:51:32 GMT 2025","passed","Sun Jun 22 15:51:32 GMT 2025","","","",""
"","1","Check message with no pubsub topic is not received","Waku Filter V2: FilterPush: Multiple Nodes: Strict Checking: false","Sun Jun 22 16:04:03 GMT 2025","passed","Sun Jun 22 16:04:03 GMT 2025","","","",""
"","0","Unsubscribe 1 topic - node subscribed to 2 topics","Waku Filter Next: Unsubscribe: Multiple Nodes: Strict Checking: false","Sun Jun 22 15:48:37 GMT 2025","broken","Sun Jun 22 15:48:37 GMT 2025","","","",""
"","0","should not fail to start the service if it is already started","Peer Exchange","Sun Jun 22 15:50:17 GMT 2025","passed","Sun Jun 22 15:50:17 GMT 2025","interface-peer-discovery compliance tests","Compliance Test","",""
"","1","should not fail to start the service if it is already started","DNS Discovery: Compliance Test","Sun Jun 22 15:35:22 GMT 2025","passed","Sun Jun 22 15:35:22 GMT 2025","","interface-peer-discovery compliance tests","",""
"","0","should emit a peer event after start","DNS Discovery: Compliance Test","Sun Jun 22 15:35:22 GMT 2025","passed","Sun Jun 22 15:35:22 GMT 2025","","interface-peer-discovery compliance tests","",""
"","0","rejects hash query with content filter parameters","StoreQueryRequest validation","Sun Jun 22 15:34:18 GMT 2025","passed","Sun Jun 22 15:34:18 GMT 2025","","","",""
"","0","should insert elements correctly","BloomFilter","Sun Jun 22 15:35:01 GMT 2025","passed","Sun Jun 22 15:35:01 GMT 2025","","","",""
"","0","Check received message containing emoji","Waku Filter V2: FilterPush: Multiple Nodes: Strict Checking: false","Sun Jun 22 16:04:03 GMT 2025","broken","Sun Jun 22 16:04:03 GMT 2025","","","",""
"","0","Push to array if already present","pushOrInitMapSet","Sun Jun 22 15:34:02 GMT 2025","passed","Sun Jun 22 15:34:02 GMT 2025","","","",""
"","0","Publish without waiting for remote peer","Waku Relay, Subscribe","Sun Jun 22 15:51:49 GMT 2025","passed","Sun Jun 22 15:51:49 GMT 2025","","","",""
"","0","dispatchEvent via connectionManager","Public methods","Sun Jun 22 15:35:58 GMT 2025","passed","Sun Jun 22 15:35:58 GMT 2025","","","",""
"","0","random auto sharding 1 - Cluster ID: 10, Content Topic: /app92/8/topic651/json","Autosharding: Running Nodes","Sun Jun 22 16:00:10 GMT 2025","broken","Sun Jun 22 16:00:10 GMT 2025","","","",""
"","1","Unsubscribes all - node subscribed to 1 topic","Waku Filter V2: Unsubscribe: Multiple Nodes: Strict Checking: false","Sun Jun 22 15:47:41 GMT 2025","broken","Sun Jun 22 15:47:41 GMT 2025","","","",""
"","0","should return different streams if requested simultaniously","StreamManager","Sun Jun 22 15:34:18 GMT 2025","passed","Sun Jun 22 15:34:18 GMT 2025","","","",""
"","0","should throw error - no id","ENR","Sun Jun 22 15:34:09 GMT 2025","passed","Sun Jun 22 15:34:09 GMT 2025","","Txt codec","",""
"","1","ENRTree (root): should parse and verify and DNS root entry","ENRTree","Sun Jun 22 15:34:26 GMT 2025","passed","Sun Jun 22 15:34:26 GMT 2025","","","",""
"","0","Check received message with timestamp: 1750606517626 ","Waku Filter V2: FilterPush: Multiple Nodes: Strict Checking: false","Sun Jun 22 16:04:03 GMT 2025","broken","Sun Jun 22 16:04:03 GMT 2025","","","",""
"","0","Check publish message containing short","Waku Relay, Publish","Sun Jun 22 15:51:40 GMT 2025","passed","Sun Jun 22 15:51:40 GMT 2025","","","",""
"","0","Nodes with multiple pubsub topic","Waku Relay (Autosharding), multiple pubsub topics","Sun Jun 22 15:51:32 GMT 2025","passed","Sun Jun 22 15:51:32 GMT 2025","","","",""
"","1","should hash ""!@#$%^&*()"" with n=0 and maxValue=100 correctly","hashN","Sun Jun 22 15:34:58 GMT 2025","passed","Sun Jun 22 15:34:58 GMT 2025","","","",""
"","0","should not retry if at least one success","LightPush SDK","Sun Jun 22 15:34:48 GMT 2025","passed","Sun Jun 22 15:34:48 GMT 2025","","","",""
"","0","should push the message to the outgoing buffer","MessageChannel","Sun Jun 22 15:35:02 GMT 2025","passed","Sun Jun 22 15:35:02 GMT 2025","","sending a message ","",""
"","0","should properly create location multiaddrs - udp4","ENR","Sun Jun 22 15:34:09 GMT 2025","passed","Sun Jun 22 15:34:09 GMT 2025","","Location multiaddr","",""
"","0","should throw error - no id","ENR","Sun Jun 22 15:34:09 GMT 2025","passed","Sun Jun 22 15:34:09 GMT 2025","","Verify","",""
"","0","Subscribe to topic containing shell command and publish message","Waku Relay, Subscribe","Sun Jun 22 15:51:49 GMT 2025","passed","Sun Jun 22 15:51:49 GMT 2025","","","",""
"","0","Subscribe to topic containing short and publish message","Waku Relay, Subscribe","Sun Jun 22 15:51:49 GMT 2025","passed","Sun Jun 22 15:51:49 GMT 2025","","","",""
"","0","peerDiscovery without wakuPeerExchangeDiscovery","Peer Exchange","Sun Jun 22 15:51:13 GMT 2025","passed","Sun Jun 22 15:51:13 GMT 2025","","","",""
"","0","Check received message containing emoji","Waku Filter V2: FilterPush: Multiple Nodes: Strict Checking: true","Sun Jun 22 16:04:03 GMT 2025","broken","Sun Jun 22 16:04:03 GMT 2025","","","",""
"","0","random auto sharding 4 - Cluster ID: 10, Content Topic: /app45/4/topic823/utf8","Autosharding: Running Nodes","Sun Jun 22 16:00:10 GMT 2025","broken","Sun Jun 22 16:00:10 GMT 2025","","","",""
"","0","should wait for LightPush peer to be connected","waitForRemotePeer","Sun Jun 22 15:34:48 GMT 2025","passed","Sun Jun 22 15:34:48 GMT 2025","","","",""
"","0","Check received message containing escaped characters","Waku Filter V2: FilterPush: Multiple Nodes: Strict Checking: false","Sun Jun 22 16:04:03 GMT 2025","broken","Sun Jun 22 16:04:03 GMT 2025","","","",""
"","0","Check received message with timestamp: 1649153314 ","Waku Filter V2: FilterPush: Multiple Nodes: Strict Checking: true","Sun Jun 22 16:04:03 GMT 2025","broken","Sun Jun 22 16:04:03 GMT 2025","","","",""
"","0","should properly create location multiaddrs - udp6","ENR","Sun Jun 22 15:34:09 GMT 2025","passed","Sun Jun 22 15:34:09 GMT 2025","","Location multiaddr","",""
"","0","should hash ""hello"" with n=2 and maxValue=10000 correctly","hashN","Sun Jun 22 15:34:58 GMT 2025","passed","Sun Jun 22 15:34:58 GMT 2025","","","",""
"","0","should encode/decode to RLP encoding","ENR","Sun Jun 22 15:34:09 GMT 2025","passed","Sun Jun 22 15:34:09 GMT 2025","","Static tests","",""
"","0","uses static shard pubsub topic instead of autosharding when set","Sets sharding configuration correctly","Sun Jun 22 15:34:18 GMT 2025","passed","Sun Jun 22 15:34:18 GMT 2025","","","",""
"","1","should throw an error for non-numeric shard: /waku/2/rs/1/-","pubsubTopicToSingleShardInfo with various invalid formats","Sun Jun 22 15:34:02 GMT 2025","passed","Sun Jun 22 15:34:02 GMT 2025","","","",""
"","0","should hash ""!@#$%^&*()"" with n=1 and maxValue=1000 correctly","hashN","Sun Jun 22 15:34:58 GMT 2025","passed","Sun Jun 22 15:34:58 GMT 2025","","","",""
"","1","random auto sharding 10 - Cluster ID: 10, Content Topic: /app30/2/topic161/utf8","Autosharding: Running Nodes","Sun Jun 22 16:00:10 GMT 2025","broken","Sun Jun 22 16:00:10 GMT 2025","","","",""
"","1","Check publish message containing Arabic","Waku Relay, Publish","Sun Jun 22 15:51:40 GMT 2025","passed","Sun Jun 22 15:51:40 GMT 2025","","","",""
"","0","Unsubscribe 1 topic - node subscribed to 2 topics","Waku Filter Next: Unsubscribe: Multiple Nodes: Strict Checking: true","Sun Jun 22 15:48:37 GMT 2025","broken","Sun Jun 22 15:48:37 GMT 2025","","","",""
"","0","should aggregate SingleShardInfos into a ShardInfo","singleShardInfosToShardInfo","Sun Jun 22 15:34:02 GMT 2025","passed","Sun Jun 22 15:34:02 GMT 2025","","","",""
"","0","should update peers in local storage on 'peer:identify' event","Local Storage Discovery","Sun Jun 22 15:34:30 GMT 2025","passed","Sun Jun 22 15:34:30 GMT 2025","","Unit Tests","",""
"","1","Waku message hash computation (no timestamp)","Message Hash: RFC Test Vectors","Sun Jun 22 15:34:18 GMT 2025","passed","Sun Jun 22 15:34:18 GMT 2025","","","",""
"","0","Check received message containing long","Waku Filter V2: FilterPush: Multiple Nodes: Strict Checking: true","Sun Jun 22 16:04:03 GMT 2025","broken","Sun Jun 22 16:04:03 GMT 2025","","","",""
"","1","Waku message hash computation (meta size of 12 bytes)","Message Hash: RFC Test Vectors","Sun Jun 22 15:34:18 GMT 2025","passed","Sun Jun 22 15:34:18 GMT 2025","","","",""
"","0","should get / set TCP multiaddr","ENR","Sun Jun 22 15:34:09 GMT 2025","passed","Sun Jun 22 15:34:09 GMT 2025","","Multiaddr getters and setters","",""
"","0","should set field with only RELAY enabled","ENR","Sun Jun 22 15:34:09 GMT 2025","passed","Sun Jun 22 15:34:09 GMT 2025","","waku2 key round trip","",""
"","1","Round trip binary serialization","Waku Message version 0","Sun Jun 22 15:34:18 GMT 2025","passed","Sun Jun 22 15:34:18 GMT 2025","","","",""
"","1","Ping on subscribed peer","Waku Filter V2: Ping: Multiple Nodes: Strict Checking: true","Sun Jun 22 15:40:25 GMT 2025","broken","Sun Jun 22 15:40:25 GMT 2025","","","",""
"","0","should handle different types of entries","TTLSet","Sun Jun 22 15:34:47 GMT 2025","passed","Sun Jun 22 15:34:47 GMT 2025","","","",""
"","0","should call waitForPeer on Relay","waitForRemotePeer","Sun Jun 22 15:34:48 GMT 2025","passed","Sun Jun 22 15:34:48 GMT 2025","","","",""
"","0","should process tasks in queue","RetryManager","Sun Jun 22 15:34:48 GMT 2025","passed","Sun Jun 22 15:34:48 GMT 2025","","","",""
"","8","should hash ""test123"" with n=0 and maxValue=10000 correctly","hashN","Sun Jun 22 15:34:58 GMT 2025","passed","Sun Jun 22 15:34:58 GMT 2025","","","",""
"","1","should correctly map /app/20/sometopic/someencoding to shard index 15 with networkShards 16","contentTopicToShardIndex","Sun Jun 22 15:34:02 GMT 2025","passed","Sun Jun 22 15:34:02 GMT 2025","","","",""
"","1","ENRTree (tree): should error if DNS tree entry is mis-prefixed","ENRTree","Sun Jun 22 15:34:26 GMT 2025","passed","Sun Jun 22 15:34:26 GMT 2025","","","",""
"","0","should throw an error for non-numeric clusterId: /waku/2/rs/!/1","pubsubTopicToSingleShardInfo with various invalid formats","Sun Jun 22 15:34:02 GMT 2025","passed","Sun Jun 22 15:34:02 GMT 2025","","","",""
"","1","should mark all messages in causal history as acknowledged","MessageChannel","Sun Jun 22 15:35:02 GMT 2025","passed","Sun Jun 22 15:35:02 GMT 2025","","reviewing ack status","",""
"","5","should add and check entries correctly","TTLSet","Sun Jun 22 15:34:47 GMT 2025","passed","Sun Jun 22 15:34:47 GMT 2025","","","",""
"","1","should throw error - no public key","ENR","Sun Jun 22 15:34:09 GMT 2025","passed","Sun Jun 22 15:34:09 GMT 2025","","Txt codec","",""
"","1","should fail to send if no connected peers found","LightPush SDK","Sun Jun 22 15:34:48 GMT 2025","passed","Sun Jun 22 15:34:48 GMT 2025","","","",""
"","0","should be able to encode the field with RELAY and FILTER protocols set to true","ENR waku2 codec","Sun Jun 22 15:34:08 GMT 2025","passed","Sun Jun 22 15:34:08 GMT 2025","","Encoding","",""
"","1","Unsubscribe 1 topic - node subscribed to 2 topics","Waku Filter V2: Unsubscribe: Multiple Nodes: Strict Checking: false","Sun Jun 22 15:47:41 GMT 2025","broken","Sun Jun 22 15:47:41 GMT 2025","","","",""
"","0","more peers than existing","Peer Exchange Query","Sun Jun 22 15:51:13 GMT 2025","skipped","Sun Jun 22 15:51:13 GMT 2025","","","",""
"","0","should be delivered but not added to local log or bloom filter","MessageChannel","Sun Jun 22 15:35:02 GMT 2025","passed","Sun Jun 22 15:35:02 GMT 2025","","Sync messages","",""
"","0","Correctly serialized arguments","nwaku","Sun Jun 22 15:49:38 GMT 2025","passed","Sun Jun 22 15:49:38 GMT 2025","","","",""
"","0","should hash ""!@#$%^&*()"" with n=0 and maxValue=1000 correctly","hashN","Sun Jun 22 15:34:58 GMT 2025","passed","Sun Jun 22 15:34:58 GMT 2025","","","",""
"","1","should emit a peer event after start","Local Storage Discovery","Sun Jun 22 15:34:30 GMT 2025","passed","Sun Jun 22 15:34:30 GMT 2025","interface-peer-discovery compliance tests","Compliance Tests","",""
"","1","random auto sharding 9 - Cluster ID: 10, Content Topic: /app29/3/topic582/xml","Autosharding: Running Nodes","Sun Jun 22 16:00:10 GMT 2025","broken","Sun Jun 22 16:00:10 GMT 2025","","","",""
"","0","should get / set UDP multiaddr","ENR","Sun Jun 22 15:34:09 GMT 2025","passed","Sun Jun 22 15:34:09 GMT 2025","","Multiaddr getters and setters","",""
"","0","should insert message id into causal history","MessageChannel","Sun Jun 22 15:35:02 GMT 2025","passed","Sun Jun 22 15:35:02 GMT 2025","","sending a message ","",""
"","0","should properly create location multiaddrs - udp","ENR","Sun Jun 22 15:34:09 GMT 2025","passed","Sun Jun 22 15:34:09 GMT 2025","","Location multiaddr","",""
"","0","should be able to decode the field with RELAY and FILTER protocols set to true","ENR waku2 codec","Sun Jun 22 15:34:08 GMT 2025","passed","Sun Jun 22 15:34:08 GMT 2025","","Decoding","",""
"","0","should start and setup intervals and event listeners","Filter Subscription","Sun Jun 22 15:34:49 GMT 2025","passed","Sun Jun 22 15:34:49 GMT 2025","","","",""
"","0","should throw error when unsubscribing with unsupported pubsub topic","Filter SDK","Sun Jun 22 15:34:49 GMT 2025","passed","Sun Jun 22 15:34:49 GMT 2025","","","",""
"","0","handles different clusterIds correctly","contentTopicsByPubsubTopic","Sun Jun 22 15:34:02 GMT 2025","passed","Sun Jun 22 15:34:02 GMT 2025","","","",""
"","0","should emit `waku:offline` event only when all peers disconnect","Connection state","Sun Jun 22 15:35:36 GMT 2025","passed","Sun Jun 22 15:35:36 GMT 2025","","","",""
"","1","handles different networkShards values correctly","contentTopicsByPubsubTopic","Sun Jun 22 15:34:02 GMT 2025","passed","Sun Jun 22 15:34:02 GMT 2025","","","",""
"","0","should handle special patterns correctly","BloomFilter with special patterns","Sun Jun 22 15:35:01 GMT 2025","passed","Sun Jun 22 15:35:01 GMT 2025","","","",""
"","0","Encoder throws on undefined content topic","Ensures content topic is defined","Sun Jun 22 15:34:37 GMT 2025","passed","Sun Jun 22 15:34:37 GMT 2025","","","",""
"","0","udp ip6 address","Multiaddr from fields","Sun Jun 22 15:34:08 GMT 2025","passed","Sun Jun 22 15:34:08 GMT 2025","","","",""
"","0","should hash ""hello"" with n=2 and maxValue=100 correctly","hashN","Sun Jun 22 15:34:58 GMT 2025","passed","Sun Jun 22 15:34:58 GMT 2025","","","",""
"","0","should only return 1 node with relay capability","DNS Node Discovery w/ capabilities","Sun Jun 22 15:34:26 GMT 2025","passed","Sun Jun 22 15:34:26 GMT 2025","","","",""
"","2","should hash ""hello"" with n=1 and maxValue=1000 correctly","hashN","Sun Jun 22 15:34:58 GMT 2025","passed","Sun Jun 22 15:34:58 GMT 2025","","","",""
"","0","should return usable stream attached to connection","StreamManager","Sun Jun 22 15:34:18 GMT 2025","passed","Sun Jun 22 15:34:18 GMT 2025","","","",""
"","0","should throw an error for empty SingleShardInfos array","singleShardInfosToShardInfo","Sun Jun 22 15:34:02 GMT 2025","passed","Sun Jun 22 15:34:02 GMT 2025","","","",""
"","1","should throw an error for invalid PubsubTopic format: /waku/2/rs","pubsubTopicToSingleShardInfo with various invalid formats","Sun Jun 22 15:34:02 GMT 2025","passed","Sun Jun 22 15:34:02 GMT 2025","","","",""
"","0","should send to specified number of peers of used peers","LightPush SDK","Sun Jun 22 15:34:48 GMT 2025","passed","Sun Jun 22 15:34:48 GMT 2025","","","",""
"","1","should hash """" with n=5 and maxValue=100 correctly","hashN","Sun Jun 22 15:34:58 GMT 2025","passed","Sun Jun 22 15:34:58 GMT 2025","","","",""
"","0","Subscribe to topic containing Chinese and publish message","Waku Relay, Subscribe","Sun Jun 22 15:51:49 GMT 2025","passed","Sun Jun 22 15:51:49 GMT 2025","","","",""
"","1","should be able to decode the field with only STORE set to true","ENR waku2 codec","Sun Jun 22 15:34:08 GMT 2025","passed","Sun Jun 22 15:34:08 GMT 2025","","Decoding","",""
"","1","should initialize bloom filter with correct parameters","BloomFilter","Sun Jun 22 15:35:01 GMT 2025","passed","Sun Jun 22 15:35:01 GMT 2025","","","",""
"","0","should hash ""!@#$%^&*()"" with n=1 and maxValue=10000 correctly","hashN","Sun Jun 22 15:34:58 GMT 2025","passed","Sun Jun 22 15:34:58 GMT 2025","","","",""
"","1","should correctly map /statusim/1/community/cbor to shard index 4","contentTopicToShardIndex","Sun Jun 22 15:34:02 GMT 2025","passed","Sun Jun 22 15:34:02 GMT 2025","","","",""
"","1","should be online or offline if network state changed","Events","Sun Jun 22 15:35:18 GMT 2025","passed","Sun Jun 22 15:35:18 GMT 2025","","waku:connection","",""
"","0","should correctly map /0/statusim/1/community/cbor to shard index 4","contentTopicToShardIndex","Sun Jun 22 15:34:02 GMT 2025","passed","Sun Jun 22 15:34:02 GMT 2025","","","",""
"","1","should handle general insertion and lookup correctly","BloomFilter with special patterns","Sun Jun 22 15:35:01 GMT 2025","passed","Sun Jun 22 15:35:01 GMT 2025","","","",""
"","1","should only return 1 node with store capability","DNS Node Discovery w/ capabilities","Sun Jun 22 15:34:26 GMT 2025","passed","Sun Jun 22 15:34:26 GMT 2025","","","",""
"","1","should be able to encode the field with only FILTER set to true","ENR waku2 codec","Sun Jun 22 15:34:08 GMT 2025","passed","Sun Jun 22 15:34:08 GMT 2025","","Encoding","",""
"","0","Check publish message containing numeric","Waku Relay, Publish","Sun Jun 22 15:51:40 GMT 2025","passed","Sun Jun 22 15:51:40 GMT 2025","","","",""
"","0","recovers when dns.resolve returns empty","DNS Node Discovery","Sun Jun 22 15:34:26 GMT 2025","passed","Sun Jun 22 15:34:26 GMT 2025","","","",""
"","0","Check received message containing Chinese","Waku Filter V2: FilterPush: Multiple Nodes: Strict Checking: false","Sun Jun 22 16:04:03 GMT 2025","broken","Sun Jun 22 16:04:03 GMT 2025","","","",""
"","0","Unsubscribe from 100 topics (new limit) at once and receives messages","Waku Filter Next: Unsubscribe: Multiple Nodes: Strict Checking: false","Sun Jun 22 15:48:37 GMT 2025","broken","Sun Jun 22 15:48:37 GMT 2025","","","",""
"","2","Round trip binary encryption [symmetric, no signature]","Symmetric Encryption","Sun Jun 22 15:34:37 GMT 2025","passed","Sun Jun 22 15:34:37 GMT 2025","","","",""
"","0","groups multiple content topics into the same pubsub topic when they share the same shard index","contentTopicsByPubsubTopic","Sun Jun 22 15:34:02 GMT 2025","passed","Sun Jun 22 15:34:02 GMT 2025","","","",""
"","0","Subscribe to topic containing XML and publish message","Waku Relay, Subscribe","Sun Jun 22 15:51:49 GMT 2025","passed","Sun Jun 22 15:51:49 GMT 2025","","","",""
"","0","getPeersByDiscovery","Public methods","Sun Jun 22 15:35:58 GMT 2025","passed","Sun Jun 22 15:35:58 GMT 2025","","","",""
"","0","messageHash returns a Uint8Array","messageHash and messageHashStr","Sun Jun 22 15:34:18 GMT 2025","passed","Sun Jun 22 15:34:18 GMT 2025","","","",""
"","0","Subscribe to topic containing Arabic and publish message","Waku Relay, Subscribe","Sun Jun 22 15:51:49 GMT 2025","passed","Sun Jun 22 15:51:49 GMT 2025","","","",""
"","0","should track probabilistic acknowledgements of messages received in bloom filter","MessageChannel","Sun Jun 22 15:35:02 GMT 2025","passed","Sun Jun 22 15:35:02 GMT 2025","","reviewing ack status","",""
"","4","should emit events and trasition isConnected state when has peers or no peers","Events","Sun Jun 22 15:35:18 GMT 2025","passed","Sun Jun 22 15:35:18 GMT 2025","","waku:connection","",""
"","0","Check received message containing short","Waku Filter V2: FilterPush: Multiple Nodes: Strict Checking: false","Sun Jun 22 16:04:03 GMT 2025","broken","Sun Jun 22 16:04:03 GMT 2025","","","",""
"","0","ignores domain fetching errors","DNS Node Discovery","Sun Jun 22 15:34:26 GMT 2025","passed","Sun Jun 22 15:34:26 GMT 2025","","","",""
"","4","should encode/decode to text encoding","ENR","Sun Jun 22 15:34:09 GMT 2025","passed","Sun Jun 22 15:34:09 GMT 2025","","Static tests","",""
"","1","should emit `peer:discovery:bootstrap` event when a peer is discovered","Events","Sun Jun 22 15:35:18 GMT 2025","passed","Sun Jun 22 15:35:18 GMT 2025","","peer:discovery","",""
"","0","Check received message containing Arabic","Waku Filter V2: FilterPush: Multiple Nodes: Strict Checking: true","Sun Jun 22 16:04:03 GMT 2025","broken","Sun Jun 22 16:04:03 GMT 2025","","","",""
"","1","should decode valid enr with tcp successfully","ENR","Sun Jun 22 15:34:09 GMT 2025","passed","Sun Jun 22 15:34:09 GMT 2025","","Txt codec","",""
"","11","Fields are not dropped","to proto message","Sun Jun 22 15:34:17 GMT 2025","passed","Sun Jun 22 15:34:17 GMT 2025","","","",""
"","0","should hash ""!@#$%^&*()"" with n=2 and maxValue=1000 correctly","hashN","Sun Jun 22 15:34:58 GMT 2025","passed","Sun Jun 22 15:34:58 GMT 2025","","","",""
"","1","Mutual subscription","Waku Relay, Subscribe","Sun Jun 22 15:51:49 GMT 2025","passed","Sun Jun 22 15:51:49 GMT 2025","","","",""
"","0","ENRTree (root): should error if DNS root entry is mis-prefixed","ENRTree","Sun Jun 22 15:34:26 GMT 2025","passed","Sun Jun 22 15:34:26 GMT 2025","","","",""
"","0","Publish message with large meta","Waku Relay, Publish","Sun Jun 22 15:51:40 GMT 2025","passed","Sun Jun 22 15:51:40 GMT 2025","","","",""
"","0","it tolerates circular branch references","DNS Node Discovery","Sun Jun 22 15:34:26 GMT 2025","passed","Sun Jun 22 15:34:26 GMT 2025","","","",""
"","1","should transition to Unhealthy when no connections","HealthIndicator","Sun Jun 22 15:34:48 GMT 2025","passed","Sun Jun 22 15:34:48 GMT 2025","","","",""
"","1","Fails to publish message with size larger than 1 MB","Waku Relay, Publish","Sun Jun 22 15:51:40 GMT 2025","passed","Sun Jun 22 15:51:40 GMT 2025","","","",""
"","0","should emit `peer:discovery:peer-exchange` event when a peer is discovered","Events","Sun Jun 22 15:35:18 GMT 2025","passed","Sun Jun 22 15:35:18 GMT 2025","","peer:discovery","",""
"","0","Should update multiaddrs","Peer Exchange Continuous Discovery","Sun Jun 22 15:50:17 GMT 2025","passed","Sun Jun 22 15:50:17 GMT 2025","","","",""
"","0","should return valid sharding parameters for content topics autosharding","ensureShardingConfigured","Sun Jun 22 15:34:02 GMT 2025","passed","Sun Jun 22 15:34:02 GMT 2025","","","",""
"","0","should throw an error for non-numeric clusterId: /waku/2/rs/ /1","pubsubTopicToSingleShardInfo with various invalid formats","Sun Jun 22 15:34:02 GMT 2025","passed","Sun Jun 22 15:34:02 GMT 2025","","","",""
"","0","should properly compute the node id","ENR","Sun Jun 22 15:34:09 GMT 2025","passed","Sun Jun 22 15:34:09 GMT 2025","","Static tests","",""
"","0","should create a new stream if no existing for protocol found","StreamManager","Sun Jun 22 15:34:18 GMT 2025","passed","Sun Jun 22 15:34:18 GMT 2025","","","",""
"","0","Ephemeral field set to true","Waku Message version 0","Sun Jun 22 15:34:18 GMT 2025","passed","Sun Jun 22 15:34:18 GMT 2025","","","",""
"","0","Fails to publish message with wrong pubsubtopic","Waku Relay, Publish","Sun Jun 22 15:51:40 GMT 2025","passed","Sun Jun 22 15:51:40 GMT 2025","","","",""
"","0","should deliver messages after dependencies are met","MessageChannel","Sun Jun 22 15:35:02 GMT 2025","passed","Sun Jun 22 15:35:02 GMT 2025","","Sweeping incoming buffer","",""
"","1","px service nodes not subscribed to the shard should not be dialed","Autosharding: Peer Management","Sun Jun 22 16:01:09 GMT 2025","passed","Sun Jun 22 16:01:09 GMT 2025","","Peer Exchange","",""
"","1","Waku message hash computation (meta size of 64 bytes)","Message Hash: RFC Test Vectors","Sun Jun 22 15:34:18 GMT 2025","passed","Sun Jun 22 15:34:18 GMT 2025","","","",""
"","2","addEventListener with wrong event","Public methods","Sun Jun 22 15:35:58 GMT 2025","passed","Sun Jun 22 15:35:58 GMT 2025","","","",""
"","1","A test","This","Sun Jun 22 15:49:26 GMT 2025","passed","Sun Jun 22 15:49:26 GMT 2025","","Is","",""
"","1","should hash ""Lorem ipsum dolor sit amet"" with n=5 and maxValue=10000 correctly","hashN","Sun Jun 22 15:34:58 GMT 2025","passed","Sun Jun 22 15:34:58 GMT 2025","","","",""
"","1","Check received message containing escaped characters","Waku Filter V2: FilterPush: Multiple Nodes: Strict Checking: true","Sun Jun 22 16:04:03 GMT 2025","broken","Sun Jun 22 16:04:03 GMT 2025","","","",""
"","1","random auto sharding 5 - Cluster ID: 10, Content Topic: /app19/9/topic372/utf8","Autosharding: Running Nodes","Sun Jun 22 16:00:10 GMT 2025","broken","Sun Jun 22 16:00:10 GMT 2025","","","",""
"","1","throws on content topic with non-number generation field","ensureValidContentTopic","Sun Jun 22 15:34:02 GMT 2025","passed","Sun Jun 22 15:34:02 GMT 2025","","","",""
"","0","should be sent without a timestamp, causal history, or bloom filter","MessageChannel","Sun Jun 22 15:35:02 GMT 2025","passed","Sun Jun 22 15:35:02 GMT 2025","","Ephemeral messages","",""
"","0","throws an error for improperly formatted content topics","contentTopicsByPubsubTopic","Sun Jun 22 15:34:02 GMT 2025","passed","Sun Jun 22 15:34:02 GMT 2025","","","",""
"","1","should serialize and deserialize correctly","BloomFilter","Sun Jun 22 15:35:01 GMT 2025","passed","Sun Jun 22 15:35:01 GMT 2025","","","",""
"","0","Check received message containing Basic HTML tag","Waku Filter V2: FilterPush: Multiple Nodes: Strict Checking: true","Sun Jun 22 16:04:03 GMT 2025","broken","Sun Jun 22 16:04:03 GMT 2025","","","",""
"","1","should hash """" with n=5 and maxValue=1000 correctly","hashN","Sun Jun 22 15:34:58 GMT 2025","passed","Sun Jun 22 15:34:58 GMT 2025","","","",""
"","1","should be empty after removing the only subscription","Filter Subscription","Sun Jun 22 15:34:49 GMT 2025","passed","Sun Jun 22 15:34:49 GMT 2025","","","",""
"","0","Encoder throws on empty string content topic","Ensures content topic is defined","Sun Jun 22 15:34:18 GMT 2025","passed","Sun Jun 22 15:34:18 GMT 2025","","","",""
"","1","Waku message hash computation (message is IProtoMessage with version)","Message Hash: RFC Test Vectors","Sun Jun 22 15:34:18 GMT 2025","passed","Sun Jun 22 15:34:18 GMT 2025","","","",""
"","0","can start the service","Local Storage Discovery","Sun Jun 22 15:34:30 GMT 2025","passed","Sun Jun 22 15:34:30 GMT 2025","interface-peer-discovery compliance tests","Compliance Tests","",""
"","0","accepts valid message hash query","StoreQueryRequest validation","Sun Jun 22 15:34:18 GMT 2025","passed","Sun Jun 22 15:34:18 GMT 2025","","","",""
"","0","Check received message containing JSON","Waku Filter V2: FilterPush: Multiple Nodes: Strict Checking: true","Sun Jun 22 16:04:03 GMT 2025","broken","Sun Jun 22 16:04:03 GMT 2025","","","",""
"","0","should hash ""test123"" with n=5 and maxValue=10000 correctly","hashN","Sun Jun 22 15:34:58 GMT 2025","passed","Sun Jun 22 15:34:58 GMT 2025","","","",""
"","0","Check received message containing shell command","Waku Filter V2: FilterPush: Multiple Nodes: Strict Checking: true","Sun Jun 22 16:04:03 GMT 2025","broken","Sun Jun 22 16:04:03 GMT 2025","","","",""
"","0","should not be called more than DEFAULT_MAX_BOOTSTRAP_PEERS_ALLOWED times for bootstrap peers","Dials","Sun Jun 22 15:35:25 GMT 2025","passed","Sun Jun 22 15:35:25 GMT 2025","For bootstrap peers","dialPeer method","",""
"","1","should throw an error for non-numeric shard: /waku/2/rs/1/y","pubsubTopicToSingleShardInfo with various invalid formats","Sun Jun 22 15:34:02 GMT 2025","passed","Sun Jun 22 15:34:02 GMT 2025","","","",""
"","0","accepts valid content-filtered query","StoreQueryRequest validation","Sun Jun 22 15:34:18 GMT 2025","passed","Sun Jun 22 15:34:18 GMT 2025","","","",""
"","1","Should update shard info","Peer Exchange Continuous Discovery","Sun Jun 22 15:50:17 GMT 2025","passed","Sun Jun 22 15:50:17 GMT 2025","","","",""
"","0","Check received message containing XML","Waku Filter V2: FilterPush: Multiple Nodes: Strict Checking: false","Sun Jun 22 16:04:03 GMT 2025","broken","Sun Jun 22 16:04:03 GMT 2025","","","",""
"","1","throws on empty content topic","ensureValidContentTopic","Sun Jun 22 15:34:02 GMT 2025","passed","Sun Jun 22 15:34:02 GMT 2025","","","",""
"","0","should not be added to outgoing buffer, bloom filter, or local log","MessageChannel","Sun Jun 22 15:35:02 GMT 2025","passed","Sun Jun 22 15:35:02 GMT 2025","","Sync messages","",""
"","0","handles empty shards array correctly","ensureShardingConfigured","Sun Jun 22 15:34:02 GMT 2025","passed","Sun Jun 22 15:34:02 GMT 2025","","","",""
"","0","Publish message with custom timestamp: Sun Dec 17 1995 03:24:00 GMT+0000 (Coordinated Universal Time)","Waku Relay, Publish","Sun Jun 22 15:51:40 GMT 2025","passed","Sun Jun 22 15:51:40 GMT 2025","","","",""
"","0","should throw an error for missing sharding configuration","ensureShardingConfigured","Sun Jun 22 15:34:02 GMT 2025","passed","Sun Jun 22 15:34:02 GMT 2025","","","",""
"","0","messageHashStr returns the same value as bytesToHex(messageHash)","messageHash and messageHashStr","Sun Jun 22 15:34:18 GMT 2025","passed","Sun Jun 22 15:34:18 GMT 2025","","","",""
"","1","returns nothing if no connections present","selectOpenConnection","Sun Jun 22 15:34:18 GMT 2025","passed","Sun Jun 22 15:34:18 GMT 2025","","","",""
"","1","Subscribe one by one to 100 topics and publish messages","Waku Relay, Subscribe","Sun Jun 22 15:51:49 GMT 2025","passed","Sun Jun 22 15:51:49 GMT 2025","","","",""
"","0","should hash """" with n=5 and maxValue=10000 correctly","hashN","Sun Jun 22 15:34:58 GMT 2025","passed","Sun Jun 22 15:34:58 GMT 2025","","","",""
"","0","should hash ""!@#$%^&*()"" with n=1 and maxValue=100 correctly","hashN","Sun Jun 22 15:34:58 GMT 2025","passed","Sun Jun 22 15:34:58 GMT 2025","","","",""
"","0","should be sent with empty content","MessageChannel","Sun Jun 22 15:35:02 GMT 2025","passed","Sun Jun 22 15:35:02 GMT 2025","","Sync messages","",""
"","0","Publish message with custom timestamp: Sun Jun 22 2025 14:51:32 GMT+0000 (Coordinated Universal Time)","Waku Relay, Publish","Sun Jun 22 15:51:40 GMT 2025","passed","Sun Jun 22 15:51:40 GMT 2025","","","",""
"","2","should hash ""hello"" with n=5 and maxValue=1000 correctly","hashN","Sun Jun 22 15:34:58 GMT 2025","passed","Sun Jun 22 15:34:58 GMT 2025","","","",""
"","1","should enable only peerExchange and localPeerCache when dns is disabled","Default Peer Discoveries","Sun Jun 22 15:34:48 GMT 2025","passed","Sun Jun 22 15:34:48 GMT 2025","","","",""
"","0","Check message on other pubsub topic is not received","Waku Filter V2: FilterPush: Multiple Nodes: Strict Checking: false","Sun Jun 22 16:04:03 GMT 2025","passed","Sun Jun 22 16:04:03 GMT 2025","","","",""
"","0","should hash ""!@#$%^&*()"" with n=0 and maxValue=10000 correctly","hashN","Sun Jun 22 15:34:58 GMT 2025","passed","Sun Jun 22 15:34:58 GMT 2025","","","",""
"","0","should retrieve 3 multiaddrs for sandbox.waku.nodes.status.im","DNS Node Discovery [live data]","Sun Jun 22 15:34:26 GMT 2025","skipped","Sun Jun 22 15:34:26 GMT 2025","","","",""
"","0","caches peers it previously fetched","DNS Node Discovery","Sun Jun 22 15:34:26 GMT 2025","passed","Sun Jun 22 15:34:26 GMT 2025","","","",""
"","1","Check publish message containing emoji","Waku Relay, Publish","Sun Jun 22 15:51:40 GMT 2025","passed","Sun Jun 22 15:51:40 GMT 2025","","","",""
"","1","should set field with all protocols enabled","ENR","Sun Jun 22 15:34:09 GMT 2025","passed","Sun Jun 22 15:34:09 GMT 2025","","waku2 key round trip","",""
"","1","should hash ""hello"" with n=1 and maxValue=10000 correctly","hashN","Sun Jun 22 15:34:58 GMT 2025","passed","Sun Jun 22 15:34:58 GMT 2025","","","",""
"","0","random auto sharding 6 - Cluster ID: 10, Content Topic: /app75/5/topic168/proto","Autosharding: Running Nodes","Sun Jun 22 16:00:10 GMT 2025","broken","Sun Jun 22 16:00:10 GMT 2025","","","",""
"","0","should set field with only LIGHTPUSH enabled","ENR","Sun Jun 22 15:34:09 GMT 2025","passed","Sun Jun 22 15:34:09 GMT 2025","","waku2 key round trip","",""
"","3","returns all values when wanted number matches available values","Discovery","Sun Jun 22 15:34:25 GMT 2025","passed","Sun Jun 22 15:34:25 GMT 2025","","","",""
"","0","should hash ""Lorem ipsum dolor sit amet"" with n=0 and maxValue=100 correctly","hashN","Sun Jun 22 15:34:58 GMT 2025","passed","Sun Jun 22 15:34:58 GMT 2025","","","",""
"","0","should hash ""test123"" with n=5 and maxValue=100 correctly","hashN","Sun Jun 22 15:34:58 GMT 2025","passed","Sun Jun 22 15:34:58 GMT 2025","","","",""
"","1","messageHashStr works with IProtoMessage","messageHash and messageHashStr","Sun Jun 22 15:34:18 GMT 2025","passed","Sun Jun 22 15:34:18 GMT 2025","","","",""
"","1","should support chaining for add method","TTLSet","Sun Jun 22 15:34:47 GMT 2025","passed","Sun Jun 22 15:34:47 GMT 2025","","","",""
"","0","should throw an error for non-numeric shard: /waku/2/rs/1/x","pubsubTopicToSingleShardInfo with various invalid formats","Sun Jun 22 15:34:02 GMT 2025","passed","Sun Jun 22 15:34:02 GMT 2025","","","",""
"","1","should hash ""hello"" with n=5 and maxValue=10000 correctly","hashN","Sun Jun 22 15:34:58 GMT 2025","passed","Sun Jun 22 15:34:58 GMT 2025","","","",""
"","1","wrong wakuPeerExchangeDiscovery pubsub topic","Peer Exchange","Sun Jun 22 15:51:13 GMT 2025","skipped","Sun Jun 22 15:51:13 GMT 2025","","","",""
"","7","should correctly map /myapp/1/latest/proto to shard index 0","contentTopicToShardIndex","Sun Jun 22 15:34:02 GMT 2025","passed","Sun Jun 22 15:34:02 GMT 2025","","","",""
"","1","Fails to publish message with empty text","Waku Relay, Publish","Sun Jun 22 15:51:40 GMT 2025","passed","Sun Jun 22 15:51:40 GMT 2025","","","",""
"","1","should start and stop interval correctly","RetryManager","Sun Jun 22 15:34:48 GMT 2025","passed","Sun Jun 22 15:34:48 GMT 2025","","","",""
"","1","should throw an error for SingleShardInfos with different clusterIds","singleShardInfosToShardInfo","Sun Jun 22 15:34:02 GMT 2025","passed","Sun Jun 22 15:34:02 GMT 2025","","","",""
"","0","Delete observer","Waku Relay","Sun Jun 22 15:51:14 GMT 2025","passed","Sun Jun 22 15:51:14 GMT 2025","","","",""
"","1","rejects hash query with time filter","StoreQueryRequest validation","Sun Jun 22 15:34:18 GMT 2025","passed","Sun Jun 22 15:34:18 GMT 2025","","","",""
"","0","Check received message with timestamp: 1949153314000 ","Waku Filter V2: FilterPush: Multiple Nodes: Strict Checking: false","Sun Jun 22 16:04:03 GMT 2025","broken","Sun Jun 22 16:04:03 GMT 2025","","","",""
"","12","should return true when clusterId matches and shard is included in network shards","IWaku utils","Sun Jun 22 15:34:48 GMT 2025","passed","Sun Jun 22 15:34:48 GMT 2025","","isShardCompatible","",""
"","1","should add to incoming buffer if dependencies are not met","MessageChannel","Sun Jun 22 15:35:02 GMT 2025","passed","Sun Jun 22 15:35:02 GMT 2025","","receiving a message","",""
"","1","should retry failed tasks","RetryManager","Sun Jun 22 15:34:48 GMT 2025","passed","Sun Jun 22 15:34:48 GMT 2025","","","",""
"","0","retrieves all peers (3) when branch entries are composed of multiple strings","DNS Node Discovery w/ capabilities","Sun Jun 22 15:34:26 GMT 2025","passed","Sun Jun 22 15:34:26 GMT 2025","","","",""
"","1","Check received message containing shell command","Waku Filter V2: FilterPush: Multiple Nodes: Strict Checking: false","Sun Jun 22 16:04:03 GMT 2025","broken","Sun Jun 22 16:04:03 GMT 2025","","","",""
"","0","should correctly encode and decode relay shards using rs format (Index List)","Relay Shard codec","Sun Jun 22 15:34:03 GMT 2025","passed","Sun Jun 22 15:34:03 GMT 2025","","","",""
"","0","should fail to send if pubsub topics are misconfigured","LightPush SDK","Sun Jun 22 15:34:48 GMT 2025","passed","Sun Jun 22 15:34:48 GMT 2025","","","",""
"","0","rejects content-filtered query with only pubsubTopic","StoreQueryRequest validation","Sun Jun 22 15:34:18 GMT 2025","passed","Sun Jun 22 15:34:18 GMT 2025","","","",""
"","1","Init the array if not present","pushOrInitMapSet","Sun Jun 22 15:34:02 GMT 2025","passed","Sun Jun 22 15:34:02 GMT 2025","","","",""
"","1","Check received message containing Script","Waku Filter V2: FilterPush: Multiple Nodes: Strict Checking: false","Sun Jun 22 16:04:03 GMT 2025","broken","Sun Jun 22 16:04:03 GMT 2025","","","",""
"","0","throws on content topic with generation field greater than 0","ensureValidContentTopic","Sun Jun 22 15:34:02 GMT 2025","passed","Sun Jun 22 15:34:02 GMT 2025","","","",""
"","0","should handle clusterId, application and version for autosharding with cluster iD 0","shardInfoToPubsubTopics","Sun Jun 22 15:34:02 GMT 2025","passed","Sun Jun 22 15:34:02 GMT 2025","","","",""
"","0","should be able to decode the field with ALL protocols set to false","ENR waku2 codec","Sun Jun 22 15:34:08 GMT 2025","passed","Sun Jun 22 15:34:08 GMT 2025","","Decoding","",""
"","0","should hash ""hello"" with n=1 and maxValue=100 correctly","hashN","Sun Jun 22 15:34:58 GMT 2025","passed","Sun Jun 22 15:34:58 GMT 2025","","","",""
"","1","should hash ""test123"" with n=0 and maxValue=100 correctly","hashN","Sun Jun 22 15:34:58 GMT 2025","passed","Sun Jun 22 15:34:58 GMT 2025","","","",""
"","0","throws on content topic with empty encoding field","ensureValidContentTopic","Sun Jun 22 15:34:02 GMT 2025","passed","Sun Jun 22 15:34:02 GMT 2025","","","",""
"","0","should throw if no connection provided","StreamManager","Sun Jun 22 15:34:18 GMT 2025","passed","Sun Jun 22 15:34:18 GMT 2025","","","",""
"","0","should hash ""Lorem ipsum dolor sit amet"" with n=0 and maxValue=1000 correctly","hashN","Sun Jun 22 15:34:58 GMT 2025","passed","Sun Jun 22 15:34:58 GMT 2025","","","",""
"","1","should throw an error for missing required configuration","shardInfoToPubsubTopics","Sun Jun 22 15:34:02 GMT 2025","passed","Sun Jun 22 15:34:02 GMT 2025","","","",""
"","0","should decode valid ENR with multiaddrs successfully [shared test vector]","ENR","Sun Jun 22 15:34:09 GMT 2025","passed","Sun Jun 22 15:34:09 GMT 2025","","Txt codec","",""
"","0","Fails to publish duplicate message","Waku Relay, Publish","Sun Jun 22 15:51:40 GMT 2025","passed","Sun Jun 22 15:51:40 GMT 2025","","","",""
"","1","should transition to MinimallyHealthy with one compatible peer","HealthIndicator","Sun Jun 22 15:34:48 GMT 2025","passed","Sun Jun 22 15:34:48 GMT 2025","","","",""
"","1","should reject if Filter is requested but not mounted","waitForRemotePeer","Sun Jun 22 15:34:48 GMT 2025","passed","Sun Jun 22 15:34:48 GMT 2025","","","",""
"","1","throws on content topic with empty application field","ensureValidContentTopic","Sun Jun 22 15:34:02 GMT 2025","passed","Sun Jun 22 15:34:02 GMT 2025","","","",""
"","0","should hash ""Lorem ipsum dolor sit amet"" with n=1 and maxValue=1000 correctly","hashN","Sun Jun 22 15:34:58 GMT 2025","passed","Sun Jun 22 15:34:58 GMT 2025","","","",""
"","0","Check received message containing Arabic","Waku Filter V2: FilterPush: Multiple Nodes: Strict Checking: false","Sun Jun 22 16:04:03 GMT 2025","broken","Sun Jun 22 16:04:03 GMT 2025","","","",""
"","0","should use provided shard info when available","IWaku utils","Sun Jun 22 15:34:48 GMT 2025","passed","Sun Jun 22 15:34:48 GMT 2025","","decoderParamsToShardInfo","",""
"","3","should return PeerId when PeerId is provided","IWaku utils","Sun Jun 22 15:34:48 GMT 2025","passed","Sun Jun 22 15:34:48 GMT 2025","","mapToPeerIdOrMultiaddr","",""
"","0","should hash ""test123"" with n=1 and maxValue=100 correctly","hashN","Sun Jun 22 15:34:58 GMT 2025","passed","Sun Jun 22 15:34:58 GMT 2025","","","",""
"","1","should be delivered immediately if received","MessageChannel","Sun Jun 22 15:35:02 GMT 2025","passed","Sun Jun 22 15:35:02 GMT 2025","","Ephemeral messages","",""
"","0","should throw an error for invalid PubsubTopic format: /waku/2/r/1/2","pubsubTopicToSingleShardInfo with various invalid formats","Sun Jun 22 15:34:02 GMT 2025","passed","Sun Jun 22 15:34:02 GMT 2025","","","",""
"","0","Decoder throws on empty string content topic","Ensures content topic is defined","Sun Jun 22 15:34:38 GMT 2025","passed","Sun Jun 22 15:34:38 GMT 2025","","","",""
"","0","should enable only dns and localPeerCache when peerExchange is disabled","Default Peer Discoveries","Sun Jun 22 15:34:48 GMT 2025","passed","Sun Jun 22 15:34:48 GMT 2025","","","",""
"","1","Check publish message after service node is restarted","Waku Relay, Publish","Sun Jun 22 15:51:40 GMT 2025","skipped","Sun Jun 22 15:51:40 GMT 2025","","","",""
"","1","should correctly map /toychat/2/huilong/proto to shard index 3","contentTopicToShardIndex","Sun Jun 22 15:34:02 GMT 2025","passed","Sun Jun 22 15:34:02 GMT 2025","","","",""
"","0","should throw an error for non-numeric clusterId: /waku/2/rs/x/1","pubsubTopicToSingleShardInfo with various invalid formats","Sun Jun 22 15:34:02 GMT 2025","passed","Sun Jun 22 15:34:02 GMT 2025","","","",""
"","0","Check message received after nwaku node is restarted","Waku Filter V2: FilterPush: Multiple Nodes: Strict Checking: false","Sun Jun 22 16:04:03 GMT 2025","skipped","Sun Jun 22 16:04:03 GMT 2025","","","",""
"","0","should hash ""Lorem ipsum dolor sit amet"" with n=2 and maxValue=100 correctly","hashN","Sun Jun 22 15:34:58 GMT 2025","passed","Sun Jun 22 15:34:58 GMT 2025","","","",""
"","0","should correctly map /app/29/sometopic/someencoding to shard index 6","contentTopicToShardIndex","Sun Jun 22 15:34:02 GMT 2025","passed","Sun Jun 22 15:34:02 GMT 2025","","","",""
"","1","should hash """" with n=1 and maxValue=100 correctly","hashN","Sun Jun 22 15:34:58 GMT 2025","passed","Sun Jun 22 15:34:58 GMT 2025","","","",""
"","0","should hash """" with n=2 and maxValue=10000 correctly","hashN","Sun Jun 22 15:34:58 GMT 2025","passed","Sun Jun 22 15:34:58 GMT 2025","","","",""
"","1","Waku message hash computation (meta attribute not present)","Message Hash: RFC Test Vectors","Sun Jun 22 15:34:18 GMT 2025","passed","Sun Jun 22 15:34:18 GMT 2025","","","",""
"","0","Check message with non string payload is not received","Waku Filter V2: FilterPush: Multiple Nodes: Strict Checking: true","Sun Jun 22 16:04:03 GMT 2025","passed","Sun Jun 22 16:04:03 GMT 2025","","","",""
"","1","should detect messages with missing dependencies","MessageChannel","Sun Jun 22 15:35:02 GMT 2025","passed","Sun Jun 22 15:35:02 GMT 2025","","Sweeping incoming buffer","",""
"","1","isConnected between 2 js-waku relay nodes","Connection state","Sun Jun 22 15:35:36 GMT 2025","passed","Sun Jun 22 15:35:36 GMT 2025","","","",""
"","0","less peers than existing","Peer Exchange Query","Sun Jun 22 15:51:13 GMT 2025","skipped","Sun Jun 22 15:51:13 GMT 2025","","","",""
"","2","should enable only dns and peerExchange when localPeerCache is disabled","Default Peer Discoveries","Sun Jun 22 15:34:48 GMT 2025","passed","Sun Jun 22 15:34:48 GMT 2025","","","",""
"","0","should correctly map /waku/2/content/test.js to shard index 1","contentTopicToShardIndex","Sun Jun 22 15:34:02 GMT 2025","passed","Sun Jun 22 15:34:02 GMT 2025","","","",""
"","0","Check received message with timestamp: 1649153314 ","Waku Filter V2: FilterPush: Multiple Nodes: Strict Checking: false","Sun Jun 22 16:04:03 GMT 2025","broken","Sun Jun 22 16:04:03 GMT 2025","","","",""
"","0","should hash ""test123"" with n=1 and maxValue=10000 correctly","hashN","Sun Jun 22 15:34:58 GMT 2025","passed","Sun Jun 22 15:34:58 GMT 2025","","","",""
"","1","should properly start and stop event listening","HealthIndicator","Sun Jun 22 15:34:48 GMT 2025","passed","Sun Jun 22 15:34:48 GMT 2025","","","",""
"","3","should return the correct m/n for k = 7, targetError = 0.01","Probabilities","Sun Jun 22 15:34:58 GMT 2025","passed","Sun Jun 22 15:34:58 GMT 2025","","","",""
"","1","Round trip binary encryption [symmetric, signature]","Symmetric Encryption","Sun Jun 22 15:34:37 GMT 2025","passed","Sun Jun 22 15:34:37 GMT 2025","","","",""
"","0","should hash ""!@#$%^&*()"" with n=2 and maxValue=100 correctly","hashN","Sun Jun 22 15:34:58 GMT 2025","passed","Sun Jun 22 15:34:58 GMT 2025","","","",""
"","0","accepts time-filtered query with content filter","StoreQueryRequest validation","Sun Jun 22 15:34:18 GMT 2025","passed","Sun Jun 22 15:34:18 GMT 2025","","","",""
"","0","Subscribe to topic containing emoji and publish message","Waku Relay, Subscribe","Sun Jun 22 15:51:49 GMT 2025","passed","Sun Jun 22 15:51:49 GMT 2025","","","",""
"","1","Check received message containing SQL Injection","Waku Filter V2: FilterPush: Multiple Nodes: Strict Checking: true","Sun Jun 22 16:04:03 GMT 2025","broken","Sun Jun 22 16:04:03 GMT 2025","","","",""
"","1","ENRTree (tree): should error if DNS tree entry is misformatted","ENRTree","Sun Jun 22 15:34:26 GMT 2025","passed","Sun Jun 22 15:34:26 GMT 2025","","","",""
"","0","Reopen subscription with peer with lost subscription","Waku Filter V2: Ping: Multiple Nodes: Strict Checking: false","Sun Jun 22 15:40:25 GMT 2025","broken","Sun Jun 22 15:40:25 GMT 2025","","","",""
"","1","n1 and n2 uses a custom pubsub, n3 uses the default pubsub","Waku Relay, multiple pubsub topics","Sun Jun 22 15:51:32 GMT 2025","passed","Sun Jun 22 15:51:32 GMT 2025","","","",""
"","1","should initialize with Unhealthy status","HealthIndicator","Sun Jun 22 15:34:48 GMT 2025","passed","Sun Jun 22 15:34:48 GMT 2025","","","",""
"","0","should not receive a peer event before start","Local Storage Discovery","Sun Jun 22 15:34:30 GMT 2025","passed","Sun Jun 22 15:34:30 GMT 2025","interface-peer-discovery compliance tests","Compliance Tests","",""
"","0","throws on content topic with empty topic name field","ensureValidContentTopic","Sun Jun 22 15:34:02 GMT 2025","passed","Sun Jun 22 15:34:02 GMT 2025","","","",""
"","1","Subscribe to topic containing long and publish message","Waku Relay, Subscribe","Sun Jun 22 15:51:49 GMT 2025","passed","Sun Jun 22 15:51:49 GMT 2025","","","",""
"","0","should correctly map /0/toychat/2/huilong/proto to shard index 3","contentTopicToShardIndex","Sun Jun 22 15:34:02 GMT 2025","passed","Sun Jun 22 15:34:02 GMT 2025","","","",""
"","0","should calculate shard index from content topic when shard is not provided","IWaku utils","Sun Jun 22 15:34:48 GMT 2025","passed","Sun Jun 22 15:34:48 GMT 2025","","decoderParamsToShardInfo","",""
"","0","throws on content topic with empty version field","ensureValidContentTopic","Sun Jun 22 15:34:02 GMT 2025","passed","Sun Jun 22 15:34:02 GMT 2025","","","",""
"","0","should be able to encode the field with only STORE set to true","ENR waku2 codec","Sun Jun 22 15:34:08 GMT 2025","passed","Sun Jun 22 15:34:08 GMT 2025","","Encoding","",""
"","1","Unsubscribe from 100 topics (new limit) at once and receives messages","Waku Filter Next: Unsubscribe: Multiple Nodes: Strict Checking: true","Sun Jun 22 15:48:37 GMT 2025","broken","Sun Jun 22 15:48:37 GMT 2025","","","",""
"","3","should be called for bootstrap peers","Dials","Sun Jun 22 15:35:25 GMT 2025","passed","Sun Jun 22 15:35:25 GMT 2025","For bootstrap peers","dialPeer method","",""
"","0","should return false","ENR","Sun Jun 22 15:34:09 GMT 2025","passed","Sun Jun 22 15:34:09 GMT 2025","","Verify","",""
"","0","should correctly encode and decode relay shards using rsv format (Bit Vector)","Relay Shard codec","Sun Jun 22 15:34:03 GMT 2025","passed","Sun Jun 22 15:34:03 GMT 2025","","","",""
"","1","should have no discoveries enabled by default","Default Peer Discoveries","Sun Jun 22 15:34:48 GMT 2025","passed","Sun Jun 22 15:34:48 GMT 2025","","","",""
"","0","Non TWN Cluster","Autosharding: Running Nodes","Sun Jun 22 16:00:10 GMT 2025","broken","Sun Jun 22 16:00:10 GMT 2025","","","",""
"","1","should be able to decode the field with only RELAY set to true","ENR waku2 codec","Sun Jun 22 15:34:08 GMT 2025","passed","Sun Jun 22 15:34:08 GMT 2025","","Decoding","",""
"","0","should throw an error for non-numeric clusterId: /waku/2/rs//1","pubsubTopicToSingleShardInfo with various invalid formats","Sun Jun 22 15:34:02 GMT 2025","passed","Sun Jun 22 15:34:02 GMT 2025","","","",""
"","0","should not receive a peer event after stop","Local Storage Discovery","Sun Jun 22 15:34:30 GMT 2025","passed","Sun Jun 22 15:34:30 GMT 2025","interface-peer-discovery compliance tests","Compliance Tests","",""
"","0","should transition to SufficientlyHealthy with multiple compatible peers","HealthIndicator","Sun Jun 22 15:34:48 GMT 2025","passed","Sun Jun 22 15:34:48 GMT 2025","","","",""
"","0","should invoke callbacks only when newly receiving message is given","Filter Subscription","Sun Jun 22 15:34:49 GMT 2025","passed","Sun Jun 22 15:34:49 GMT 2025","","","",""
"","1","should hash ""test123"" with n=5 and maxValue=1000 correctly","hashN","Sun Jun 22 15:34:58 GMT 2025","passed","Sun Jun 22 15:34:58 GMT 2025","","","",""
"","1","all px service nodes subscribed to the shard topic should be dialed","Static Sharding: Peer Management","Sun Jun 22 16:01:09 GMT 2025","passed","Sun Jun 22 16:01:09 GMT 2025","","Peer Exchange","",""
"","0","pre and post cipher","Waku Encryption","Sun Jun 22 15:34:37 GMT 2025","passed","Sun Jun 22 15:34:37 GMT 2025","","","",""
"","1","receiving a ping from a peer does not overwrite shard info","Metadata Protocol","Sun Jun 22 15:49:36 GMT 2025","passed","Sun Jun 22 15:49:36 GMT 2025","","","",""
"","0","Round trip binary encryption [ecies, no signature]","Ecies Encryption","Sun Jun 22 15:34:38 GMT 2025","passed","Sun Jun 22 15:34:38 GMT 2025","","","",""
"","0","Register correct protocols","Waku Relay, Subscribe","Sun Jun 22 15:51:49 GMT 2025","passed","Sun Jun 22 15:51:49 GMT 2025","","","",""
"","0","should extract SingleShardInfo from a valid PubsubTopic","pubsubTopicToSingleShardInfo with various invalid formats","Sun Jun 22 15:34:02 GMT 2025","passed","Sun Jun 22 15:34:02 GMT 2025","","","",""
"","0","should return Multiaddr when Multiaddr input is provided","IWaku utils","Sun Jun 22 15:34:48 GMT 2025","passed","Sun Jun 22 15:34:48 GMT 2025","","mapToPeerIdOrMultiaddr","",""
"","0","Check received message containing unicode special characters","Waku Filter V2: FilterPush: Multiple Nodes: Strict Checking: false","Sun Jun 22 16:04:03 GMT 2025","broken","Sun Jun 22 16:04:03 GMT 2025","","","",""
"","0","Overlapping topic subscription","Waku Relay, Subscribe","Sun Jun 22 15:51:49 GMT 2025","skipped","Sun Jun 22 15:51:49 GMT 2025","","","",""
"","0","can start and stop the service","Peer Exchange","Sun Jun 22 15:50:17 GMT 2025","passed","Sun Jun 22 15:50:17 GMT 2025","interface-peer-discovery compliance tests","Compliance Test","",""
"","1","should not fail to stop the service if it was not started","DNS Discovery: Compliance Test","Sun Jun 22 15:35:22 GMT 2025","passed","Sun Jun 22 15:35:22 GMT 2025","","interface-peer-discovery compliance tests","",""
"","0","should be able to decode the field with only LIGHTPUSH set to true","ENR waku2 codec","Sun Jun 22 15:34:08 GMT 2025","passed","Sun Jun 22 15:34:08 GMT 2025","","Decoding","",""
"","1","should hash ""test123"" with n=2 and maxValue=100 correctly","hashN","Sun Jun 22 15:34:58 GMT 2025","passed","Sun Jun 22 15:34:58 GMT 2025","","","",""
"","0","Fails to publish message with wrong content topic","Waku Relay, Publish","Sun Jun 22 15:51:40 GMT 2025","passed","Sun Jun 22 15:51:40 GMT 2025","","","",""
"","0","should hash ""Lorem ipsum dolor sit amet"" with n=2 and maxValue=10000 correctly","hashN","Sun Jun 22 15:34:58 GMT 2025","passed","Sun Jun 22 15:34:58 GMT 2025","","","",""
"","0","Check received message containing special chars","Waku Filter V2: FilterPush: Multiple Nodes: Strict Checking: false","Sun Jun 22 16:04:03 GMT 2025","broken","Sun Jun 22 16:04:03 GMT 2025","","","",""
"","0","Unsubscribe 1 topic - node subscribed to 1 topic","Waku Filter V2: Unsubscribe: Multiple Nodes: Strict Checking: false","Sun Jun 22 15:47:41 GMT 2025","broken","Sun Jun 22 15:47:41 GMT 2025","","","",""
"","0","should hash ""test123"" with n=1 and maxValue=1000 correctly","hashN","Sun Jun 22 15:34:58 GMT 2025","passed","Sun Jun 22 15:34:58 GMT 2025","","","",""
"","0","Ping on subscribed peer","Waku Filter V2: Ping: Multiple Nodes: Strict Checking: false","Sun Jun 22 15:40:25 GMT 2025","broken","Sun Jun 22 15:40:25 GMT 2025","","","",""
"","0","should be empty when created","Filter Subscription","Sun Jun 22 15:34:49 GMT 2025","passed","Sun Jun 22 15:34:49 GMT 2025","","","",""
"","0","Ephemeral field is preserved - asymmetric encryption","Waku Message Ephemeral field","Sun Jun 22 15:38:06 GMT 2025","broken","Sun Jun 22 15:38:06 GMT 2025","","","",""
"","0","should request peer renewal on specific errors","RetryManager","Sun Jun 22 15:34:48 GMT 2025","passed","Sun Jun 22 15:34:48 GMT 2025","","","",""
"","1","Unsubscribe 2 topics - node subscribed to 2 topics","Waku Filter Next: Unsubscribe: Multiple Nodes: Strict Checking: false","Sun Jun 22 15:48:37 GMT 2025","broken","Sun Jun 22 15:48:37 GMT 2025","","","",""
"","0","should throw an error for non-numeric clusterId: /waku/2/rs/$/1","pubsubTopicToSingleShardInfo with various invalid formats","Sun Jun 22 15:34:02 GMT 2025","passed","Sun Jun 22 15:34:02 GMT 2025","","","",""
"","1","Round trip binary encryption [ecies, signature]","Ecies Encryption","Sun Jun 22 15:34:38 GMT 2025","passed","Sun Jun 22 15:34:38 GMT 2025","","","",""
"","0","should keep entries that haven't expired yet","TTLSet","Sun Jun 22 15:34:47 GMT 2025","passed","Sun Jun 22 15:34:47 GMT 2025","","","",""
"","0","retrieves all peers (2) when cannot fulfill all requirements","DNS Node Discovery w/ capabilities","Sun Jun 22 15:34:26 GMT 2025","passed","Sun Jun 22 15:34:26 GMT 2025","","","",""
"","1","Check message with no content topic is not received","Waku Filter V2: FilterPush: Multiple Nodes: Strict Checking: true","Sun Jun 22 16:04:03 GMT 2025","passed","Sun Jun 22 16:04:03 GMT 2025","","","",""
"","0","Subscribe to topic containing Russian and publish message","Waku Relay, Subscribe","Sun Jun 22 15:51:49 GMT 2025","passed","Sun Jun 22 15:51:49 GMT 2025","","","",""
"","1","should not receive a peer event after stop","Peer Exchange","Sun Jun 22 15:50:17 GMT 2025","passed","Sun Jun 22 15:50:17 GMT 2025","interface-peer-discovery compliance tests","Compliance Test","",""
"","0","Check publish message containing Chinese","Waku Relay, Publish","Sun Jun 22 15:51:40 GMT 2025","passed","Sun Jun 22 15:51:40 GMT 2025","","","",""
"","0","Subscribe to topic containing SQL Injection and publish message","Waku Relay, Subscribe","Sun Jun 22 15:51:49 GMT 2025","passed","Sun Jun 22 15:51:49 GMT 2025","","","",""
"","0","should hash ""!@#$%^&*()"" with n=5 and maxValue=1000 correctly","hashN","Sun Jun 22 15:34:58 GMT 2025","passed","Sun Jun 22 15:34:58 GMT 2025","","","",""
"","0","returns a subset of values when wanted number is lesser than available values","Discovery","Sun Jun 22 15:34:25 GMT 2025","passed","Sun Jun 22 15:34:25 GMT 2025","","","",""
"","0","isConnected return false after peer stops","Connection state","Sun Jun 22 15:35:36 GMT 2025","passed","Sun Jun 22 15:35:36 GMT 2025","","","",""
"","0","should throw error - no public key","ENR","Sun Jun 22 15:34:09 GMT 2025","passed","Sun Jun 22 15:34:09 GMT 2025","","Verify","",""
"","0","should throw an error for non-numeric clusterId: /waku/2/rs/\/1","pubsubTopicToSingleShardInfo with various invalid formats","Sun Jun 22 15:34:02 GMT 2025","passed","Sun Jun 22 15:34:02 GMT 2025","","","",""
"","0","should not fail to stop the service if it was not started","Local Storage Discovery","Sun Jun 22 15:34:30 GMT 2025","passed","Sun Jun 22 15:34:30 GMT 2025","interface-peer-discovery compliance tests","Compliance Tests","",""
"","0","should initialize with custom number of peers","PeerManager","Sun Jun 22 15:34:48 GMT 2025","passed","Sun Jun 22 15:34:48 GMT 2025","","","",""
"","1","should use DNS peer discovery with light client","DNS Node Discovery [live data]","Sun Jun 22 15:35:22 GMT 2025","skipped","Sun Jun 22 15:35:22 GMT 2025","","","",""
"","1","should properly create location multiaddrs - tcp4","ENR","Sun Jun 22 15:34:09 GMT 2025","passed","Sun Jun 22 15:34:09 GMT 2025","","Location multiaddr","",""
"","1","All","ENR Interop: ServiceNode","Sun Jun 22 15:35:22 GMT 2025","passed","Sun Jun 22 15:35:22 GMT 2025","","","",""
"","1","Subscribe to topic containing Basic HTML tag and publish message","Waku Relay, Subscribe","Sun Jun 22 15:51:49 GMT 2025","passed","Sun Jun 22 15:51:49 GMT 2025","","","",""
"","0","should increase lamport timestamp","MessageChannel","Sun Jun 22 15:35:02 GMT 2025","passed","Sun Jun 22 15:35:02 GMT 2025","","sending a message ","",""
"","0","Check meta is set [ecies]","Ecies Encryption","Sun Jun 22 15:34:38 GMT 2025","passed","Sun Jun 22 15:34:38 GMT 2025","","","",""
"","4","should be able to encode the field with only LIGHTPUSH set to true","ENR waku2 codec","Sun Jun 22 15:34:08 GMT 2025","passed","Sun Jun 22 15:34:08 GMT 2025","","Encoding","",""
"","0","should properly create location multiaddrs - tcp6","ENR","Sun Jun 22 15:34:09 GMT 2025","passed","Sun Jun 22 15:34:09 GMT 2025","","Location multiaddr","",""
"","3","nwaku subscribes","Waku Relay, Interop","Sun Jun 22 15:51:26 GMT 2025","passed","Sun Jun 22 15:51:26 GMT 2025","","","",""
"","0","should increase lamport timestamp","MessageChannel","Sun Jun 22 15:35:02 GMT 2025","passed","Sun Jun 22 15:35:02 GMT 2025","","receiving a message","",""
"","0","can start and stop the service","DNS Discovery: Compliance Test","Sun Jun 22 15:35:22 GMT 2025","passed","Sun Jun 22 15:35:22 GMT 2025","","interface-peer-discovery compliance tests","",""
"","4","should continually clean up expired entries at intervals","TTLSet","Sun Jun 22 15:34:47 GMT 2025","passed","Sun Jun 22 15:34:47 GMT 2025","","","",""
"","0","should throw an error for non-numeric shard: /waku/2/rs/1/!","pubsubTopicToSingleShardInfo with various invalid formats","Sun Jun 22 15:34:02 GMT 2025","passed","Sun Jun 22 15:34:02 GMT 2025","","","",""
"","1","should correctly map /app/27/sometopic/someencoding to shard index 5","contentTopicToShardIndex","Sun Jun 22 15:34:02 GMT 2025","passed","Sun Jun 22 15:34:02 GMT 2025","","","",""
"","1","should respect max attempts limit","RetryManager","Sun Jun 22 15:34:48 GMT 2025","passed","Sun Jun 22 15:34:48 GMT 2025","","","",""
"","0","should convert a SingleShardInfo object to the correct PubsubTopic","singleShardInfoToPubsubTopic","Sun Jun 22 15:34:02 GMT 2025","passed","Sun Jun 22 15:34:02 GMT 2025","","","",""
"","1","should map different content topics to different pubsub topics based on shard index","contentTopicToPubsubTopic","Sun Jun 22 15:34:02 GMT 2025","passed","Sun Jun 22 15:34:02 GMT 2025","","","",""
"","0","Unsubscribes all - node subscribed to 10 topics","Waku Filter V2: Unsubscribe: Multiple Nodes: Strict Checking: true","Sun Jun 22 15:47:41 GMT 2025","broken","Sun Jun 22 15:47:41 GMT 2025","","","",""
"","1","Subscribe and publish messages on 2 different content topics","Waku Relay, Subscribe","Sun Jun 22 15:51:49 GMT 2025","passed","Sun Jun 22 15:51:49 GMT 2025","","","",""
"","0","Check received message containing Russian","Waku Filter V2: FilterPush: Multiple Nodes: Strict Checking: true","Sun Jun 22 16:04:03 GMT 2025","broken","Sun Jun 22 16:04:03 GMT 2025","","","",""
"","0","should successfully subscribe to supported pubsub topic","Filter SDK","Sun Jun 22 15:34:49 GMT 2025","passed","Sun Jun 22 15:34:49 GMT 2025","","","",""
"","0","Subscribe and receive messages on 2 different pubsubtopics","Waku Light Push (Autosharding): Multiple PubsubTopics","Sun Jun 22 15:49:26 GMT 2025","broken","Sun Jun 22 15:49:26 GMT 2025","","","",""
"","0","should throw error when subscribing with unsupported pubsub topic","Filter SDK","Sun Jun 22 15:34:49 GMT 2025","passed","Sun Jun 22 15:34:49 GMT 2025","","","",""
"","0","Check message with invalid timestamp is not received","Waku Filter V2: FilterPush: Multiple Nodes: Strict Checking: false","Sun Jun 22 16:04:03 GMT 2025","passed","Sun Jun 22 16:04:03 GMT 2025","","","",""
"","0","Check publish message containing XML","Waku Relay, Publish","Sun Jun 22 15:51:40 GMT 2025","passed","Sun Jun 22 15:51:40 GMT 2025","","","",""
"","0","should return a calculated topic if SingleShardInfo is provided","determinePubsubTopic","Sun Jun 22 15:34:02 GMT 2025","passed","Sun Jun 22 15:34:02 GMT 2025","","","",""
"","0","Check received message containing SQL Injection","Waku Filter V2: FilterPush: Multiple Nodes: Strict Checking: false","Sun Jun 22 16:04:03 GMT 2025","broken","Sun Jun 22 16:04:03 GMT 2025","","","",""
"","0","peer:update - should schedule stream creation IF protocol hit AND no stream found on connection","StreamManager","Sun Jun 22 15:34:18 GMT 2025","passed","Sun Jun 22 15:34:18 GMT 2025","","","",""
"","1","should emit `waku:online` event only when first peer is connected","Connection state","Sun Jun 22 15:35:36 GMT 2025","passed","Sun Jun 22 15:35:36 GMT 2025","","","",""
"","0","handles empty contentTopics array correctly","ensureShardingConfigured","Sun Jun 22 15:34:02 GMT 2025","passed","Sun Jun 22 15:34:02 GMT 2025","","","",""
"","0","should reject if WakuNode is not started","waitForRemotePeer","Sun Jun 22 15:34:48 GMT 2025","passed","Sun Jun 22 15:34:48 GMT 2025","","","",""
"","1","`waku:online` between 2 js-waku relay nodes","Connection state","Sun Jun 22 15:35:36 GMT 2025","passed","Sun Jun 22 15:35:36 GMT 2025","","","",""
"","0","should add and remove event listeners correctly","Local Storage Discovery","Sun Jun 22 15:34:30 GMT 2025","passed","Sun Jun 22 15:34:30 GMT 2025","","Unit Tests","",""
"","1","non connected peers","Peer Exchange Query","Sun Jun 22 15:51:13 GMT 2025","skipped","Sun Jun 22 15:51:13 GMT 2025","","","",""
"","0","Check publish message containing SQL Injection","Waku Relay, Publish","Sun Jun 22 15:51:40 GMT 2025","passed","Sun Jun 22 15:51:40 GMT 2025","","","",""
"","1","different cluster, different shard: nodes don't connect","Metadata Protocol","Sun Jun 22 15:49:36 GMT 2025","passed","Sun Jun 22 15:49:36 GMT 2025","","connections","",""
"","1","should update ack status of messages in outgoing buffer","MessageChannel","Sun Jun 22 15:35:02 GMT 2025","passed","Sun Jun 22 15:35:02 GMT 2025","","Sync messages","",""
"","1","Ephemeral messages are not stored","Waku Message Ephemeral field","Sun Jun 22 15:38:06 GMT 2025","passed","Sun Jun 22 15:38:06 GMT 2025","","","",""
"","1","should hash ""test123"" with n=0 and maxValue=1000 correctly","hashN","Sun Jun 22 15:34:58 GMT 2025","passed","Sun Jun 22 15:34:58 GMT 2025","","","",""
"","0","should process correctly when SingleShardInfo has no clusterId but has a shard","determinePubsubTopic","Sun Jun 22 15:34:02 GMT 2025","passed","Sun Jun 22 15:34:02 GMT 2025","","","",""
"","0","Unsubscribe 2 topics - node subscribed to 2 topics","Waku Filter V2: Unsubscribe: Multiple Nodes: Strict Checking: false","Sun Jun 22 15:47:41 GMT 2025","broken","Sun Jun 22 15:47:41 GMT 2025","","","",""
"","0","ignores unrecognized TXT record formats","DNS Node Discovery","Sun Jun 22 15:34:26 GMT 2025","passed","Sun Jun 22 15:34:26 GMT 2025","","","",""
"","2","Nwaku publishes","Waku Relay, Interop","Sun Jun 22 15:51:26 GMT 2025","passed","Sun Jun 22 15:51:26 GMT 2025","","","",""
"","0","should insert message into bloom filter","MessageChannel","Sun Jun 22 15:35:02 GMT 2025","passed","Sun Jun 22 15:35:02 GMT 2025","","sending a message ","",""
"","0","should invoke callbacks when receiving a message","Filter Subscription","Sun Jun 22 15:34:49 GMT 2025","passed","Sun Jun 22 15:34:49 GMT 2025","","","",""
"","0","should throw an error for insufficient data","Relay Shard codec","Sun Jun 22 15:34:03 GMT 2025","passed","Sun Jun 22 15:34:03 GMT 2025","","","",""
"","0","should throw an error for non-numeric clusterId: /waku/2/rs/-/1","pubsubTopicToSingleShardInfo with various invalid formats","Sun Jun 22 15:34:02 GMT 2025","passed","Sun Jun 22 15:34:02 GMT 2025","","","",""
"","0","should hash ""test123"" with n=2 and maxValue=10000 correctly","hashN","Sun Jun 22 15:34:58 GMT 2025","passed","Sun Jun 22 15:34:58 GMT 2025","","","",""
"","1","should hash """" with n=1 and maxValue=1000 correctly","hashN","Sun Jun 22 15:34:58 GMT 2025","passed","Sun Jun 22 15:34:58 GMT 2025","","","",""
"","1","Decoder throws on empty string content topic","Ensures content topic is defined","Sun Jun 22 15:34:37 GMT 2025","passed","Sun Jun 22 15:34:37 GMT 2025","","","",""
"","0","Check publish message containing shell command","Waku Relay, Publish","Sun Jun 22 15:51:40 GMT 2025","passed","Sun Jun 22 15:51:40 GMT 2025","","","",""
"","0","Check received message with timestamp: 1750606517626 ","Waku Filter V2: FilterPush: Multiple Nodes: Strict Checking: true","Sun Jun 22 16:04:03 GMT 2025","broken","Sun Jun 22 16:04:03 GMT 2025","","","",""
"","0","should hash ""!@#$%^&*()"" with n=2 and maxValue=10000 correctly","hashN","Sun Jun 22 15:34:58 GMT 2025","passed","Sun Jun 22 15:34:58 GMT 2025","","","",""
"","0","should handle connection events","PeerManager","Sun Jun 22 15:34:48 GMT 2025","passed","Sun Jun 22 15:34:48 GMT 2025","","","",""
"","1","ENRTree (root): should error if DNS root entry is malformed","ENRTree","Sun Jun 22 15:34:26 GMT 2025","passed","Sun Jun 22 15:34:26 GMT 2025","","","",""
"","0","Check message with non string payload is not received","Waku Filter V2: FilterPush: Multiple Nodes: Strict Checking: false","Sun Jun 22 16:04:03 GMT 2025","passed","Sun Jun 22 16:04:03 GMT 2025","","","",""
"","0","Asymmetric encrypt & decrypt","Waku Encryption","Sun Jun 22 15:34:37 GMT 2025","passed","Sun Jun 22 15:34:37 GMT 2025","","","",""
"","0","should be able to decode the field with ALL protocols set to true","ENR waku2 codec","Sun Jun 22 15:34:08 GMT 2025","passed","Sun Jun 22 15:34:08 GMT 2025","","Decoding","",""
"","0","should return false when clusterId doesn't match","IWaku utils","Sun Jun 22 15:34:48 GMT 2025","passed","Sun Jun 22 15:34:48 GMT 2025","","isShardCompatible","",""
"","1","Unsubscribe topics the node is not subscribed to","Waku Filter Next: Unsubscribe: Multiple Nodes: Strict Checking: true","Sun Jun 22 15:48:37 GMT 2025","broken","Sun Jun 22 15:48:37 GMT 2025","","","",""
"","1","Check publish message containing special chars","Waku Relay, Publish","Sun Jun 22 15:51:40 GMT 2025","passed","Sun Jun 22 15:51:40 GMT 2025","","","",""
"","0","should not receive a peer event before start","Peer Exchange","Sun Jun 22 15:50:17 GMT 2025","passed","Sun Jun 22 15:50:17 GMT 2025","interface-peer-discovery compliance tests","Compliance Test","",""
"","0","should be able to encode the field with ALL protocols set to false","ENR waku2 codec","Sun Jun 22 15:34:08 GMT 2025","passed","Sun Jun 22 15:34:08 GMT 2025","","Encoding","",""
"","0","Check received message containing XML","Waku Filter V2: FilterPush: Multiple Nodes: Strict Checking: true","Sun Jun 22 16:04:03 GMT 2025","broken","Sun Jun 22 16:04:03 GMT 2025","","","",""
"","0","ENRTree (tree): should parse a DNS tree entry","ENRTree","Sun Jun 22 15:34:26 GMT 2025","passed","Sun Jun 22 15:34:26 GMT 2025","","","",""
