"DESCRIPTION","DURATION IN MS","NAME","PARENT SUITE","START TIME","STATUS","STOP TIME","SUB SUITE","SUITE","TEST CLASS","TEST METHOD"
"","0","Meta field set when metaSetter is specified","Waku Message version 0","Wed Mar 19 23:43:33 GMT 2025","passed","Wed Mar 19 23:43:33 GMT 2025","","","",""
"","2","Cluster ID 0 - Default/Global Cluster","Static Sharding: Running Nodes","Wed Mar 19 23:48:50 GMT 2025","passed","Wed Mar 19 23:48:50 GMT 2025","","Different clusters and shards","",""
"","1","n1 and n2 uses a custom pubsub, n3 uses the default pubsub","Waku Relay, multiple pubsub topics","Wed Mar 19 23:48:08 GMT 2025","passed","Wed Mar 19 23:48:08 GMT 2025","","","",""
"","1","Push 30 different messages","Waku Light Push: Multiple Nodes: Strict Check: true","Wed Mar 19 23:48:18 GMT 2025","passed","Wed Mar 19 23:48:18 GMT 2025","","","",""
"","0","Store - dialed after - with timeout","Wait for remote peer","Wed Mar 19 23:49:41 GMT 2025","passed","Wed Mar 19 23:49:41 GMT 2025","","","",""
"","0","Fails to publish message with wrong content topic","Waku Relay, Publish","Wed Mar 19 23:48:17 GMT 2025","passed","Wed Mar 19 23:48:17 GMT 2025","","","",""
"","0","Decoder throws on undefined content topic","Ensures content topic is defined","Wed Mar 19 23:43:33 GMT 2025","passed","Wed Mar 19 23:43:33 GMT 2025","","","",""
"","1","ENRTree (root): should error if DNS root entry signature is invalid","ENRTree","Wed Mar 19 23:43:41 GMT 2025","passed","Wed Mar 19 23:43:41 GMT 2025","","","",""
"","1","Check publish message containing shell command","Waku Relay, Publish","Wed Mar 19 23:48:17 GMT 2025","passed","Wed Mar 19 23:48:17 GMT 2025","","","",""
"","0","`waku:online` between 2 js-waku relay nodes","Connection state","Wed Mar 19 23:44:56 GMT 2025","passed","Wed Mar 19 23:44:56 GMT 2025","","","",""
"","0","Query with Promise Callback, No Decoder","Waku Store, error handling","Wed Mar 19 23:49:00 GMT 2025","passed","Wed Mar 19 23:49:00 GMT 2025","","","",""
"","1","random auto sharding 1 - Cluster ID: 10, Content Topic: /app1/10/topic888/utf8","Autosharding: Running Nodes","Wed Mar 19 23:48:42 GMT 2025","passed","Wed Mar 19 23:48:42 GMT 2025","","Different clusters and topics","",""
"","0","Push message with Basic HTML tag payload","Waku Light Push: Multiple Nodes: Strict Check: true","Wed Mar 19 23:48:18 GMT 2025","passed","Wed Mar 19 23:48:18 GMT 2025","","","",""
"","1","should not allow k > 12","Probabilities","Wed Mar 19 23:44:09 GMT 2025","passed","Wed Mar 19 23:44:09 GMT 2025","","","",""
"","1","Subscribe to topic containing Arabic and publish message","Waku Relay, Subscribe","Wed Mar 19 23:48:23 GMT 2025","passed","Wed Mar 19 23:48:23 GMT 2025","","","",""
"","0","Check publish message containing Chinese","Waku Relay, Publish","Wed Mar 19 23:48:17 GMT 2025","passed","Wed Mar 19 23:48:17 GMT 2025","","","",""
"","0","random static sharding 8 - Cluster ID: 79, Shard ID: 431","Static Sharding: Running Nodes","Wed Mar 19 23:48:50 GMT 2025","passed","Wed Mar 19 23:48:50 GMT 2025","","Different clusters and shards","",""
"","1","Check message on other pubsub topic is not received","Waku Filter V2: FilterPush","Wed Mar 19 23:45:52 GMT 2025","passed","Wed Mar 19 23:45:52 GMT 2025","","","",""
"","0","Check received message containing Chinese","Waku Filter V2: FilterPush","Wed Mar 19 23:45:52 GMT 2025","passed","Wed Mar 19 23:45:52 GMT 2025","","","",""
"","1","should be able to encode the field with only LIGHTPUSH set to true","ENR waku2 codec","Wed Mar 19 23:43:27 GMT 2025","passed","Wed Mar 19 23:43:27 GMT 2025","","Encoding","",""
"","0","ENRTree (root): should parse and verify and DNS root entry","ENRTree","Wed Mar 19 23:43:41 GMT 2025","passed","Wed Mar 19 23:43:41 GMT 2025","","","",""
"","0","Filter","Wait for remote peer","Wed Mar 19 23:49:41 GMT 2025","passed","Wed Mar 19 23:49:41 GMT 2025","","","",""
"","0","handles empty contentTopics array correctly","ensureShardingConfigured","Wed Mar 19 23:43:19 GMT 2025","passed","Wed Mar 19 23:43:19 GMT 2025","","","",""
"","0","should properly create peer info with all multiaddrs","ENR","Wed Mar 19 23:43:27 GMT 2025","passed","Wed Mar 19 23:43:27 GMT 2025","","Location multiaddr","",""
"","0","Check message with no payload is not received","Waku Filter V2: FilterPush","Wed Mar 19 23:45:52 GMT 2025","passed","Wed Mar 19 23:45:52 GMT 2025","","","",""
"","0","should hash ""test123"" with n=2 and maxValue=100 correctly","hashN","Wed Mar 19 23:44:09 GMT 2025","passed","Wed Mar 19 23:44:09 GMT 2025","","","",""
"","5","should hash ""hello"" with n=1 and maxValue=100 correctly","hashN","Wed Mar 19 23:44:09 GMT 2025","passed","Wed Mar 19 23:44:09 GMT 2025","","","",""
"","1","can start the service","DNS Discovery: Compliance Test","Wed Mar 19 23:44:32 GMT 2025","passed","Wed Mar 19 23:44:32 GMT 2025","","interface-peer-discovery compliance tests","",""
"","1","Check received message containing escaped characters","Waku Filter V2: FilterPush: Multiple Nodes: Strict Checking: false","Wed Mar 19 23:48:03 GMT 2025","passed","Wed Mar 19 23:48:03 GMT 2025","","","",""
"","0","Query Generator  - false","Waku Store, order","Wed Mar 19 23:49:05 GMT 2025","passed","Wed Mar 19 23:49:05 GMT 2025","","","",""
"","0","Subscribe to topic containing Basic HTML tag and receive message","Waku Filter V2: Subscribe: Multiple Service Nodes: Strict Check mode: false","Wed Mar 19 23:49:38 GMT 2025","passed","Wed Mar 19 23:49:38 GMT 2025","","","",""
"","1","Push message equal or less that 1MB","Waku Light Push: Single Node","Wed Mar 19 23:47:55 GMT 2025","passed","Wed Mar 19 23:47:55 GMT 2025","","","",""
"","1","Subscribe and receive messages via waku relay post","Waku Filter V2: Subscribe: Multiple Service Nodes: Strict Check mode: true","Wed Mar 19 23:49:38 GMT 2025","passed","Wed Mar 19 23:49:38 GMT 2025","","","",""
"","0","should properly create location multiaddrs - udp6","ENR","Wed Mar 19 23:43:27 GMT 2025","passed","Wed Mar 19 23:43:27 GMT 2025","","Location multiaddr","",""
"","0","should hash ""hello"" with n=2 and maxValue=10000 correctly","hashN","Wed Mar 19 23:44:09 GMT 2025","passed","Wed Mar 19 23:44:09 GMT 2025","","","",""
"","0","should correctly map /myapp/1/latest/proto to shard index 0","contentTopicToShardIndex","Wed Mar 19 23:43:19 GMT 2025","passed","Wed Mar 19 23:43:19 GMT 2025","","","",""
"","0","Overlapping topic subscription","Waku Filter V2: Subscribe: Multiple Service Nodes: Strict Check mode: false","Wed Mar 19 23:49:38 GMT 2025","passed","Wed Mar 19 23:49:38 GMT 2025","","","",""
"","0","Check received message containing XML","Waku Filter V2: FilterPush","Wed Mar 19 23:45:52 GMT 2025","passed","Wed Mar 19 23:45:52 GMT 2025","","","",""
"","1","Waku message hash computation (payload length 0)","RFC Test Vectors","Wed Mar 19 23:43:21 GMT 2025","passed","Wed Mar 19 23:43:21 GMT 2025","","","",""
"","1","should be online or offline if network state changed","Events","Wed Mar 19 23:44:28 GMT 2025","passed","Wed Mar 19 23:44:28 GMT 2025","","waku:connection","",""
"","1","random auto sharding 9 - Cluster ID: 10, Content Topic: /app55/3/topic410/json","Autosharding: Running Nodes","Wed Mar 19 23:48:42 GMT 2025","passed","Wed Mar 19 23:48:42 GMT 2025","","Different clusters and topics","",""
"","1","Subscribe to topic containing Basic HTML tag and receive message","Waku Filter V2: Subscribe: Multiple Service Nodes: Strict Check mode: true","Wed Mar 19 23:49:38 GMT 2025","passed","Wed Mar 19 23:49:38 GMT 2025","","","",""
"","0","should only return 1 node with relay capability","DNS Node Discovery w/ capabilities","Wed Mar 19 23:43:41 GMT 2025","passed","Wed Mar 19 23:43:41 GMT 2025","","","",""
"","0","Check received message containing numeric","Waku Filter V2: FilterPush: Multiple Nodes: Strict Checking: true","Wed Mar 19 23:48:03 GMT 2025","passed","Wed Mar 19 23:48:03 GMT 2025","","","",""
"","4","should not be called more than DEFAULT_MAX_BOOTSTRAP_PEERS_ALLOWED times for bootstrap peers","Dials","Wed Mar 19 23:44:35 GMT 2025","passed","Wed Mar 19 23:44:35 GMT 2025","For bootstrap peers","dialPeer method","",""
"","1","msgTime: -19000 ms from now, startTime: -19000, endTime: -18000","Waku Store, time filter","Wed Mar 19 23:49:35 GMT 2025","passed","Wed Mar 19 23:49:35 GMT 2025","","","",""
"","0","Unsubscribes all - node subscribed to 1 topic","Waku Filter V2: Unsubscribe: Multiple Nodes: Strict Checking: true","Wed Mar 19 23:46:21 GMT 2025","passed","Wed Mar 19 23:46:21 GMT 2025","","","",""
"","1","random auto sharding 6 - Cluster ID: 10, Content Topic: /app29/9/topic852/utf8","Autosharding: Running Nodes","Wed Mar 19 23:48:42 GMT 2025","passed","Wed Mar 19 23:48:42 GMT 2025","","Different clusters and topics","",""
"","0","should fail to send if no connected peers found","LightPush SDK","Wed Mar 19 23:44:00 GMT 2025","passed","Wed Mar 19 23:44:00 GMT 2025","","","",""
"","1","should hash ""hello"" with n=5 and maxValue=100 correctly","hashN","Wed Mar 19 23:44:09 GMT 2025","passed","Wed Mar 19 23:44:09 GMT 2025","","","",""
"","3","Push message with Script payload","Waku Light Push: Single Node","Wed Mar 19 23:47:55 GMT 2025","passed","Wed Mar 19 23:47:55 GMT 2025","","","",""
"","2","Push message with content topic containing short","Waku Light Push: Single Node","Wed Mar 19 23:47:55 GMT 2025","passed","Wed Mar 19 23:47:55 GMT 2025","","","",""
"","1","Subscribe to topic containing shell command and publish message","Waku Relay, Subscribe","Wed Mar 19 23:48:23 GMT 2025","passed","Wed Mar 19 23:48:23 GMT 2025","","","",""
"","3","Check received message containing unicode special characters","Waku Filter V2: FilterPush","Wed Mar 19 23:45:52 GMT 2025","passed","Wed Mar 19 23:45:52 GMT 2025","","","",""
"","1","Check received message containing Script","Waku Filter V2: FilterPush","Wed Mar 19 23:45:52 GMT 2025","passed","Wed Mar 19 23:45:52 GMT 2025","","","",""
"","1","should throw an error for invalid PubsubTopic format: /waku/2/rs","pubsubTopicToSingleShardInfo with various invalid formats","Wed Mar 19 23:43:19 GMT 2025","passed","Wed Mar 19 23:43:19 GMT 2025","","","",""
"","0","Subscribe and receive messages on 2 different content topics","Waku Filter V2: Subscribe: Single Service Node","Wed Mar 19 23:46:31 GMT 2025","passed","Wed Mar 19 23:46:31 GMT 2025","","","",""
"","0","Query Generator, Wrong PubsubTopic","Waku Store, error handling","Wed Mar 19 23:49:00 GMT 2025","passed","Wed Mar 19 23:49:00 GMT 2025","","","",""
"","2","should hash """" with n=5 and maxValue=10000 correctly","hashN","Wed Mar 19 23:44:09 GMT 2025","passed","Wed Mar 19 23:44:09 GMT 2025","","","",""
"","0","should initialize with custom number of peers","PeerManager","Wed Mar 19 23:44:00 GMT 2025","passed","Wed Mar 19 23:44:00 GMT 2025","","","",""
"","0","should not throw an error for a single configured topic","ensurePubsubTopicIsConfigured","Wed Mar 19 23:43:19 GMT 2025","passed","Wed Mar 19 23:43:19 GMT 2025","","","",""
"","1","Subscribe to topic containing Russian and receive message","Waku Filter V2: Subscribe: Multiple Service Nodes: Strict Check mode: false","Wed Mar 19 23:49:38 GMT 2025","passed","Wed Mar 19 23:49:38 GMT 2025","","","",""
"","0","1 Store, 2 relays, 2 fetches","Fetch nodes until capabilities are fulfilled","Wed Mar 19 23:43:41 GMT 2025","passed","Wed Mar 19 23:43:41 GMT 2025","","","",""
"","1","Light push messages to 2 nwaku nodes each with different pubsubtopics","Waku Light Push : Multiple PubsubTopics","Wed Mar 19 23:46:52 GMT 2025","passed","Wed Mar 19 23:46:52 GMT 2025","","","",""
"","0","Sign & Recover","Waku Encryption","Wed Mar 19 23:43:52 GMT 2025","passed","Wed Mar 19 23:43:52 GMT 2025","","","",""
"","1","should increase lamport timestamp","MessageChannel","Wed Mar 19 23:44:10 GMT 2025","passed","Wed Mar 19 23:44:10 GMT 2025","","sending a message ","",""
"","0","isConnected between 2 js-waku relay nodes","Connection state","Wed Mar 19 23:44:56 GMT 2025","passed","Wed Mar 19 23:44:56 GMT 2025","","","",""
"","0","Subscribe to topic containing unicode special characters and receive message","Waku Filter V2: Subscribe: Single Service Node","Wed Mar 19 23:46:31 GMT 2025","passed","Wed Mar 19 23:46:31 GMT 2025","","","",""
"","0","Waku message hash computation (meta attribute not present)","RFC Test Vectors","Wed Mar 19 23:43:21 GMT 2025","passed","Wed Mar 19 23:43:21 GMT 2025","","","",""
"","0","should be able to decode the field with RELAY and FILTER protocols set to true","ENR waku2 codec","Wed Mar 19 23:43:27 GMT 2025","passed","Wed Mar 19 23:43:27 GMT 2025","","Decoding","",""
"","1","Check message with no payload is not received","Waku Filter V2: FilterPush: Multiple Nodes: Strict Checking: true","Wed Mar 19 23:48:03 GMT 2025","passed","Wed Mar 19 23:48:03 GMT 2025","","","",""
"","0","Query Generator, No Decoder","Waku Store, error handling","Wed Mar 19 23:49:00 GMT 2025","passed","Wed Mar 19 23:49:00 GMT 2025","","","",""
"","0","Fails to publish message with size larger than 1 MB","Waku Relay, Publish","Wed Mar 19 23:48:17 GMT 2025","passed","Wed Mar 19 23:48:17 GMT 2025","","","",""
"","0","should throw an error for empty SingleShardInfos array","singleShardInfosToShardInfo","Wed Mar 19 23:43:19 GMT 2025","passed","Wed Mar 19 23:43:19 GMT 2025","","","",""
"","0","1 Relay, 1 Filter, gives up","Fetch nodes until capabilities are fulfilled","Wed Mar 19 23:43:41 GMT 2025","passed","Wed Mar 19 23:43:41 GMT 2025","","","",""
"","0","Decrypt messages","Waku Relay","Wed Mar 19 23:47:57 GMT 2025","passed","Wed Mar 19 23:47:57 GMT 2025","","","",""
"","0","Push message with custom timestamp: 1711669552264","Waku Light Push: Single Node","Wed Mar 19 23:47:55 GMT 2025","passed","Wed Mar 19 23:47:55 GMT 2025","","","",""
"","1","peer:update - should do nothing if another protocol hit","StreamManager","Wed Mar 19 23:43:33 GMT 2025","passed","Wed Mar 19 23:43:33 GMT 2025","","","",""
"","0","Add multiple subscription objects on single nwaku node","Waku Filter V2: Subscribe: Multiple Service Nodes: Strict Check mode: false","Wed Mar 19 23:49:38 GMT 2025","passed","Wed Mar 19 23:49:38 GMT 2025","","","",""
"","0","should throw error - no public key","ENR","Wed Mar 19 23:43:27 GMT 2025","passed","Wed Mar 19 23:43:27 GMT 2025","","Verify","",""
"","0","Subscribe to topic containing emoji and receive message","Waku Filter V2: Subscribe: Multiple Service Nodes: Strict Check mode: true","Wed Mar 19 23:49:38 GMT 2025","passed","Wed Mar 19 23:49:38 GMT 2025","","","",""
"","0","msgTime: -19000 ms from now, startTime: -19010, endTime: -18990","Waku Store, time filter","Wed Mar 19 23:49:35 GMT 2025","passed","Wed Mar 19 23:49:35 GMT 2025","","","",""
"","1","should initialize with Unhealthy status","HealthIndicator","Wed Mar 19 23:44:00 GMT 2025","passed","Wed Mar 19 23:44:00 GMT 2025","","","",""
"","2","Refresh subscription","Waku Filter V2: Subscribe: Single Service Node","Wed Mar 19 23:46:31 GMT 2025","passed","Wed Mar 19 23:46:31 GMT 2025","","","",""
"","1","should hash ""hello"" with n=0 and maxValue=1000 correctly","hashN","Wed Mar 19 23:44:09 GMT 2025","passed","Wed Mar 19 23:44:09 GMT 2025","","","",""
"","0","should return unique PubsubTopics for static sharding","shardInfoToPubsubTopics","Wed Mar 19 23:43:19 GMT 2025","passed","Wed Mar 19 23:43:19 GMT 2025","","","",""
"","0","Check received message containing special chars","Waku Filter V2: FilterPush: Multiple Nodes: Strict Checking: true","Wed Mar 19 23:48:03 GMT 2025","passed","Wed Mar 19 23:48:03 GMT 2025","","","",""
"","0","Passing a valid cursor at 110 index when there are 120 messages","Waku Store, cursor","Wed Mar 19 23:48:43 GMT 2025","passed","Wed Mar 19 23:48:43 GMT 2025","","","",""
"","0","should correctly map /app/20/sometopic/someencoding to shard index 7","contentTopicToShardIndex","Wed Mar 19 23:43:19 GMT 2025","passed","Wed Mar 19 23:43:19 GMT 2025","","","",""
"","1","should call waitForPeer on Relay","waitForRemotePeer","Wed Mar 19 23:44:00 GMT 2025","passed","Wed Mar 19 23:44:00 GMT 2025","","","",""
"","0","should throw an error for non-numeric clusterId: /waku/2/rs/-/1","pubsubTopicToSingleShardInfo with various invalid formats","Wed Mar 19 23:43:19 GMT 2025","passed","Wed Mar 19 23:43:19 GMT 2025","","","",""
"","0","should not be added to outgoing buffer, bloom filter, or local log","MessageChannel","Wed Mar 19 23:44:10 GMT 2025","passed","Wed Mar 19 23:44:10 GMT 2025","","Sync messages","",""
"","2","Check publish message containing SQL Injection","Waku Relay, Publish","Wed Mar 19 23:48:17 GMT 2025","passed","Wed Mar 19 23:48:17 GMT 2025","","","",""
"","0","wrong wakuPeerExchangeDiscovery pubsub topic","Peer Exchange","Wed Mar 19 23:48:15 GMT 2025","skipped","Wed Mar 19 23:48:15 GMT 2025","","","",""
"","0","throws on content topic with non-number generation field","ensureValidContentTopic","Wed Mar 19 23:43:19 GMT 2025","passed","Wed Mar 19 23:43:19 GMT 2025","","","",""
"","1","receiving a ping from a peer does not overwrite shard info","Metadata Protocol","Wed Mar 19 23:46:53 GMT 2025","passed","Wed Mar 19 23:46:53 GMT 2025","","","",""
"","1","Query with Ordered Callback, No Decoder","Waku Store, error handling","Wed Mar 19 23:49:00 GMT 2025","passed","Wed Mar 19 23:49:00 GMT 2025","","","",""
"","0","Check received message containing Chinese","Waku Filter V2: FilterPush: Multiple Nodes: Strict Checking: false","Wed Mar 19 23:48:03 GMT 2025","passed","Wed Mar 19 23:48:03 GMT 2025","","","",""
"","1","Encoder throws on empty string content topic","Ensures content topic is defined","Wed Mar 19 23:43:53 GMT 2025","passed","Wed Mar 19 23:43:53 GMT 2025","","","",""
"","0","should convert a SingleShardInfo object to the correct PubsubTopic","singleShardInfoToPubsubTopic","Wed Mar 19 23:43:19 GMT 2025","passed","Wed Mar 19 23:43:19 GMT 2025","","","",""
"","0","Push message with content topic containing special chars","Waku Light Push: Single Node","Wed Mar 19 23:47:55 GMT 2025","passed","Wed Mar 19 23:47:55 GMT 2025","","","",""
"","0","Sets default value correctly","User Agent","Wed Mar 19 23:49:34 GMT 2025","passed","Wed Mar 19 23:49:34 GMT 2025","","","",""
"","0","Push message with Chinese payload","Waku Light Push: Multiple Nodes: Strict Check: true","Wed Mar 19 23:48:18 GMT 2025","passed","Wed Mar 19 23:48:18 GMT 2025","","","",""
"","1","Generator, 2 different pubsubtopics","Waku Store, custom pubsub topic","Wed Mar 19 23:49:10 GMT 2025","passed","Wed Mar 19 23:49:10 GMT 2025","","","",""
"","0","Push to array if already present","pushOrInitMapSet","Wed Mar 19 23:43:18 GMT 2025","passed","Wed Mar 19 23:43:18 GMT 2025","","","",""
"","0","Fails to publish duplicate message","Waku Relay, Publish","Wed Mar 19 23:48:17 GMT 2025","passed","Wed Mar 19 23:48:17 GMT 2025","","","",""
"","0","Ping on subscribed peer","Waku Filter V2: Ping: Multiple Nodes: Strict Checking: false","Wed Mar 19 23:45:06 GMT 2025","passed","Wed Mar 19 23:45:06 GMT 2025","","","",""
"","0","Subscribe to topic containing emoji and receive message","Waku Filter V2: Subscribe: Multiple Service Nodes: Strict Check mode: false","Wed Mar 19 23:49:38 GMT 2025","passed","Wed Mar 19 23:49:38 GMT 2025","","","",""
"","0","Sample","ENR multiaddrs codec","Wed Mar 19 23:43:27 GMT 2025","passed","Wed Mar 19 23:43:27 GMT 2025","","","",""
"","1","should update ack status of messages in outgoing buffer","MessageChannel","Wed Mar 19 23:44:10 GMT 2025","passed","Wed Mar 19 23:44:10 GMT 2025","","Sync messages","",""
"","0","Query with Ordered Callback, Wrong PubsubTopic","Waku Store, error handling","Wed Mar 19 23:49:00 GMT 2025","passed","Wed Mar 19 23:49:00 GMT 2025","","","",""
"","0","Unsubscribes all - node subscribed to 10 topics","Waku Filter V2: Unsubscribe: Multiple Nodes: Strict Checking: false","Wed Mar 19 23:46:21 GMT 2025","passed","Wed Mar 19 23:46:21 GMT 2025","","","",""
"","1","Passing a valid cursor at 2 index when there are 4 messages","Waku Store, cursor","Wed Mar 19 23:48:43 GMT 2025","passed","Wed Mar 19 23:48:43 GMT 2025","","","",""
"","1","Callback on promise, aborts when callback returns true","Waku Store, general","Wed Mar 19 23:49:26 GMT 2025","passed","Wed Mar 19 23:49:26 GMT 2025","","","",""
"","0","should set field with only FILTER enabled","ENR","Wed Mar 19 23:43:27 GMT 2025","passed","Wed Mar 19 23:43:27 GMT 2025","","waku2 key round trip","",""
"","0","should correctly map /toychat/2/huilong/proto to shard index 3","contentTopicToShardIndex","Wed Mar 19 23:43:19 GMT 2025","passed","Wed Mar 19 23:43:19 GMT 2025","","","",""
"","4","getPeersByDiscovery","Peer Exchange","Wed Mar 19 23:48:15 GMT 2025","passed","Wed Mar 19 23:48:15 GMT 2025","","","",""
"","0","should throw an error for non-numeric shard: /waku/2/rs/1/ ","pubsubTopicToSingleShardInfo with various invalid formats","Wed Mar 19 23:43:19 GMT 2025","passed","Wed Mar 19 23:43:19 GMT 2025","","","",""
"","1","should hash ""hello"" with n=2 and maxValue=100 correctly","hashN","Wed Mar 19 23:44:09 GMT 2025","passed","Wed Mar 19 23:44:09 GMT 2025","","","",""
"","2","returns all values when wanted number matches available values","Discovery","Wed Mar 19 23:43:40 GMT 2025","passed","Wed Mar 19 23:43:40 GMT 2025","","","",""
"","0","should throw an error for invalid PubsubTopic format: /waku/2/rs/1/2/extra","pubsubTopicToSingleShardInfo with various invalid formats","Wed Mar 19 23:43:19 GMT 2025","passed","Wed Mar 19 23:43:19 GMT 2025","","","",""
"","0","Subscribe to topic containing Basic HTML tag and receive message","Waku Filter V2: Subscribe: Single Service Node","Wed Mar 19 23:46:31 GMT 2025","passed","Wed Mar 19 23:46:31 GMT 2025","","","",""
"","1","Subscribe and receives messages on 20 topics","Waku Filter V2: Subscribe: Multiple Service Nodes: Strict Check mode: true","Wed Mar 19 23:49:38 GMT 2025","passed","Wed Mar 19 23:49:38 GMT 2025","","","",""
"","1","should hash ""!@#$%^&*()"" with n=1 and maxValue=10000 correctly","hashN","Wed Mar 19 23:44:09 GMT 2025","passed","Wed Mar 19 23:44:09 GMT 2025","","","",""
"","1","Push message equal or less that 1MB","Waku Light Push: Multiple Nodes: Strict Check: true","Wed Mar 19 23:48:18 GMT 2025","passed","Wed Mar 19 23:48:18 GMT 2025","","","",""
"","0","Check received message containing Basic HTML tag","Waku Filter V2: FilterPush: Multiple Nodes: Strict Checking: true","Wed Mar 19 23:48:03 GMT 2025","passed","Wed Mar 19 23:48:03 GMT 2025","","","",""
"","0","should be able to encode the field with ALL protocols set to false","ENR waku2 codec","Wed Mar 19 23:43:27 GMT 2025","passed","Wed Mar 19 23:43:27 GMT 2025","","Encoding","",""
"","2","Push message with content topic containing Script","Waku Light Push: Multiple Nodes: Strict Check: true","Wed Mar 19 23:48:18 GMT 2025","passed","Wed Mar 19 23:48:18 GMT 2025","","","",""
"","0","Subscribe to topic containing JSON and receive message","Waku Filter V2: Subscribe: Multiple Service Nodes: Strict Check mode: false","Wed Mar 19 23:49:38 GMT 2025","passed","Wed Mar 19 23:49:38 GMT 2025","","","",""
"","7","should emit `peer:discovery:bootstrap` event when a peer is discovered","Events","Wed Mar 19 23:44:28 GMT 2025","passed","Wed Mar 19 23:44:28 GMT 2025","","peer:discovery","",""
"","1","Push message on custom pubsubTopic","Waku Light Push : Multiple PubsubTopics","Wed Mar 19 23:46:52 GMT 2025","passed","Wed Mar 19 23:46:52 GMT 2025","","","",""
"","0","should insert message id into causal history","MessageChannel","Wed Mar 19 23:44:10 GMT 2025","passed","Wed Mar 19 23:44:10 GMT 2025","","sending a message ","",""
"","0","should set field with only RELAY enabled","ENR","Wed Mar 19 23:43:27 GMT 2025","passed","Wed Mar 19 23:43:27 GMT 2025","","waku2 key round trip","",""
"","1","random auto sharding 10 - Cluster ID: 10, Content Topic: /app22/8/topic634/test.js","Autosharding: Running Nodes","Wed Mar 19 23:48:42 GMT 2025","passed","Wed Mar 19 23:48:42 GMT 2025","","Different clusters and topics","",""
"","1","should create a new stream if no existing for protocol found","StreamManager","Wed Mar 19 23:43:33 GMT 2025","passed","Wed Mar 19 23:43:33 GMT 2025","","","",""
"","0","should reject if Relay is requested but not mounted","waitForRemotePeer","Wed Mar 19 23:44:00 GMT 2025","passed","Wed Mar 19 23:44:00 GMT 2025","","","",""
"","1","Push message with JSON payload","Waku Light Push: Single Node","Wed Mar 19 23:47:55 GMT 2025","passed","Wed Mar 19 23:47:55 GMT 2025","","","",""
"","0","Round trip binary encryption [symmetric, signature]","Symmetric Encryption","Wed Mar 19 23:43:51 GMT 2025","passed","Wed Mar 19 23:43:51 GMT 2025","","","",""
"","1","Unsubscribe 1 topic - node subscribed to 1 topic","Waku Filter V2: Unsubscribe: Multiple Nodes: Strict Checking: true","Wed Mar 19 23:46:21 GMT 2025","passed","Wed Mar 19 23:46:21 GMT 2025","","","",""
"","1","Check received message containing Script","Waku Filter V2: FilterPush: Multiple Nodes: Strict Checking: false","Wed Mar 19 23:48:03 GMT 2025","passed","Wed Mar 19 23:48:03 GMT 2025","","","",""
"","3","Push message with rate limit","Waku Light Push: Multiple Nodes: Strict Check: true","Wed Mar 19 23:48:18 GMT 2025","passed","Wed Mar 19 23:48:18 GMT 2025","","","",""
"","18","should hash ""test123"" with n=5 and maxValue=10000 correctly","hashN","Wed Mar 19 23:44:09 GMT 2025","passed","Wed Mar 19 23:44:09 GMT 2025","","","",""
"","1","should select older connection if present","selectOpenConnection","Wed Mar 19 23:43:33 GMT 2025","passed","Wed Mar 19 23:43:33 GMT 2025","","","",""
"","1","should request renew when peer disconnects","PeerManager","Wed Mar 19 23:44:00 GMT 2025","passed","Wed Mar 19 23:44:00 GMT 2025","","","",""
"","0","Waku message hash computation (no timestamp)","RFC Test Vectors","Wed Mar 19 23:43:21 GMT 2025","passed","Wed Mar 19 23:43:21 GMT 2025","","","",""
"","0","Push message with content topic containing Basic HTML tag","Waku Light Push: Multiple Nodes: Strict Check: true","Wed Mar 19 23:48:18 GMT 2025","passed","Wed Mar 19 23:48:18 GMT 2025","","","",""
"","1","random static sharding 5 - Cluster ID: 942, Shard ID: 370","Static Sharding: Running Nodes","Wed Mar 19 23:48:50 GMT 2025","passed","Wed Mar 19 23:48:50 GMT 2025","","Different clusters and shards","",""
"","1","Push message with content topic containing unicode special characters","Waku Light Push: Single Node","Wed Mar 19 23:47:55 GMT 2025","passed","Wed Mar 19 23:47:55 GMT 2025","","","",""
"","0","should get locked peers","PeerManager","Wed Mar 19 23:44:00 GMT 2025","passed","Wed Mar 19 23:44:00 GMT 2025","","","",""
"","0","Check received message containing Arabic","Waku Filter V2: FilterPush","Wed Mar 19 23:45:52 GMT 2025","passed","Wed Mar 19 23:45:52 GMT 2025","","","",""
"","0","Overlapping topic subscription","Waku Filter V2: Subscribe: Multiple Service Nodes: Strict Check mode: true","Wed Mar 19 23:49:38 GMT 2025","passed","Wed Mar 19 23:49:38 GMT 2025","","","",""
"","1","Subscribe and receive ecies encrypted messages via lightPush","Waku Filter V2: Subscribe: Single Service Node","Wed Mar 19 23:46:31 GMT 2025","passed","Wed Mar 19 23:46:31 GMT 2025","","","",""
"","1","Push message with custom timestamp: 1742424332712","Waku Light Push: Multiple Nodes: Strict Check: true","Wed Mar 19 23:48:18 GMT 2025","passed","Wed Mar 19 23:48:18 GMT 2025","","","",""
"","0","Passing a valid cursor at 0 index when there are 20 messages","Waku Store, cursor","Wed Mar 19 23:48:43 GMT 2025","passed","Wed Mar 19 23:48:43 GMT 2025","","","",""
"","0","Check message received after jswaku node is restarted","Waku Filter V2: FilterPush: Multiple Nodes: Strict Checking: true","Wed Mar 19 23:48:03 GMT 2025","skipped","Wed Mar 19 23:48:03 GMT 2025","","","",""
"","7","should be called at least once on all `peer:discovery` events","Dials","Wed Mar 19 23:44:35 GMT 2025","passed","Wed Mar 19 23:44:35 GMT 2025","","attemptDial method","",""
"","3","Check received message containing short","Waku Filter V2: FilterPush: Multiple Nodes: Strict Checking: false","Wed Mar 19 23:48:03 GMT 2025","passed","Wed Mar 19 23:48:03 GMT 2025","","","",""
"","0","Fails to publish message with empty text","Waku Relay, Publish","Wed Mar 19 23:48:17 GMT 2025","passed","Wed Mar 19 23:48:17 GMT 2025","","","",""
"","1","Delete observer","Waku Relay","Wed Mar 19 23:47:57 GMT 2025","passed","Wed Mar 19 23:47:57 GMT 2025","","","",""
"","0","should get / set UDP multiaddr","ENR","Wed Mar 19 23:43:27 GMT 2025","passed","Wed Mar 19 23:43:27 GMT 2025","","Multiaddr getters and setters","",""
"","1","Push message with content topic containing Russian","Waku Light Push: Multiple Nodes: Strict Check: true","Wed Mar 19 23:48:18 GMT 2025","passed","Wed Mar 19 23:48:18 GMT 2025","","","",""
"","1","Subscribe and receive ecies encrypted messages via lightPush","Waku Filter V2: Subscribe: Multiple Service Nodes: Strict Check mode: true","Wed Mar 19 23:49:38 GMT 2025","passed","Wed Mar 19 23:49:38 GMT 2025","","","",""
"","0","Decoder throws on empty string content topic","Ensures content topic is defined","Wed Mar 19 23:43:53 GMT 2025","passed","Wed Mar 19 23:43:53 GMT 2025","","","",""
"","0","should hash ""!@#$%^&*()"" with n=2 and maxValue=10000 correctly","hashN","Wed Mar 19 23:44:09 GMT 2025","passed","Wed Mar 19 23:44:09 GMT 2025","","","",""
"","0","Passing invalid cursor","Waku Store, cursor","Wed Mar 19 23:48:43 GMT 2025","passed","Wed Mar 19 23:48:43 GMT 2025","","","",""
"","0","Subscribe to topic containing long and receive message","Waku Filter V2: Subscribe: Multiple Service Nodes: Strict Check mode: true","Wed Mar 19 23:49:38 GMT 2025","passed","Wed Mar 19 23:49:38 GMT 2025","","","",""
"","0","Generator, 2 different pubsubtopics","Waku Store (Autosharding), custom pubsub topic","Wed Mar 19 23:49:10 GMT 2025","passed","Wed Mar 19 23:49:10 GMT 2025","","","",""
"","0","LightPush","Wait for remote peer","Wed Mar 19 23:49:41 GMT 2025","passed","Wed Mar 19 23:49:41 GMT 2025","","","",""
"","1","should retry failed tasks","RetryManager","Wed Mar 19 23:44:00 GMT 2025","passed","Wed Mar 19 23:44:00 GMT 2025","","","",""
"","0","should decode valid enr successfully","ENR","Wed Mar 19 23:43:27 GMT 2025","passed","Wed Mar 19 23:43:27 GMT 2025","","Txt codec","",""
"","0","Check received message containing escaped characters","Waku Filter V2: FilterPush","Wed Mar 19 23:45:52 GMT 2025","passed","Wed Mar 19 23:45:52 GMT 2025","","","",""
"","0","should handle special patterns correctly","BloomFilter with special patterns","Wed Mar 19 23:44:11 GMT 2025","passed","Wed Mar 19 23:44:11 GMT 2025","","","",""
"","0","should add to incoming buffer if dependencies are not met","MessageChannel","Wed Mar 19 23:44:10 GMT 2025","passed","Wed Mar 19 23:44:10 GMT 2025","","receiving a message","",""
"","0","should correctly encode and decode relay shards using rsv format (Bit Vector)","Relay Shard codec","Wed Mar 19 23:43:19 GMT 2025","passed","Wed Mar 19 23:43:19 GMT 2025","","","",""
"","0","Push message with content topic containing shell command","Waku Light Push: Single Node","Wed Mar 19 23:47:55 GMT 2025","passed","Wed Mar 19 23:47:55 GMT 2025","","","",""
"","0","random auto sharding 2 - Cluster ID: 10, Content Topic: /app84/2/topic412/test.js","Autosharding: Running Nodes","Wed Mar 19 23:48:42 GMT 2025","passed","Wed Mar 19 23:48:42 GMT 2025","","Different clusters and topics","",""
"","0","should initialize bloom filter with correct parameters","BloomFilter","Wed Mar 19 23:44:11 GMT 2025","passed","Wed Mar 19 23:44:11 GMT 2025","","","",""
"","1","Light push messages to 2 nwaku nodes each with different pubsubtopics","Waku Light Push (named sharding): Multiple PubsubTopics","Wed Mar 19 23:46:52 GMT 2025","passed","Wed Mar 19 23:46:52 GMT 2025","","","",""
"","0","Round trip binary serialization","Waku Message version 0","Wed Mar 19 23:43:33 GMT 2025","passed","Wed Mar 19 23:43:33 GMT 2025","","","",""
"","0","Push message with numeric payload","Waku Light Push: Multiple Nodes: Strict Check: true","Wed Mar 19 23:48:18 GMT 2025","passed","Wed Mar 19 23:48:18 GMT 2025","","","",""
"","1","Push message with XML payload","Waku Light Push: Multiple Nodes: Strict Check: true","Wed Mar 19 23:48:18 GMT 2025","passed","Wed Mar 19 23:48:18 GMT 2025","","","",""
"","0","Ordered Callback - true","Waku Store, order","Wed Mar 19 23:49:05 GMT 2025","passed","Wed Mar 19 23:49:05 GMT 2025","","","",""
"","1","stop","Public methods","Wed Mar 19 23:45:08 GMT 2025","passed","Wed Mar 19 23:45:08 GMT 2025","","","",""
"","0","Ping on peer without subscriptions","Waku Filter V2: Ping: Multiple Nodes: Strict Checking: false","Wed Mar 19 23:45:06 GMT 2025","passed","Wed Mar 19 23:45:06 GMT 2025","","","",""
"","0","Unsubscribes all - node subscribed to 1 topic","Waku Filter V2: Unsubscribe: Multiple Nodes: Strict Checking: false","Wed Mar 19 23:46:21 GMT 2025","passed","Wed Mar 19 23:46:21 GMT 2025","","","",""
"","1","should transition to Unhealthy when no connections","HealthIndicator","Wed Mar 19 23:44:00 GMT 2025","passed","Wed Mar 19 23:44:00 GMT 2025","","","",""
"","1","Unsubscribes all - node subscribed to 1 topic","Waku Filter V2: Unsubscribe","Wed Mar 19 23:45:32 GMT 2025","passed","Wed Mar 19 23:45:32 GMT 2025","","","",""
"","0","3 nodes on /waku/2/rs/7/1 topic","Waku Relay (Autosharding), multiple pubsub topics","Wed Mar 19 23:48:08 GMT 2025","passed","Wed Mar 19 23:48:08 GMT 2025","","","",""
"","0","should properly create location multiaddrs - tcp6","ENR","Wed Mar 19 23:43:27 GMT 2025","passed","Wed Mar 19 23:43:27 GMT 2025","","Location multiaddr","",""
"","0","Rejects garbage","Message Validator","Wed Mar 19 23:44:04 GMT 2025","passed","Wed Mar 19 23:44:04 GMT 2025","","","",""
"","0","Push message with content topic containing emoji","Waku Light Push: Single Node","Wed Mar 19 23:47:55 GMT 2025","passed","Wed Mar 19 23:47:55 GMT 2025","","","",""
"","0","passes more than one ENR URLs and attempts connection","DNS Node Discovery [live data]","Wed Mar 19 23:44:32 GMT 2025","skipped","Wed Mar 19 23:44:32 GMT 2025","","","",""
"","0","Push message with Arabic payload","Waku Light Push: Multiple Nodes: Strict Check: true","Wed Mar 19 23:48:18 GMT 2025","passed","Wed Mar 19 23:48:18 GMT 2025","","","",""
"","1","Reopen subscription with peer with lost subscription","Waku Filter V2: Ping: Multiple Nodes: Strict Checking: false","Wed Mar 19 23:45:06 GMT 2025","passed","Wed Mar 19 23:45:06 GMT 2025","","","",""
"","0","Refresh subscription","Waku Filter V2: Subscribe: Multiple Service Nodes: Strict Check mode: true","Wed Mar 19 23:49:38 GMT 2025","passed","Wed Mar 19 23:49:38 GMT 2025","","","",""
"","1","peerDiscovery without wakuPeerExchangeDiscovery","Peer Exchange","Wed Mar 19 23:48:15 GMT 2025","passed","Wed Mar 19 23:48:15 GMT 2025","","","",""
"","0","Push message with SQL Injection payload","Waku Light Push: Multiple Nodes: Strict Check: true","Wed Mar 19 23:48:18 GMT 2025","passed","Wed Mar 19 23:48:18 GMT 2025","","","",""
"","0","Push message with shell command payload","Waku Light Push: Single Node","Wed Mar 19 23:47:55 GMT 2025","passed","Wed Mar 19 23:47:55 GMT 2025","","","",""
"","0","handles different clusterIds correctly","contentTopicsByPubsubTopic","Wed Mar 19 23:43:19 GMT 2025","passed","Wed Mar 19 23:43:19 GMT 2025","","","",""
"","0","Push message with content topic containing XML","Waku Light Push: Multiple Nodes: Strict Check: true","Wed Mar 19 23:48:18 GMT 2025","passed","Wed Mar 19 23:48:18 GMT 2025","","","",""
"","0","Push message with content topic containing Arabic","Waku Light Push: Single Node","Wed Mar 19 23:47:55 GMT 2025","passed","Wed Mar 19 23:47:55 GMT 2025","","","",""
"","2","using a protocol with unconfigured pubsub topic should fail","Static Sharding: Running Nodes","Wed Mar 19 23:48:50 GMT 2025","passed","Wed Mar 19 23:48:50 GMT 2025","","Others","",""
"","1","Check message received after nwaku node is restarted","Waku Filter V2: FilterPush: Multiple Nodes: Strict Checking: false","Wed Mar 19 23:48:03 GMT 2025","skipped","Wed Mar 19 23:48:03 GMT 2025","","","",""
"","1","should be able to decode the field with STORE and LIGHTPUSH protocols set to true","ENR waku2 codec","Wed Mar 19 23:43:27 GMT 2025","passed","Wed Mar 19 23:43:27 GMT 2025","","Decoding","",""
"","4","returns all values when wanted number is greater than available values","Discovery","Wed Mar 19 23:43:40 GMT 2025","passed","Wed Mar 19 23:43:40 GMT 2025","","","",""
"","0","Subscribe and receive ecies encrypted messages via lightPush","Waku Filter V2: Subscribe: Multiple Service Nodes: Strict Check mode: false","Wed Mar 19 23:49:38 GMT 2025","passed","Wed Mar 19 23:49:38 GMT 2025","","","",""
"","0","should set field with only LIGHTPUSH enabled","ENR","Wed Mar 19 23:43:27 GMT 2025","passed","Wed Mar 19 23:43:27 GMT 2025","","waku2 key round trip","",""
"","1","Ping on unsubscribed peer","Waku Filter V2: Ping","Wed Mar 19 23:44:45 GMT 2025","passed","Wed Mar 19 23:44:45 GMT 2025","","","",""
"","0","Relay - dialed after","Wait for remote peer","Wed Mar 19 23:49:41 GMT 2025","passed","Wed Mar 19 23:49:41 GMT 2025","","","",""
"","0","should correctly map /app/20/sometopic/someencoding to shard index 15 with networkShards 16","contentTopicToShardIndex","Wed Mar 19 23:43:19 GMT 2025","passed","Wed Mar 19 23:43:19 GMT 2025","","","",""
"","0","Subscribe to topic containing JSON and receive message","Waku Filter V2: Subscribe: Single Service Node","Wed Mar 19 23:46:31 GMT 2025","passed","Wed Mar 19 23:46:31 GMT 2025","","","",""
"","0","Generator, custom pubsub topic","Waku Store (named sharding), custom pubsub topic","Wed Mar 19 23:49:10 GMT 2025","passed","Wed Mar 19 23:49:10 GMT 2025","","","",""
"","0","should serialize and deserialize correctly","BloomFilter","Wed Mar 19 23:44:11 GMT 2025","passed","Wed Mar 19 23:44:11 GMT 2025","","","",""
"","0","should throw an error for non-numeric shard: /waku/2/rs/1/-","pubsubTopicToSingleShardInfo with various invalid formats","Wed Mar 19 23:43:19 GMT 2025","passed","Wed Mar 19 23:43:19 GMT 2025","","","",""
"","5","removeEventListener with correct event","Public methods","Wed Mar 19 23:45:08 GMT 2025","passed","Wed Mar 19 23:45:08 GMT 2025","","","",""
"","0","Check received message containing emoji","Waku Filter V2: FilterPush: Multiple Nodes: Strict Checking: true","Wed Mar 19 23:48:03 GMT 2025","passed","Wed Mar 19 23:48:03 GMT 2025","","","",""
"","0","Check message received after jswaku node is restarted","Waku Filter V2: FilterPush: Multiple Nodes: Strict Checking: false","Wed Mar 19 23:48:03 GMT 2025","skipped","Wed Mar 19 23:48:03 GMT 2025","","","",""
"","0","Query Generator sorting by timestamp while page direction is false","Waku Store, sorting","Wed Mar 19 23:49:16 GMT 2025","passed","Wed Mar 19 23:49:16 GMT 2025","","","",""
"","0","random static sharding 6 - Cluster ID: 916, Shard ID: 539","Static Sharding: Running Nodes","Wed Mar 19 23:48:50 GMT 2025","passed","Wed Mar 19 23:48:50 GMT 2025","","Different clusters and shards","",""
"","0","udp ip6 address","Multiaddr from fields","Wed Mar 19 23:43:27 GMT 2025","passed","Wed Mar 19 23:43:27 GMT 2025","","","",""
"","0","Check message with non string payload is not received","Waku Filter V2: FilterPush: Multiple Nodes: Strict Checking: false","Wed Mar 19 23:48:03 GMT 2025","passed","Wed Mar 19 23:48:03 GMT 2025","","","",""
"","0","should not fail to start the service if it is already started","Peer Exchange","Wed Mar 19 23:48:31 GMT 2025","passed","Wed Mar 19 23:48:31 GMT 2025","interface-peer-discovery compliance tests","Compliance Test","",""
"","0","Check received message containing long","Waku Filter V2: FilterPush: Multiple Nodes: Strict Checking: true","Wed Mar 19 23:48:03 GMT 2025","passed","Wed Mar 19 23:48:03 GMT 2025","","","",""
"","1","Error when try to subscribe to more than 101 topics (new limit)","Waku Filter V2: Subscribe: Multiple Service Nodes: Strict Check mode: false","Wed Mar 19 23:49:38 GMT 2025","passed","Wed Mar 19 23:49:38 GMT 2025","","","",""
"","0","should update peers in local storage on 'peer:identify' event","Local Storage Discovery","Wed Mar 19 23:43:45 GMT 2025","passed","Wed Mar 19 23:43:45 GMT 2025","","Unit Tests","",""
"","0","should not receive a peer event before start","Peer Exchange","Wed Mar 19 23:48:31 GMT 2025","passed","Wed Mar 19 23:48:31 GMT 2025","interface-peer-discovery compliance tests","Compliance Test","",""
"","0","Passing cursor with wrong pubsubTopic","Waku Store, cursor","Wed Mar 19 23:48:43 GMT 2025","passed","Wed Mar 19 23:48:43 GMT 2025","","","",""
"","1","should be able to encode the field with RELAY and FILTER protocols set to true","ENR waku2 codec","Wed Mar 19 23:43:27 GMT 2025","passed","Wed Mar 19 23:43:27 GMT 2025","","Encoding","",""
"","0","Light push messages to 2 nwaku nodes each with different pubsubtopics","Waku Light Push (Autosharding): Multiple PubsubTopics","Wed Mar 19 23:46:52 GMT 2025","passed","Wed Mar 19 23:46:52 GMT 2025","","","",""
"","0","should correctly map /0/toychat/2/huilong/proto to shard index 3","contentTopicToShardIndex","Wed Mar 19 23:43:19 GMT 2025","passed","Wed Mar 19 23:43:19 GMT 2025","","","",""
"","0","tcp ip4 address","Multiaddr from fields","Wed Mar 19 23:43:27 GMT 2025","passed","Wed Mar 19 23:43:27 GMT 2025","","","",""
"","1","should throw error - no id","ENR","Wed Mar 19 23:43:27 GMT 2025","passed","Wed Mar 19 23:43:27 GMT 2025","","Verify","",""
"","0","configure the node with multiple pubsub topics","Static Sharding: Running Nodes","Wed Mar 19 23:48:50 GMT 2025","passed","Wed Mar 19 23:48:50 GMT 2025","","Others","",""
"","0","should be able to encode the field with STORE and LIGHTPUSH protocols set to true","ENR waku2 codec","Wed Mar 19 23:43:27 GMT 2025","passed","Wed Mar 19 23:43:27 GMT 2025","","Encoding","",""
"","0","Relay - dialed first","Wait for remote peer","Wed Mar 19 23:49:41 GMT 2025","passed","Wed Mar 19 23:49:41 GMT 2025","","","",""
"","0","should return valid sharding parameters for static sharding","ensureShardingConfigured","Wed Mar 19 23:43:19 GMT 2025","passed","Wed Mar 19 23:43:19 GMT 2025","","","",""
"","1","can start the service","Local Storage Discovery","Wed Mar 19 23:43:45 GMT 2025","passed","Wed Mar 19 23:43:45 GMT 2025","interface-peer-discovery compliance tests","Compliance Tests","",""
"","0","Decoder throws on undefined content topic","Ensures content topic is defined","Wed Mar 19 23:43:51 GMT 2025","passed","Wed Mar 19 23:43:51 GMT 2025","","","",""
"","1","Unsubscribe topics the node is not subscribed to","Waku Filter V2: Unsubscribe","Wed Mar 19 23:45:32 GMT 2025","passed","Wed Mar 19 23:45:32 GMT 2025","","","",""
"","0","Subscribe and receive messages on 2 different pubsubtopics","Waku Light Push (Autosharding): Multiple PubsubTopics","Wed Mar 19 23:46:52 GMT 2025","passed","Wed Mar 19 23:46:52 GMT 2025","","","",""
"","0","should return different streams if requested simultaniously","StreamManager","Wed Mar 19 23:43:33 GMT 2025","passed","Wed Mar 19 23:43:33 GMT 2025","","","",""
"","0","Check message with no content topic is not received","Waku Filter V2: FilterPush","Wed Mar 19 23:45:52 GMT 2025","passed","Wed Mar 19 23:45:52 GMT 2025","","","",""
"","0","Store - dialed first","Wait for remote peer","Wed Mar 19 23:49:41 GMT 2025","passed","Wed Mar 19 23:49:41 GMT 2025","","","",""
"","1","Waku message hash computation (meta size of 12 bytes)","RFC Test Vectors","Wed Mar 19 23:43:21 GMT 2025","passed","Wed Mar 19 23:43:21 GMT 2025","","","",""
"","0","Generator, 2 nwaku nodes each with different pubsubtopics","Waku Store (named sharding), custom pubsub topic","Wed Mar 19 23:49:10 GMT 2025","passed","Wed Mar 19 23:49:10 GMT 2025","","","",""
"","0","should throw an error for non-numeric clusterId: /waku/2/rs/ /1","pubsubTopicToSingleShardInfo with various invalid formats","Wed Mar 19 23:43:19 GMT 2025","passed","Wed Mar 19 23:43:19 GMT 2025","","","",""
"","1","random static sharding 10 - Cluster ID: 48, Shard ID: 327","Static Sharding: Running Nodes","Wed Mar 19 23:48:50 GMT 2025","passed","Wed Mar 19 23:48:50 GMT 2025","","Different clusters and shards","",""
"","1","Subscribe to topic containing Script and receive message","Waku Filter V2: Subscribe: Single Service Node","Wed Mar 19 23:46:31 GMT 2025","passed","Wed Mar 19 23:46:31 GMT 2025","","","",""
"","0","Push message with shell command payload","Waku Light Push: Multiple Nodes: Strict Check: true","Wed Mar 19 23:48:18 GMT 2025","passed","Wed Mar 19 23:48:18 GMT 2025","","","",""
"","1","Push message with escaped characters payload","Waku Light Push: Multiple Nodes: Strict Check: true","Wed Mar 19 23:48:18 GMT 2025","passed","Wed Mar 19 23:48:18 GMT 2025","","","",""
"","1","Ping on unsubscribed peer","Waku Filter V2: Ping: Multiple Nodes: Strict Checking: false","Wed Mar 19 23:45:06 GMT 2025","passed","Wed Mar 19 23:45:06 GMT 2025","","","",""
"","0","random static sharding 2 - Cluster ID: 38, Shard ID: 928","Static Sharding: Running Nodes","Wed Mar 19 23:48:50 GMT 2025","passed","Wed Mar 19 23:48:50 GMT 2025","","Different clusters and shards","",""
"","1","Check received message containing numeric","Waku Filter V2: FilterPush","Wed Mar 19 23:45:52 GMT 2025","passed","Wed Mar 19 23:45:52 GMT 2025","","","",""
"","0","should set field with all protocols disabled","ENR","Wed Mar 19 23:43:27 GMT 2025","passed","Wed Mar 19 23:43:27 GMT 2025","","waku2 key round trip","",""
"","0","should transition to MinimallyHealthy with one compatible peer","HealthIndicator","Wed Mar 19 23:44:00 GMT 2025","passed","Wed Mar 19 23:44:00 GMT 2025","","","",""
"","1","should be sent with empty content","MessageChannel","Wed Mar 19 23:44:10 GMT 2025","passed","Wed Mar 19 23:44:10 GMT 2025","","Sync messages","",""
"","1","Check received message containing Russian","Waku Filter V2: FilterPush","Wed Mar 19 23:45:52 GMT 2025","passed","Wed Mar 19 23:45:52 GMT 2025","","","",""
"","1","should hash ""!@#$%^&*()"" with n=2 and maxValue=1000 correctly","hashN","Wed Mar 19 23:44:09 GMT 2025","passed","Wed Mar 19 23:44:09 GMT 2025","","","",""
"","0","Waku message hash computation (message is IDecodedMessage)","RFC Test Vectors","Wed Mar 19 23:43:21 GMT 2025","passed","Wed Mar 19 23:43:21 GMT 2025","","","",""
"","0","should insert message into bloom filter","MessageChannel","Wed Mar 19 23:44:10 GMT 2025","passed","Wed Mar 19 23:44:10 GMT 2025","","sending a message ","",""
"","0","should hash ""test123"" with n=0 and maxValue=1000 correctly","hashN","Wed Mar 19 23:44:09 GMT 2025","passed","Wed Mar 19 23:44:09 GMT 2025","","","",""
"","0","Waku message hash computation (meta size of 64 bytes)","RFC Test Vectors","Wed Mar 19 23:43:21 GMT 2025","passed","Wed Mar 19 23:43:21 GMT 2025","","","",""
"","1","should emit a peer event after start","DNS Discovery: Compliance Test","Wed Mar 19 23:44:32 GMT 2025","passed","Wed Mar 19 23:44:32 GMT 2025","","interface-peer-discovery compliance tests","",""
"","0","should track probabilistic acknowledgements of messages received in bloom filter","MessageChannel","Wed Mar 19 23:44:10 GMT 2025","passed","Wed Mar 19 23:44:10 GMT 2025","","reviewing ack status","",""
"","0","should correctly map /app/20/sometopic/someencoding to shard index 0 with networkShards 1","contentTopicToShardIndex","Wed Mar 19 23:43:19 GMT 2025","passed","Wed Mar 19 23:43:19 GMT 2025","","","",""
"","0","Push message with content topic containing long","Waku Light Push: Multiple Nodes: Strict Check: true","Wed Mar 19 23:48:18 GMT 2025","passed","Wed Mar 19 23:48:18 GMT 2025","","","",""
"","0","should return a calculated topic if SingleShardInfo is provided","determinePubsubTopic","Wed Mar 19 23:43:19 GMT 2025","passed","Wed Mar 19 23:43:19 GMT 2025","","","",""
"","1","should hash ""hello"" with n=5 and maxValue=10000 correctly","hashN","Wed Mar 19 23:44:09 GMT 2025","passed","Wed Mar 19 23:44:09 GMT 2025","","","",""
"","0","Subscribe and receive messages on 2 different pubsubtopics","Waku Filter V2: Multiple PubsubTopics","Wed Mar 19 23:45:07 GMT 2025","passed","Wed Mar 19 23:45:07 GMT 2025","","","",""
"","0","should attach causal history and bloom filter to each message","MessageChannel","Wed Mar 19 23:44:10 GMT 2025","passed","Wed Mar 19 23:44:10 GMT 2025","","sending a message ","",""
"","0","should only return 1 node with relay and store capability","DNS Node Discovery w/ capabilities","Wed Mar 19 23:43:41 GMT 2025","passed","Wed Mar 19 23:43:41 GMT 2025","","","",""
"","1","Push message with content topic containing Chinese","Waku Light Push: Multiple Nodes: Strict Check: true","Wed Mar 19 23:48:18 GMT 2025","passed","Wed Mar 19 23:48:18 GMT 2025","","","",""
"","3","Subscribe and receive messages from 2 nwaku nodes each with different pubsubtopics","Waku Filter V2 (Named sharding): Multiple PubsubTopics","Wed Mar 19 23:45:07 GMT 2025","passed","Wed Mar 19 23:45:07 GMT 2025","","","",""
"","0","Check received message with timestamp: 1649153314 ","Waku Filter V2: FilterPush: Multiple Nodes: Strict Checking: false","Wed Mar 19 23:48:03 GMT 2025","passed","Wed Mar 19 23:48:03 GMT 2025","","","",""
"","2","Fields are not dropped","to proto message","Wed Mar 19 23:43:33 GMT 2025","passed","Wed Mar 19 23:43:33 GMT 2025","","","",""
"","1","Check publish message containing Basic HTML tag","Waku Relay, Publish","Wed Mar 19 23:48:17 GMT 2025","passed","Wed Mar 19 23:48:17 GMT 2025","","","",""
"","1","Ordered Callback sorting by timestamp while page direction is true","Waku Store, sorting","Wed Mar 19 23:49:16 GMT 2025","passed","Wed Mar 19 23:49:16 GMT 2025","","","",""
"","1","should not throw an error when the topic is within a list of configured topics","ensurePubsubTopicIsConfigured","Wed Mar 19 23:43:19 GMT 2025","passed","Wed Mar 19 23:43:19 GMT 2025","","","",""
"","1","Correctly serialized arguments","nwaku","Wed Mar 19 23:46:53 GMT 2025","passed","Wed Mar 19 23:46:53 GMT 2025","","","",""
"","0","should hash ""test123"" with n=0 and maxValue=10000 correctly","hashN","Wed Mar 19 23:44:09 GMT 2025","passed","Wed Mar 19 23:44:09 GMT 2025","","","",""
"","0","Passing an array","Waku Dial [node only]","Wed Mar 19 23:49:34 GMT 2025","passed","Wed Mar 19 23:49:34 GMT 2025","","Bootstrap","",""
"","0","should hash """" with n=1 and maxValue=100 correctly","hashN","Wed Mar 19 23:44:09 GMT 2025","passed","Wed Mar 19 23:44:09 GMT 2025","","","",""
"","0","should correctly map /app/27/sometopic/someencoding to shard index 5","contentTopicToShardIndex","Wed Mar 19 23:43:19 GMT 2025","passed","Wed Mar 19 23:43:19 GMT 2025","","","",""
"","0","ENRTree (root): should error if DNS root entry is malformed","ENRTree","Wed Mar 19 23:43:41 GMT 2025","passed","Wed Mar 19 23:43:41 GMT 2025","","","",""
"","0","should throw an error for missing sharding configuration","ensureShardingConfigured","Wed Mar 19 23:43:19 GMT 2025","passed","Wed Mar 19 23:43:19 GMT 2025","","","",""
"","0","Check received message containing emoji","Waku Filter V2: FilterPush: Multiple Nodes: Strict Checking: false","Wed Mar 19 23:48:03 GMT 2025","passed","Wed Mar 19 23:48:03 GMT 2025","","","",""
"","1","Subscribe and receive messages on 2 different content topics","Waku Filter V2: Subscribe: Multiple Service Nodes: Strict Check mode: false","Wed Mar 19 23:49:38 GMT 2025","passed","Wed Mar 19 23:49:38 GMT 2025","","","",""
"","1","Push message with long payload","Waku Light Push: Single Node","Wed Mar 19 23:47:55 GMT 2025","passed","Wed Mar 19 23:47:55 GMT 2025","","","",""
"","1","Push message with content topic containing shell command","Waku Light Push: Multiple Nodes: Strict Check: true","Wed Mar 19 23:48:18 GMT 2025","passed","Wed Mar 19 23:48:18 GMT 2025","","","",""
"","0","Publish message with custom timestamp: Wed Mar 19 2025 22:48:09 GMT+0000 (Coordinated Universal Time)","Waku Relay, Publish","Wed Mar 19 23:48:17 GMT 2025","passed","Wed Mar 19 23:48:17 GMT 2025","","","",""
"","1","Subscribe and receive 2 messages on the same topic","Waku Filter V2: Subscribe: Single Service Node","Wed Mar 19 23:46:31 GMT 2025","passed","Wed Mar 19 23:46:31 GMT 2025","","","",""
"","1","same cluster, same shard: nodes connect","Metadata Protocol","Wed Mar 19 23:46:53 GMT 2025","passed","Wed Mar 19 23:46:53 GMT 2025","","connections","",""
"","1","Fails to push message with empty content topic","Waku Light Push: Single Node","Wed Mar 19 23:47:55 GMT 2025","passed","Wed Mar 19 23:47:55 GMT 2025","","","",""
"","0","Subscribe to topic containing Chinese and receive message","Waku Filter V2: Subscribe: Single Service Node","Wed Mar 19 23:46:31 GMT 2025","passed","Wed Mar 19 23:46:31 GMT 2025","","","",""
"","0","Does not throw an exception when node disconnects","Waku Dial [node only]","Wed Mar 19 23:49:34 GMT 2025","passed","Wed Mar 19 23:49:34 GMT 2025","","Interop: ServiceNode","",""
"","0","Subscribe and receive messages via waku relay post","Waku Filter V2: Subscribe: Multiple Service Nodes: Strict Check mode: false","Wed Mar 19 23:49:38 GMT 2025","passed","Wed Mar 19 23:49:38 GMT 2025","","","",""
"","0","Push message with Script payload","Waku Light Push: Multiple Nodes: Strict Check: true","Wed Mar 19 23:48:18 GMT 2025","passed","Wed Mar 19 23:48:18 GMT 2025","","","",""
"","0","Subscribe to topic containing shell command and receive message","Waku Filter V2: Subscribe: Multiple Service Nodes: Strict Check mode: true","Wed Mar 19 23:49:38 GMT 2025","passed","Wed Mar 19 23:49:38 GMT 2025","","","",""
"","0","should wait for LightPush peer to be connected","waitForRemotePeer","Wed Mar 19 23:44:00 GMT 2025","passed","Wed Mar 19 23:44:00 GMT 2025","","","",""
"","1","Check message with invalid timestamp is not received","Waku Filter V2: FilterPush","Wed Mar 19 23:45:52 GMT 2025","passed","Wed Mar 19 23:45:52 GMT 2025","","","",""
"","0","Subscribe to topic containing emoji and publish message","Waku Relay, Subscribe","Wed Mar 19 23:48:23 GMT 2025","passed","Wed Mar 19 23:48:23 GMT 2025","","","",""
"","0","should increase lamport timestamp","MessageChannel","Wed Mar 19 23:44:10 GMT 2025","passed","Wed Mar 19 23:44:10 GMT 2025","","receiving a message","",""
"","0","should emit a peer event after start","Local Storage Discovery","Wed Mar 19 23:43:45 GMT 2025","passed","Wed Mar 19 23:43:45 GMT 2025","interface-peer-discovery compliance tests","Compliance Tests","",""
"","0","Subscribe to topic containing Russian and receive message","Waku Filter V2: Subscribe: Multiple Service Nodes: Strict Check mode: true","Wed Mar 19 23:49:38 GMT 2025","passed","Wed Mar 19 23:49:38 GMT 2025","","","",""
"","0","retrieves all peers (2) when cannot fulfill all requirements","DNS Node Discovery w/ capabilities","Wed Mar 19 23:43:41 GMT 2025","passed","Wed Mar 19 23:43:41 GMT 2025","","","",""
"","1","Should update shard info","Peer Exchange Continuous Discovery","Wed Mar 19 23:46:55 GMT 2025","passed","Wed Mar 19 23:46:55 GMT 2025","","","",""
"","1","Reopen subscription with peer with lost subscription","Waku Filter V2: Ping","Wed Mar 19 23:44:45 GMT 2025","passed","Wed Mar 19 23:44:45 GMT 2025","","","",""
"","0","Check received message containing Basic HTML tag","Waku Filter V2: FilterPush: Multiple Nodes: Strict Checking: false","Wed Mar 19 23:48:03 GMT 2025","passed","Wed Mar 19 23:48:03 GMT 2025","","","",""
"","0","groups content topics by expected pubsub topic","contentTopicsByPubsubTopic","Wed Mar 19 23:43:19 GMT 2025","passed","Wed Mar 19 23:43:19 GMT 2025","","","",""
"","1","msgTime: -19000 ms from now, startTime: -18990, endTime: -19010","Waku Store, time filter","Wed Mar 19 23:49:35 GMT 2025","passed","Wed Mar 19 23:49:35 GMT 2025","","","",""
"","1","Push message with content topic containing Russian","Waku Light Push: Single Node","Wed Mar 19 23:47:55 GMT 2025","passed","Wed Mar 19 23:47:55 GMT 2025","","","",""
"","0","Promise Callback  - false","Waku Store, order","Wed Mar 19 23:49:05 GMT 2025","passed","Wed Mar 19 23:49:05 GMT 2025","","","",""
"","0","isConnected should return false after all peers disconnect","Connection state","Wed Mar 19 23:44:56 GMT 2025","passed","Wed Mar 19 23:44:56 GMT 2025","","","",""
"","0","same cluster, different shard: nodes connect","Metadata Protocol","Wed Mar 19 23:46:53 GMT 2025","passed","Wed Mar 19 23:46:53 GMT 2025","","connections","",""
"","0","using a protocol with unconfigured pubsub topic should fail","Autosharding: Running Nodes","Wed Mar 19 23:48:42 GMT 2025","passed","Wed Mar 19 23:48:42 GMT 2025","","Others","",""
"","0","Nwaku publishes","Waku Relay, Interop","Wed Mar 19 23:48:12 GMT 2025","passed","Wed Mar 19 23:48:12 GMT 2025","","","",""
"","1","Push message with SQL Injection payload","Waku Light Push: Single Node","Wed Mar 19 23:47:55 GMT 2025","passed","Wed Mar 19 23:47:55 GMT 2025","","","",""
"","1","should handle clusterId, application and version for autosharding with cluster iD 0","shardInfoToPubsubTopics","Wed Mar 19 23:43:19 GMT 2025","passed","Wed Mar 19 23:43:19 GMT 2025","","","",""
"","0","should return empty list for no shard","shardInfoToPubsubTopics","Wed Mar 19 23:43:19 GMT 2025","passed","Wed Mar 19 23:43:19 GMT 2025","","","",""
"","2","Check publish message containing short","Waku Relay, Publish","Wed Mar 19 23:48:17 GMT 2025","passed","Wed Mar 19 23:48:17 GMT 2025","","","",""
"","0","Unsubscribe 1 topic - node subscribed to 2 topics","Waku Filter V2: Unsubscribe: Multiple Nodes: Strict Checking: true","Wed Mar 19 23:46:21 GMT 2025","passed","Wed Mar 19 23:46:21 GMT 2025","","","",""
"","1","Reopen subscription with peer with lost subscription","Waku Filter V2: Ping: Multiple Nodes: Strict Checking: true","Wed Mar 19 23:45:06 GMT 2025","passed","Wed Mar 19 23:45:06 GMT 2025","","","",""
"","1","Callback on promise","Waku Store, general","Wed Mar 19 23:49:26 GMT 2025","passed","Wed Mar 19 23:49:26 GMT 2025","","","",""
"","0","Privacy Node - default protocol","Wait for remote peer","Wed Mar 19 23:49:41 GMT 2025","passed","Wed Mar 19 23:49:41 GMT 2025","","","",""
"","1","should return usable stream attached to connection","StreamManager","Wed Mar 19 23:43:33 GMT 2025","passed","Wed Mar 19 23:43:33 GMT 2025","","","",""
"","1","Check received message containing short","Waku Filter V2: FilterPush","Wed Mar 19 23:45:52 GMT 2025","passed","Wed Mar 19 23:45:52 GMT 2025","","","",""
"","0","msgTime: -19000 ms from now, startTime: -19002, endTime: -19001","Waku Store, time filter","Wed Mar 19 23:49:35 GMT 2025","passed","Wed Mar 19 23:49:35 GMT 2025","","","",""
"","0","should be able to decode the field with only LIGHTPUSH set to true","ENR waku2 codec","Wed Mar 19 23:43:27 GMT 2025","passed","Wed Mar 19 23:43:27 GMT 2025","","Decoding","",""
"","0","Push message with content topic containing numeric","Waku Light Push: Multiple Nodes: Strict Check: true","Wed Mar 19 23:48:18 GMT 2025","passed","Wed Mar 19 23:48:18 GMT 2025","","","",""
"","0","should hash ""Lorem ipsum dolor sit amet"" with n=0 and maxValue=10000 correctly","hashN","Wed Mar 19 23:44:09 GMT 2025","passed","Wed Mar 19 23:44:09 GMT 2025","","","",""
"","1","should throw an error for non-numeric clusterId: /waku/2/rs/!/1","pubsubTopicToSingleShardInfo with various invalid formats","Wed Mar 19 23:43:19 GMT 2025","passed","Wed Mar 19 23:43:19 GMT 2025","","","",""
"","0","Using a function","Waku Dial [node only]","Wed Mar 19 23:49:34 GMT 2025","passed","Wed Mar 19 23:49:34 GMT 2025","","Bootstrap","",""
"","0","should throw an error for non-numeric clusterId: /waku/2/rs/$/1","pubsubTopicToSingleShardInfo with various invalid formats","Wed Mar 19 23:43:19 GMT 2025","passed","Wed Mar 19 23:43:19 GMT 2025","","","",""
"","0","throws on content topic with empty encoding field","ensureValidContentTopic","Wed Mar 19 23:43:19 GMT 2025","passed","Wed Mar 19 23:43:19 GMT 2025","","","",""
"","0","through manual discovery","multiaddr: dialing","Wed Mar 19 23:46:55 GMT 2025","passed","Wed Mar 19 23:46:55 GMT 2025","","does not attempt the same peer discovered multiple times more than once","",""
"","0","Check received message containing SQL Injection","Waku Filter V2: FilterPush: Multiple Nodes: Strict Checking: true","Wed Mar 19 23:48:03 GMT 2025","passed","Wed Mar 19 23:48:03 GMT 2025","","","",""
"","0","should mark all messages in causal history as acknowledged","MessageChannel","Wed Mar 19 23:44:10 GMT 2025","passed","Wed Mar 19 23:44:10 GMT 2025","","reviewing ack status","",""
"","0","Check received message containing special chars","Waku Filter V2: FilterPush: Multiple Nodes: Strict Checking: false","Wed Mar 19 23:48:03 GMT 2025","passed","Wed Mar 19 23:48:03 GMT 2025","","","",""
"","0","should hash ""Lorem ipsum dolor sit amet"" with n=1 and maxValue=1000 correctly","hashN","Wed Mar 19 23:44:09 GMT 2025","passed","Wed Mar 19 23:44:09 GMT 2025","","","",""
"","0","msgTime: -19000 ms from now, startTime: -18999, endTime: -18996","Waku Store, time filter","Wed Mar 19 23:49:35 GMT 2025","passed","Wed Mar 19 23:49:35 GMT 2025","","","",""
"","1","Ping on peer without subscriptions","Waku Filter V2: Ping: Multiple Nodes: Strict Checking: true","Wed Mar 19 23:45:06 GMT 2025","passed","Wed Mar 19 23:45:06 GMT 2025","","","",""
"","1","random static sharding 3 - Cluster ID: 424, Shard ID: 206","Static Sharding: Running Nodes","Wed Mar 19 23:48:50 GMT 2025","passed","Wed Mar 19 23:48:50 GMT 2025","","Different clusters and shards","",""
"","0","Push message with emoji payload","Waku Light Push: Single Node","Wed Mar 19 23:47:55 GMT 2025","passed","Wed Mar 19 23:47:55 GMT 2025","","","",""
"","1","Push message with content topic containing Basic HTML tag","Waku Light Push: Single Node","Wed Mar 19 23:47:55 GMT 2025","passed","Wed Mar 19 23:47:55 GMT 2025","","","",""
"","1","Query generator for 2000 messages","Waku Store, general","Wed Mar 19 23:49:26 GMT 2025","passed","Wed Mar 19 23:49:26 GMT 2025","","","",""
"","0","Check received message containing JSON","Waku Filter V2: FilterPush","Wed Mar 19 23:45:52 GMT 2025","passed","Wed Mar 19 23:45:52 GMT 2025","","","",""
"","1","Push message with JSON payload","Waku Light Push: Multiple Nodes: Strict Check: true","Wed Mar 19 23:48:18 GMT 2025","passed","Wed Mar 19 23:48:18 GMT 2025","","","",""
"","0","Subscribe to topic containing short and publish message","Waku Relay, Subscribe","Wed Mar 19 23:48:23 GMT 2025","passed","Wed Mar 19 23:48:23 GMT 2025","","","",""
"","1","Check received message containing special chars","Waku Filter V2: FilterPush","Wed Mar 19 23:45:52 GMT 2025","passed","Wed Mar 19 23:45:52 GMT 2025","","","",""
"","0","should get / set TCP multiaddr","ENR","Wed Mar 19 23:43:27 GMT 2025","passed","Wed Mar 19 23:43:27 GMT 2025","","Multiaddr getters and setters","",""
"","0","should handle task timeouts","RetryManager","Wed Mar 19 23:44:00 GMT 2025","passed","Wed Mar 19 23:44:00 GMT 2025","","","",""
"","0","should retry on complete failure if specified","LightPush SDK","Wed Mar 19 23:44:00 GMT 2025","passed","Wed Mar 19 23:44:00 GMT 2025","","","",""
"","2","Check publish message containing long","Waku Relay, Publish","Wed Mar 19 23:48:17 GMT 2025","passed","Wed Mar 19 23:48:17 GMT 2025","","","",""
"","1","Subscribe to topic containing Basic HTML tag and publish message","Waku Relay, Subscribe","Wed Mar 19 23:48:23 GMT 2025","passed","Wed Mar 19 23:48:23 GMT 2025","","","",""
"","0","Mutual subscription","Waku Relay, Subscribe","Wed Mar 19 23:48:23 GMT 2025","passed","Wed Mar 19 23:48:23 GMT 2025","","","",""
"","1","1 Relay, 1 fetch","Fetch nodes until capabilities are fulfilled","Wed Mar 19 23:43:41 GMT 2025","passed","Wed Mar 19 23:43:41 GMT 2025","","","",""
"","0","should only return 1 node with store capability","DNS Node Discovery w/ capabilities","Wed Mar 19 23:43:41 GMT 2025","passed","Wed Mar 19 23:43:41 GMT 2025","","","",""
"","0","should not receive a peer event after stop","Local Storage Discovery","Wed Mar 19 23:43:45 GMT 2025","passed","Wed Mar 19 23:43:45 GMT 2025","interface-peer-discovery compliance tests","Compliance Tests","",""
"","0","Subscribe to topic containing special chars and receive message","Waku Filter V2: Subscribe: Single Service Node","Wed Mar 19 23:46:31 GMT 2025","passed","Wed Mar 19 23:46:31 GMT 2025","","","",""
"","1","returns only open connection if one present","selectOpenConnection","Wed Mar 19 23:43:33 GMT 2025","passed","Wed Mar 19 23:43:33 GMT 2025","","","",""
"","0","All","ENR Interop: ServiceNode","Wed Mar 19 23:44:34 GMT 2025","passed","Wed Mar 19 23:44:34 GMT 2025","","","",""
"","1","Reusing cursor across nodes","Waku Store, cursor","Wed Mar 19 23:48:43 GMT 2025","passed","Wed Mar 19 23:48:43 GMT 2025","","","",""
"","0","peer:update - should not schedule stream creation IF protocol hit AND stream found on connection","StreamManager","Wed Mar 19 23:43:33 GMT 2025","passed","Wed Mar 19 23:43:33 GMT 2025","","","",""
"","0","should wait for Filter peer to be connected","waitForRemotePeer","Wed Mar 19 23:44:00 GMT 2025","passed","Wed Mar 19 23:44:00 GMT 2025","","","",""
"","0","Timestamp too far from node time: -20000 ms from now","Waku Store, time filter","Wed Mar 19 23:49:35 GMT 2025","passed","Wed Mar 19 23:49:35 GMT 2025","","","",""
"","0","Throws when trying to push message with empty payload","Waku Light Push: Multiple Nodes: Strict Check: true","Wed Mar 19 23:48:18 GMT 2025","passed","Wed Mar 19 23:48:18 GMT 2025","","","",""
"","0","should return valid sharding parameters for content topics autosharding","ensureShardingConfigured","Wed Mar 19 23:43:19 GMT 2025","passed","Wed Mar 19 23:43:19 GMT 2025","","","",""
"","0","Push message with Arabic payload","Waku Light Push: Single Node","Wed Mar 19 23:47:55 GMT 2025","passed","Wed Mar 19 23:47:55 GMT 2025","","","",""
"","0","Push message with Basic HTML tag payload","Waku Light Push: Single Node","Wed Mar 19 23:47:55 GMT 2025","passed","Wed Mar 19 23:47:55 GMT 2025","","","",""
"","0","should handle a minimal index list","Relay Shard codec","Wed Mar 19 23:43:19 GMT 2025","passed","Wed Mar 19 23:43:19 GMT 2025","","","",""
"","1","Push message with content topic containing short","Waku Light Push: Multiple Nodes: Strict Check: true","Wed Mar 19 23:48:18 GMT 2025","passed","Wed Mar 19 23:48:18 GMT 2025","","","",""
"","1","Push 30 different messages","Waku Light Push: Single Node","Wed Mar 19 23:47:55 GMT 2025","passed","Wed Mar 19 23:47:55 GMT 2025","","","",""
"","0","should hash """" with n=0 and maxValue=10000 correctly","hashN","Wed Mar 19 23:44:09 GMT 2025","passed","Wed Mar 19 23:44:09 GMT 2025","","","",""
"","1","isConnected return false after peer stops","Connection state","Wed Mar 19 23:44:56 GMT 2025","passed","Wed Mar 19 23:44:56 GMT 2025","","","",""
"","0","Wrong topic","Autosharding: Running Nodes","Wed Mar 19 23:48:42 GMT 2025","passed","Wed Mar 19 23:48:42 GMT 2025","","Different clusters and topics","",""
"","3","Refresh subscription","Waku Relay, Subscribe","Wed Mar 19 23:48:23 GMT 2025","skipped","Wed Mar 19 23:48:23 GMT 2025","","","",""
"","0","should throw error - no id","ENR","Wed Mar 19 23:43:27 GMT 2025","passed","Wed Mar 19 23:43:27 GMT 2025","","Txt codec","",""
"","0","should throw an error for invalid PubsubTopic format: /incorrect/format","pubsubTopicToSingleShardInfo with various invalid formats","Wed Mar 19 23:43:19 GMT 2025","passed","Wed Mar 19 23:43:19 GMT 2025","","","",""
"","0","Check received message containing Russian","Waku Filter V2: FilterPush: Multiple Nodes: Strict Checking: false","Wed Mar 19 23:48:03 GMT 2025","passed","Wed Mar 19 23:48:03 GMT 2025","","","",""
"","0","should properly create location multiaddrs - tcp","ENR","Wed Mar 19 23:43:27 GMT 2025","passed","Wed Mar 19 23:43:27 GMT 2025","","Location multiaddr","",""
"","0","should return no connections if no open connection provided","selectOpenConnection","Wed Mar 19 23:43:33 GMT 2025","passed","Wed Mar 19 23:43:33 GMT 2025","","","",""
"","4","should encode/decode to text encoding","ENR","Wed Mar 19 23:43:27 GMT 2025","passed","Wed Mar 19 23:43:27 GMT 2025","","Static tests","",""
"","0","Subscribe and receive messages on 2 different content topics","Waku Filter V2: Subscribe: Multiple Service Nodes: Strict Check mode: true","Wed Mar 19 23:49:38 GMT 2025","passed","Wed Mar 19 23:49:38 GMT 2025","","","",""
"","0","Unsubscribes all - node subscribed to 10 topics","Waku Filter V2: Unsubscribe","Wed Mar 19 23:45:32 GMT 2025","passed","Wed Mar 19 23:45:32 GMT 2025","","","",""
"","0","Check received message containing XML","Waku Filter V2: FilterPush: Multiple Nodes: Strict Checking: false","Wed Mar 19 23:48:03 GMT 2025","passed","Wed Mar 19 23:48:03 GMT 2025","","","",""
"","1","should correctly encode and decode relay shards using rs format (Index List)","Relay Shard codec","Wed Mar 19 23:43:19 GMT 2025","passed","Wed Mar 19 23:43:19 GMT 2025","","","",""
"","1","shard 0","Static Sharding: Running Nodes","Wed Mar 19 23:48:50 GMT 2025","passed","Wed Mar 19 23:48:50 GMT 2025","","Different clusters and shards","",""
"","0","Push message with custom timestamp: 1742431532712","Waku Light Push: Multiple Nodes: Strict Check: true","Wed Mar 19 23:48:18 GMT 2025","passed","Wed Mar 19 23:48:18 GMT 2025","","","",""
"","1","Check received message containing shell command","Waku Filter V2: FilterPush","Wed Mar 19 23:45:52 GMT 2025","passed","Wed Mar 19 23:45:52 GMT 2025","","","",""
"","0","should correctly map /0/statusim/1/community/cbor to shard index 4","contentTopicToShardIndex","Wed Mar 19 23:43:19 GMT 2025","passed","Wed Mar 19 23:43:19 GMT 2025","","","",""
"","1","groups multiple content topics into the same pubsub topic when they share the same shard index","contentTopicsByPubsubTopic","Wed Mar 19 23:43:19 GMT 2025","passed","Wed Mar 19 23:43:19 GMT 2025","","","",""
"","0","should throw an error for non-numeric clusterId: /waku/2/rs/\/1","pubsubTopicToSingleShardInfo with various invalid formats","Wed Mar 19 23:43:19 GMT 2025","passed","Wed Mar 19 23:43:19 GMT 2025","","","",""
"","0","Ordered Callback sorting by timestamp while page direction is false","Waku Store, sorting","Wed Mar 19 23:49:16 GMT 2025","passed","Wed Mar 19 23:49:16 GMT 2025","","","",""
"","1","Query generator for multiple messages with different content topic format","Waku Store, general","Wed Mar 19 23:49:26 GMT 2025","passed","Wed Mar 19 23:49:26 GMT 2025","","","",""
"","1","should emit a peer event after start","Peer Exchange","Wed Mar 19 23:48:31 GMT 2025","passed","Wed Mar 19 23:48:31 GMT 2025","interface-peer-discovery compliance tests","Compliance Test","",""
"","1","Add multiple subscription objects on single nwaku node","Waku Filter V2: Subscribe: Multiple Service Nodes: Strict Check mode: true","Wed Mar 19 23:49:38 GMT 2025","passed","Wed Mar 19 23:49:38 GMT 2025","","","",""
"","0","should add and remove event listeners correctly","Local Storage Discovery","Wed Mar 19 23:43:45 GMT 2025","passed","Wed Mar 19 23:43:45 GMT 2025","","Unit Tests","",""
"","0","should reject if Store is requested but not mounted","waitForRemotePeer","Wed Mar 19 23:44:00 GMT 2025","passed","Wed Mar 19 23:44:00 GMT 2025","","","",""
"","1","Check received message containing Arabic","Waku Filter V2: FilterPush: Multiple Nodes: Strict Checking: false","Wed Mar 19 23:48:03 GMT 2025","passed","Wed Mar 19 23:48:03 GMT 2025","","","",""
"","0","should use the provided clusterId for the pubsub topic","contentTopicToPubsubTopic","Wed Mar 19 23:43:19 GMT 2025","passed","Wed Mar 19 23:43:19 GMT 2025","","","",""
"","0","Push message on custom pubsubTopic","Waku Light Push (named sharding): Multiple PubsubTopics","Wed Mar 19 23:46:52 GMT 2025","passed","Wed Mar 19 23:46:52 GMT 2025","","","",""
"","0","PeerStore has remote peer's shard info after successful connection","Metadata Protocol","Wed Mar 19 23:46:53 GMT 2025","passed","Wed Mar 19 23:46:53 GMT 2025","","","",""
"","2","random static sharding 9 - Cluster ID: 650, Shard ID: 278","Static Sharding: Running Nodes","Wed Mar 19 23:48:50 GMT 2025","passed","Wed Mar 19 23:48:50 GMT 2025","","Different clusters and shards","",""
"","0","Passing a valid cursor at 19 index when there are 50 messages","Waku Store, cursor","Wed Mar 19 23:48:43 GMT 2025","passed","Wed Mar 19 23:48:43 GMT 2025","","","",""
"","0","should not receive a peer event before start","Local Storage Discovery","Wed Mar 19 23:43:45 GMT 2025","passed","Wed Mar 19 23:43:45 GMT 2025","interface-peer-discovery compliance tests","Compliance Tests","",""
"","0","Subscribe at once to 10000 topics and publish messages","Waku Relay, Subscribe","Wed Mar 19 23:48:23 GMT 2025","passed","Wed Mar 19 23:48:23 GMT 2025","","","",""
"","0","Ping on unsubscribed peer","Waku Filter V2: Ping: Multiple Nodes: Strict Checking: true","Wed Mar 19 23:45:06 GMT 2025","passed","Wed Mar 19 23:45:06 GMT 2025","","","",""
"","0","should request peer renewal on specific errors","RetryManager","Wed Mar 19 23:44:00 GMT 2025","passed","Wed Mar 19 23:44:00 GMT 2025","","","",""
"","0","should hash ""hello"" with n=1 and maxValue=10000 correctly","hashN","Wed Mar 19 23:44:09 GMT 2025","passed","Wed Mar 19 23:44:09 GMT 2025","","","",""
"","0","should add received messages to bloom filter","MessageChannel","Wed Mar 19 23:44:10 GMT 2025","passed","Wed Mar 19 23:44:10 GMT 2025","","receiving a message","",""
"","0","Check publish message after client node is restarted","Waku Relay, Publish","Wed Mar 19 23:48:17 GMT 2025","skipped","Wed Mar 19 23:48:17 GMT 2025","","","",""
"","0","should hash ""Lorem ipsum dolor sit amet"" with n=5 and maxValue=1000 correctly","hashN","Wed Mar 19 23:44:09 GMT 2025","passed","Wed Mar 19 23:44:09 GMT 2025","","","",""
"","0","should throw an error for invalid PubsubTopic format: /waku/2/r/1/2","pubsubTopicToSingleShardInfo with various invalid formats","Wed Mar 19 23:43:19 GMT 2025","passed","Wed Mar 19 23:43:19 GMT 2025","","","",""
"","1","should be able to decode the field with only FILTER set to true","ENR waku2 codec","Wed Mar 19 23:43:27 GMT 2025","passed","Wed Mar 19 23:43:27 GMT 2025","","Decoding","",""
"","1","Subscribe to topic containing special chars and publish message","Waku Relay, Subscribe","Wed Mar 19 23:48:23 GMT 2025","passed","Wed Mar 19 23:48:23 GMT 2025","","","",""
"","0","Ordered Callback - false","Waku Store, order","Wed Mar 19 23:49:05 GMT 2025","passed","Wed Mar 19 23:49:05 GMT 2025","","","",""
"","1","should hash """" with n=2 and maxValue=100 correctly","hashN","Wed Mar 19 23:44:09 GMT 2025","passed","Wed Mar 19 23:44:09 GMT 2025","","","",""
"","1","should reject if WakuNode is not started","waitForRemotePeer","Wed Mar 19 23:44:00 GMT 2025","passed","Wed Mar 19 23:44:00 GMT 2025","","","",""
"","1","Push message with custom timestamp: 1742424352264","Waku Light Push: Single Node","Wed Mar 19 23:47:55 GMT 2025","passed","Wed Mar 19 23:47:55 GMT 2025","","","",""
"","0","Passing page size 10 when there are 10 messages","Waku Store, page size","Wed Mar 19 23:49:22 GMT 2025","passed","Wed Mar 19 23:49:22 GMT 2025","","","",""
"","0","should hash ""!@#$%^&*()"" with n=2 and maxValue=100 correctly","hashN","Wed Mar 19 23:44:09 GMT 2025","passed","Wed Mar 19 23:44:09 GMT 2025","","","",""
"","2","Check publish message containing numeric","Waku Relay, Publish","Wed Mar 19 23:48:17 GMT 2025","passed","Wed Mar 19 23:48:17 GMT 2025","","","",""
"","1","Unsubscribe 1 topic - node subscribed to 1 topic","Waku Filter V2: Unsubscribe","Wed Mar 19 23:45:32 GMT 2025","passed","Wed Mar 19 23:45:32 GMT 2025","","","",""
"","1","should hash """" with n=1 and maxValue=1000 correctly","hashN","Wed Mar 19 23:44:09 GMT 2025","passed","Wed Mar 19 23:44:09 GMT 2025","","","",""
"","0","Subscribe to topic containing shell command and receive message","Waku Filter V2: Subscribe: Single Service Node","Wed Mar 19 23:46:31 GMT 2025","passed","Wed Mar 19 23:46:31 GMT 2025","","","",""
"","0","should wait for Store peer to be connected","waitForRemotePeer","Wed Mar 19 23:44:00 GMT 2025","passed","Wed Mar 19 23:44:00 GMT 2025","","","",""
"","0","ignores unrecognized TXT record formats","DNS Node Discovery","Wed Mar 19 23:43:41 GMT 2025","passed","Wed Mar 19 23:43:41 GMT 2025","","","",""
"","2","Subscribe and receives messages on 20 topics","Waku Filter V2: Subscribe: Single Service Node","Wed Mar 19 23:46:31 GMT 2025","passed","Wed Mar 19 23:46:31 GMT 2025","","","",""
"","0","should throw an error for non-numeric shard: /waku/2/rs/1/x","pubsubTopicToSingleShardInfo with various invalid formats","Wed Mar 19 23:43:19 GMT 2025","passed","Wed Mar 19 23:43:19 GMT 2025","","","",""
"","0","Unsubscribe 1 topic - node subscribed to 1 topic","Waku Filter V2: Unsubscribe: Multiple Nodes: Strict Checking: false","Wed Mar 19 23:46:21 GMT 2025","passed","Wed Mar 19 23:46:21 GMT 2025","","","",""
"","0","Asymmetric encrypt & decrypt","Waku Encryption","Wed Mar 19 23:43:52 GMT 2025","passed","Wed Mar 19 23:43:52 GMT 2025","","","",""
"","1","Subscribe to topic containing unicode special characters and receive message","Waku Filter V2: Subscribe: Multiple Service Nodes: Strict Check mode: false","Wed Mar 19 23:49:38 GMT 2025","passed","Wed Mar 19 23:49:38 GMT 2025","","","",""
"","1","Renews subscription after lossing a connection","Waku Filter V2: Subscribe: Multiple Service Nodes: Strict Check mode: false","Wed Mar 19 23:49:38 GMT 2025","passed","Wed Mar 19 23:49:38 GMT 2025","","","",""
"","1","ENRTree (branch): should parse and verify a single component DNS branch entry","ENRTree","Wed Mar 19 23:43:41 GMT 2025","passed","Wed Mar 19 23:43:41 GMT 2025","","","",""
"","1","should hash """" with n=0 and maxValue=100 correctly","hashN","Wed Mar 19 23:44:09 GMT 2025","passed","Wed Mar 19 23:44:09 GMT 2025","","","",""
"","0","Check received message containing Russian","Waku Filter V2: FilterPush: Multiple Nodes: Strict Checking: true","Wed Mar 19 23:48:03 GMT 2025","passed","Wed Mar 19 23:48:03 GMT 2025","","","",""
"","0","Check publish message containing Russian","Waku Relay, Publish","Wed Mar 19 23:48:17 GMT 2025","passed","Wed Mar 19 23:48:17 GMT 2025","","","",""
"","1","retrieves a single peer","DNS Node Discovery","Wed Mar 19 23:43:41 GMT 2025","passed","Wed Mar 19 23:43:41 GMT 2025","","","",""
"","4","Subscribe to topic containing numeric and receive message","Waku Filter V2: Subscribe: Single Service Node","Wed Mar 19 23:46:31 GMT 2025","passed","Wed Mar 19 23:46:31 GMT 2025","","","",""
"","4","Fails to publish message with wrong pubsubtopic","Waku Relay, Publish","Wed Mar 19 23:48:17 GMT 2025","passed","Wed Mar 19 23:48:17 GMT 2025","","","",""
"","1","Init the array if not present","pushOrInitMapSet","Wed Mar 19 23:43:18 GMT 2025","passed","Wed Mar 19 23:43:18 GMT 2025","","","",""
"","1","peer:update - should schedule stream creation IF protocol hit AND no stream found on connection","StreamManager","Wed Mar 19 23:43:33 GMT 2025","passed","Wed Mar 19 23:43:33 GMT 2025","","","",""
"","1","should hash ""Lorem ipsum dolor sit amet"" with n=0 and maxValue=100 correctly","hashN","Wed Mar 19 23:44:09 GMT 2025","passed","Wed Mar 19 23:44:09 GMT 2025","","","",""
"","0","should process correctly when SingleShardInfo has no clusterId but has a shard","determinePubsubTopic","Wed Mar 19 23:43:19 GMT 2025","passed","Wed Mar 19 23:43:19 GMT 2025","","","",""
"","0","Subscribe to topic containing Russian and receive message","Waku Filter V2: Subscribe: Single Service Node","Wed Mar 19 23:46:31 GMT 2025","passed","Wed Mar 19 23:46:31 GMT 2025","","","",""
"","1","ignores domain fetching errors","DNS Node Discovery","Wed Mar 19 23:43:41 GMT 2025","passed","Wed Mar 19 23:43:41 GMT 2025","","","",""
"","0","Push message with content topic containing SQL Injection","Waku Light Push: Single Node","Wed Mar 19 23:47:55 GMT 2025","passed","Wed Mar 19 23:47:55 GMT 2025","","","",""
"","1","1 Store, 2 fetches","Fetch nodes until capabilities are fulfilled","Wed Mar 19 23:43:41 GMT 2025","passed","Wed Mar 19 23:43:41 GMT 2025","","","",""
"","0","should be able to decode the field with only RELAY set to true","ENR waku2 codec","Wed Mar 19 23:43:27 GMT 2025","passed","Wed Mar 19 23:43:27 GMT 2025","","Decoding","",""
"","0","should return false","ENR","Wed Mar 19 23:43:27 GMT 2025","passed","Wed Mar 19 23:43:27 GMT 2025","","Verify","",""
"","0","should hash ""test123"" with n=2 and maxValue=1000 correctly","hashN","Wed Mar 19 23:44:09 GMT 2025","passed","Wed Mar 19 23:44:09 GMT 2025","","","",""
"","2","should emit `peer:connected:bootstrap` event when a peer is connected","Events","Wed Mar 19 23:44:28 GMT 2025","passed","Wed Mar 19 23:44:28 GMT 2025","","peer:connect","",""
"","0","should hash """" with n=5 and maxValue=100 correctly","hashN","Wed Mar 19 23:44:09 GMT 2025","passed","Wed Mar 19 23:44:09 GMT 2025","","","",""
"","0","should maintain desired error rate","BloomFilter","Wed Mar 19 23:44:11 GMT 2025","passed","Wed Mar 19 23:44:11 GMT 2025","","","",""
"","0","start node with empty shard should fail","Static Sharding: Running Nodes","Wed Mar 19 23:48:50 GMT 2025","passed","Wed Mar 19 23:48:50 GMT 2025","","Others","",""
"","1","px service nodes not subscribed to the shard should not be dialed","Autosharding: Peer Management","Wed Mar 19 23:50:43 GMT 2025","passed","Wed Mar 19 23:50:43 GMT 2025","","Peer Exchange","",""
"","0","should check connected peers if present and suitable","waitForRemotePeer","Wed Mar 19 23:44:00 GMT 2025","passed","Wed Mar 19 23:44:00 GMT 2025","","","",""
"","0","should throw an error for non-numeric shard: /waku/2/rs/1/","pubsubTopicToSingleShardInfo with various invalid formats","Wed Mar 19 23:43:19 GMT 2025","passed","Wed Mar 19 23:43:19 GMT 2025","","","",""
"","0","should set field with only STORE enabled","ENR","Wed Mar 19 23:43:27 GMT 2025","passed","Wed Mar 19 23:43:27 GMT 2025","","waku2 key round trip","",""
"","0","Check message with invalid timestamp is not received","Waku Filter V2: FilterPush: Multiple Nodes: Strict Checking: true","Wed Mar 19 23:48:03 GMT 2025","passed","Wed Mar 19 23:48:03 GMT 2025","","","",""
"","1","should return the correct m/n for k = 7, targetError = 0.001","Probabilities","Wed Mar 19 23:44:09 GMT 2025","passed","Wed Mar 19 23:44:09 GMT 2025","","","",""
"","0","Check received message containing escaped characters","Waku Filter V2: FilterPush: Multiple Nodes: Strict Checking: true","Wed Mar 19 23:48:03 GMT 2025","passed","Wed Mar 19 23:48:03 GMT 2025","","","",""
"","0","should throw an error for an unconfigured topic","ensurePubsubTopicIsConfigured","Wed Mar 19 23:43:19 GMT 2025","passed","Wed Mar 19 23:43:19 GMT 2025","","","",""
"","1","Check received message containing short","Waku Filter V2: FilterPush: Multiple Nodes: Strict Checking: true","Wed Mar 19 23:48:03 GMT 2025","passed","Wed Mar 19 23:48:03 GMT 2025","","","",""
"","0","Ephemeral field is preserved - asymmetric encryption","Waku Message Ephemeral field","Wed Mar 19 23:44:35 GMT 2025","passed","Wed Mar 19 23:44:35 GMT 2025","","","",""
"","1","should correctly map /app/22/sometopic/someencoding to shard index 2","contentTopicToShardIndex","Wed Mar 19 23:43:19 GMT 2025","passed","Wed Mar 19 23:43:19 GMT 2025","","","",""
"","1","Check message with no payload is not received","Waku Filter V2: FilterPush: Multiple Nodes: Strict Checking: false","Wed Mar 19 23:48:03 GMT 2025","passed","Wed Mar 19 23:48:03 GMT 2025","","","",""
"","0","throws on empty content topic","ensureValidContentTopic","Wed Mar 19 23:43:19 GMT 2025","passed","Wed Mar 19 23:43:19 GMT 2025","","","",""
"","0","should handle clusterId, application and version for autosharding with cluster iD 6","shardInfoToPubsubTopics","Wed Mar 19 23:43:19 GMT 2025","passed","Wed Mar 19 23:43:19 GMT 2025","","","",""
"","0","Register correct protocols","Waku Relay, Subscribe","Wed Mar 19 23:48:23 GMT 2025","passed","Wed Mar 19 23:48:23 GMT 2025","","","",""
"","0","safeDispatchEvent","Public methods","Wed Mar 19 23:45:08 GMT 2025","passed","Wed Mar 19 23:45:08 GMT 2025","","","",""
"","1","Check publish message containing unicode special characters","Waku Relay, Publish","Wed Mar 19 23:48:17 GMT 2025","passed","Wed Mar 19 23:48:17 GMT 2025","","","",""
"","0","Push message with content topic containing numeric","Waku Light Push: Single Node","Wed Mar 19 23:47:55 GMT 2025","passed","Wed Mar 19 23:47:55 GMT 2025","","","",""
"","1","Used by Waku Relay","Decryption Keys","Wed Mar 19 23:49:34 GMT 2025","passed","Wed Mar 19 23:49:34 GMT 2025","","","",""
"","0","should hash ""test123"" with n=2 and maxValue=10000 correctly","hashN","Wed Mar 19 23:44:09 GMT 2025","passed","Wed Mar 19 23:44:09 GMT 2025","","","",""
"","0","Relay + Store","ENR","Wed Mar 19 23:43:27 GMT 2025","passed","Wed Mar 19 23:43:27 GMT 2025","","Waku2 key: decode","",""
"","7","Unsubscribe 1 topic - node subscribed to 2 topics","Waku Filter V2: Unsubscribe: Multiple Nodes: Strict Checking: false","Wed Mar 19 23:46:21 GMT 2025","passed","Wed Mar 19 23:46:21 GMT 2025","","","",""
"","1","should emit events and trasition isConnected state when has peers or no peers","Events","Wed Mar 19 23:44:28 GMT 2025","passed","Wed Mar 19 23:44:28 GMT 2025","","waku:connection","",""
"","0","Subscribe and receive symmetrically encrypted messages via lightPush","Waku Filter V2: Subscribe: Multiple Service Nodes: Strict Check mode: true","Wed Mar 19 23:49:38 GMT 2025","passed","Wed Mar 19 23:49:38 GMT 2025","","","",""
"","0","should hash ""test123"" with n=1 and maxValue=10000 correctly","hashN","Wed Mar 19 23:44:09 GMT 2025","passed","Wed Mar 19 23:44:09 GMT 2025","","","",""
"","1","Timestamp too far from node time: 40000 ms from now","Waku Store, time filter","Wed Mar 19 23:49:35 GMT 2025","passed","Wed Mar 19 23:49:35 GMT 2025","","","",""
"","0","Subscribe to topic containing short and receive message","Waku Filter V2: Subscribe: Multiple Service Nodes: Strict Check mode: true","Wed Mar 19 23:49:38 GMT 2025","passed","Wed Mar 19 23:49:38 GMT 2025","","","",""
"","2","can start the service","Peer Exchange","Wed Mar 19 23:48:31 GMT 2025","passed","Wed Mar 19 23:48:31 GMT 2025","interface-peer-discovery compliance tests","Compliance Test","",""
"","0","Push message with emoji payload","Waku Light Push: Multiple Nodes: Strict Check: true","Wed Mar 19 23:48:18 GMT 2025","passed","Wed Mar 19 23:48:18 GMT 2025","","","",""
"","0","should hash ""!@#$%^&*()"" with n=0 and maxValue=10000 correctly","hashN","Wed Mar 19 23:44:09 GMT 2025","passed","Wed Mar 19 23:44:09 GMT 2025","","","",""
"","0","should hash ""Lorem ipsum dolor sit amet"" with n=1 and maxValue=100 correctly","hashN","Wed Mar 19 23:44:09 GMT 2025","passed","Wed Mar 19 23:44:09 GMT 2025","","","",""
"","0","Check received message containing long","Waku Filter V2: FilterPush: Multiple Nodes: Strict Checking: false","Wed Mar 19 23:48:03 GMT 2025","passed","Wed Mar 19 23:48:03 GMT 2025","","","",""
"","0","Push message with long payload","Waku Light Push: Multiple Nodes: Strict Check: true","Wed Mar 19 23:48:18 GMT 2025","passed","Wed Mar 19 23:48:18 GMT 2025","","","",""
"","1","Subscribe and receive messages from 2 nwaku nodes each with different pubsubtopics","Waku Filter V2: Multiple PubsubTopics","Wed Mar 19 23:45:07 GMT 2025","passed","Wed Mar 19 23:45:07 GMT 2025","","","",""
"","0","Check message with non string payload is not received","Waku Filter V2: FilterPush: Multiple Nodes: Strict Checking: true","Wed Mar 19 23:48:03 GMT 2025","passed","Wed Mar 19 23:48:03 GMT 2025","","","",""
"","0","all px service nodes subscribed to the shard topic should be dialed","Static Sharding: Peer Management","Wed Mar 19 23:50:43 GMT 2025","passed","Wed Mar 19 23:50:43 GMT 2025","","Peer Exchange","",""
"","4","should be able to encode the field with only RELAY set to true","ENR waku2 codec","Wed Mar 19 23:43:27 GMT 2025","passed","Wed Mar 19 23:43:27 GMT 2025","","Encoding","",""
"","1","Relay - times out","Wait for remote peer","Wed Mar 19 23:49:41 GMT 2025","passed","Wed Mar 19 23:49:41 GMT 2025","","","",""
"","0","px service nodes not subscribed to the shard should not be dialed","Static Sharding: Peer Management","Wed Mar 19 23:50:43 GMT 2025","passed","Wed Mar 19 23:50:43 GMT 2025","","Peer Exchange","",""
"","0","should derive a pubsub topic using contentTopic when SingleShardInfo only contains clusterId","determinePubsubTopic","Wed Mar 19 23:43:19 GMT 2025","passed","Wed Mar 19 23:43:19 GMT 2025","","","",""
"","0","uses static shard pubsub topic instead of autosharding when set","Sets sharding configuration correctly","Wed Mar 19 23:43:33 GMT 2025","passed","Wed Mar 19 23:43:33 GMT 2025","","","",""
"","1","ENRTree (tree): should parse a DNS tree entry","ENRTree","Wed Mar 19 23:43:41 GMT 2025","passed","Wed Mar 19 23:43:41 GMT 2025","","","",""
"","0","should be able to decode the field with ALL protocols set to false","ENR waku2 codec","Wed Mar 19 23:43:27 GMT 2025","passed","Wed Mar 19 23:43:27 GMT 2025","","Decoding","",""
"","1","throws on content topic with generation field greater than 0","ensureValidContentTopic","Wed Mar 19 23:43:19 GMT 2025","passed","Wed Mar 19 23:43:19 GMT 2025","","","",""
"","1","Check publish message containing Arabic","Waku Relay, Publish","Wed Mar 19 23:48:17 GMT 2025","passed","Wed Mar 19 23:48:17 GMT 2025","","","",""
"","0","Push message with Russian payload","Waku Light Push: Single Node","Wed Mar 19 23:47:55 GMT 2025","passed","Wed Mar 19 23:47:55 GMT 2025","","","",""
"","1","should emit `peer:discovery:peer-exchange` event when a peer is discovered","Events","Wed Mar 19 23:44:28 GMT 2025","passed","Wed Mar 19 23:44:28 GMT 2025","","peer:discovery","",""
"","1","should properly create location multiaddrs - udp","ENR","Wed Mar 19 23:43:27 GMT 2025","passed","Wed Mar 19 23:43:27 GMT 2025","","Location multiaddr","",""
"","1","should hash ""test123"" with n=1 and maxValue=1000 correctly","hashN","Wed Mar 19 23:44:09 GMT 2025","passed","Wed Mar 19 23:44:09 GMT 2025","","","",""
"","1","Check received message with timestamp: 1649153314 ","Waku Filter V2: FilterPush","Wed Mar 19 23:45:52 GMT 2025","passed","Wed Mar 19 23:45:52 GMT 2025","","","",""
"","0","should correctly map a content topic to a pubsub topic","contentTopicToPubsubTopic","Wed Mar 19 23:43:19 GMT 2025","passed","Wed Mar 19 23:43:19 GMT 2025","","","",""
"","0","Check publish message containing emoji","Waku Relay, Publish","Wed Mar 19 23:48:17 GMT 2025","passed","Wed Mar 19 23:48:17 GMT 2025","","","",""
"","0","should hash ""hello"" with n=1 and maxValue=1000 correctly","hashN","Wed Mar 19 23:44:09 GMT 2025","passed","Wed Mar 19 23:44:09 GMT 2025","","","",""
"","0","should hash ""test123"" with n=5 and maxValue=1000 correctly","hashN","Wed Mar 19 23:44:09 GMT 2025","passed","Wed Mar 19 23:44:09 GMT 2025","","","",""
"","0","Push message with Chinese payload","Waku Light Push: Single Node","Wed Mar 19 23:47:55 GMT 2025","passed","Wed Mar 19 23:47:55 GMT 2025","","","",""
"","0","Subscribe and receive messages on custom pubsubtopic","Waku Filter V2 (Named sharding): Multiple PubsubTopics","Wed Mar 19 23:45:07 GMT 2025","passed","Wed Mar 19 23:45:07 GMT 2025","","","",""
"","1","Subscribe and receive messages via lightPush","Waku Filter V2: Subscribe: Multiple Service Nodes: Strict Check mode: false","Wed Mar 19 23:49:38 GMT 2025","passed","Wed Mar 19 23:49:38 GMT 2025","","","",""
"","0","should hash """" with n=0 and maxValue=1000 correctly","hashN","Wed Mar 19 23:44:09 GMT 2025","passed","Wed Mar 19 23:44:09 GMT 2025","","","",""
"","0","Subscribe and publish 10000 messages on the same topic","Waku Relay, Subscribe","Wed Mar 19 23:48:23 GMT 2025","passed","Wed Mar 19 23:48:23 GMT 2025","","","",""
"","0","Should fail to subscribe with decoder with wrong pubsubTopic","Waku Filter V2 (Autosharding): Multiple PubsubTopics","Wed Mar 19 23:45:07 GMT 2025","passed","Wed Mar 19 23:45:07 GMT 2025","","","",""
"","0","should fail to send if pubsub topics are misconfigured","LightPush SDK","Wed Mar 19 23:44:00 GMT 2025","passed","Wed Mar 19 23:44:00 GMT 2025","","","",""
"","0","should throw an error for non-numeric shard: /waku/2/rs/1/y","pubsubTopicToSingleShardInfo with various invalid formats","Wed Mar 19 23:43:19 GMT 2025","passed","Wed Mar 19 23:43:19 GMT 2025","","","",""
"","0","should hash ""!@#$%^&*()"" with n=5 and maxValue=10000 correctly","hashN","Wed Mar 19 23:44:09 GMT 2025","passed","Wed Mar 19 23:44:09 GMT 2025","","","",""
"","1","should not fail to start the service if it is already started","DNS Discovery: Compliance Test","Wed Mar 19 23:44:32 GMT 2025","passed","Wed Mar 19 23:44:32 GMT 2025","","interface-peer-discovery compliance tests","",""
"","0","Error when try to subscribe to more than 101 topics (new limit)","Waku Filter V2: Subscribe: Multiple Service Nodes: Strict Check mode: true","Wed Mar 19 23:49:38 GMT 2025","passed","Wed Mar 19 23:49:38 GMT 2025","","","",""
"","0","Check received message containing shell command","Waku Filter V2: FilterPush: Multiple Nodes: Strict Checking: true","Wed Mar 19 23:48:03 GMT 2025","passed","Wed Mar 19 23:48:03 GMT 2025","","","",""
"","0","should push the message to the outgoing buffer","MessageChannel","Wed Mar 19 23:44:10 GMT 2025","passed","Wed Mar 19 23:44:10 GMT 2025","","sending a message ","",""
"","0","Check publish message containing escaped characters","Waku Relay, Publish","Wed Mar 19 23:48:17 GMT 2025","passed","Wed Mar 19 23:48:17 GMT 2025","","","",""
"","0","should extract SingleShardInfo from a valid PubsubTopic","pubsubTopicToSingleShardInfo with various invalid formats","Wed Mar 19 23:43:19 GMT 2025","passed","Wed Mar 19 23:43:19 GMT 2025","","","",""
"","1","Check received message with timestamp: 1742427867395 ","Waku Filter V2: FilterPush","Wed Mar 19 23:45:52 GMT 2025","passed","Wed Mar 19 23:45:52 GMT 2025","","","",""
"","0","Unsubscribe 1 topic - node subscribed to 2 topics","Waku Filter V2: Unsubscribe","Wed Mar 19 23:45:32 GMT 2025","passed","Wed Mar 19 23:45:32 GMT 2025","","","",""
"","0","Push message with content topic containing XML","Waku Light Push: Single Node","Wed Mar 19 23:47:55 GMT 2025","passed","Wed Mar 19 23:47:55 GMT 2025","","","",""
"","0","Subscribe and receive messages on 2 different pubsubtopics","Waku Filter V2 (Autosharding): Multiple PubsubTopics","Wed Mar 19 23:45:07 GMT 2025","passed","Wed Mar 19 23:45:07 GMT 2025","","","",""
"","0","different cluster, same shard: nodes don't connect","Metadata Protocol","Wed Mar 19 23:46:53 GMT 2025","passed","Wed Mar 19 23:46:53 GMT 2025","","connections","",""
"","0","should hash ""Lorem ipsum dolor sit amet"" with n=0 and maxValue=1000 correctly","hashN","Wed Mar 19 23:44:09 GMT 2025","passed","Wed Mar 19 23:44:09 GMT 2025","","","",""
"","0","Push message with unicode special characters payload","Waku Light Push: Single Node","Wed Mar 19 23:47:55 GMT 2025","passed","Wed Mar 19 23:47:55 GMT 2025","","","",""
"","1","non connected peers","Peer Exchange Query","Wed Mar 19 23:47:55 GMT 2025","skipped","Wed Mar 19 23:47:55 GMT 2025","","","",""
"","1","A test","This","Wed Mar 19 23:46:31 GMT 2025","passed","Wed Mar 19 23:46:31 GMT 2025","","Is also","",""
"","1","Passing page size 19 when there are 20 messages","Waku Store, page size","Wed Mar 19 23:49:22 GMT 2025","passed","Wed Mar 19 23:49:22 GMT 2025","","","",""
"","1","should not receive a peer event after stop","Peer Exchange","Wed Mar 19 23:48:31 GMT 2025","passed","Wed Mar 19 23:48:31 GMT 2025","interface-peer-discovery compliance tests","Compliance Test","",""
"","0","Query Generator, No message returned","Waku Store, error handling","Wed Mar 19 23:49:00 GMT 2025","passed","Wed Mar 19 23:49:00 GMT 2025","","","",""
"","0","Check received message containing Basic HTML tag","Waku Filter V2: FilterPush","Wed Mar 19 23:45:52 GMT 2025","passed","Wed Mar 19 23:45:52 GMT 2025","","","",""
"","1","returns a subset of values when wanted number is lesser than available values","Discovery","Wed Mar 19 23:43:40 GMT 2025","passed","Wed Mar 19 23:43:40 GMT 2025","","","",""
"","0","should correctly map a content topic to a pubsub topic for different network shard sizes","contentTopicToPubsubTopic","Wed Mar 19 23:43:19 GMT 2025","passed","Wed Mar 19 23:43:19 GMT 2025","","","",""
"","0","nwaku subscribes","Waku Relay, Interop","Wed Mar 19 23:48:12 GMT 2025","passed","Wed Mar 19 23:48:12 GMT 2025","","","",""
"","1","Subscribe to topic containing numeric and receive message","Waku Filter V2: Subscribe: Multiple Service Nodes: Strict Check mode: true","Wed Mar 19 23:49:38 GMT 2025","passed","Wed Mar 19 23:49:38 GMT 2025","","","",""
"","0","should hash ""Lorem ipsum dolor sit amet"" with n=5 and maxValue=100 correctly","hashN","Wed Mar 19 23:44:09 GMT 2025","passed","Wed Mar 19 23:44:09 GMT 2025","","","",""
"","1","unsubscribes","Util: toAsyncIterator: Filter","Wed Mar 19 23:49:23 GMT 2025","passed","Wed Mar 19 23:49:23 GMT 2025","","","",""
"","1","Subscribe to topic containing Arabic and receive message","Waku Filter V2: Subscribe: Single Service Node","Wed Mar 19 23:46:31 GMT 2025","passed","Wed Mar 19 23:46:31 GMT 2025","","","",""
"","0","Subscribe to topic containing numeric and publish message","Waku Relay, Subscribe","Wed Mar 19 23:48:23 GMT 2025","passed","Wed Mar 19 23:48:23 GMT 2025","","","",""
"","1","random auto sharding 4 - Cluster ID: 10, Content Topic: /app26/2/topic763/utf8","Autosharding: Running Nodes","Wed Mar 19 23:48:42 GMT 2025","passed","Wed Mar 19 23:48:42 GMT 2025","","Different clusters and topics","",""
"","0","should retrieve 3 multiaddrs for test.waku.nodes.status.im","DNS Node Discovery [live data]","Wed Mar 19 23:44:32 GMT 2025","skipped","Wed Mar 19 23:44:32 GMT 2025","","","",""
"","1","3 nodes on /waku/2/rs/7/0 topic","Waku Relay (Autosharding), multiple pubsub topics","Wed Mar 19 23:48:08 GMT 2025","passed","Wed Mar 19 23:48:08 GMT 2025","","","",""
"","4","Subscribe to topic containing emoji and receive message","Waku Filter V2: Subscribe: Single Service Node","Wed Mar 19 23:46:31 GMT 2025","passed","Wed Mar 19 23:46:31 GMT 2025","","","",""
"","2","Check message with no content topic is not received","Waku Filter V2: FilterPush: Multiple Nodes: Strict Checking: true","Wed Mar 19 23:48:03 GMT 2025","passed","Wed Mar 19 23:48:03 GMT 2025","","","",""
"","1","Ordered callback, aborts when callback returns true","Waku Store, general","Wed Mar 19 23:49:26 GMT 2025","passed","Wed Mar 19 23:49:26 GMT 2025","","","",""
"","0","should throw an error for non-numeric shard: /waku/2/rs/1/!","pubsubTopicToSingleShardInfo with various invalid formats","Wed Mar 19 23:43:19 GMT 2025","passed","Wed Mar 19 23:43:19 GMT 2025","","","",""
"","0","Subscribe one by one to 100 topics and publish messages","Waku Relay, Subscribe","Wed Mar 19 23:48:23 GMT 2025","passed","Wed Mar 19 23:48:23 GMT 2025","","","",""
"","1","Query Generator, Multiple PubsubTopics","Waku Store, error handling","Wed Mar 19 23:49:00 GMT 2025","passed","Wed Mar 19 23:49:00 GMT 2025","","","",""
"","1","should be called for peers with PEER_EXCHANGE tags","Dials","Wed Mar 19 23:44:35 GMT 2025","passed","Wed Mar 19 23:44:35 GMT 2025","For peer-exchange peers","dialPeer method","",""
"","0","Check received message with timestamp: 1742427867449 ","Waku Filter V2: FilterPush: Multiple Nodes: Strict Checking: true","Wed Mar 19 23:48:03 GMT 2025","passed","Wed Mar 19 23:48:03 GMT 2025","","","",""
"","1","should process tasks in queue","RetryManager","Wed Mar 19 23:44:00 GMT 2025","passed","Wed Mar 19 23:44:00 GMT 2025","","","",""
"","3","should emit `peer:connected:peer-exchange` event when a peer is connected","Events","Wed Mar 19 23:44:28 GMT 2025","passed","Wed Mar 19 23:44:28 GMT 2025","","peer:connect","",""
"","1","should load peers from local storage and dispatch events","Local Storage Discovery","Wed Mar 19 23:43:45 GMT 2025","passed","Wed Mar 19 23:43:45 GMT 2025","","Unit Tests","",""
"","0","should return the pubsub topic directly if a string is provided","determinePubsubTopic","Wed Mar 19 23:43:19 GMT 2025","passed","Wed Mar 19 23:43:19 GMT 2025","","","",""
"","0","should hash ""!@#$%^&*()"" with n=0 and maxValue=1000 correctly","hashN","Wed Mar 19 23:44:09 GMT 2025","passed","Wed Mar 19 23:44:09 GMT 2025","","","",""
"","0","Ephemeral field is preserved - symmetric encryption","Waku Message Ephemeral field","Wed Mar 19 23:44:35 GMT 2025","passed","Wed Mar 19 23:44:35 GMT 2025","","","",""
"","0","random static sharding 7 - Cluster ID: 59, Shard ID: 137","Static Sharding: Running Nodes","Wed Mar 19 23:48:50 GMT 2025","passed","Wed Mar 19 23:48:50 GMT 2025","","Different clusters and shards","",""
"","0","Check received message containing JSON","Waku Filter V2: FilterPush: Multiple Nodes: Strict Checking: false","Wed Mar 19 23:48:03 GMT 2025","passed","Wed Mar 19 23:48:03 GMT 2025","","","",""
"","0","Encoder throws on undefined content topic","Ensures content topic is defined","Wed Mar 19 23:43:51 GMT 2025","passed","Wed Mar 19 23:43:51 GMT 2025","","","",""
"","0","Subscribe to 100 topics (new limit) at once and receives messages","Waku Filter V2: Subscribe: Multiple Service Nodes: Strict Check mode: false","Wed Mar 19 23:49:38 GMT 2025","passed","Wed Mar 19 23:49:38 GMT 2025","","","",""
"","1","should throw an error for non-numeric clusterId: /waku/2/rs/y/1","pubsubTopicToSingleShardInfo with various invalid formats","Wed Mar 19 23:43:19 GMT 2025","passed","Wed Mar 19 23:43:19 GMT 2025","","","",""
"","0","Relay","ENR Interop: ServiceNode","Wed Mar 19 23:44:34 GMT 2025","passed","Wed Mar 19 23:44:34 GMT 2025","","","",""
"","1","should not fail to start the service if it is already started","Local Storage Discovery","Wed Mar 19 23:43:45 GMT 2025","passed","Wed Mar 19 23:43:45 GMT 2025","interface-peer-discovery compliance tests","Compliance Tests","",""
"","1","Push message with special chars payload","Waku Light Push: Single Node","Wed Mar 19 23:47:55 GMT 2025","passed","Wed Mar 19 23:47:55 GMT 2025","","","",""
"","1","Check received message containing numeric","Waku Filter V2: FilterPush: Multiple Nodes: Strict Checking: false","Wed Mar 19 23:48:03 GMT 2025","passed","Wed Mar 19 23:48:03 GMT 2025","","","",""
"","0","handles different networkShards values correctly","contentTopicsByPubsubTopic","Wed Mar 19 23:43:19 GMT 2025","passed","Wed Mar 19 23:43:19 GMT 2025","","","",""
"","0","random auto sharding 5 - Cluster ID: 10, Content Topic: /app44/1/topic819/test.js","Autosharding: Running Nodes","Wed Mar 19 23:48:42 GMT 2025","passed","Wed Mar 19 23:48:42 GMT 2025","","Different clusters and topics","",""
"","6","should initialize with default number of peers","PeerManager","Wed Mar 19 23:44:00 GMT 2025","passed","Wed Mar 19 23:44:00 GMT 2025","","","",""
"","0","Should update multiaddrs","Peer Exchange Continuous Discovery","Wed Mar 19 23:46:55 GMT 2025","passed","Wed Mar 19 23:46:55 GMT 2025","","","",""
"","0","should throw an error for missing required configuration","shardInfoToPubsubTopics","Wed Mar 19 23:43:19 GMT 2025","passed","Wed Mar 19 23:43:19 GMT 2025","","","",""
"","1","getPeersByDiscovery","Public methods","Wed Mar 19 23:45:08 GMT 2025","passed","Wed Mar 19 23:45:08 GMT 2025","","","",""
"","0","Encoder throws on undefined content topic","Ensures content topic is defined","Wed Mar 19 23:43:33 GMT 2025","passed","Wed Mar 19 23:43:33 GMT 2025","","","",""
"","1","should throw if no connection provided","StreamManager","Wed Mar 19 23:43:33 GMT 2025","passed","Wed Mar 19 23:43:33 GMT 2025","","","",""
"","0","Push message with content topic containing escaped characters","Waku Light Push: Single Node","Wed Mar 19 23:47:55 GMT 2025","passed","Wed Mar 19 23:47:55 GMT 2025","","","",""
"","0","should hash ""test123"" with n=0 and maxValue=100 correctly","hashN","Wed Mar 19 23:44:09 GMT 2025","passed","Wed Mar 19 23:44:09 GMT 2025","","","",""
"","0","Subscribe to topic containing JSON and publish message","Waku Relay, Subscribe","Wed Mar 19 23:48:23 GMT 2025","passed","Wed Mar 19 23:48:23 GMT 2025","","","",""
"","0","Subscribe and receive symmetrically encrypted messages via lightPush","Waku Filter V2: Subscribe: Single Service Node","Wed Mar 19 23:46:31 GMT 2025","passed","Wed Mar 19 23:46:31 GMT 2025","","","",""
"","0","should throw an error for non-numeric shard: /waku/2/rs/1/\","pubsubTopicToSingleShardInfo with various invalid formats","Wed Mar 19 23:43:19 GMT 2025","passed","Wed Mar 19 23:43:19 GMT 2025","","","",""
"","1","Accepts a valid Waku Message","Message Validator","Wed Mar 19 23:44:04 GMT 2025","passed","Wed Mar 19 23:44:04 GMT 2025","","","",""
"","0","connected peers and dial","Peer Exchange Query","Wed Mar 19 23:47:55 GMT 2025","skipped","Wed Mar 19 23:47:55 GMT 2025","","","",""
"","0","Query with Promise Callback, Multiple PubsubTopics","Waku Store, error handling","Wed Mar 19 23:49:00 GMT 2025","passed","Wed Mar 19 23:49:00 GMT 2025","","","",""
"","0","throws on content topic with empty application field","ensureValidContentTopic","Wed Mar 19 23:43:19 GMT 2025","passed","Wed Mar 19 23:43:19 GMT 2025","","","",""
"","0","Subscribe to topic containing XML and receive message","Waku Filter V2: Subscribe: Single Service Node","Wed Mar 19 23:46:31 GMT 2025","passed","Wed Mar 19 23:46:31 GMT 2025","","","",""
"","0","Add multiple subscription objects on single nwaku node","Waku Filter V2: Subscribe: Single Service Node","Wed Mar 19 23:46:31 GMT 2025","passed","Wed Mar 19 23:46:31 GMT 2025","","","",""
"","1","should remove messages without delivering if timeout is exceeded","MessageChannel","Wed Mar 19 23:44:10 GMT 2025","passed","Wed Mar 19 23:44:10 GMT 2025","","Sweeping incoming buffer","",""
"","1","Passing page size 1 when there are 4 messages","Waku Store, page size","Wed Mar 19 23:49:22 GMT 2025","passed","Wed Mar 19 23:49:22 GMT 2025","","","",""
"","0","Subscribe and receive messages on 2 different pubsubtopics","Waku Light Push : Multiple PubsubTopics","Wed Mar 19 23:46:52 GMT 2025","passed","Wed Mar 19 23:46:52 GMT 2025","","","",""
"","0","Subscribe to topic containing Russian and publish message","Waku Relay, Subscribe","Wed Mar 19 23:48:23 GMT 2025","passed","Wed Mar 19 23:48:23 GMT 2025","","","",""
"","1","Unsubscribe 2 topics - node subscribed to 2 topics","Waku Filter V2: Unsubscribe","Wed Mar 19 23:45:32 GMT 2025","passed","Wed Mar 19 23:45:32 GMT 2025","","","",""
"","0","should correctly map /waku/2/content/test.js to shard index 1","contentTopicToShardIndex","Wed Mar 19 23:43:19 GMT 2025","passed","Wed Mar 19 23:43:19 GMT 2025","","","",""
"","4","Check publish message containing JSON","Waku Relay, Publish","Wed Mar 19 23:48:17 GMT 2025","passed","Wed Mar 19 23:48:17 GMT 2025","","","",""
"","0","Publishes to nwaku","Waku Relay, Interop","Wed Mar 19 23:48:12 GMT 2025","passed","Wed Mar 19 23:48:12 GMT 2025","","","",""
"","0","Subscribe to topic containing SQL Injection and publish message","Waku Relay, Subscribe","Wed Mar 19 23:48:23 GMT 2025","passed","Wed Mar 19 23:48:23 GMT 2025","","","",""
"","0","should set field with all protocols enabled","ENR","Wed Mar 19 23:43:27 GMT 2025","passed","Wed Mar 19 23:43:27 GMT 2025","","waku2 key round trip","",""
"","5","Default pageSize","Waku Store, page size","Wed Mar 19 23:49:22 GMT 2025","passed","Wed Mar 19 23:49:22 GMT 2025","","","",""
"","0","Overlapping topic subscription","Waku Filter V2: Subscribe: Single Service Node","Wed Mar 19 23:46:31 GMT 2025","passed","Wed Mar 19 23:46:31 GMT 2025","","","",""
"","1","start node with empty content topic","Autosharding: Running Nodes","Wed Mar 19 23:48:42 GMT 2025","passed","Wed Mar 19 23:48:42 GMT 2025","","Others","",""
"","0","should be able to encode the field with only FILTER set to true","ENR waku2 codec","Wed Mar 19 23:43:27 GMT 2025","passed","Wed Mar 19 23:43:27 GMT 2025","","Encoding","",""
"","1","Subscribe to topic containing escaped characters and receive message","Waku Filter V2: Subscribe: Single Service Node","Wed Mar 19 23:46:31 GMT 2025","passed","Wed Mar 19 23:46:31 GMT 2025","","","",""
"","0","should not receive a peer event before start","DNS Discovery: Compliance Test","Wed Mar 19 23:44:32 GMT 2025","passed","Wed Mar 19 23:44:32 GMT 2025","","interface-peer-discovery compliance tests","",""
"","0","Subscribe to 100 topics (new limit) at once and receives messages","Waku Filter V2: Subscribe: Multiple Service Nodes: Strict Check mode: true","Wed Mar 19 23:49:38 GMT 2025","passed","Wed Mar 19 23:49:38 GMT 2025","","","",""
"","1","Subscribe to topic containing SQL Injection and receive message","Waku Filter V2: Subscribe: Single Service Node","Wed Mar 19 23:46:31 GMT 2025","passed","Wed Mar 19 23:46:31 GMT 2025","","","",""
"","1","Query with Promise Callback, Wrong PubsubTopic","Waku Store, error handling","Wed Mar 19 23:49:00 GMT 2025","passed","Wed Mar 19 23:49:00 GMT 2025","","","",""
"","0","should decode valid enr with tcp successfully","ENR","Wed Mar 19 23:43:27 GMT 2025","passed","Wed Mar 19 23:43:27 GMT 2025","","Txt codec","",""
"","0","Check message received after nwaku node is restarted","Waku Filter V2: FilterPush: Multiple Nodes: Strict Checking: true","Wed Mar 19 23:48:03 GMT 2025","skipped","Wed Mar 19 23:48:03 GMT 2025","","","",""
"","0","Generator, 2 different pubsubtopics","Waku Store (named sharding), custom pubsub topic","Wed Mar 19 23:49:10 GMT 2025","passed","Wed Mar 19 23:49:10 GMT 2025","","","",""
"","1","should hash ""hello"" with n=0 and maxValue=100 correctly","hashN","Wed Mar 19 23:44:09 GMT 2025","passed","Wed Mar 19 23:44:09 GMT 2025","","","",""
"","0","ENRTree (tree): should error if DNS tree entry is mis-prefixed","ENRTree","Wed Mar 19 23:43:41 GMT 2025","passed","Wed Mar 19 23:43:41 GMT 2025","","","",""
"","0","Nodes with multiple pubsub topic","Waku Relay (Autosharding), multiple pubsub topics","Wed Mar 19 23:48:08 GMT 2025","passed","Wed Mar 19 23:48:08 GMT 2025","","","",""
"","1","should not fail to stop the service if it was not started","Peer Exchange","Wed Mar 19 23:48:31 GMT 2025","passed","Wed Mar 19 23:48:31 GMT 2025","interface-peer-discovery compliance tests","Compliance Test","",""
"","0","Fails to push message bigger that 1MB","Waku Light Push: Single Node","Wed Mar 19 23:47:55 GMT 2025","passed","Wed Mar 19 23:47:55 GMT 2025","","","",""
"","1","should be able to decode the field with ALL protocols set to true","ENR waku2 codec","Wed Mar 19 23:43:27 GMT 2025","passed","Wed Mar 19 23:43:27 GMT 2025","","Decoding","",""
"","0","can dial TLS multiaddrs","multiaddr: dialing","Wed Mar 19 23:46:55 GMT 2025","passed","Wed Mar 19 23:46:55 GMT 2025","","","",""
"","0","Decoder throws on empty string content topic","Ensures content topic is defined","Wed Mar 19 23:43:33 GMT 2025","passed","Wed Mar 19 23:43:33 GMT 2025","","","",""
"","0","should update lamport timestamp if greater than current timestamp and dependencies are met","MessageChannel","Wed Mar 19 23:44:10 GMT 2025","passed","Wed Mar 19 23:44:10 GMT 2025","","receiving a message","",""
"","2","should properly start and stop event listening","HealthIndicator","Wed Mar 19 23:44:00 GMT 2025","passed","Wed Mar 19 23:44:00 GMT 2025","","","",""
"","1","should respect max attempts limit","RetryManager","Wed Mar 19 23:44:00 GMT 2025","passed","Wed Mar 19 23:44:00 GMT 2025","","","",""
"","1","should emit `waku:offline` event only when all peers disconnect","Connection state","Wed Mar 19 23:44:56 GMT 2025","passed","Wed Mar 19 23:44:56 GMT 2025","","","",""
"","1","Push message with special chars payload","Waku Light Push: Multiple Nodes: Strict Check: true","Wed Mar 19 23:48:18 GMT 2025","passed","Wed Mar 19 23:48:18 GMT 2025","","","",""
"","0","Subscribe to topic containing JSON and receive message","Waku Filter V2: Subscribe: Multiple Service Nodes: Strict Check mode: true","Wed Mar 19 23:49:38 GMT 2025","passed","Wed Mar 19 23:49:38 GMT 2025","","","",""
"","1","should encodeTxt and decodeTxt","ENR","Wed Mar 19 23:43:27 GMT 2025","passed","Wed Mar 19 23:43:27 GMT 2025","","Txt codec","",""
"","0","Check received message containing unicode special characters","Waku Filter V2: FilterPush: Multiple Nodes: Strict Checking: true","Wed Mar 19 23:48:03 GMT 2025","passed","Wed Mar 19 23:48:03 GMT 2025","","","",""
"","0","Subscribe to topic containing unicode special characters and receive message","Waku Filter V2: Subscribe: Multiple Service Nodes: Strict Check mode: true","Wed Mar 19 23:49:38 GMT 2025","passed","Wed Mar 19 23:49:38 GMT 2025","","","",""
"","1","should map different content topics to different pubsub topics based on shard index","contentTopicToPubsubTopic","Wed Mar 19 23:43:19 GMT 2025","passed","Wed Mar 19 23:43:19 GMT 2025","","","",""
"","1","should be able to decode the field with only STORE set to true","ENR waku2 codec","Wed Mar 19 23:43:27 GMT 2025","passed","Wed Mar 19 23:43:27 GMT 2025","","Decoding","",""
"","0","handles empty shards array correctly","ensureShardingConfigured","Wed Mar 19 23:43:19 GMT 2025","passed","Wed Mar 19 23:43:19 GMT 2025","","","",""
"","1","Check received message containing JSON","Waku Filter V2: FilterPush: Multiple Nodes: Strict Checking: true","Wed Mar 19 23:48:03 GMT 2025","passed","Wed Mar 19 23:48:03 GMT 2025","","","",""
"","3","Check message received after jswaku node is restarted","Waku Filter V2: FilterPush","Wed Mar 19 23:45:52 GMT 2025","skipped","Wed Mar 19 23:45:52 GMT 2025","","","",""
"","0","n1 and n2 uses a custom pubsub, n3 uses the default pubsub","Waku Relay (Autosharding), multiple pubsub topics","Wed Mar 19 23:48:08 GMT 2025","passed","Wed Mar 19 23:48:08 GMT 2025","","","",""
"","0","does not throw on valid cases","ensureValidContentTopic","Wed Mar 19 23:43:19 GMT 2025","passed","Wed Mar 19 23:43:19 GMT 2025","","","",""
"","0","Subscribe and publish messages on 2 different content topics","Waku Relay, Subscribe","Wed Mar 19 23:48:23 GMT 2025","passed","Wed Mar 19 23:48:23 GMT 2025","","","",""
"","1","Error when try to subscribe to more than 101 topics (new limit)","Waku Filter V2: Subscribe: Single Service Node","Wed Mar 19 23:46:31 GMT 2025","passed","Wed Mar 19 23:46:31 GMT 2025","","","",""
"","2","Subscribe and receive messages on autosharded pubsubtopic","Waku Filter V2 (Autosharding): Multiple PubsubTopics","Wed Mar 19 23:45:07 GMT 2025","passed","Wed Mar 19 23:45:07 GMT 2025","","","",""
"","0","Generator, with asymmetric & symmetric encrypted messages","Waku Store, general","Wed Mar 19 23:49:26 GMT 2025","passed","Wed Mar 19 23:49:26 GMT 2025","","","",""
"","0","Nodes with multiple pubsub topic","Waku Relay, multiple pubsub topics","Wed Mar 19 23:48:08 GMT 2025","passed","Wed Mar 19 23:48:08 GMT 2025","","","",""
"","1","Subscribe and receive 2 messages on the same topic","Waku Filter V2: Subscribe: Multiple Service Nodes: Strict Check mode: true","Wed Mar 19 23:49:38 GMT 2025","passed","Wed Mar 19 23:49:38 GMT 2025","","","",""
"","0","Push message with rate limit","Waku Light Push: Single Node","Wed Mar 19 23:47:55 GMT 2025","passed","Wed Mar 19 23:47:55 GMT 2025","","","",""
"","1","Round trip binary encryption [ecies, signature]","Ecies Encryption","Wed Mar 19 23:43:53 GMT 2025","passed","Wed Mar 19 23:43:53 GMT 2025","","","",""
"","1","Check received message containing SQL Injection","Waku Filter V2: FilterPush","Wed Mar 19 23:45:52 GMT 2025","passed","Wed Mar 19 23:45:52 GMT 2025","","","",""
"","0","Subscribe to topic containing Chinese and receive message","Waku Filter V2: Subscribe: Multiple Service Nodes: Strict Check mode: false","Wed Mar 19 23:49:38 GMT 2025","passed","Wed Mar 19 23:49:38 GMT 2025","","","",""
"","0","Encoder throws on undefined content topic","Ensures content topic is defined","Wed Mar 19 23:43:53 GMT 2025","passed","Wed Mar 19 23:43:53 GMT 2025","","","",""
"","0","should use DNS peer discovery with light client","DNS Node Discovery [live data]","Wed Mar 19 23:44:32 GMT 2025","skipped","Wed Mar 19 23:44:32 GMT 2025","","","",""
"","1","should hash ""!@#$%^&*()"" with n=0 and maxValue=100 correctly","hashN","Wed Mar 19 23:44:09 GMT 2025","passed","Wed Mar 19 23:44:09 GMT 2025","","","",""
"","0","Publish message with rate limit","Waku Relay, Publish","Wed Mar 19 23:48:17 GMT 2025","passed","Wed Mar 19 23:48:17 GMT 2025","","","",""
"","0","connects to nwaku","Waku Dial [node only]","Wed Mar 19 23:49:34 GMT 2025","passed","Wed Mar 19 23:49:34 GMT 2025","","Interop: ServiceNode","",""
"","1","Push message with content topic containing long","Waku Light Push: Single Node","Wed Mar 19 23:47:55 GMT 2025","passed","Wed Mar 19 23:47:55 GMT 2025","","","",""
"","0","should emit `waku:online` event only when first peer is connected","Connection state","Wed Mar 19 23:44:56 GMT 2025","passed","Wed Mar 19 23:44:56 GMT 2025","","","",""
"","0","Fails to push message with large meta","Waku Light Push: Single Node","Wed Mar 19 23:47:55 GMT 2025","passed","Wed Mar 19 23:47:55 GMT 2025","","","",""
"","0","should hash ""!@#$%^&*()"" with n=5 and maxValue=1000 correctly","hashN","Wed Mar 19 23:44:09 GMT 2025","passed","Wed Mar 19 23:44:09 GMT 2025","","","",""
"","0","should be able to encode the field with ALL protocols set to true","ENR waku2 codec","Wed Mar 19 23:43:27 GMT 2025","passed","Wed Mar 19 23:43:27 GMT 2025","","Encoding","",""
"","1","ENRTree (tree): should error if DNS tree entry is misformatted","ENRTree","Wed Mar 19 23:43:41 GMT 2025","passed","Wed Mar 19 23:43:41 GMT 2025","","","",""
"","2","Subscribe to topic containing unicode special characters and publish message","Waku Relay, Subscribe","Wed Mar 19 23:48:23 GMT 2025","passed","Wed Mar 19 23:48:23 GMT 2025","","","",""
"","0","Subscribe to topic containing long and receive message","Waku Filter V2: Subscribe: Single Service Node","Wed Mar 19 23:46:31 GMT 2025","passed","Wed Mar 19 23:46:31 GMT 2025","","","",""
"","1","pre and post cipher","Waku Encryption","Wed Mar 19 23:43:52 GMT 2025","passed","Wed Mar 19 23:43:52 GMT 2025","","","",""
"","0","Subscribe and publish message","Waku Relay, Subscribe","Wed Mar 19 23:48:23 GMT 2025","passed","Wed Mar 19 23:48:23 GMT 2025","","","",""
"","2","Push message with escaped characters payload","Waku Light Push: Single Node","Wed Mar 19 23:47:55 GMT 2025","passed","Wed Mar 19 23:47:55 GMT 2025","","","",""
"","0","Check meta is set [symmetric]","Symmetric Encryption","Wed Mar 19 23:43:51 GMT 2025","passed","Wed Mar 19 23:43:51 GMT 2025","","","",""
"","1","Query Generator  - true","Waku Store, order","Wed Mar 19 23:49:05 GMT 2025","passed","Wed Mar 19 23:49:05 GMT 2025","","","",""
"","0","should hash """" with n=1 and maxValue=10000 correctly","hashN","Wed Mar 19 23:44:09 GMT 2025","passed","Wed Mar 19 23:44:09 GMT 2025","","","",""
"","0","Query with Ordered Callback, No message returned","Waku Store, error handling","Wed Mar 19 23:49:00 GMT 2025","passed","Wed Mar 19 23:49:00 GMT 2025","","","",""
"","1","should hash ""hello"" with n=0 and maxValue=10000 correctly","hashN","Wed Mar 19 23:44:09 GMT 2025","passed","Wed Mar 19 23:44:09 GMT 2025","","","",""
"","1","should reject on timeout if it was set","waitForRemotePeer","Wed Mar 19 23:44:00 GMT 2025","passed","Wed Mar 19 23:44:00 GMT 2025","","","",""
"","1","should not allow unachievable error rate","Probabilities","Wed Mar 19 23:44:09 GMT 2025","passed","Wed Mar 19 23:44:09 GMT 2025","","","",""
"","1","returns nothing if no connections present","selectOpenConnection","Wed Mar 19 23:43:33 GMT 2025","passed","Wed Mar 19 23:43:33 GMT 2025","","","",""
"","1","Promise Callback  - true","Waku Store, order","Wed Mar 19 23:49:05 GMT 2025","passed","Wed Mar 19 23:49:05 GMT 2025","","","",""
"","0","should throw an error for non-numeric shard: /waku/2/rs/1/$","pubsubTopicToSingleShardInfo with various invalid formats","Wed Mar 19 23:43:19 GMT 2025","passed","Wed Mar 19 23:43:19 GMT 2025","","","",""
"","1","isConnected should return true after first peer connects","Connection state","Wed Mar 19 23:44:56 GMT 2025","passed","Wed Mar 19 23:44:56 GMT 2025","","","",""
"","3","should be called for bootstrap peers","Dials","Wed Mar 19 23:44:35 GMT 2025","passed","Wed Mar 19 23:44:35 GMT 2025","For bootstrap peers","dialPeer method","",""
"","1","throws on content topic with too few or too many fields","ensureValidContentTopic","Wed Mar 19 23:43:19 GMT 2025","passed","Wed Mar 19 23:43:19 GMT 2025","","","",""
"","0","Check meta is set [ecies]","Ecies Encryption","Wed Mar 19 23:43:53 GMT 2025","passed","Wed Mar 19 23:43:53 GMT 2025","","","",""
"","0","Check received message containing shell command","Waku Filter V2: FilterPush: Multiple Nodes: Strict Checking: false","Wed Mar 19 23:48:03 GMT 2025","passed","Wed Mar 19 23:48:03 GMT 2025","","","",""
"","0","Subscribe to topic containing short and receive message","Waku Filter V2: Subscribe: Single Service Node","Wed Mar 19 23:46:31 GMT 2025","passed","Wed Mar 19 23:46:31 GMT 2025","","","",""
"","0","Subscribe and receive messages via waku relay post","Waku Filter V2: Subscribe: Single Service Node","Wed Mar 19 23:46:31 GMT 2025","passed","Wed Mar 19 23:46:31 GMT 2025","","","",""
"","0","Push message with short payload","Waku Light Push: Single Node","Wed Mar 19 23:47:55 GMT 2025","passed","Wed Mar 19 23:47:55 GMT 2025","","","",""
"","0","Check received message containing Arabic","Waku Filter V2: FilterPush: Multiple Nodes: Strict Checking: true","Wed Mar 19 23:48:03 GMT 2025","passed","Wed Mar 19 23:48:03 GMT 2025","","","",""
"","0","less peers than existing","Peer Exchange Query","Wed Mar 19 23:47:55 GMT 2025","skipped","Wed Mar 19 23:47:55 GMT 2025","","","",""
"","0","should hash ""Lorem ipsum dolor sit amet"" with n=2 and maxValue=10000 correctly","hashN","Wed Mar 19 23:44:09 GMT 2025","passed","Wed Mar 19 23:44:09 GMT 2025","","","",""
"","0","should handle clusterId, application and version for autosharding with cluster iD 1","shardInfoToPubsubTopics","Wed Mar 19 23:43:19 GMT 2025","passed","Wed Mar 19 23:43:19 GMT 2025","","","",""
"","0","Fails to push message bigger that 1MB","Waku Light Push: Multiple Nodes: Strict Check: true","Wed Mar 19 23:48:18 GMT 2025","passed","Wed Mar 19 23:48:18 GMT 2025","","","",""
"","0","should correctly map /app/20/sometopic/someencoding to shard index 1 with networkShards 2","contentTopicToShardIndex","Wed Mar 19 23:43:19 GMT 2025","passed","Wed Mar 19 23:43:19 GMT 2025","","","",""
"","0","recovers when dns.resolve returns empty","DNS Node Discovery","Wed Mar 19 23:43:41 GMT 2025","passed","Wed Mar 19 23:43:41 GMT 2025","","","",""
"","0","should decode valid ENR with multiaddrs successfully [shared test vector]","ENR","Wed Mar 19 23:43:27 GMT 2025","passed","Wed Mar 19 23:43:27 GMT 2025","","Txt codec","",""
"","0","should partition messages based on acknowledgement status","MessageChannel","Wed Mar 19 23:44:10 GMT 2025","passed","Wed Mar 19 23:44:10 GMT 2025","","Sweeping outgoing buffer","",""
"","1","Ping on peer without subscriptions","Waku Filter V2: Ping","Wed Mar 19 23:44:45 GMT 2025","passed","Wed Mar 19 23:44:45 GMT 2025","","","",""
"","0","Push message with content topic containing special chars","Waku Light Push: Multiple Nodes: Strict Check: true","Wed Mar 19 23:48:18 GMT 2025","passed","Wed Mar 19 23:48:18 GMT 2025","","","",""
"","1","Unsubscribe topics the node is not subscribed to","Waku Filter V2: Unsubscribe: Multiple Nodes: Strict Checking: false","Wed Mar 19 23:46:21 GMT 2025","passed","Wed Mar 19 23:46:21 GMT 2025","","","",""
"","1","Push message with meta","Waku Light Push: Multiple Nodes: Strict Check: true","Wed Mar 19 23:48:18 GMT 2025","passed","Wed Mar 19 23:48:18 GMT 2025","","","",""
"","1","should properly compute the node id","ENR","Wed Mar 19 23:43:27 GMT 2025","passed","Wed Mar 19 23:43:27 GMT 2025","","Static tests","",""
"","0","Subscribe to topic containing Arabic and receive message","Waku Filter V2: Subscribe: Multiple Service Nodes: Strict Check mode: true","Wed Mar 19 23:49:38 GMT 2025","passed","Wed Mar 19 23:49:38 GMT 2025","","","",""
"","0","should hash ""hello"" with n=5 and maxValue=1000 correctly","hashN","Wed Mar 19 23:44:09 GMT 2025","passed","Wed Mar 19 23:44:09 GMT 2025","","","",""
"","1","should not retry if at least one success","LightPush SDK","Wed Mar 19 23:44:00 GMT 2025","passed","Wed Mar 19 23:44:00 GMT 2025","","","",""
"","0","Subscribe to topic containing Script and publish message","Waku Relay, Subscribe","Wed Mar 19 23:48:23 GMT 2025","passed","Wed Mar 19 23:48:23 GMT 2025","","","",""
"","0","Push message with custom timestamp: 1742431552264","Waku Light Push: Single Node","Wed Mar 19 23:47:55 GMT 2025","passed","Wed Mar 19 23:47:55 GMT 2025","","","",""
"","1","Subscribe to topic containing XML and receive message","Waku Filter V2: Subscribe: Multiple Service Nodes: Strict Check mode: false","Wed Mar 19 23:49:38 GMT 2025","passed","Wed Mar 19 23:49:38 GMT 2025","","","",""
"","0","Subscribe to topic containing XML and receive message","Waku Filter V2: Subscribe: Multiple Service Nodes: Strict Check mode: true","Wed Mar 19 23:49:38 GMT 2025","passed","Wed Mar 19 23:49:38 GMT 2025","","","",""
"","0","Fails to push message with empty content topic","Waku Light Push: Multiple Nodes: Strict Check: true","Wed Mar 19 23:48:18 GMT 2025","passed","Wed Mar 19 23:48:18 GMT 2025","","","",""
"","1","Check received message containing Script","Waku Filter V2: FilterPush: Multiple Nodes: Strict Checking: true","Wed Mar 19 23:48:03 GMT 2025","passed","Wed Mar 19 23:48:03 GMT 2025","","","",""
"","0","should start and stop interval correctly","RetryManager","Wed Mar 19 23:44:00 GMT 2025","passed","Wed Mar 19 23:44:00 GMT 2025","","","",""
"","7","Publish message with custom timestamp: Thu Mar 28 2024 23:48:09 GMT+0000 (Coordinated Universal Time)","Waku Relay, Publish","Wed Mar 19 23:48:17 GMT 2025","passed","Wed Mar 19 23:48:17 GMT 2025","","","",""
"","0","3 nodes on /waku/2/rs/3/2 topic","Waku Relay, multiple pubsub topics","Wed Mar 19 23:48:08 GMT 2025","passed","Wed Mar 19 23:48:08 GMT 2025","","","",""
"","0","should throw an error for non-numeric clusterId: /waku/2/rs/x/1","pubsubTopicToSingleShardInfo with various invalid formats","Wed Mar 19 23:43:19 GMT 2025","passed","Wed Mar 19 23:43:19 GMT 2025","","","",""
"","0","should reject if Filter is requested but not mounted","waitForRemotePeer","Wed Mar 19 23:44:00 GMT 2025","passed","Wed Mar 19 23:44:00 GMT 2025","","","",""
"","0","Fails to push message with large meta","Waku Light Push: Multiple Nodes: Strict Check: true","Wed Mar 19 23:48:18 GMT 2025","passed","Wed Mar 19 23:48:18 GMT 2025","","","",""
"","1","Push message with custom timestamp: 1711669532712","Waku Light Push: Multiple Nodes: Strict Check: true","Wed Mar 19 23:48:18 GMT 2025","passed","Wed Mar 19 23:48:18 GMT 2025","","","",""
"","0","can start and stop the service","Peer Exchange","Wed Mar 19 23:48:31 GMT 2025","passed","Wed Mar 19 23:48:31 GMT 2025","interface-peer-discovery compliance tests","Compliance Test","",""
"","0","should check false positive rate","BloomFilter with special patterns","Wed Mar 19 23:44:11 GMT 2025","passed","Wed Mar 19 23:44:11 GMT 2025","","","",""
"","2","removeEventListener with wrong event","Public methods","Wed Mar 19 23:45:08 GMT 2025","passed","Wed Mar 19 23:45:08 GMT 2025","","","",""
"","1","Check message on other pubsub topic is not received","Waku Filter V2: FilterPush: Multiple Nodes: Strict Checking: false","Wed Mar 19 23:48:03 GMT 2025","passed","Wed Mar 19 23:48:03 GMT 2025","","","",""
"","1","throws an error for improperly formatted content topics","contentTopicsByPubsubTopic","Wed Mar 19 23:43:19 GMT 2025","passed","Wed Mar 19 23:43:19 GMT 2025","","","",""
"","1","Passing page size 0 when there are 110 messages","Waku Store, page size","Wed Mar 19 23:49:22 GMT 2025","passed","Wed Mar 19 23:49:22 GMT 2025","","","",""
"","1","should hash """" with n=2 and maxValue=10000 correctly","hashN","Wed Mar 19 23:44:09 GMT 2025","passed","Wed Mar 19 23:44:09 GMT 2025","","","",""
"","1","should aggregate SingleShardInfos into a ShardInfo","singleShardInfosToShardInfo","Wed Mar 19 23:43:19 GMT 2025","passed","Wed Mar 19 23:43:19 GMT 2025","","","",""
"","0","configure the node with multiple content topics","Autosharding: Running Nodes","Wed Mar 19 23:48:42 GMT 2025","passed","Wed Mar 19 23:48:42 GMT 2025","","Others","",""
"","1","Cluster ID 0 - Default/Global Cluster","Autosharding: Running Nodes","Wed Mar 19 23:48:42 GMT 2025","passed","Wed Mar 19 23:48:42 GMT 2025","","Different clusters and topics","",""
"","0","should convert content topics to PubsubTopics for autosharding","shardInfoToPubsubTopics","Wed Mar 19 23:43:19 GMT 2025","passed","Wed Mar 19 23:43:19 GMT 2025","","","",""
"","0","should hash ""Lorem ipsum dolor sit amet"" with n=2 and maxValue=100 correctly","hashN","Wed Mar 19 23:44:09 GMT 2025","passed","Wed Mar 19 23:44:09 GMT 2025","","","",""
"","0","retrieves all peers (3) when branch entries are composed of multiple strings","DNS Node Discovery w/ capabilities","Wed Mar 19 23:43:41 GMT 2025","passed","Wed Mar 19 23:43:41 GMT 2025","","","",""
"","0","topics with same application and version share the same shard","contentTopicToShardIndex","Wed Mar 19 23:43:19 GMT 2025","passed","Wed Mar 19 23:43:19 GMT 2025","","","",""
"","2","Check message with non string payload is not received","Waku Filter V2: FilterPush","Wed Mar 19 23:45:52 GMT 2025","passed","Wed Mar 19 23:45:52 GMT 2025","","","",""
"","0","Subscribe to topic containing long and receive message","Waku Filter V2: Subscribe: Multiple Service Nodes: Strict Check mode: false","Wed Mar 19 23:49:38 GMT 2025","passed","Wed Mar 19 23:49:38 GMT 2025","","","",""
"","0","Query generator for multiple messages with multiple decoders","Waku Store, general","Wed Mar 19 23:49:26 GMT 2025","passed","Wed Mar 19 23:49:26 GMT 2025","","","",""
"","0","should properly create location multiaddrs - udp4","ENR","Wed Mar 19 23:43:27 GMT 2025","passed","Wed Mar 19 23:43:27 GMT 2025","","Location multiaddr","",""
"","0","should correctly map /statusim/1/community/cbor to shard index 4","contentTopicToShardIndex","Wed Mar 19 23:43:19 GMT 2025","passed","Wed Mar 19 23:43:19 GMT 2025","","","",""
"","1","should hash ""Lorem ipsum dolor sit amet"" with n=5 and maxValue=10000 correctly","hashN","Wed Mar 19 23:44:09 GMT 2025","passed","Wed Mar 19 23:44:09 GMT 2025","","","",""
"","0","should deliver messages after dependencies are met","MessageChannel","Wed Mar 19 23:44:10 GMT 2025","passed","Wed Mar 19 23:44:10 GMT 2025","","Sweeping incoming buffer","",""
"","0","should be able to encode the field with only STORE set to true","ENR waku2 codec","Wed Mar 19 23:43:27 GMT 2025","passed","Wed Mar 19 23:43:27 GMT 2025","","Encoding","",""
"","1","Push message with Russian payload","Waku Light Push: Multiple Nodes: Strict Check: true","Wed Mar 19 23:48:18 GMT 2025","passed","Wed Mar 19 23:48:18 GMT 2025","","","",""
"","2","Round trip binary encryption [symmetric, no signature]","Symmetric Encryption","Wed Mar 19 23:43:51 GMT 2025","passed","Wed Mar 19 23:43:51 GMT 2025","","","",""
"","0","Ping on subscribed peer","Waku Filter V2: Ping: Multiple Nodes: Strict Checking: true","Wed Mar 19 23:45:06 GMT 2025","passed","Wed Mar 19 23:45:06 GMT 2025","","","",""
"","3","Subscribe and receive messages on 2 different pubsubtopics","Waku Filter V2 (Named sharding): Multiple PubsubTopics","Wed Mar 19 23:45:07 GMT 2025","passed","Wed Mar 19 23:45:07 GMT 2025","","","",""
"","0","Subscribe and receive messages from multiple nwaku nodes","Waku Filter V2: Subscribe: Single Service Node","Wed Mar 19 23:46:31 GMT 2025","passed","Wed Mar 19 23:46:31 GMT 2025","","","",""
"","0","Check received message containing unicode special characters","Waku Filter V2: FilterPush: Multiple Nodes: Strict Checking: false","Wed Mar 19 23:48:03 GMT 2025","passed","Wed Mar 19 23:48:03 GMT 2025","","","",""
"","0","Generator, custom pubsub topic","Waku Store (Autosharding), custom pubsub topic","Wed Mar 19 23:49:10 GMT 2025","passed","Wed Mar 19 23:49:10 GMT 2025","","","",""
"","0","it tolerates circular branch references","DNS Node Discovery","Wed Mar 19 23:43:41 GMT 2025","passed","Wed Mar 19 23:43:41 GMT 2025","","","",""
"","0","can start and stop the service","DNS Discovery: Compliance Test","Wed Mar 19 23:44:32 GMT 2025","passed","Wed Mar 19 23:44:32 GMT 2025","","interface-peer-discovery compliance tests","",""
"","0","should throw error - invalid id","ENR","Wed Mar 19 23:43:27 GMT 2025","passed","Wed Mar 19 23:43:27 GMT 2025","","Verify","",""
"","1","Push message with short payload","Waku Light Push: Multiple Nodes: Strict Check: true","Wed Mar 19 23:48:18 GMT 2025","passed","Wed Mar 19 23:48:18 GMT 2025","","","",""
"","6","Query generator for multiple messages","Waku Store, general","Wed Mar 19 23:49:26 GMT 2025","passed","Wed Mar 19 23:49:26 GMT 2025","","","",""
"","0","Throws when trying to push message with empty payload","Waku Light Push: Single Node","Wed Mar 19 23:47:55 GMT 2025","passed","Wed Mar 19 23:47:55 GMT 2025","","","",""
"","3","listenerCount","Public methods","Wed Mar 19 23:45:08 GMT 2025","passed","Wed Mar 19 23:45:08 GMT 2025","","","",""
"","1","Check message on other pubsub topic is not received","Waku Filter V2: FilterPush: Multiple Nodes: Strict Checking: true","Wed Mar 19 23:48:03 GMT 2025","passed","Wed Mar 19 23:48:03 GMT 2025","","","",""
"","1","should handle connection events","PeerManager","Wed Mar 19 23:44:00 GMT 2025","passed","Wed Mar 19 23:44:00 GMT 2025","","","",""
"","0","should not fail to stop the service if it was not started","Local Storage Discovery","Wed Mar 19 23:43:45 GMT 2025","passed","Wed Mar 19 23:43:45 GMT 2025","interface-peer-discovery compliance tests","Compliance Tests","",""
"","0","should transition to SufficientlyHealthy with multiple compatible peers","HealthIndicator","Wed Mar 19 23:44:00 GMT 2025","passed","Wed Mar 19 23:44:00 GMT 2025","","","",""
"","0","Subscribe to topic containing Arabic and receive message","Waku Filter V2: Subscribe: Multiple Service Nodes: Strict Check mode: false","Wed Mar 19 23:49:38 GMT 2025","passed","Wed Mar 19 23:49:38 GMT 2025","","","",""
"","0","should hash ""Lorem ipsum dolor sit amet"" with n=2 and maxValue=1000 correctly","hashN","Wed Mar 19 23:44:09 GMT 2025","passed","Wed Mar 19 23:44:09 GMT 2025","","","",""
"","1","should hash ""test123"" with n=1 and maxValue=100 correctly","hashN","Wed Mar 19 23:44:09 GMT 2025","passed","Wed Mar 19 23:44:09 GMT 2025","","","",""
"","2","should hash ""!@#$%^&*()"" with n=1 and maxValue=1000 correctly","hashN","Wed Mar 19 23:44:09 GMT 2025","passed","Wed Mar 19 23:44:09 GMT 2025","","","",""
"","0","Subscribe and receive messages via lightPush","Waku Filter V2: Subscribe: Multiple Service Nodes: Strict Check mode: true","Wed Mar 19 23:49:38 GMT 2025","passed","Wed Mar 19 23:49:38 GMT 2025","","","",""
"","1","Check publish message after service node is restarted","Waku Relay, Publish","Wed Mar 19 23:48:17 GMT 2025","skipped","Wed Mar 19 23:48:17 GMT 2025","","","",""
"","0","should never report false negatives","BloomFilter","Wed Mar 19 23:44:11 GMT 2025","passed","Wed Mar 19 23:44:11 GMT 2025","","","",""
"","0","should send to specified number of peers of used peers","LightPush SDK","Wed Mar 19 23:44:00 GMT 2025","passed","Wed Mar 19 23:44:00 GMT 2025","","","",""
"","0","Ephemeral messages are not stored","Waku Message Ephemeral field","Wed Mar 19 23:44:35 GMT 2025","passed","Wed Mar 19 23:44:35 GMT 2025","","","",""
"","1","should return the correct m/n for k = 7, targetError = 0.01","Probabilities","Wed Mar 19 23:44:09 GMT 2025","passed","Wed Mar 19 23:44:09 GMT 2025","","","",""
"","0","Overlapping topic subscription","Waku Relay, Subscribe","Wed Mar 19 23:48:23 GMT 2025","skipped","Wed Mar 19 23:48:23 GMT 2025","","","",""
"","1","Check received message containing emoji","Waku Filter V2: FilterPush","Wed Mar 19 23:45:52 GMT 2025","passed","Wed Mar 19 23:45:52 GMT 2025","","","",""
"","2","Check received message containing SQL Injection","Waku Filter V2: FilterPush: Multiple Nodes: Strict Checking: false","Wed Mar 19 23:48:03 GMT 2025","passed","Wed Mar 19 23:48:03 GMT 2025","","","",""
"","1","Subscribe to topic containing escaped characters and publish message","Waku Relay, Subscribe","Wed Mar 19 23:48:23 GMT 2025","passed","Wed Mar 19 23:48:23 GMT 2025","","","",""
"","0","new peer added after a peer was already found","Peer Exchange","Wed Mar 19 23:48:15 GMT 2025","skipped","Wed Mar 19 23:48:15 GMT 2025","","","",""
"","0","Query with Promise Callback, No message returned","Waku Store, error handling","Wed Mar 19 23:49:00 GMT 2025","passed","Wed Mar 19 23:49:00 GMT 2025","","","",""
"","2","addEventListener with wrong event","Public methods","Wed Mar 19 23:45:08 GMT 2025","passed","Wed Mar 19 23:45:08 GMT 2025","","","",""
"","1","Decoder throws on empty string content topic","Ensures content topic is defined","Wed Mar 19 23:43:51 GMT 2025","passed","Wed Mar 19 23:43:51 GMT 2025","","","",""
"","1","should hash ""test123"" with n=5 and maxValue=100 correctly","hashN","Wed Mar 19 23:44:09 GMT 2025","passed","Wed Mar 19 23:44:09 GMT 2025","","","",""
"","1","Subscribe to topic containing special chars and receive message","Waku Filter V2: Subscribe: Multiple Service Nodes: Strict Check mode: false","Wed Mar 19 23:49:38 GMT 2025","passed","Wed Mar 19 23:49:38 GMT 2025","","","",""
"","0","should hash """" with n=2 and maxValue=1000 correctly","hashN","Wed Mar 19 23:44:09 GMT 2025","passed","Wed Mar 19 23:44:09 GMT 2025","","","",""
"","0","Subscribe and receive messages on 2 different pubsubtopics","Waku Light Push (named sharding): Multiple PubsubTopics","Wed Mar 19 23:46:52 GMT 2025","passed","Wed Mar 19 23:46:52 GMT 2025","","","",""
"","0","Subscribe to topic containing escaped characters and receive message","Waku Filter V2: Subscribe: Multiple Service Nodes: Strict Check mode: false","Wed Mar 19 23:49:38 GMT 2025","passed","Wed Mar 19 23:49:38 GMT 2025","","","",""
"","0","should hash ""!@#$%^&*()"" with n=1 and maxValue=100 correctly","hashN","Wed Mar 19 23:44:09 GMT 2025","passed","Wed Mar 19 23:44:09 GMT 2025","","","",""
"","0","Check received message with timestamp: 1649153314 ","Waku Filter V2: FilterPush: Multiple Nodes: Strict Checking: true","Wed Mar 19 23:48:03 GMT 2025","passed","Wed Mar 19 23:48:03 GMT 2025","","","",""
"","0","different cluster, different shard: nodes don't connect","Metadata Protocol","Wed Mar 19 23:46:53 GMT 2025","passed","Wed Mar 19 23:46:53 GMT 2025","","connections","",""
"","0","Push message with content topic containing Chinese","Waku Light Push: Single Node","Wed Mar 19 23:47:55 GMT 2025","passed","Wed Mar 19 23:47:55 GMT 2025","","","",""
"","0","Query with Ordered Callback, Multiple PubsubTopics","Waku Store, error handling","Wed Mar 19 23:49:00 GMT 2025","passed","Wed Mar 19 23:49:00 GMT 2025","","","",""
"","0","Subscribe to topic containing SQL Injection and receive message","Waku Filter V2: Subscribe: Multiple Service Nodes: Strict Check mode: false","Wed Mar 19 23:49:38 GMT 2025","passed","Wed Mar 19 23:49:38 GMT 2025","","","",""
"","1","Subscribe to topic containing escaped characters and receive message","Waku Filter V2: Subscribe: Multiple Service Nodes: Strict Check mode: true","Wed Mar 19 23:49:38 GMT 2025","passed","Wed Mar 19 23:49:38 GMT 2025","","","",""
"","0","Check message with invalid timestamp is not received","Waku Filter V2: FilterPush: Multiple Nodes: Strict Checking: false","Wed Mar 19 23:48:03 GMT 2025","passed","Wed Mar 19 23:48:03 GMT 2025","","","",""
"","1","creates an iterator","Util: toAsyncIterator: Filter","Wed Mar 19 23:49:23 GMT 2025","passed","Wed Mar 19 23:49:23 GMT 2025","","","",""
"","1","ENRTree (root): should error if DNS root entry is mis-prefixed","ENRTree","Wed Mar 19 23:43:41 GMT 2025","passed","Wed Mar 19 23:43:41 GMT 2025","","","",""
"","0","Query generator for multiple messages with different message text format","Waku Store, general","Wed Mar 19 23:49:26 GMT 2025","passed","Wed Mar 19 23:49:26 GMT 2025","","","",""
"","0","Publish message with large meta","Waku Relay, Publish","Wed Mar 19 23:48:17 GMT 2025","passed","Wed Mar 19 23:48:17 GMT 2025","","","",""
"","0","Subscribe and receives messages on 20 topics","Waku Filter V2: Subscribe: Multiple Service Nodes: Strict Check mode: false","Wed Mar 19 23:49:38 GMT 2025","passed","Wed Mar 19 23:49:38 GMT 2025","","","",""
"","0","Non TWN Cluster","Autosharding: Running Nodes","Wed Mar 19 23:48:42 GMT 2025","passed","Wed Mar 19 23:48:42 GMT 2025","","Different clusters and topics","",""
"","0","msgTime: -19000 ms from now, startTime: -20000, endTime: -19000","Waku Store, time filter","Wed Mar 19 23:49:35 GMT 2025","passed","Wed Mar 19 23:49:35 GMT 2025","","","",""
"","3","A test","This","Wed Mar 19 23:46:31 GMT 2025","passed","Wed Mar 19 23:46:31 GMT 2025","","Is","",""
"","0","Js publishes, other Js receives","Waku Relay, Interop","Wed Mar 19 23:48:12 GMT 2025","passed","Wed Mar 19 23:48:12 GMT 2025","","","",""
"","0","should retrieve 3 multiaddrs for sandbox.waku.nodes.status.im","DNS Node Discovery [live data]","Wed Mar 19 23:43:41 GMT 2025","skipped","Wed Mar 19 23:43:41 GMT 2025","","","",""
"","1","Light Node - default protocols","Wait for remote peer","Wed Mar 19 23:49:41 GMT 2025","passed","Wed Mar 19 23:49:41 GMT 2025","","","",""
"","1","should properly create location multiaddrs - tcp4","ENR","Wed Mar 19 23:43:27 GMT 2025","passed","Wed Mar 19 23:43:27 GMT 2025","","Location multiaddr","",""
"","0","Subscribe to 100 topics (new limit) at once and receives messages","Waku Filter V2: Subscribe: Single Service Node","Wed Mar 19 23:46:31 GMT 2025","passed","Wed Mar 19 23:46:31 GMT 2025","","","",""
"","0","should encode/decode to RLP encoding","ENR","Wed Mar 19 23:43:27 GMT 2025","passed","Wed Mar 19 23:43:27 GMT 2025","","Static tests","",""
"","0","should correctly map /app/29/sometopic/someencoding to shard index 6","contentTopicToShardIndex","Wed Mar 19 23:43:19 GMT 2025","passed","Wed Mar 19 23:43:19 GMT 2025","","","",""
"","0","msgTime: 19000 ms from now, startTime: 18990, endTime: 19010","Waku Store, time filter","Wed Mar 19 23:49:35 GMT 2025","passed","Wed Mar 19 23:49:35 GMT 2025","","","",""
"","1","Publish message with custom timestamp: Thu Mar 20 2025 00:48:09 GMT+0000 (Coordinated Universal Time)","Waku Relay, Publish","Wed Mar 19 23:48:17 GMT 2025","passed","Wed Mar 19 23:48:17 GMT 2025","","","",""
"","0","should retrieve 3 multiaddrs for test.waku.nodes.status.im","DNS Node Discovery [live data]","Wed Mar 19 23:43:41 GMT 2025","skipped","Wed Mar 19 23:43:41 GMT 2025","","","",""
"","1","Push message with content topic containing JSON","Waku Light Push: Single Node","Wed Mar 19 23:47:55 GMT 2025","passed","Wed Mar 19 23:47:55 GMT 2025","","","",""
"","0","Subscribe to topic containing Chinese and publish message","Waku Relay, Subscribe","Wed Mar 19 23:48:23 GMT 2025","passed","Wed Mar 19 23:48:23 GMT 2025","","","",""
"","0","Symmetric encrypt & Decrypt","Waku Encryption","Wed Mar 19 23:43:52 GMT 2025","passed","Wed Mar 19 23:43:52 GMT 2025","","","",""
"","0","Passing page size 3 when there are 20 messages","Waku Store, page size","Wed Mar 19 23:49:22 GMT 2025","passed","Wed Mar 19 23:49:22 GMT 2025","","","",""
"","0","Subscribe to topic containing Chinese and receive message","Waku Filter V2: Subscribe: Multiple Service Nodes: Strict Check mode: true","Wed Mar 19 23:49:38 GMT 2025","passed","Wed Mar 19 23:49:38 GMT 2025","","","",""
"","1","Check received message with timestamp: 1742427867449000000 ","Waku Filter V2: FilterPush: Multiple Nodes: Strict Checking: false","Wed Mar 19 23:48:03 GMT 2025","passed","Wed Mar 19 23:48:03 GMT 2025","","","",""
"","0","handles multiple messages","Util: toAsyncIterator: Filter","Wed Mar 19 23:49:23 GMT 2025","passed","Wed Mar 19 23:49:23 GMT 2025","","","",""
"","0","should throw an error for non-numeric clusterId: /waku/2/rs//1","pubsubTopicToSingleShardInfo with various invalid formats","Wed Mar 19 23:43:19 GMT 2025","passed","Wed Mar 19 23:43:19 GMT 2025","","","",""
"","0","Subscribe and receive messages on custom pubsubtopic","Waku Filter V2: Multiple PubsubTopics","Wed Mar 19 23:45:07 GMT 2025","passed","Wed Mar 19 23:45:07 GMT 2025","","","",""
"","1","Check received message with timestamp: 1742427867449000000 ","Waku Filter V2: FilterPush: Multiple Nodes: Strict Checking: true","Wed Mar 19 23:48:03 GMT 2025","passed","Wed Mar 19 23:48:03 GMT 2025","","","",""
"","0","Encoder throws on empty string content topic","Ensures content topic is defined","Wed Mar 19 23:43:33 GMT 2025","passed","Wed Mar 19 23:43:33 GMT 2025","","","",""
"","0","Subscribe to topic containing special chars and receive message","Waku Filter V2: Subscribe: Multiple Service Nodes: Strict Check mode: true","Wed Mar 19 23:49:38 GMT 2025","passed","Wed Mar 19 23:49:38 GMT 2025","","","",""
"","0","Passing page size 11 when there are 10 messages","Waku Store, page size","Wed Mar 19 23:49:22 GMT 2025","passed","Wed Mar 19 23:49:22 GMT 2025","","","",""
"","1","Query Generator sorting by timestamp while page direction is true","Waku Store, sorting","Wed Mar 19 23:49:16 GMT 2025","passed","Wed Mar 19 23:49:16 GMT 2025","","","",""
"","1","Push message with content topic containing escaped characters","Waku Light Push: Multiple Nodes: Strict Check: true","Wed Mar 19 23:48:18 GMT 2025","passed","Wed Mar 19 23:48:18 GMT 2025","","","",""
"","0","Subscribe and receive symmetrically encrypted messages via lightPush","Waku Filter V2: Subscribe: Multiple Service Nodes: Strict Check mode: false","Wed Mar 19 23:49:38 GMT 2025","passed","Wed Mar 19 23:49:38 GMT 2025","","","",""
"","0","Generator, 2 nwaku nodes each with different pubsubtopics","Waku Store (Autosharding), custom pubsub topic","Wed Mar 19 23:49:10 GMT 2025","passed","Wed Mar 19 23:49:10 GMT 2025","","","",""
"","1","all px service nodes subscribed to the shard topic should be dialed","Autosharding: Peer Management","Wed Mar 19 23:50:43 GMT 2025","passed","Wed Mar 19 23:50:43 GMT 2025","","Peer Exchange","",""
"","1","Publish message with custom timestamp: Sun Dec 17 1995 03:24:00 GMT+0000 (Coordinated Universal Time)","Waku Relay, Publish","Wed Mar 19 23:48:17 GMT 2025","passed","Wed Mar 19 23:48:17 GMT 2025","","","",""
"","0","Unsubscribe 2 topics - node subscribed to 2 topics","Waku Filter V2: Unsubscribe: Multiple Nodes: Strict Checking: true","Wed Mar 19 23:46:21 GMT 2025","passed","Wed Mar 19 23:46:21 GMT 2025","","","",""
"","1","Encoder throws on empty string content topic","Ensures content topic is defined","Wed Mar 19 23:43:51 GMT 2025","passed","Wed Mar 19 23:43:51 GMT 2025","","","",""
"","0","Passing a valid cursor at 10 index when there are 40 messages","Waku Store, cursor","Wed Mar 19 23:48:43 GMT 2025","passed","Wed Mar 19 23:48:43 GMT 2025","","","",""
"","0","should fall back to default pubsub topic when pubsubTopicShardInfo is not provided","determinePubsubTopic","Wed Mar 19 23:43:19 GMT 2025","passed","Wed Mar 19 23:43:19 GMT 2025","","","",""
"","0","Check message received after nwaku node is restarted","Waku Filter V2: FilterPush","Wed Mar 19 23:45:52 GMT 2025","skipped","Wed Mar 19 23:45:52 GMT 2025","","","",""
"","1","Ephemeral field set to true","Waku Message version 0","Wed Mar 19 23:43:33 GMT 2025","passed","Wed Mar 19 23:43:33 GMT 2025","","","",""
"","1","Push message with content topic containing SQL Injection","Waku Light Push: Multiple Nodes: Strict Check: true","Wed Mar 19 23:48:18 GMT 2025","passed","Wed Mar 19 23:48:18 GMT 2025","","","",""
"","0","ENRTree (branch): should error if DNS branch entry is mis-prefixed","ENRTree","Wed Mar 19 23:43:41 GMT 2025","passed","Wed Mar 19 23:43:41 GMT 2025","","","",""
"","1","Subscribe to topic containing short and receive message","Waku Filter V2: Subscribe: Multiple Service Nodes: Strict Check mode: false","Wed Mar 19 23:49:38 GMT 2025","passed","Wed Mar 19 23:49:38 GMT 2025","","","",""
"","0","Generator, custom pubsub topic","Waku Store, custom pubsub topic","Wed Mar 19 23:49:10 GMT 2025","passed","Wed Mar 19 23:49:10 GMT 2025","","","",""
"","0","throws on content topic with empty topic name field","ensureValidContentTopic","Wed Mar 19 23:43:19 GMT 2025","passed","Wed Mar 19 23:43:19 GMT 2025","","","",""
"","0","Check publish message containing Script","Waku Relay, Publish","Wed Mar 19 23:48:17 GMT 2025","passed","Wed Mar 19 23:48:17 GMT 2025","","","",""
"","1","should handle general insertion and lookup correctly","BloomFilter with special patterns","Wed Mar 19 23:44:11 GMT 2025","passed","Wed Mar 19 23:44:11 GMT 2025","","","",""
"","0","Subscribe to topic containing Script and receive message","Waku Filter V2: Subscribe: Multiple Service Nodes: Strict Check mode: false","Wed Mar 19 23:49:38 GMT 2025","passed","Wed Mar 19 23:49:38 GMT 2025","","","",""
"","1","Subscribe to topic containing shell command and receive message","Waku Filter V2: Subscribe: Multiple Service Nodes: Strict Check mode: false","Wed Mar 19 23:49:38 GMT 2025","passed","Wed Mar 19 23:49:38 GMT 2025","","","",""
"","4","Push message with content topic containing Arabic","Waku Light Push: Multiple Nodes: Strict Check: true","Wed Mar 19 23:48:18 GMT 2025","passed","Wed Mar 19 23:48:18 GMT 2025","","","",""
"","1","addEventListener with correct event","Public methods","Wed Mar 19 23:45:08 GMT 2025","passed","Wed Mar 19 23:45:08 GMT 2025","","","",""
"","0","Push message with unicode special characters payload","Waku Light Push: Multiple Nodes: Strict Check: true","Wed Mar 19 23:48:18 GMT 2025","passed","Wed Mar 19 23:48:18 GMT 2025","","","",""
"","1","Unsubscribes all - node subscribed to 10 topics","Waku Filter V2: Unsubscribe: Multiple Nodes: Strict Checking: true","Wed Mar 19 23:46:21 GMT 2025","passed","Wed Mar 19 23:46:21 GMT 2025","","","",""
"","1","Push message with XML payload","Waku Light Push: Single Node","Wed Mar 19 23:47:55 GMT 2025","passed","Wed Mar 19 23:47:55 GMT 2025","","","",""
"","0","Check received message containing XML","Waku Filter V2: FilterPush: Multiple Nodes: Strict Checking: true","Wed Mar 19 23:48:03 GMT 2025","passed","Wed Mar 19 23:48:03 GMT 2025","","","",""
"","1","Ping on subscribed peer","Waku Filter V2: Ping","Wed Mar 19 23:44:45 GMT 2025","passed","Wed Mar 19 23:44:45 GMT 2025","","","",""
"","0","should return the correct m/n for k = 2, targetError = 0.1","Probabilities","Wed Mar 19 23:44:09 GMT 2025","passed","Wed Mar 19 23:44:09 GMT 2025","","","",""
"","1","should insert elements correctly","BloomFilter","Wed Mar 19 23:44:11 GMT 2025","passed","Wed Mar 19 23:44:11 GMT 2025","","","",""
"","0","Push message with meta","Waku Light Push: Single Node","Wed Mar 19 23:47:55 GMT 2025","passed","Wed Mar 19 23:47:55 GMT 2025","","","",""
"","0","Subscribe to topic containing numeric and receive message","Waku Filter V2: Subscribe: Multiple Service Nodes: Strict Check mode: false","Wed Mar 19 23:49:38 GMT 2025","passed","Wed Mar 19 23:49:38 GMT 2025","","","",""
"","0","should not fail to stop the service if it was not started","DNS Discovery: Compliance Test","Wed Mar 19 23:44:32 GMT 2025","passed","Wed Mar 19 23:44:32 GMT 2025","","interface-peer-discovery compliance tests","",""
"","0","should be called for every peer with PEER_EXCHANGE tags","Dials","Wed Mar 19 23:44:35 GMT 2025","passed","Wed Mar 19 23:44:35 GMT 2025","For peer-exchange peers","dialPeer method","",""
"","1","should maintain proper timestamps if all messages received","MessageChannel","Wed Mar 19 23:44:10 GMT 2025","passed","Wed Mar 19 23:44:10 GMT 2025","","receiving a message","",""
"","1","should hash ""hello"" with n=2 and maxValue=1000 correctly","hashN","Wed Mar 19 23:44:09 GMT 2025","passed","Wed Mar 19 23:44:09 GMT 2025","","","",""
"","0","Refresh subscription","Waku Filter V2: Subscribe: Multiple Service Nodes: Strict Check mode: false","Wed Mar 19 23:49:38 GMT 2025","passed","Wed Mar 19 23:49:38 GMT 2025","","","",""
"","0","Decoder throws on undefined content topic","Ensures content topic is defined","Wed Mar 19 23:43:53 GMT 2025","passed","Wed Mar 19 23:43:53 GMT 2025","","","",""
"","1","should hash """" with n=5 and maxValue=1000 correctly","hashN","Wed Mar 19 23:44:09 GMT 2025","passed","Wed Mar 19 23:44:09 GMT 2025","","","",""
"","0","should throw an error for insufficient data","Relay Shard codec","Wed Mar 19 23:43:19 GMT 2025","passed","Wed Mar 19 23:43:19 GMT 2025","","","",""
"","0","should not receive a peer event after stop","DNS Discovery: Compliance Test","Wed Mar 19 23:44:32 GMT 2025","passed","Wed Mar 19 23:44:32 GMT 2025","","interface-peer-discovery compliance tests","",""
"","0","random auto sharding 3 - Cluster ID: 10, Content Topic: /app77/4/topic693/utf8","Autosharding: Running Nodes","Wed Mar 19 23:48:42 GMT 2025","passed","Wed Mar 19 23:48:42 GMT 2025","","Different clusters and topics","",""
"","1","Relay + Store","ENR Interop: ServiceNode","Wed Mar 19 23:44:34 GMT 2025","passed","Wed Mar 19 23:44:34 GMT 2025","","","",""
"","0","Publish without waiting for remote peer","Waku Relay, Subscribe","Wed Mar 19 23:48:23 GMT 2025","passed","Wed Mar 19 23:48:23 GMT 2025","","","",""
"","1","Check message with no pubsub topic is not received","Waku Filter V2: FilterPush","Wed Mar 19 23:45:52 GMT 2025","passed","Wed Mar 19 23:45:52 GMT 2025","","","",""
"","1","Subscribe to topic containing long and publish message","Waku Relay, Subscribe","Wed Mar 19 23:48:23 GMT 2025","passed","Wed Mar 19 23:48:23 GMT 2025","","","",""
"","0","Push message with numeric payload","Waku Light Push: Single Node","Wed Mar 19 23:47:55 GMT 2025","passed","Wed Mar 19 23:47:55 GMT 2025","","","",""
"","0","Subscribe to topic containing Script and receive message","Waku Filter V2: Subscribe: Multiple Service Nodes: Strict Check mode: true","Wed Mar 19 23:49:38 GMT 2025","passed","Wed Mar 19 23:49:38 GMT 2025","","","",""
"","0","should throw an error for invalid PubsubTopic format: /waku/1/rs/1/2","pubsubTopicToSingleShardInfo with various invalid formats","Wed Mar 19 23:43:19 GMT 2025","passed","Wed Mar 19 23:43:19 GMT 2025","","","",""
"","1","Push message with content topic containing unicode special characters","Waku Light Push: Multiple Nodes: Strict Check: true","Wed Mar 19 23:48:18 GMT 2025","passed","Wed Mar 19 23:48:18 GMT 2025","","","",""
"","1","Unsubscribe topics the node is not subscribed to","Waku Filter V2: Unsubscribe: Multiple Nodes: Strict Checking: true","Wed Mar 19 23:46:21 GMT 2025","passed","Wed Mar 19 23:46:21 GMT 2025","","","",""
"","0","Subscribe to topic containing XML and publish message","Waku Relay, Subscribe","Wed Mar 19 23:48:23 GMT 2025","passed","Wed Mar 19 23:48:23 GMT 2025","","","",""
"","0","Check received message with timestamp: 1742427867449 ","Waku Filter V2: FilterPush: Multiple Nodes: Strict Checking: false","Wed Mar 19 23:48:03 GMT 2025","passed","Wed Mar 19 23:48:03 GMT 2025","","","",""
"","1","Check publish message containing XML","Waku Relay, Publish","Wed Mar 19 23:48:17 GMT 2025","passed","Wed Mar 19 23:48:17 GMT 2025","","","",""
"","0","Push message with content topic containing Script","Waku Light Push: Single Node","Wed Mar 19 23:47:55 GMT 2025","passed","Wed Mar 19 23:47:55 GMT 2025","","","",""
"","1","Generator, 2 nwaku nodes each with different pubsubtopics","Waku Store, custom pubsub topic","Wed Mar 19 23:49:10 GMT 2025","passed","Wed Mar 19 23:49:10 GMT 2025","","","",""
"","0","Passing page size 110 when there are 120 messages","Waku Store, page size","Wed Mar 19 23:49:22 GMT 2025","passed","Wed Mar 19 23:49:22 GMT 2025","","","",""
"","0","should throw an error for SingleShardInfos with different clusterIds","singleShardInfosToShardInfo","Wed Mar 19 23:43:19 GMT 2025","passed","Wed Mar 19 23:43:19 GMT 2025","","","",""
"","0","Check message with no content topic is not received","Waku Filter V2: FilterPush: Multiple Nodes: Strict Checking: false","Wed Mar 19 23:48:03 GMT 2025","passed","Wed Mar 19 23:48:03 GMT 2025","","","",""
"","0","Unsubscribe 2 topics - node subscribed to 2 topics","Waku Filter V2: Unsubscribe: Multiple Nodes: Strict Checking: false","Wed Mar 19 23:46:21 GMT 2025","passed","Wed Mar 19 23:46:21 GMT 2025","","","",""
"","1","Passing a valid cursor at 19 index when there are 20 messages","Waku Store, cursor","Wed Mar 19 23:48:43 GMT 2025","passed","Wed Mar 19 23:48:43 GMT 2025","","","",""
"","0","more peers than existing","Peer Exchange Query","Wed Mar 19 23:47:55 GMT 2025","skipped","Wed Mar 19 23:47:55 GMT 2025","","","",""
"","0","Subscribe and receive messages via lightPush","Waku Filter V2: Subscribe: Single Service Node","Wed Mar 19 23:46:31 GMT 2025","passed","Wed Mar 19 23:46:31 GMT 2025","","","",""
"","1","Check received message with timestamp: 1742427867395000000 ","Waku Filter V2: FilterPush","Wed Mar 19 23:45:52 GMT 2025","passed","Wed Mar 19 23:45:52 GMT 2025","","","",""
"","0","should throw error - no public key","ENR","Wed Mar 19 23:43:27 GMT 2025","passed","Wed Mar 19 23:43:27 GMT 2025","","Txt codec","",""
"","0","Check received message with timestamp: 1949153314000 ","Waku Filter V2: FilterPush: Multiple Nodes: Strict Checking: true","Wed Mar 19 23:48:03 GMT 2025","passed","Wed Mar 19 23:48:03 GMT 2025","","","",""
"","1","can start and stop the service","Local Storage Discovery","Wed Mar 19 23:43:45 GMT 2025","passed","Wed Mar 19 23:43:45 GMT 2025","interface-peer-discovery compliance tests","Compliance Tests","",""
"","1","Ephemeral field is preserved - encoder v0","Waku Message Ephemeral field","Wed Mar 19 23:44:35 GMT 2025","passed","Wed Mar 19 23:44:35 GMT 2025","","","",""
"","0","should be delivered but not added to local log or bloom filter","MessageChannel","Wed Mar 19 23:44:10 GMT 2025","passed","Wed Mar 19 23:44:10 GMT 2025","","Sync messages","",""
"","0","should hash ""Lorem ipsum dolor sit amet"" with n=1 and maxValue=10000 correctly","hashN","Wed Mar 19 23:44:09 GMT 2025","passed","Wed Mar 19 23:44:09 GMT 2025","","","",""
"","1","throws on content topic with empty version field","ensureValidContentTopic","Wed Mar 19 23:43:19 GMT 2025","passed","Wed Mar 19 23:43:19 GMT 2025","","","",""
"","1","Push message on custom pubsubTopic","Waku Light Push (Autosharding): Multiple PubsubTopics","Wed Mar 19 23:46:52 GMT 2025","passed","Wed Mar 19 23:46:52 GMT 2025","","","",""
"","2","Subscribe and receive messages from 2 nwaku nodes each with different pubsubtopics","Waku Filter V2 (Autosharding): Multiple PubsubTopics","Wed Mar 19 23:45:07 GMT 2025","passed","Wed Mar 19 23:45:07 GMT 2025","","","",""
"","0","Renews subscription after lossing a connection","Waku Filter V2: Subscribe: Multiple Service Nodes: Strict Check mode: true","Wed Mar 19 23:49:38 GMT 2025","passed","Wed Mar 19 23:49:38 GMT 2025","","","",""
"","0","Push message with content topic containing emoji","Waku Light Push: Multiple Nodes: Strict Check: true","Wed Mar 19 23:48:18 GMT 2025","passed","Wed Mar 19 23:48:18 GMT 2025","","","",""
"","1","random auto sharding 8 - Cluster ID: 10, Content Topic: /app86/2/topic477/test.js","Autosharding: Running Nodes","Wed Mar 19 23:48:42 GMT 2025","passed","Wed Mar 19 23:48:42 GMT 2025","","Different clusters and topics","",""
"","0","random auto sharding 7 - Cluster ID: 10, Content Topic: /app72/3/topic98/proto","Autosharding: Running Nodes","Wed Mar 19 23:48:42 GMT 2025","passed","Wed Mar 19 23:48:42 GMT 2025","","Different clusters and topics","",""
"","0","should detect messages with missing dependencies","MessageChannel","Wed Mar 19 23:44:10 GMT 2025","passed","Wed Mar 19 23:44:10 GMT 2025","","Sweeping incoming buffer","",""
"","0","Check received message with timestamp: 1949153314000 ","Waku Filter V2: FilterPush: Multiple Nodes: Strict Checking: false","Wed Mar 19 23:48:03 GMT 2025","passed","Wed Mar 19 23:48:03 GMT 2025","","","",""
"","0","Should fail to subscribe with decoder with wrong pubsubTopic","Waku Filter V2 (Named sharding): Multiple PubsubTopics","Wed Mar 19 23:45:07 GMT 2025","passed","Wed Mar 19 23:45:07 GMT 2025","","","",""
"","1","Check publish message containing special chars","Waku Relay, Publish","Wed Mar 19 23:48:17 GMT 2025","passed","Wed Mar 19 23:48:17 GMT 2025","","","",""
"","2","Check received message with timestamp: 1949153314000 ","Waku Filter V2: FilterPush","Wed Mar 19 23:45:52 GMT 2025","passed","Wed Mar 19 23:45:52 GMT 2025","","","",""
"","2","Check received message containing long","Waku Filter V2: FilterPush","Wed Mar 19 23:45:52 GMT 2025","passed","Wed Mar 19 23:45:52 GMT 2025","","","",""
"","1","should reject if LightPush is requested but not mounted","waitForRemotePeer","Wed Mar 19 23:44:00 GMT 2025","passed","Wed Mar 19 23:44:00 GMT 2025","","","",""
"","0","Subscribe and receive 2 messages on the same topic","Waku Filter V2: Subscribe: Multiple Service Nodes: Strict Check mode: false","Wed Mar 19 23:49:38 GMT 2025","passed","Wed Mar 19 23:49:38 GMT 2025","","","",""
"","0","should hash ""!@#$%^&*()"" with n=5 and maxValue=100 correctly","hashN","Wed Mar 19 23:44:09 GMT 2025","passed","Wed Mar 19 23:44:09 GMT 2025","","","",""
"","0","caches peers it previously fetched","DNS Node Discovery","Wed Mar 19 23:43:41 GMT 2025","passed","Wed Mar 19 23:43:41 GMT 2025","","","",""
"","0","should handle corrupted local storage data gracefully","Local Storage Discovery","Wed Mar 19 23:43:45 GMT 2025","passed","Wed Mar 19 23:43:45 GMT 2025","","Unit Tests","",""
"","0","Round trip binary encryption [ecies, no signature]","Ecies Encryption","Wed Mar 19 23:43:53 GMT 2025","passed","Wed Mar 19 23:43:53 GMT 2025","","","",""
"","0","Check received message containing Chinese","Waku Filter V2: FilterPush: Multiple Nodes: Strict Checking: true","Wed Mar 19 23:48:03 GMT 2025","passed","Wed Mar 19 23:48:03 GMT 2025","","","",""
"","0","should throw an error if shards are undefined for static sharding","shardInfoToPubsubTopics","Wed Mar 19 23:43:19 GMT 2025","passed","Wed Mar 19 23:43:19 GMT 2025","","","",""
"","1","dispatchEvent via connectionManager","Public methods","Wed Mar 19 23:45:08 GMT 2025","passed","Wed Mar 19 23:45:08 GMT 2025","","","",""
"","1","Subscribe to topic containing SQL Injection and receive message","Waku Filter V2: Subscribe: Multiple Service Nodes: Strict Check mode: true","Wed Mar 19 23:49:38 GMT 2025","passed","Wed Mar 19 23:49:38 GMT 2025","","","",""
"","1","Push message with content topic containing JSON","Waku Light Push: Multiple Nodes: Strict Check: true","Wed Mar 19 23:48:18 GMT 2025","passed","Wed Mar 19 23:48:18 GMT 2025","","","",""
"","4","random static sharding 1 - Cluster ID: 341, Shard ID: 40","Static Sharding: Running Nodes","Wed Mar 19 23:48:50 GMT 2025","passed","Wed Mar 19 23:48:50 GMT 2025","","Different clusters and shards","",""
"","0","random static sharding 4 - Cluster ID: 683, Shard ID: 237","Static Sharding: Running Nodes","Wed Mar 19 23:48:50 GMT 2025","passed","Wed Mar 19 23:48:50 GMT 2025","","Different clusters and shards","",""
"","1","3 nodes on /waku/2/rs/3/1 topic","Waku Relay, multiple pubsub topics","Wed Mar 19 23:48:08 GMT 2025","passed","Wed Mar 19 23:48:08 GMT 2025","","","",""
