"DESCRIPTION","DURATION IN MS","NAME","PARENT SUITE","START TIME","STATUS","STOP TIME","SUB SUITE","SUITE","TEST CLASS","TEST METHOD"
"","0","Check received message containing emoji","Waku Filter: FilterPush: Multiple Nodes: Strict Checking: false","Sun Oct 12 02:00:52 UTC 2025","passed","Sun Oct 12 02:00:52 UTC 2025","","","",""
"","0","Push message with content topic containing numeric","Waku Light Push (legacy=v3): Multiple Nodes: Strict Check: false","Sun Oct 12 02:10:43 UTC 2025","passed","Sun Oct 12 02:10:43 UTC 2025","","","",""
"","1","tcp ip4 address","Multiaddr from fields","Sun Oct 12 01:52:19 UTC 2025","passed","Sun Oct 12 01:52:19 UTC 2025","","","",""
"","0","Passing page size 0 when there are 110 messages","Waku Store, page size","Sun Oct 12 01:59:20 UTC 2025","passed","Sun Oct 12 01:59:20 UTC 2025","","","",""
"","0","Generator, 2 nwaku nodes each with different shards","Waku Store, different static shards","Sun Oct 12 01:58:37 UTC 2025","passed","Sun Oct 12 01:58:37 UTC 2025","","","",""
"","1","should be safe to call multiple times","DiscoveryDialer","Sun Oct 12 01:52:28 UTC 2025","passed","Sun Oct 12 01:52:28 UTC 2025","","start","",""
"","0","should retrieve all multiaddrs when several ENR Tree URLs are passed","DNS Node Discovery [live data]","Sun Oct 12 01:53:51 UTC 2025","skipped","Sun Oct 12 01:53:51 UTC 2025","","","",""
"","0","Push message with custom timestamp: 1729475648592","Waku Light Push (legacy=v2): Multiple Nodes: Strict Check: true","Sun Oct 12 02:10:43 UTC 2025","passed","Sun Oct 12 02:10:43 UTC 2025","","","",""
"","1","should create a new stream if no existing for protocol found","StreamManager","Sun Oct 12 01:52:29 UTC 2025","passed","Sun Oct 12 01:52:29 UTC 2025","","","",""
"","0","should handle cache.get errors gracefully","Peer Cache Discovery","Sun Oct 12 01:52:42 UTC 2025","passed","Sun Oct 12 01:52:42 UTC 2025","","Unit Tests","",""
"","1","should be sent without a timestamp, causal history, or bloom filter","MessageChannel","Sun Oct 12 01:53:07 UTC 2025","passed","Sun Oct 12 01:53:07 UTC 2025","","Ephemeral messages","",""
"","0","should return only peers supporting the requested protocol and pubsub topic","PeerManager","Sun Oct 12 01:53:18 UTC 2025","passed","Sun Oct 12 01:53:18 UTC 2025","","","",""
"","0","Outgoing message is acknowledged","Reliable Channel: Acks","Sun Oct 12 01:53:20 UTC 2025","passed","Sun Oct 12 01:53:20 UTC 2025","","","",""
"","0","should insert message into bloom filter","MessageChannel","Sun Oct 12 01:53:07 UTC 2025","passed","Sun Oct 12 01:53:07 UTC 2025","","sending a message ","",""
"","1","caches peers it previously fetched","DNS Node Discovery","Sun Oct 12 01:52:39 UTC 2025","passed","Sun Oct 12 01:52:39 UTC 2025","","","",""
"","1","should emit multiple messages when query returns multiple messages","QueryOnConnect","Sun Oct 12 01:53:19 UTC 2025","passed","Sun Oct 12 01:53:19 UTC 2025","","end-to-end message emission tests","",""
"","0","Push message with content topic containing long","Waku Light Push (legacy=v3): Multiple Nodes: Strict Check: false","Sun Oct 12 02:10:43 UTC 2025","passed","Sun Oct 12 02:10:43 UTC 2025","","","",""
"","0","Relay - dialed after","Wait for remote peer","Sun Oct 12 01:59:30 UTC 2025","passed","Sun Oct 12 01:59:30 UTC 2025","","","",""
"","0","should throw an error for non-numeric shard: /waku/2/rs/1/ ","pubsubTopicToSingleShardInfo with various invalid formats","Sun Oct 12 01:52:14 UTC 2025","passed","Sun Oct 12 01:52:14 UTC 2025","","","",""
"","0","should serialize and deserialize correctly","BloomFilter","Sun Oct 12 01:53:04 UTC 2025","passed","Sun Oct 12 01:53:04 UTC 2025","","","",""
"","0","should reject if Relay is requested but not mounted","waitForRemotePeer","Sun Oct 12 01:53:19 UTC 2025","passed","Sun Oct 12 01:53:19 UTC 2025","","","",""
"","1","Push message with content topic containing emoji","Waku Light Push (legacy=v2): Multiple Nodes: Strict Check: false","Sun Oct 12 02:10:43 UTC 2025","passed","Sun Oct 12 02:10:43 UTC 2025","","","",""
"","4","Ordered Callback sorting by timestamp while page direction is true","Waku Store, sorting","Sun Oct 12 01:59:17 UTC 2025","passed","Sun Oct 12 01:59:17 UTC 2025","","","",""
"","1","can start the service","Peer Cache Discovery","Sun Oct 12 01:52:42 UTC 2025","passed","Sun Oct 12 01:52:42 UTC 2025","interface-peer-discovery compliance tests","Compliance Tests","",""
"","0","should properly create peer info with all multiaddrs","ENR","Sun Oct 12 01:52:20 UTC 2025","passed","Sun Oct 12 01:52:20 UTC 2025","","Location multiaddr","",""
"","0","Re-sent message is acknowledged once other parties join.","Reliable Channel: Acks","Sun Oct 12 01:53:20 UTC 2025","passed","Sun Oct 12 01:53:20 UTC 2025","","","",""
"","0","should create KeepAliveManager with relay","KeepAliveManager","Sun Oct 12 01:52:29 UTC 2025","passed","Sun Oct 12 01:52:29 UTC 2025","","constructor","",""
"","0","Subscribe to topic containing long and receive message","Waku Filter: Subscribe: Multiple Service Nodes: Strict Check mode: false","Sun Oct 12 02:01:18 UTC 2025","passed","Sun Oct 12 02:01:18 UTC 2025","","","",""
"","1","Waku message hash computation (message is IProtoMessage with version)","Message Hash: RFC Test Vectors","Sun Oct 12 01:52:29 UTC 2025","passed","Sun Oct 12 01:52:29 UTC 2025","","","",""
"","1","should successfully subscribe to supported pubsub topic","Filter SDK","Sun Oct 12 01:53:18 UTC 2025","passed","Sun Oct 12 01:53:18 UTC 2025","","","",""
"","0","should emit message when store reconnect event occurs and last query was over max time threshold","QueryOnConnect","Sun Oct 12 01:53:19 UTC 2025","passed","Sun Oct 12 01:53:19 UTC 2025","","end-to-end message emission tests","",""
"","0","n1 and n2 uses first shard, n3 uses the second shard","Waku Relay auto-sharding, multiple pubsub topics","Sun Oct 12 01:56:42 UTC 2025","passed","Sun Oct 12 01:56:42 UTC 2025","","","",""
"","0","Push messages througth V2 and V3 from 2 js-waku and receives","Waku Light Push V2 and V3 interop","Sun Oct 12 01:54:57 UTC 2025","passed","Sun Oct 12 01:54:57 UTC 2025","","","",""
"","0","Asymmetric encrypt & decrypt","Waku Encryption","Sun Oct 12 01:52:48 UTC 2025","passed","Sun Oct 12 01:52:48 UTC 2025","","","",""
"","1","should clear dial history on start","Dialer","Sun Oct 12 01:52:29 UTC 2025","passed","Sun Oct 12 01:52:29 UTC 2025","","start","",""
"","1","should hash ""test123"" with n=2 and maxValue=1000 correctly","hashN","Sun Oct 12 01:52:59 UTC 2025","passed","Sun Oct 12 01:52:59 UTC 2025","","","",""
"","1","should hash ""Lorem ipsum dolor sit amet"" with n=0 and maxValue=100 correctly","hashN","Sun Oct 12 01:52:59 UTC 2025","passed","Sun Oct 12 01:52:59 UTC 2025","","","",""
"","1","Push message with meta","Waku Light Push (legacy=v3): Multiple Nodes: Strict Check: true","Sun Oct 12 02:10:43 UTC 2025","passed","Sun Oct 12 02:10:43 UTC 2025","","","",""
"","0","should be online or offline if network state changed","waku:connection","Sun Oct 12 01:54:04 UTC 2025","passed","Sun Oct 12 01:54:04 UTC 2025","","","",""
"","8","should handle disconnect when peer has no timers","KeepAliveManager","Sun Oct 12 01:52:29 UTC 2025","passed","Sun Oct 12 01:52:29 UTC 2025","","timer cleanup","",""
"","1","should throw an error for non-numeric clusterId: /waku/2/rs/-/1","pubsubTopicToSingleShardInfo with various invalid formats","Sun Oct 12 01:52:14 UTC 2025","passed","Sun Oct 12 01:52:14 UTC 2025","","","",""
"","0","should dispatch network event when browser goes online","NetworkMonitor","Sun Oct 12 01:52:28 UTC 2025","passed","Sun Oct 12 01:52:28 UTC 2025","","browser online/offline events","",""
"","1","should handle shard reader errors gracefully","Dialer","Sun Oct 12 01:52:29 UTC 2025","passed","Sun Oct 12 01:52:29 UTC 2025","","shard reader integration","",""
"","0","Push message with special chars payload","Waku Light Push (legacy=v2): Multiple Nodes: Strict Check: false","Sun Oct 12 02:10:43 UTC 2025","passed","Sun Oct 12 02:10:43 UTC 2025","","","",""
"","0","should stop ping timers on peer disconnect","KeepAliveManager","Sun Oct 12 01:52:29 UTC 2025","passed","Sun Oct 12 01:52:29 UTC 2025","","peer disconnect event handling","",""
"","0","Check publish message containing long","Waku Relay, Publish","Sun Oct 12 01:56:49 UTC 2025","passed","Sun Oct 12 01:56:49 UTC 2025","","","",""
"","0","should add received messages to bloom filter","MessageChannel","Sun Oct 12 01:53:07 UTC 2025","passed","Sun Oct 12 01:53:07 UTC 2025","","receiving a message","",""
"","0","should correctly map /app/27/sometopic/someencoding to shard index 5","contentTopicToShardIndex","Sun Oct 12 01:52:14 UTC 2025","passed","Sun Oct 12 01:52:14 UTC 2025","","","",""
"","0","Store - dialed first","Wait for remote peer","Sun Oct 12 01:59:30 UTC 2025","passed","Sun Oct 12 01:59:30 UTC 2025","","","",""
"","0","should create PeerExchange instance with components","PeerExchange","Sun Oct 12 01:52:38 UTC 2025","passed","Sun Oct 12 01:52:38 UTC 2025","","query","",""
"","0","Check received message containing Chinese","Waku Filter: FilterPush: Multiple Nodes: Strict Checking: false","Sun Oct 12 02:00:52 UTC 2025","passed","Sun Oct 12 02:00:52 UTC 2025","","","",""
"","0","should have no discoveries enabled by default","Default Peer Discoveries","Sun Oct 12 01:53:17 UTC 2025","passed","Sun Oct 12 01:53:17 UTC 2025","","","",""
"","1","throws if store query response has error status","StoreCore","Sun Oct 12 01:52:29 UTC 2025","passed","Sun Oct 12 01:52:29 UTC 2025","","queryPerPage","",""
"","0","should start all internal components","ConnectionManager","Sun Oct 12 01:52:30 UTC 2025","passed","Sun Oct 12 01:52:30 UTC 2025","","start","",""
"","0","should decode valid enr successfully","ENR","Sun Oct 12 01:52:20 UTC 2025","passed","Sun Oct 12 01:52:20 UTC 2025","","Txt codec","",""
"","1","Subscribe to topic containing Chinese and receive message","Waku Filter: Subscribe: Multiple Service Nodes: Strict Check mode: true","Sun Oct 12 02:01:18 UTC 2025","passed","Sun Oct 12 02:01:18 UTC 2025","","","",""
"","0","same cluster, static sharding: nodes connect","Metadata Protocol","Sun Oct 12 01:55:12 UTC 2025","passed","Sun Oct 12 01:55:12 UTC 2025","","static sharding","",""
"","1","should work with stubbed retrieve function","QueryOnConnect","Sun Oct 12 01:53:19 UTC 2025","passed","Sun Oct 12 01:53:19 UTC 2025","","mock validation","",""
"","0","Check received message with timestamp: 1760234025257000000 ","Waku Filter: FilterPush: Multiple Nodes: Strict Checking: true","Sun Oct 12 02:00:52 UTC 2025","passed","Sun Oct 12 02:00:52 UTC 2025","","","",""
"","3","Subscribe and receive messages on 2 different pubsubtopics with v2 protocol","Waku Light Push (Autosharding): Multiple Shards","Sun Oct 12 01:54:50 UTC 2025","passed","Sun Oct 12 01:54:50 UTC 2025","","","",""
"","0","Push message with custom timestamp: 1760237648594","Waku Light Push (legacy=v3): Multiple Nodes: Strict Check: false","Sun Oct 12 02:10:43 UTC 2025","passed","Sun Oct 12 02:10:43 UTC 2025","","","",""
"","0","Encoder error raises irrecoverable error","Reliable Channel: Encryption","Sun Oct 12 01:53:20 UTC 2025","passed","Sun Oct 12 01:53:20 UTC 2025","","","",""
"","0","3 nodes on /waku/2/rs/3/2 topic","Waku Relay, static sharding, multiple pubsub topics","Sun Oct 12 01:56:42 UTC 2025","passed","Sun Oct 12 01:56:42 UTC 2025","","","",""
"","0","Push message with escaped characters payload","Waku Light Push (legacy=v2): Multiple Nodes: Strict Check: false","Sun Oct 12 02:10:43 UTC 2025","passed","Sun Oct 12 02:10:43 UTC 2025","","","",""
"","1","should be able to encode the field with only STORE set to true","ENR waku2 codec","Sun Oct 12 01:52:19 UTC 2025","passed","Sun Oct 12 01:52:19 UTC 2025","","Encoding","",""
"","0","Push message with content topic containing SQL Injection","Waku Light Push (legacy=v3): Multiple Nodes: Strict Check: true","Sun Oct 12 02:10:43 UTC 2025","passed","Sun Oct 12 02:10:43 UTC 2025","","","",""
"","2","all px service nodes subscribed to the shard topic should be dialed","Static Sharding: Peer Management","Sun Oct 12 01:59:13 UTC 2025","passed","Sun Oct 12 01:59:13 UTC 2025","","Peer Exchange","",""
"","0","should hash ""Lorem ipsum dolor sit amet"" with n=5 and maxValue=1000 correctly","hashN","Sun Oct 12 01:53:00 UTC 2025","passed","Sun Oct 12 01:53:00 UTC 2025","","","",""
"","0","Unsubscribe 1 topic - node subscribed to 2 topics","Waku Filter: Unsubscribe: Multiple Nodes: Strict Checking: true","Sun Oct 12 01:56:36 UTC 2025","passed","Sun Oct 12 01:56:36 UTC 2025","","","",""
"","0","Check message on other pubsub topic is not received","Waku Filter: FilterPush: Multiple Nodes: Strict Checking: false","Sun Oct 12 02:00:52 UTC 2025","passed","Sun Oct 12 02:00:52 UTC 2025","","","",""
"","0","Automatically retrieves missing message","Reliable Channel","Sun Oct 12 01:53:22 UTC 2025","skipped","Sun Oct 12 01:53:22 UTC 2025","","Missing Message Retrieval","",""
"","1","should hash """" with n=2 and maxValue=1000 correctly","hashN","Sun Oct 12 01:52:59 UTC 2025","passed","Sun Oct 12 01:52:59 UTC 2025","","","",""
"","0","should hash """" with n=5 and maxValue=10000 correctly","hashN","Sun Oct 12 01:52:59 UTC 2025","passed","Sun Oct 12 01:52:59 UTC 2025","","","",""
"","0","should be safe to call multiple times","ConnectionManager","Sun Oct 12 01:52:30 UTC 2025","passed","Sun Oct 12 01:52:30 UTC 2025","","stop","",""
"","0","Fails to publish duplicate message","Waku Relay, Publish","Sun Oct 12 01:56:49 UTC 2025","passed","Sun Oct 12 01:56:49 UTC 2025","","","",""
"","0","Unsubscribe topics the node is not subscribed to","Waku Filter: Unsubscribe: Multiple Nodes: Strict Checking: false","Sun Oct 12 01:56:36 UTC 2025","passed","Sun Oct 12 01:56:36 UTC 2025","","","",""
"","0","Subscribe to topic containing Script and receive message","Waku Filter: Subscribe: Multiple Service Nodes: Strict Check mode: true","Sun Oct 12 02:01:18 UTC 2025","passed","Sun Oct 12 02:01:18 UTC 2025","","","",""
"","0","Decrypt messages","Waku Relay","Sun Oct 12 01:56:37 UTC 2025","passed","Sun Oct 12 01:56:37 UTC 2025","","","",""
"","0","should dial with multiaddr and return stream","ConnectionManager","Sun Oct 12 01:52:30 UTC 2025","passed","Sun Oct 12 01:52:30 UTC 2025","","dial","",""
"","2","should not receive a peer event after stop","DNS Discovery: Compliance Test","Sun Oct 12 01:53:51 UTC 2025","passed","Sun Oct 12 01:53:51 UTC 2025","","interface-peer-discovery compliance tests","",""
"","2","Generator, with asymmetric & symmetric encrypted messages","Waku Store, general","Sun Oct 12 01:59:12 UTC 2025","passed","Sun Oct 12 01:59:12 UTC 2025","","","",""
"","2","should skip peers that don't support peer exchange","PeerExchangeDiscovery","Sun Oct 12 01:52:38 UTC 2025","passed","Sun Oct 12 01:52:38 UTC 2025","","handlePeriodicDiscovery","",""
"","0","should hash """" with n=5 and maxValue=1000 correctly","hashN","Sun Oct 12 01:52:59 UTC 2025","passed","Sun Oct 12 01:52:59 UTC 2025","","","",""
"","0","random static sharding 4 - Cluster ID: 446, Shard ID: 839","Static Sharding: Running Nodes","Sun Oct 12 01:59:00 UTC 2025","passed","Sun Oct 12 01:59:00 UTC 2025","","","",""
"","0","Push message with content topic containing escaped characters","Waku Light Push (legacy=v3): Multiple Nodes: Strict Check: false","Sun Oct 12 02:10:43 UTC 2025","passed","Sun Oct 12 02:10:43 UTC 2025","","","",""
"","0","should dial all known peers when reached zero connections","Connection Limiter","Sun Oct 12 01:54:26 UTC 2025","passed","Sun Oct 12 01:54:26 UTC 2025","","","",""
"","1","should prioritize bootstrap, then peer exchange, then local peers","ConnectionLimiter","Sun Oct 12 01:52:29 UTC 2025","passed","Sun Oct 12 01:52:29 UTC 2025","","dialPeersFromStore prioritization","",""
"","0","should set field with only FILTER enabled","ENR","Sun Oct 12 01:52:20 UTC 2025","passed","Sun Oct 12 01:52:20 UTC 2025","","waku2 key round trip","",""
"","0","Relay Node - default protocol","Wait for remote peer","Sun Oct 12 01:59:30 UTC 2025","passed","Sun Oct 12 01:59:30 UTC 2025","","","",""
"","0","should track probabilistic acknowledgements of messages received in bloom filter","MessageChannel","Sun Oct 12 01:53:07 UTC 2025","passed","Sun Oct 12 01:53:07 UTC 2025","","reviewing ack status","",""
"","1","should process successful peer exchange query","PeerExchangeDiscovery","Sun Oct 12 01:52:38 UTC 2025","passed","Sun Oct 12 01:52:38 UTC 2025","","query","",""
"","0","Check received message with timestamp: 1760234025257 ","Waku Filter: FilterPush: Multiple Nodes: Strict Checking: true","Sun Oct 12 02:00:52 UTC 2025","passed","Sun Oct 12 02:00:52 UTC 2025","","","",""
"","0","Sync message is sent within sync frequency","Reliable Channel: Sync","Sun Oct 12 01:53:27 UTC 2025","passed","Sun Oct 12 01:53:27 UTC 2025","","","",""
"","0","Fails to push message with large meta","Waku Light Push (legacy=v2): Multiple Nodes: Strict Check: true","Sun Oct 12 02:10:43 UTC 2025","passed","Sun Oct 12 02:10:43 UTC 2025","","","",""
"","0","Subscribe to topic containing Arabic and receive message","Waku Filter: Subscribe: Multiple Service Nodes: Strict Check mode: true","Sun Oct 12 02:01:18 UTC 2025","passed","Sun Oct 12 02:01:18 UTC 2025","","","",""
"","0","should handle all zero keep alive options","KeepAliveManager","Sun Oct 12 01:52:29 UTC 2025","passed","Sun Oct 12 01:52:29 UTC 2025","","edge cases","",""
"","1","Check publish message containing Arabic","Waku Relay, Publish","Sun Oct 12 01:56:49 UTC 2025","passed","Sun Oct 12 01:56:49 UTC 2025","","","",""
"","0","Push message with Arabic payload","Waku Light Push (legacy=v3): Multiple Nodes: Strict Check: true","Sun Oct 12 02:10:43 UTC 2025","passed","Sun Oct 12 02:10:43 UTC 2025","","","",""
"","1","connects to nwaku","Waku Dial [node only]","Sun Oct 12 01:59:27 UTC 2025","passed","Sun Oct 12 01:59:27 UTC 2025","","Interop: ServiceNode","",""
"","1","Query with Ordered Callback, Multiple PubsubTopics","Waku Store, error handling","Sun Oct 12 01:58:44 UTC 2025","passed","Sun Oct 12 01:58:44 UTC 2025","","","",""
"","1","msgTime: 0 ms from now, startTime: 1760147954219, endTime: 1760234354219","Waku Store, time filter","Sun Oct 12 01:59:25 UTC 2025","passed","Sun Oct 12 01:59:25 UTC 2025","","","",""
"","1","should hash ""hello"" with n=1 and maxValue=100 correctly","hashN","Sun Oct 12 01:52:59 UTC 2025","passed","Sun Oct 12 01:52:59 UTC 2025","","","",""
"","0","ENRTree (branch): should error if DNS branch entry is mis-prefixed","ENRTree","Sun Oct 12 01:52:37 UTC 2025","passed","Sun Oct 12 01:52:37 UTC 2025","","","",""
"","1","random auto sharding 9 - Cluster ID: 10, Content Topic: /app63/6/topic748/proto","Autosharding: Running Nodes","Sun Oct 12 01:58:20 UTC 2025","passed","Sun Oct 12 01:58:20 UTC 2025","","","",""
"","0","`waku:online` between 2 js-waku relay nodes","Connection state","Sun Oct 12 01:54:04 UTC 2025","passed","Sun Oct 12 01:54:04 UTC 2025","","","",""
"","0","should return usable stream attached to connection","StreamManager","Sun Oct 12 01:52:29 UTC 2025","passed","Sun Oct 12 01:52:29 UTC 2025","","","",""
"","0","Push message with long payload","Waku Light Push (legacy=v2): Multiple Nodes: Strict Check: true","Sun Oct 12 02:10:43 UTC 2025","passed","Sun Oct 12 02:10:43 UTC 2025","","","",""
"","0","Check received message containing numeric","Waku Filter: FilterPush: Multiple Nodes: Strict Checking: true","Sun Oct 12 02:00:52 UTC 2025","passed","Sun Oct 12 02:00:52 UTC 2025","","","",""
"","0","should select older connection if present","selectOpenConnection","Sun Oct 12 01:52:29 UTC 2025","passed","Sun Oct 12 01:52:29 UTC 2025","","","",""
"","0","Promise Callback  - false","Waku Store, order","Sun Oct 12 01:59:08 UTC 2025","passed","Sun Oct 12 01:59:08 UTC 2025","","","",""
"","0","should increment timestamp by 1 when current time is not greater","lamportTimestampIncrement","Sun Oct 12 01:53:07 UTC 2025","passed","Sun Oct 12 01:53:07 UTC 2025","","","",""
"","1","should return empty array when no peers connected","ConnectionManager","Sun Oct 12 01:52:30 UTC 2025","passed","Sun Oct 12 01:52:30 UTC 2025","","getConnectedPeers","",""
"","0","Push message with content topic containing SQL Injection","Waku Light Push (legacy=v2): Multiple Nodes: Strict Check: false","Sun Oct 12 02:10:43 UTC 2025","passed","Sun Oct 12 02:10:43 UTC 2025","","","",""
"","0","should retry on complete failure if specified","LightPush SDK","Sun Oct 12 01:53:17 UTC 2025","passed","Sun Oct 12 01:53:17 UTC 2025","","","",""
"","0","msgTime: 0 ms from now, startTime: 1759975154219, endTime: 1760234354219","Waku Store, time filter","Sun Oct 12 01:59:25 UTC 2025","passed","Sun Oct 12 01:59:25 UTC 2025","","","",""
"","1","should remove event listeners from libp2p","NetworkMonitor","Sun Oct 12 01:52:28 UTC 2025","passed","Sun Oct 12 01:52:28 UTC 2025","","stop","",""
"","1","should handle empty pubsub topics","KeepAliveManager","Sun Oct 12 01:52:29 UTC 2025","passed","Sun Oct 12 01:52:29 UTC 2025","","edge cases","",""
"","0","Subscribe to topic containing emoji and receive message","Waku Filter: Subscribe: Multiple Service Nodes: Strict Check mode: false","Sun Oct 12 02:01:18 UTC 2025","passed","Sun Oct 12 02:01:18 UTC 2025","","","",""
"","14","should save new peer to store","DiscoveryDialer","Sun Oct 12 01:52:28 UTC 2025","passed","Sun Oct 12 01:52:28 UTC 2025","","updatePeerStore","",""
"","0","should handle ping failures gracefully","KeepAliveManager","Sun Oct 12 01:52:29 UTC 2025","passed","Sun Oct 12 01:52:29 UTC 2025","","ping timer management","",""
"","0","Wrong topic","Autosharding: Running Nodes","Sun Oct 12 01:58:20 UTC 2025","passed","Sun Oct 12 01:58:20 UTC 2025","","","",""
"","3","isConnected between 2 js-waku relay nodes","Connection state","Sun Oct 12 01:54:04 UTC 2025","passed","Sun Oct 12 01:54:04 UTC 2025","","","",""
"","0","Check received message with timestamp: 1649153314 ","Waku Filter: FilterPush: Multiple Nodes: Strict Checking: true","Sun Oct 12 02:00:52 UTC 2025","passed","Sun Oct 12 02:00:52 UTC 2025","","","",""
"","0","can query messages normally","Waku Store, message hash query","Sun Oct 12 01:59:02 UTC 2025","passed","Sun Oct 12 01:59:02 UTC 2025","","","",""
"","1","Subscribe to topic containing Script and publish message","Waku Relay, Subscribe","Sun Oct 12 01:56:56 UTC 2025","passed","Sun Oct 12 01:56:56 UTC 2025","","","",""
"","0","Push message with SQL Injection payload","Waku Light Push (legacy=v2): Multiple Nodes: Strict Check: false","Sun Oct 12 02:10:43 UTC 2025","passed","Sun Oct 12 02:10:43 UTC 2025","","","",""
"","0","should hash ""hello"" with n=1 and maxValue=1000 correctly","hashN","Sun Oct 12 01:52:59 UTC 2025","passed","Sun Oct 12 01:52:59 UTC 2025","","","",""
"","1","should initialize with libp2p components","PeerExchange","Sun Oct 12 01:52:38 UTC 2025","passed","Sun Oct 12 01:52:38 UTC 2025","","constructor","",""
"","0","Nodes with multiple pubsub topic","Waku Relay, static sharding, multiple pubsub topics","Sun Oct 12 01:56:42 UTC 2025","passed","Sun Oct 12 01:56:42 UTC 2025","","","",""
"","0","should not allow unachievable error rate","Probabilities","Sun Oct 12 01:53:00 UTC 2025","passed","Sun Oct 12 01:53:00 UTC 2025","","","",""
"","0","Push message with content topic containing Chinese","Waku Light Push (legacy=v2): Multiple Nodes: Strict Check: false","Sun Oct 12 02:10:43 UTC 2025","passed","Sun Oct 12 02:10:43 UTC 2025","","","",""
"","0","should not create ping timers when pingKeepAlive = 0","KeepAliveManager","Sun Oct 12 01:52:29 UTC 2025","passed","Sun Oct 12 01:52:29 UTC 2025","","ping timer management","",""
"","0","should emit message when we just started and store connect event occurs","QueryOnConnect","Sun Oct 12 01:53:19 UTC 2025","passed","Sun Oct 12 01:53:19 UTC 2025","","end-to-end message emission tests","",""
"","0","Subscribe to topic containing long and publish message","Waku Relay, Subscribe","Sun Oct 12 01:56:56 UTC 2025","passed","Sun Oct 12 01:56:56 UTC 2025","","","",""
"","0","should call waitForPeer on Relay","waitForRemotePeer","Sun Oct 12 01:53:19 UTC 2025","passed","Sun Oct 12 01:53:19 UTC 2025","","","",""
"","0","Bloom filter","Message serialization","Sun Oct 12 01:53:07 UTC 2025","passed","Sun Oct 12 01:53:07 UTC 2025","","","",""
"","0","Check message received after jswaku node is restarted","Waku Filter: FilterPush: Multiple Nodes: Strict Checking: true","Sun Oct 12 02:00:52 UTC 2025","passed","Sun Oct 12 02:00:52 UTC 2025","","","",""
"","0","should throw an error for non-numeric shard: /waku/2/rs/1/-","pubsubTopicToSingleShardInfo with various invalid formats","Sun Oct 12 01:52:14 UTC 2025","passed","Sun Oct 12 01:52:14 UTC 2025","","","",""
"","1","should return false when navigator.onLine is false","NetworkMonitor","Sun Oct 12 01:52:28 UTC 2025","passed","Sun Oct 12 01:52:28 UTC 2025","","isConnected","",""
"","0","Query with Ordered Callback, No Decoder","Waku Store, error handling","Sun Oct 12 01:58:44 UTC 2025","passed","Sun Oct 12 01:58:44 UTC 2025","","","",""
"","0","random static sharding 7 - Cluster ID: 87, Shard ID: 150","Static Sharding: Running Nodes","Sun Oct 12 01:59:00 UTC 2025","passed","Sun Oct 12 01:59:00 UTC 2025","","","",""
"","0","Decoder throws on undefined content topic","Ensures content topic is defined","Sun Oct 12 01:52:50 UTC 2025","passed","Sun Oct 12 01:52:50 UTC 2025","","","",""
"","0","should create QueryOnConnect instance without options","QueryOnConnect","Sun Oct 12 01:53:19 UTC 2025","passed","Sun Oct 12 01:53:19 UTC 2025","","constructor","",""
"","1","Check received message containing Arabic","Waku Filter: FilterPush: Multiple Nodes: Strict Checking: false","Sun Oct 12 02:00:52 UTC 2025","passed","Sun Oct 12 02:00:52 UTC 2025","","","",""
"","1","Subscribe to topic containing special chars and receive message","Waku Filter: Subscribe: Multiple Service Nodes: Strict Check mode: false","Sun Oct 12 02:01:18 UTC 2025","passed","Sun Oct 12 02:01:18 UTC 2025","","","",""
"","0","Subscribe to topic containing Chinese and receive message","Waku Filter: Subscribe: Multiple Service Nodes: Strict Check mode: false","Sun Oct 12 02:01:18 UTC 2025","passed","Sun Oct 12 02:01:18 UTC 2025","","","",""
"","0","Subscribe to topic containing Russian and publish message","Waku Relay, Subscribe","Sun Oct 12 01:56:56 UTC 2025","passed","Sun Oct 12 01:56:56 UTC 2025","","","",""
"","0","Check received message containing Arabic","Waku Filter: FilterPush: Multiple Nodes: Strict Checking: true","Sun Oct 12 02:00:52 UTC 2025","passed","Sun Oct 12 02:00:52 UTC 2025","","","",""
"","0","Overlapping topic subscription","Waku Filter: Subscribe: Multiple Service Nodes: Strict Check mode: true","Sun Oct 12 02:01:18 UTC 2025","passed","Sun Oct 12 02:01:18 UTC 2025","","","",""
"","1","Push message with emoji payload","Waku Light Push (legacy=v2): Multiple Nodes: Strict Check: true","Sun Oct 12 02:10:43 UTC 2025","passed","Sun Oct 12 02:10:43 UTC 2025","","","",""
"","1","Register correct protocols","Waku Relay, Subscribe","Sun Oct 12 01:56:56 UTC 2025","passed","Sun Oct 12 01:56:56 UTC 2025","","","",""
"","0","yields decoded messages","StoreCore","Sun Oct 12 01:52:29 UTC 2025","passed","Sun Oct 12 01:52:29 UTC 2025","","queryPerPage","",""
"","1","should throw error - invalid id","ENR","Sun Oct 12 01:52:20 UTC 2025","passed","Sun Oct 12 01:52:20 UTC 2025","","Verify","",""
"","0","Push message with SQL Injection payload","Waku Light Push (legacy=v3): Multiple Nodes: Strict Check: true","Sun Oct 12 02:10:43 UTC 2025","passed","Sun Oct 12 02:10:43 UTC 2025","","","",""
"","0","should handle malformed response data","PeerExchange","Sun Oct 12 01:52:38 UTC 2025","passed","Sun Oct 12 01:52:38 UTC 2025","","query","",""
"","0","should not dial peers from store when browser is not connected","ConnectionLimiter","Sun Oct 12 01:52:29 UTC 2025","passed","Sun Oct 12 01:52:29 UTC 2025","","onWakuConnectionEvent","",""
"","0","should return cached hash on subsequent access","DecodedMessage lazy hash initialization","Sun Oct 12 01:52:29 UTC 2025","passed","Sun Oct 12 01:52:29 UTC 2025","","","",""
"","0","Push message with custom timestamp: 1729475648592","Waku Light Push (legacy=v3): Multiple Nodes: Strict Check: true","Sun Oct 12 02:10:43 UTC 2025","passed","Sun Oct 12 02:10:43 UTC 2025","","","",""
"","0","Check message with no pubsub topic is not received","Waku Filter: FilterPush: Multiple Nodes: Strict Checking: false","Sun Oct 12 02:00:52 UTC 2025","passed","Sun Oct 12 02:00:52 UTC 2025","","","",""
"","0","random auto sharding 4 - Cluster ID: 10, Content Topic: /app36/6/topic128/proto","Autosharding: Running Nodes","Sun Oct 12 01:58:20 UTC 2025","passed","Sun Oct 12 01:58:20 UTC 2025","","","",""
"","0","should use peerId from options when provided to queryGenerator","Store","Sun Oct 12 01:53:19 UTC 2025","passed","Sun Oct 12 01:53:19 UTC 2025","","queryGenerator","",""
"","0","should return true for sync message with causal history","Reliable Channel","Sun Oct 12 01:53:22 UTC 2025","passed","Sun Oct 12 01:53:22 UTC 2025","","isChannelMessageWithCausalHistory predicate","",""
"","0","should return available peers with correct protocol and pubsub topic","PeerManager","Sun Oct 12 01:53:18 UTC 2025","passed","Sun Oct 12 01:53:18 UTC 2025","","","",""
"","1","should not fail to start the service if it is already started","Peer Cache Discovery","Sun Oct 12 01:52:42 UTC 2025","passed","Sun Oct 12 01:52:42 UTC 2025","interface-peer-discovery compliance tests","Compliance Tests","",""
"","4","should enable only peerExchange and peerCache when dns is disabled","Default Peer Discoveries","Sun Oct 12 01:53:17 UTC 2025","passed","Sun Oct 12 01:53:17 UTC 2025","","","",""
"","10","should invoke callbacks only when newly receiving message is given","Filter Subscription","Sun Oct 12 01:53:17 UTC 2025","passed","Sun Oct 12 01:53:17 UTC 2025","","","",""
"","2","should hash ""hello"" with n=2 and maxValue=100 correctly","hashN","Sun Oct 12 01:52:59 UTC 2025","passed","Sun Oct 12 01:52:59 UTC 2025","","","",""
"","0","ends if response has no messages","StoreCore","Sun Oct 12 01:52:29 UTC 2025","passed","Sun Oct 12 01:52:29 UTC 2025","","queryPerPage","",""
"","1","Subscribe to topic containing unicode special characters and receive message","Waku Filter: Subscribe: Multiple Service Nodes: Strict Check mode: false","Sun Oct 12 02:01:18 UTC 2025","passed","Sun Oct 12 02:01:18 UTC 2025","","","",""
"","0","msgTime: -19000 ms from now, startTime: -19000, endTime: -18000","Waku Store, time filter","Sun Oct 12 01:59:25 UTC 2025","passed","Sun Oct 12 01:59:25 UTC 2025","","","",""
"","0","Push message with content topic containing special chars","Waku Light Push (legacy=v3): Multiple Nodes: Strict Check: false","Sun Oct 12 02:10:43 UTC 2025","passed","Sun Oct 12 02:10:43 UTC 2025","","","",""
"","1","Push message with content topic containing Arabic","Waku Light Push (legacy=v3): Multiple Nodes: Strict Check: false","Sun Oct 12 02:10:43 UTC 2025","passed","Sun Oct 12 02:10:43 UTC 2025","","","",""
"","0","Push message with JSON payload","Waku Light Push (legacy=v3): Multiple Nodes: Strict Check: true","Sun Oct 12 02:10:43 UTC 2025","passed","Sun Oct 12 02:10:43 UTC 2025","","","",""
"","0","Check received message containing emoji","Waku Filter: FilterPush: Multiple Nodes: Strict Checking: true","Sun Oct 12 02:00:52 UTC 2025","passed","Sun Oct 12 02:00:52 UTC 2025","","","",""
"","3","should transition to SufficientlyHealthy with multiple compatible peers","HealthIndicator","Sun Oct 12 01:53:18 UTC 2025","passed","Sun Oct 12 01:53:18 UTC 2025","","","",""
"","1","can start the service","DNS Discovery: Compliance Test","Sun Oct 12 01:53:51 UTC 2025","passed","Sun Oct 12 01:53:51 UTC 2025","","interface-peer-discovery compliance tests","",""
"","0","Push message with content topic containing short","Waku Light Push (legacy=v2): Multiple Nodes: Strict Check: true","Sun Oct 12 02:10:43 UTC 2025","passed","Sun Oct 12 02:10:43 UTC 2025","","","",""
"","1","Push message with special chars payload","Waku Light Push (legacy=v3): Multiple Nodes: Strict Check: true","Sun Oct 12 02:10:43 UTC 2025","passed","Sun Oct 12 02:10:43 UTC 2025","","","",""
"","0","Push message with Chinese payload","Waku Light Push (legacy=v2): Multiple Nodes: Strict Check: false","Sun Oct 12 02:10:43 UTC 2025","passed","Sun Oct 12 02:10:43 UTC 2025","","","",""
"","0","groups multiple content topics into the same pubsub topic when they share the same shard index","contentTopicsByPubsubTopic","Sun Oct 12 01:52:14 UTC 2025","passed","Sun Oct 12 01:52:14 UTC 2025","","","",""
"","0","Subscribe to topic containing special chars and publish message","Waku Relay, Subscribe","Sun Oct 12 01:56:56 UTC 2025","passed","Sun Oct 12 01:56:56 UTC 2025","","","",""
"","0","Cluster ID 0, shard 1","Static Sharding: Running Nodes","Sun Oct 12 01:59:00 UTC 2025","passed","Sun Oct 12 01:59:00 UTC 2025","","","",""
"","0","Delete observer","Waku Relay","Sun Oct 12 01:56:37 UTC 2025","passed","Sun Oct 12 01:56:37 UTC 2025","","","",""
"","1","should create QueryOnConnect instance with all required parameters","QueryOnConnect","Sun Oct 12 01:53:19 UTC 2025","passed","Sun Oct 12 01:53:19 UTC 2025","","constructor","",""
"","0","Push message equal or less that 1MB","Waku Light Push (legacy=v2): Multiple Nodes: Strict Check: true","Sun Oct 12 02:10:43 UTC 2025","passed","Sun Oct 12 02:10:43 UTC 2025","","","",""
"","2","Passing page size 19 when there are 20 messages","Waku Store, page size","Sun Oct 12 01:59:20 UTC 2025","passed","Sun Oct 12 01:59:20 UTC 2025","","","",""
"","0","should hash ""!@#$%^&*()"" with n=2 and maxValue=10000 correctly","hashN","Sun Oct 12 01:52:59 UTC 2025","passed","Sun Oct 12 01:52:59 UTC 2025","","","",""
"","0","Subscribe to topic containing escaped characters and publish message","Waku Relay, Subscribe","Sun Oct 12 01:56:56 UTC 2025","passed","Sun Oct 12 01:56:56 UTC 2025","","","",""
"","1","PeerStore has remote peer's shard info after successful connection","Metadata Protocol","Sun Oct 12 01:55:12 UTC 2025","passed","Sun Oct 12 01:55:12 UTC 2025","","auto sharding","",""
"","0","should hash ""test123"" with n=2 and maxValue=10000 correctly","hashN","Sun Oct 12 01:52:59 UTC 2025","passed","Sun Oct 12 01:52:59 UTC 2025","","","",""
"","0","Incoming message is emitted as received","Reliable Channel","Sun Oct 12 01:53:22 UTC 2025","passed","Sun Oct 12 01:53:22 UTC 2025","","","",""
"","1","Push message with content topic containing Russian","Waku Light Push (legacy=v2): Multiple Nodes: Strict Check: false","Sun Oct 12 02:10:43 UTC 2025","passed","Sun Oct 12 02:10:43 UTC 2025","","","",""
"","0","should skip peers without peer exchange protocol","PeerExchangeDiscovery","Sun Oct 12 01:52:38 UTC 2025","passed","Sun Oct 12 01:52:38 UTC 2025","","runQuery","",""
"","1","isConnected should return true after first peer connects","Connection state","Sun Oct 12 01:54:04 UTC 2025","passed","Sun Oct 12 01:54:04 UTC 2025","","","",""
"","0","should return false when peer is on different cluster","ShardReader","Sun Oct 12 01:52:28 UTC 2025","passed","Sun Oct 12 01:52:28 UTC 2025","","isPeerOnShard","",""
"","1","Init the array if not present","pushOrInitMapSet","Sun Oct 12 01:52:14 UTC 2025","passed","Sun Oct 12 01:52:14 UTC 2025","","","",""
"","0","3 nodes on /waku/2/rs/7/0 topic","Waku Relay auto-sharding, multiple pubsub topics","Sun Oct 12 01:56:42 UTC 2025","passed","Sun Oct 12 01:56:42 UTC 2025","","","",""
"","0","Meta field set when metaSetter is specified","Waku Message version 0","Sun Oct 12 01:52:29 UTC 2025","passed","Sun Oct 12 01:52:29 UTC 2025","","","",""
"","0","should update peer store before dialing","DiscoveryDialer","Sun Oct 12 01:52:28 UTC 2025","passed","Sun Oct 12 01:52:28 UTC 2025","","peer discovery handling","",""
"","0","should create PeerExchangeDiscovery with default options","PeerExchangeDiscovery","Sun Oct 12 01:52:38 UTC 2025","passed","Sun Oct 12 01:52:38 UTC 2025","","wakuPeerExchangeDiscovery factory","",""
"","0","throws an error for improperly formatted content topics","contentTopicsByPubsubTopic","Sun Oct 12 01:52:14 UTC 2025","passed","Sun Oct 12 01:52:14 UTC 2025","","","",""
"","0","should hash ""test123"" with n=5 and maxValue=1000 correctly","hashN","Sun Oct 12 01:52:59 UTC 2025","passed","Sun Oct 12 01:52:59 UTC 2025","","","",""
"","0","should properly create location multiaddrs - udp4","ENR","Sun Oct 12 01:52:20 UTC 2025","passed","Sun Oct 12 01:52:20 UTC 2025","","Location multiaddr","",""
"","4","should not dispatch event when already disconnected","NetworkMonitor","Sun Oct 12 01:52:28 UTC 2025","passed","Sun Oct 12 01:52:28 UTC 2025","","peer connection events","",""
"","0","Check received message containing Basic HTML tag","Waku Filter: FilterPush: Multiple Nodes: Strict Checking: true","Sun Oct 12 02:00:52 UTC 2025","passed","Sun Oct 12 02:00:52 UTC 2025","","","",""
"","1","should start connection monitor interval and dial on waku:connection if enableAutoRecovery is true","ConnectionLimiter","Sun Oct 12 01:52:29 UTC 2025","passed","Sun Oct 12 01:52:29 UTC 2025","","autoRecovery flag","",""
"","0","should emit `waku:online` event only when first peer is connected","Connection state","Sun Oct 12 01:54:04 UTC 2025","passed","Sun Oct 12 01:54:04 UTC 2025","","","",""
"","1","should handle task timeouts","RetryManager","Sun Oct 12 01:53:17 UTC 2025","passed","Sun Oct 12 01:53:17 UTC 2025","","","",""
"","0","should create ConnectionManager with required options","ConnectionManager","Sun Oct 12 01:52:30 UTC 2025","passed","Sun Oct 12 01:52:30 UTC 2025","","constructor","",""
"","0","should stop query on content message from same channel","Reliable Channel","Sun Oct 12 01:53:22 UTC 2025","passed","Sun Oct 12 01:53:22 UTC 2025","","stopIfTrue Integration with QueryOnConnect","",""
"","0","should emit message when we went offline since last successful query and store reconnect event occurs","QueryOnConnect","Sun Oct 12 01:53:19 UTC 2025","passed","Sun Oct 12 01:53:19 UTC 2025","","end-to-end message emission tests","",""
"","0","peerDiscovery without wakuPeerExchangeDiscovery","Peer Exchange","Sun Oct 12 01:56:39 UTC 2025","passed","Sun Oct 12 01:56:39 UTC 2025","","","",""
"","1","should jump to current time when timestamp is far in the past","lamportTimestampIncrement","Sun Oct 12 01:53:07 UTC 2025","passed","Sun Oct 12 01:53:07 UTC 2025","","","",""
"","0","should load peers from local storage and dispatch events","Peer Cache Discovery","Sun Oct 12 01:52:42 UTC 2025","passed","Sun Oct 12 01:52:42 UTC 2025","","Unit Tests","",""
"","1","Push message with content topic containing special chars","Waku Light Push (legacy=v2): Multiple Nodes: Strict Check: true","Sun Oct 12 02:10:43 UTC 2025","passed","Sun Oct 12 02:10:43 UTC 2025","","","",""
"","0","can start and stop the service","DNS Discovery: Compliance Test","Sun Oct 12 01:53:51 UTC 2025","passed","Sun Oct 12 01:53:51 UTC 2025","","interface-peer-discovery compliance tests","",""
"","1","Encoder throws on undefined content topic","Ensures content topic is defined","Sun Oct 12 01:52:29 UTC 2025","passed","Sun Oct 12 01:52:29 UTC 2025","","","",""
"","0","should successfully query store with valid decoders and options","Store","Sun Oct 12 01:53:19 UTC 2025","passed","Sun Oct 12 01:53:19 UTC 2025","","queryGenerator","",""
"","0","Push message with long payload","Waku Light Push (legacy=v3): Multiple Nodes: Strict Check: true","Sun Oct 12 02:10:43 UTC 2025","passed","Sun Oct 12 02:10:43 UTC 2025","","","",""
"","1","Push message with XML payload","Waku Light Push (legacy=v3): Multiple Nodes: Strict Check: true","Sun Oct 12 02:10:43 UTC 2025","passed","Sun Oct 12 02:10:43 UTC 2025","","","",""
"","7","should hash ""test123"" with n=1 and maxValue=1000 correctly","hashN","Sun Oct 12 01:52:59 UTC 2025","passed","Sun Oct 12 01:52:59 UTC 2025","","","",""
"","0","should attach causal history and bloom filter to each message","MessageChannel","Sun Oct 12 01:53:07 UTC 2025","passed","Sun Oct 12 01:53:07 UTC 2025","","sending a message ","",""
"","0","peer:update - should not schedule stream creation IF protocol hit AND stream found on connection","StreamManager","Sun Oct 12 01:52:29 UTC 2025","passed","Sun Oct 12 01:52:29 UTC 2025","","","",""
"","0","should retrieve 3 multiaddrs for sandbox.waku.nodes.status.im","DNS Node Discovery [live data]","Sun Oct 12 01:52:39 UTC 2025","skipped","Sun Oct 12 01:52:39 UTC 2025","","","",""
"","0","Subscribe and publish message","Waku Relay, Subscribe","Sun Oct 12 01:56:56 UTC 2025","passed","Sun Oct 12 01:56:56 UTC 2025","","","",""
"","1","topics with same application and version share the same shard","contentTopicToShardIndex","Sun Oct 12 01:52:14 UTC 2025","passed","Sun Oct 12 01:52:14 UTC 2025","","","",""
"","0","should set field with all protocols disabled","ENR","Sun Oct 12 01:52:20 UTC 2025","passed","Sun Oct 12 01:52:20 UTC 2025","","waku2 key round trip","",""
"","0","should query peer with peer exchange protocol","PeerExchangeDiscovery","Sun Oct 12 01:52:38 UTC 2025","passed","Sun Oct 12 01:52:38 UTC 2025","","runQuery","",""
"","0","Subscribe to topic containing short and receive message","Waku Filter: Subscribe: Multiple Service Nodes: Strict Check mode: true","Sun Oct 12 02:01:18 UTC 2025","passed","Sun Oct 12 02:01:18 UTC 2025","","","",""
"","0","should create relay timers when relay exists and relayKeepAlive > 0","KeepAliveManager","Sun Oct 12 01:52:29 UTC 2025","passed","Sun Oct 12 01:52:29 UTC 2025","","relay timer management","",""
"","0","should delegate to shardReader.isPeerOnTopic()","ConnectionManager","Sun Oct 12 01:52:30 UTC 2025","passed","Sun Oct 12 01:52:30 UTC 2025","","isPeerOnTopic","",""
"","0","Decoder throws on empty string content topic","Ensures content topic is defined","Sun Oct 12 01:52:50 UTC 2025","passed","Sun Oct 12 01:52:50 UTC 2025","","","",""
"","1","Store - dialed after - with timeout","Wait for remote peer","Sun Oct 12 01:59:30 UTC 2025","passed","Sun Oct 12 01:59:30 UTC 2025","","","",""
"","1","should emit a peer event after start","Peer Exchange","Sun Oct 12 01:57:35 UTC 2025","passed","Sun Oct 12 01:57:35 UTC 2025","interface-peer-discovery compliance tests","Compliance Test","",""
"","7","should not create multiple intervals when called multiple times","Dialer","Sun Oct 12 01:52:29 UTC 2025","passed","Sun Oct 12 01:52:29 UTC 2025","","start","",""
"","0","should return HistoryEntry with retrievalHint from sweepIncomingBuffer","MessageChannel","Sun Oct 12 01:53:07 UTC 2025","passed","Sun Oct 12 01:53:07 UTC 2025","","Sweeping incoming buffer","",""
"","1","Non TWN Cluster","Autosharding: Running Nodes","Sun Oct 12 01:58:20 UTC 2025","passed","Sun Oct 12 01:58:20 UTC 2025","","","",""
"","0","Publish without waiting for remote peer","Waku Relay, Subscribe","Sun Oct 12 01:56:56 UTC 2025","passed","Sun Oct 12 01:56:56 UTC 2025","","","",""
"","0","should return PeerId when Multiaddr input is provided","mapToPeerId","Sun Oct 12 01:52:29 UTC 2025","passed","Sun Oct 12 01:52:29 UTC 2025","","","",""
"","1","Passing page size 11 when there are 10 messages","Waku Store, page size","Sun Oct 12 01:59:20 UTC 2025","passed","Sun Oct 12 01:59:20 UTC 2025","","","",""
"","0","Push message with content topic containing emoji","Waku Light Push (legacy=v3): Multiple Nodes: Strict Check: true","Sun Oct 12 02:10:43 UTC 2025","passed","Sun Oct 12 02:10:43 UTC 2025","","","",""
"","0","should merge provided config with defaults","ConnectionManager","Sun Oct 12 01:52:30 UTC 2025","passed","Sun Oct 12 01:52:30 UTC 2025","","constructor","",""
"","0","throws on content topic with generation field greater than 0","ensureValidContentTopic","Sun Oct 12 01:52:14 UTC 2025","passed","Sun Oct 12 01:52:14 UTC 2025","","","",""
"","0","Push 30 different messages","Waku Light Push (legacy=v2): Multiple Nodes: Strict Check: false","Sun Oct 12 02:10:43 UTC 2025","skipped","Sun Oct 12 02:10:43 UTC 2025","","","",""
"","1","should drop connection to all peers on hangUp","Dialing","Sun Oct 12 01:55:12 UTC 2025","passed","Sun Oct 12 01:55:12 UTC 2025","","","",""
"","0","should extract SingleShardInfo from a valid PubsubTopic","pubsubTopicToSingleShardInfo with various invalid formats","Sun Oct 12 01:52:14 UTC 2025","passed","Sun Oct 12 01:52:14 UTC 2025","","","",""
"","0","returns nothing if no connections present","selectOpenConnection","Sun Oct 12 01:52:29 UTC 2025","passed","Sun Oct 12 01:52:29 UTC 2025","","","",""
"","0","should be able to encode the field with ALL protocols set to true","ENR waku2 codec","Sun Oct 12 01:52:19 UTC 2025","passed","Sun Oct 12 01:52:19 UTC 2025","","Encoding","",""
"","0","should correctly map /app/29/sometopic/someencoding to shard index 6","contentTopicToShardIndex","Sun Oct 12 01:52:14 UTC 2025","passed","Sun Oct 12 01:52:14 UTC 2025","","","",""
"","0","should not fail to start the service if it is already started","DNS Discovery: Compliance Test","Sun Oct 12 01:53:51 UTC 2025","passed","Sun Oct 12 01:53:51 UTC 2025","","interface-peer-discovery compliance tests","",""
"","1","should dial second nwaku node that was discovered","DiscoveryDialer","Sun Oct 12 01:53:45 UTC 2025","skipped","Sun Oct 12 01:53:45 UTC 2025","","","",""
"","3","should continually clean up expired entries at intervals","TTLSet","Sun Oct 12 01:53:16 UTC 2025","passed","Sun Oct 12 01:53:16 UTC 2025","","","",""
"","3","should return false when peer is not found","ShardReader","Sun Oct 12 01:52:28 UTC 2025","passed","Sun Oct 12 01:52:28 UTC 2025","","isPeerOnTopic","",""
"","1","should handle peer store update failures gracefully","KeepAliveManager","Sun Oct 12 01:52:29 UTC 2025","passed","Sun Oct 12 01:52:29 UTC 2025","","ping timer management","",""
"","1","should create NetworkMonitor with libp2p and events","NetworkMonitor","Sun Oct 12 01:52:28 UTC 2025","passed","Sun Oct 12 01:52:28 UTC 2025","","constructor","",""
"","0","Check message received after old nwaku nodes are not available and new are created","Waku Filter: FilterPush: Multiple Nodes: Strict Checking: false","Sun Oct 12 02:00:52 UTC 2025","passed","Sun Oct 12 02:00:52 UTC 2025","","","",""
"","0","should update ack status of messages in outgoing buffer","MessageChannel","Sun Oct 12 01:53:07 UTC 2025","passed","Sun Oct 12 01:53:07 UTC 2025","","Sync messages","",""
"","0","Fails to publish message with wrong pubsubtopic","Waku Relay, Publish","Sun Oct 12 01:56:49 UTC 2025","passed","Sun Oct 12 01:56:49 UTC 2025","","","",""
"","0","Push message with escaped characters payload","Waku Light Push (legacy=v3): Multiple Nodes: Strict Check: true","Sun Oct 12 02:10:43 UTC 2025","passed","Sun Oct 12 02:10:43 UTC 2025","","","",""
"","1","should retry if all attempts fail","RetryManager","Sun Oct 12 01:53:17 UTC 2025","passed","Sun Oct 12 01:53:17 UTC 2025","","","",""
"","0","Subscribe and receive symmetrically encrypted messages via lightPush","Waku Filter: Subscribe: Multiple Service Nodes: Strict Check mode: false","Sun Oct 12 02:01:18 UTC 2025","passed","Sun Oct 12 02:01:18 UTC 2025","","","",""
"","0","passes more than one ENR URLs and attempts connection","DNS Node Discovery [live data]","Sun Oct 12 01:53:51 UTC 2025","skipped","Sun Oct 12 01:53:51 UTC 2025","","","",""
"","0","should deliver messages after dependencies are met","MessageChannel","Sun Oct 12 01:53:07 UTC 2025","passed","Sun Oct 12 01:53:07 UTC 2025","","Sweeping incoming buffer","",""
"","0","should hash ""!@#$%^&*()"" with n=0 and maxValue=1000 correctly","hashN","Sun Oct 12 01:52:59 UTC 2025","passed","Sun Oct 12 01:52:59 UTC 2025","","","",""
"","1","should be safe to call multiple times","Dialer","Sun Oct 12 01:52:29 UTC 2025","passed","Sun Oct 12 01:52:29 UTC 2025","","stop","",""
"","0","Push message with content topic containing JSON","Waku Light Push (legacy=v3): Multiple Nodes: Strict Check: true","Sun Oct 12 02:10:43 UTC 2025","passed","Sun Oct 12 02:10:43 UTC 2025","","","",""
"","1","should handle queue overflow by adding peers to queue","Dialer","Sun Oct 12 01:52:29 UTC 2025","passed","Sun Oct 12 01:52:29 UTC 2025","","dial","",""
"","0","should add to incoming buffer if dependencies are not met","MessageChannel","Sun Oct 12 01:53:07 UTC 2025","passed","Sun Oct 12 01:53:07 UTC 2025","","receiving a message","",""
"","0","should return all connected peers without codec filter","ConnectionManager","Sun Oct 12 01:52:30 UTC 2025","passed","Sun Oct 12 01:52:30 UTC 2025","","getConnectedPeers","",""
"","1","Query generator for 2000 messages","Waku Store, general","Sun Oct 12 01:59:12 UTC 2025","passed","Sun Oct 12 01:59:12 UTC 2025","","","",""
"","0","Filter","Wait for remote peer","Sun Oct 12 01:59:30 UTC 2025","passed","Sun Oct 12 01:59:30 UTC 2025","","","",""
"","0","should hash """" with n=2 and maxValue=100 correctly","hashN","Sun Oct 12 01:52:59 UTC 2025","passed","Sun Oct 12 01:52:59 UTC 2025","","","",""
"","1","should return true when peer is on the specified shard","ShardReader","Sun Oct 12 01:52:28 UTC 2025","passed","Sun Oct 12 01:52:28 UTC 2025","","isPeerOnShard","",""
"","1","messageHashStr produces different results for different inputs","messageHash and messageHashStr","Sun Oct 12 01:52:29 UTC 2025","passed","Sun Oct 12 01:52:29 UTC 2025","","","",""
"","1","peer:update - should schedule stream creation IF protocol hit AND no stream found on connection","StreamManager","Sun Oct 12 01:52:29 UTC 2025","passed","Sun Oct 12 01:52:29 UTC 2025","","","",""
"","0","ignores unrecognized TXT record formats","DNS Node Discovery","Sun Oct 12 01:52:39 UTC 2025","passed","Sun Oct 12 01:52:39 UTC 2025","","","",""
"","1","should correctly map /app/22/sometopic/someencoding to shard index 2","contentTopicToShardIndex","Sun Oct 12 01:52:14 UTC 2025","passed","Sun Oct 12 01:52:14 UTC 2025","","","",""
"","0","Subscribe and receive 2 messages on the same topic","Waku Filter: Subscribe: Multiple Service Nodes: Strict Check mode: false","Sun Oct 12 02:01:18 UTC 2025","passed","Sun Oct 12 02:01:18 UTC 2025","","","",""
"","0","Push message with JSON payload","Waku Light Push (legacy=v2): Multiple Nodes: Strict Check: false","Sun Oct 12 02:10:43 UTC 2025","passed","Sun Oct 12 02:10:43 UTC 2025","","","",""
"","1","Passing a valid cursor at 2 index when there are 4 messages","Waku Store, cursor","Sun Oct 12 01:58:31 UTC 2025","passed","Sun Oct 12 01:58:31 UTC 2025","","","",""
"","1","Stops search when 2 null results are returned","Fetch nodes","Sun Oct 12 01:52:38 UTC 2025","passed","Sun Oct 12 01:52:38 UTC 2025","","","",""
"","0","Push message with escaped characters payload","Waku Light Push (legacy=v3): Multiple Nodes: Strict Check: false","Sun Oct 12 02:10:43 UTC 2025","passed","Sun Oct 12 02:10:43 UTC 2025","","","",""
"","1","Push message with content topic containing short","Waku Light Push (legacy=v3): Multiple Nodes: Strict Check: false","Sun Oct 12 02:10:43 UTC 2025","passed","Sun Oct 12 02:10:43 UTC 2025","","","",""
"","0","Subscribe to topic containing unicode special characters and receive message","Waku Filter: Subscribe: Multiple Service Nodes: Strict Check mode: true","Sun Oct 12 02:01:18 UTC 2025","passed","Sun Oct 12 02:01:18 UTC 2025","","","",""
"","0","3 nodes on /waku/2/rs/3/1 topic","Waku Relay, static sharding, multiple pubsub topics","Sun Oct 12 01:56:42 UTC 2025","passed","Sun Oct 12 01:56:42 UTC 2025","","","",""
"","7","should handle errors when removing globalThis listeners","NetworkMonitor","Sun Oct 12 01:52:28 UTC 2025","passed","Sun Oct 12 01:52:28 UTC 2025","","stop","",""
"","1","should filter out already connected peers","ConnectionLimiter","Sun Oct 12 01:52:29 UTC 2025","passed","Sun Oct 12 01:52:29 UTC 2025","","dialPeersFromStore","",""
"","0","should unregister libp2p event listeners when stop is called","PeerManager","Sun Oct 12 01:53:18 UTC 2025","passed","Sun Oct 12 01:53:18 UTC 2025","","","",""
"","0","Decoder throws on empty string content topic","Ensures content topic is defined","Sun Oct 12 01:52:29 UTC 2025","passed","Sun Oct 12 01:52:29 UTC 2025","","","",""
"","0","Sync message is not sent if another non-ephemeral message was just received","Reliable Channel: Sync","Sun Oct 12 01:53:27 UTC 2025","passed","Sun Oct 12 01:53:27 UTC 2025","","","",""
"","0","Push message with unicode special characters payload","Waku Light Push (legacy=v3): Multiple Nodes: Strict Check: true","Sun Oct 12 02:10:43 UTC 2025","passed","Sun Oct 12 02:10:43 UTC 2025","","","",""
"","0","should work with async generator that yields promises","QueryOnConnect","Sun Oct 12 01:53:19 UTC 2025","passed","Sun Oct 12 01:53:19 UTC 2025","","async generator retrieve function mock","",""
"","1","should mark all messages in causal history as acknowledged","MessageChannel","Sun Oct 12 01:53:07 UTC 2025","passed","Sun Oct 12 01:53:07 UTC 2025","","reviewing ack status","",""
"","0","Push message with content topic containing Chinese","Waku Light Push (legacy=v3): Multiple Nodes: Strict Check: false","Sun Oct 12 02:10:43 UTC 2025","passed","Sun Oct 12 02:10:43 UTC 2025","","","",""
"","0","Push message with Russian payload","Waku Light Push (legacy=v2): Multiple Nodes: Strict Check: false","Sun Oct 12 02:10:43 UTC 2025","passed","Sun Oct 12 02:10:43 UTC 2025","","","",""
"","0","Push message with numeric payload","Waku Light Push (legacy=v3): Multiple Nodes: Strict Check: false","Sun Oct 12 02:10:43 UTC 2025","passed","Sun Oct 12 02:10:43 UTC 2025","","","",""
"","1","n1 and n2 uses relay shard 1, n3 uses relay shard 2","Waku Relay, static sharding, multiple pubsub topics","Sun Oct 12 01:56:42 UTC 2025","passed","Sun Oct 12 01:56:42 UTC 2025","","","",""
"","0","should handle multiple peers with different shard configurations","Dialer","Sun Oct 12 01:52:29 UTC 2025","passed","Sun Oct 12 01:52:29 UTC 2025","","integration","",""
"","0","Query Generator  - false","Waku Store, order","Sun Oct 12 01:59:08 UTC 2025","passed","Sun Oct 12 01:59:08 UTC 2025","","","",""
"","1","Sign & Recover","Waku Encryption","Sun Oct 12 01:52:48 UTC 2025","passed","Sun Oct 12 01:52:48 UTC 2025","","","",""
"","0","should be delivered immediately if received","MessageChannel","Sun Oct 12 01:53:07 UTC 2025","passed","Sun Oct 12 01:53:07 UTC 2025","","Ephemeral messages","",""
"","0","should not discard bootstrap peers if under the limit","Connection Limiter","Sun Oct 12 01:54:26 UTC 2025","passed","Sun Oct 12 01:54:26 UTC 2025","","","",""
"","0","yields undefined for messages without decoder","StoreCore","Sun Oct 12 01:52:29 UTC 2025","passed","Sun Oct 12 01:52:29 UTC 2025","","queryPerPage","",""
"","0","should hash ""!@#$%^&*()"" with n=5 and maxValue=1000 correctly","hashN","Sun Oct 12 01:52:59 UTC 2025","passed","Sun Oct 12 01:52:59 UTC 2025","","","",""
"","0","Wait given interval before re-trying","Retry Manager","Sun Oct 12 01:53:19 UTC 2025","passed","Sun Oct 12 01:53:19 UTC 2025","","","",""
"","0","Subscribe and receive symmetrically encrypted messages via lightPush","Waku Filter: Subscribe: Multiple Service Nodes: Strict Check mode: true","Sun Oct 12 02:01:18 UTC 2025","passed","Sun Oct 12 02:01:18 UTC 2025","","","",""
"","0","should dial more peers if under maxConnections","ConnectionLimiter","Sun Oct 12 01:52:29 UTC 2025","passed","Sun Oct 12 01:52:29 UTC 2025","","maintainConnectionsCount","",""
"","0","should handle special patterns correctly","BloomFilter with special patterns","Sun Oct 12 01:53:04 UTC 2025","passed","Sun Oct 12 01:53:04 UTC 2025","","","",""
"","0","PeerStore has remote peer's shard info after successful connection","Metadata Protocol","Sun Oct 12 01:55:12 UTC 2025","passed","Sun Oct 12 01:55:12 UTC 2025","","static sharding","",""
"","1","Overlapping topic subscription","Waku Relay, Subscribe","Sun Oct 12 01:56:56 UTC 2025","skipped","Sun Oct 12 01:56:56 UTC 2025","","","",""
"","1","Unsubscribe 1 topic - node subscribed to 1 topic","Waku Filter: Unsubscribe: Multiple Nodes: Strict Checking: false","Sun Oct 12 01:56:36 UTC 2025","passed","Sun Oct 12 01:56:36 UTC 2025","","","",""
"","11","should handle onConnected and onDisconnected","PeerManager","Sun Oct 12 01:53:18 UTC 2025","passed","Sun Oct 12 01:53:18 UTC 2025","","","",""
"","0","msgTime: -19000 ms from now, startTime: -18990, endTime: -19010","Waku Store, time filter","Sun Oct 12 01:59:25 UTC 2025","passed","Sun Oct 12 01:59:25 UTC 2025","","","",""
"","1","should remove event listeners","KeepAliveManager","Sun Oct 12 01:52:29 UTC 2025","passed","Sun Oct 12 01:52:29 UTC 2025","","stop","",""
"","0","should clear dial history on stop","Dialer","Sun Oct 12 01:52:29 UTC 2025","passed","Sun Oct 12 01:52:29 UTC 2025","","stop","",""
"","1","Relay - dialed first","Wait for remote peer","Sun Oct 12 01:59:30 UTC 2025","passed","Sun Oct 12 01:59:30 UTC 2025","","","",""
"","3","should dial peer when no shard info available","Dialer","Sun Oct 12 01:52:29 UTC 2025","passed","Sun Oct 12 01:52:29 UTC 2025","","dial","",""
"","0","handles different clusterIds correctly","contentTopicsByPubsubTopic","Sun Oct 12 01:52:14 UTC 2025","passed","Sun Oct 12 01:52:14 UTC 2025","","","",""
"","0","should maintain chronological order of messages in localHistory","MessageChannel","Sun Oct 12 01:53:07 UTC 2025","passed","Sun Oct 12 01:53:07 UTC 2025","","receiving a message","",""
"","1","Check received message containing unicode special characters","Waku Filter: FilterPush: Multiple Nodes: Strict Checking: false","Sun Oct 12 02:00:52 UTC 2025","passed","Sun Oct 12 02:00:52 UTC 2025","","","",""
"","0","should hash ""test123"" with n=0 and maxValue=100 correctly","hashN","Sun Oct 12 01:52:59 UTC 2025","passed","Sun Oct 12 01:52:59 UTC 2025","","","",""
"","0","should insert message id into causal history","MessageChannel","Sun Oct 12 01:53:07 UTC 2025","passed","Sun Oct 12 01:53:07 UTC 2025","","sending a message ","",""
"","0","Push message with content topic containing Russian","Waku Light Push (legacy=v3): Multiple Nodes: Strict Check: false","Sun Oct 12 02:10:43 UTC 2025","passed","Sun Oct 12 02:10:43 UTC 2025","","","",""
"","0","Passing a valid cursor at 19 index when there are 20 messages","Waku Store, cursor","Sun Oct 12 01:58:31 UTC 2025","passed","Sun Oct 12 01:58:31 UTC 2025","","","",""
"","0","should continue query when messages are from different channels","Reliable Channel","Sun Oct 12 01:53:22 UTC 2025","passed","Sun Oct 12 01:53:22 UTC 2025","","stopIfTrue Integration with QueryOnConnect","",""
"","0","Push 30 different messages","Waku Light Push (legacy=v3): Multiple Nodes: Strict Check: true","Sun Oct 12 02:10:43 UTC 2025","skipped","Sun Oct 12 02:10:43 UTC 2025","","","",""
"","1","should handle peer store errors gracefully","DiscoveryDialer","Sun Oct 12 01:52:28 UTC 2025","passed","Sun Oct 12 01:52:28 UTC 2025","","peer discovery handling","",""
"","0","random static sharding 3 - Cluster ID: 68, Shard ID: 525","Static Sharding: Running Nodes","Sun Oct 12 01:59:00 UTC 2025","passed","Sun Oct 12 01:59:00 UTC 2025","","","",""
"","0","should dial peer immediately when queue is empty","Dialer","Sun Oct 12 01:52:29 UTC 2025","passed","Sun Oct 12 01:52:29 UTC 2025","","dial","",""
"","0","should return true when peer is on the same cluster","ShardReader","Sun Oct 12 01:52:28 UTC 2025","passed","Sun Oct 12 01:52:28 UTC 2025","","isPeerOnNetwork","",""
"","0","should hash ""!@#$%^&*()"" with n=2 and maxValue=100 correctly","hashN","Sun Oct 12 01:52:59 UTC 2025","passed","Sun Oct 12 01:52:59 UTC 2025","","","",""
"","0","Generator, 2 different shards","Waku Store, different static shards","Sun Oct 12 01:58:37 UTC 2025","passed","Sun Oct 12 01:58:37 UTC 2025","","","",""
"","0","Push message with shell command payload","Waku Light Push (legacy=v3): Multiple Nodes: Strict Check: false","Sun Oct 12 02:10:43 UTC 2025","passed","Sun Oct 12 02:10:43 UTC 2025","","","",""
"","0","should push the message to the outgoing buffer","MessageChannel","Sun Oct 12 01:53:07 UTC 2025","passed","Sun Oct 12 01:53:07 UTC 2025","","sending a message ","",""
"","0","should handle complete peer lifecycle","KeepAliveManager","Sun Oct 12 01:52:29 UTC 2025","passed","Sun Oct 12 01:52:29 UTC 2025","","integration","",""
"","1","Ephemeral messages are not stored","Waku Message Ephemeral field","Sun Oct 12 01:53:51 UTC 2025","passed","Sun Oct 12 01:53:51 UTC 2025","","","",""
"","1","should hash ""hello"" with n=0 and maxValue=1000 correctly","hashN","Sun Oct 12 01:52:59 UTC 2025","passed","Sun Oct 12 01:52:59 UTC 2025","","","",""
"","1","Get Nodes","Fetch nodes","Sun Oct 12 01:52:38 UTC 2025","passed","Sun Oct 12 01:52:38 UTC 2025","","","",""
"","1","should handle case when navigator is not available","NetworkMonitor","Sun Oct 12 01:52:28 UTC 2025","passed","Sun Oct 12 01:52:28 UTC 2025","","isConnected","",""
"","1","Query with Promise Callback, No message returned","Waku Store, error handling","Sun Oct 12 01:58:44 UTC 2025","passed","Sun Oct 12 01:58:44 UTC 2025","","","",""
"","0","Query Generator, Multiple PubsubTopics","Waku Store, error handling","Sun Oct 12 01:58:44 UTC 2025","passed","Sun Oct 12 01:58:44 UTC 2025","","","",""
"","0","should handle dial errors gracefully","Dialer","Sun Oct 12 01:52:29 UTC 2025","passed","Sun Oct 12 01:52:29 UTC 2025","","dial","",""
"","0","Used by Waku Relay","Decryption Keys","Sun Oct 12 01:59:27 UTC 2025","passed","Sun Oct 12 01:59:27 UTC 2025","","","",""
"","0","should return false when peer is not on topic","ConnectionManager","Sun Oct 12 01:52:30 UTC 2025","passed","Sun Oct 12 01:52:30 UTC 2025","","isPeerOnTopic","",""
"","1","should delegate to networkMonitor.isConnected()","ConnectionManager","Sun Oct 12 01:52:30 UTC 2025","passed","Sun Oct 12 01:52:30 UTC 2025","","isConnected","",""
"","0","random static sharding 1 - Cluster ID: 357, Shard ID: 198","Static Sharding: Running Nodes","Sun Oct 12 01:59:00 UTC 2025","passed","Sun Oct 12 01:59:00 UTC 2025","","","",""
"","0","Check message on other pubsub topic is not received","Waku Filter: FilterPush: Multiple Nodes: Strict Checking: true","Sun Oct 12 02:00:52 UTC 2025","passed","Sun Oct 12 02:00:52 UTC 2025","","","",""
"","1","should discover peers from provided peer cache","Peer Cache Discovery","Sun Oct 12 01:55:16 UTC 2025","passed","Sun Oct 12 01:55:16 UTC 2025","","","",""
"","0","Check publish message containing Script","Waku Relay, Publish","Sun Oct 12 01:56:49 UTC 2025","passed","Sun Oct 12 01:56:49 UTC 2025","","","",""
"","0","should remove messages without delivering if timeout is exceeded","MessageChannel","Sun Oct 12 01:53:07 UTC 2025","passed","Sun Oct 12 01:53:07 UTC 2025","","Sweeping incoming buffer","",""
"","0","should return false when navigator.onLine is true but network is not connected","NetworkMonitor","Sun Oct 12 01:52:28 UTC 2025","passed","Sun Oct 12 01:52:28 UTC 2025","","isConnected","",""
"","0","Passing invalid cursor","Waku Store, cursor","Sun Oct 12 01:58:31 UTC 2025","passed","Sun Oct 12 01:58:31 UTC 2025","","","",""
"","1","Subscribe to topic containing Arabic and publish message","Waku Relay, Subscribe","Sun Oct 12 01:56:56 UTC 2025","passed","Sun Oct 12 01:56:56 UTC 2025","","","",""
"","0","should handle mixed protocol support correctly","HealthIndicator","Sun Oct 12 01:53:18 UTC 2025","passed","Sun Oct 12 01:53:18 UTC 2025","","","",""
"","0","Push message equal or less that 1MB","Waku Light Push (legacy=v3): Multiple Nodes: Strict Check: false","Sun Oct 12 02:10:43 UTC 2025","passed","Sun Oct 12 02:10:43 UTC 2025","","","",""
"","1","throws if decoders don't match content topics","StoreCore","Sun Oct 12 01:52:29 UTC 2025","passed","Sun Oct 12 01:52:29 UTC 2025","","queryPerPage","",""
"","1","ENRTree (branch): should parse and verify a single component DNS branch entry","ENRTree","Sun Oct 12 01:52:37 UTC 2025","passed","Sun Oct 12 01:52:37 UTC 2025","","","",""
"","1","Push message with short payload","Waku Light Push (legacy=v3): Multiple Nodes: Strict Check: true","Sun Oct 12 02:10:43 UTC 2025","passed","Sun Oct 12 02:10:43 UTC 2025","","","",""
"","0","should not dispatch event when already connected","NetworkMonitor","Sun Oct 12 01:52:28 UTC 2025","passed","Sun Oct 12 01:52:28 UTC 2025","","peer connection events","",""
"","0","Push message with custom timestamp: 1729475648593","Waku Light Push (legacy=v2): Multiple Nodes: Strict Check: false","Sun Oct 12 02:10:43 UTC 2025","passed","Sun Oct 12 02:10:43 UTC 2025","","","",""
"","0","should sort by lamportTimestamp when timestamps differ","ContentMessage comparison with < operator","Sun Oct 12 01:53:07 UTC 2025","passed","Sun Oct 12 01:53:07 UTC 2025","","","",""
"","0","Push message with content topic containing Arabic","Waku Light Push (legacy=v3): Multiple Nodes: Strict Check: true","Sun Oct 12 02:10:43 UTC 2025","passed","Sun Oct 12 02:10:43 UTC 2025","","","",""
"","0","Subscribe to topic containing Basic HTML tag and publish message","Waku Relay, Subscribe","Sun Oct 12 01:56:56 UTC 2025","passed","Sun Oct 12 01:56:56 UTC 2025","","","",""
"","1","throws on empty content topic","ensureValidContentTopic","Sun Oct 12 01:52:14 UTC 2025","passed","Sun Oct 12 01:52:14 UTC 2025","","","",""
"","0","ENRTree (root): should parse and verify and DNS root entry","ENRTree","Sun Oct 12 01:52:37 UTC 2025","passed","Sun Oct 12 01:52:37 UTC 2025","","","",""
"","1","Check publish message containing short","Waku Relay, Publish","Sun Oct 12 01:56:49 UTC 2025","passed","Sun Oct 12 01:56:49 UTC 2025","","","",""
"","0","Push message with content topic containing SQL Injection","Waku Light Push (legacy=v2): Multiple Nodes: Strict Check: true","Sun Oct 12 02:10:43 UTC 2025","passed","Sun Oct 12 02:10:43 UTC 2025","","","",""
"","1","should only return 1 node with relay and store capability","DNS Node Discovery w/ capabilities","Sun Oct 12 01:52:39 UTC 2025","passed","Sun Oct 12 01:52:39 UTC 2025","","","",""
"","0","should be sent with empty content","MessageChannel","Sun Oct 12 01:53:07 UTC 2025","passed","Sun Oct 12 01:53:07 UTC 2025","","Sync messages","",""
"","1","throws on content topic with too few or too many fields","ensureValidContentTopic","Sun Oct 12 01:52:14 UTC 2025","passed","Sun Oct 12 01:52:14 UTC 2025","","","",""
"","0","should hash ""hello"" with n=2 and maxValue=10000 correctly","hashN","Sun Oct 12 01:52:59 UTC 2025","passed","Sun Oct 12 01:52:59 UTC 2025","","","",""
"","0","should throw error when no peers are available","Store","Sun Oct 12 01:53:19 UTC 2025","passed","Sun Oct 12 01:53:19 UTC 2025","","queryGenerator","",""
"","1","Check message with no content topic is not received","Waku Filter: FilterPush: Multiple Nodes: Strict Checking: false","Sun Oct 12 02:00:52 UTC 2025","passed","Sun Oct 12 02:00:52 UTC 2025","","","",""
"","0","should allow redial after failed dial cooldown expires","Dialer","Sun Oct 12 01:52:29 UTC 2025","passed","Sun Oct 12 01:52:29 UTC 2025","","dial","",""
"","0","Subscribe to topic containing escaped characters and receive message","Waku Filter: Subscribe: Multiple Service Nodes: Strict Check mode: false","Sun Oct 12 02:01:18 UTC 2025","passed","Sun Oct 12 02:01:18 UTC 2025","","","",""
"","0","Subscribe to topic containing numeric and receive message","Waku Filter: Subscribe: Multiple Service Nodes: Strict Check mode: true","Sun Oct 12 02:01:18 UTC 2025","passed","Sun Oct 12 02:01:18 UTC 2025","","","",""
"","0","Push 30 different messages","Waku Light Push (legacy=v3): Multiple Nodes: Strict Check: false","Sun Oct 12 02:10:43 UTC 2025","skipped","Sun Oct 12 02:10:43 UTC 2025","","","",""
"","0","random auto sharding 2 - Cluster ID: 10, Content Topic: /app44/9/topic712/proto","Autosharding: Running Nodes","Sun Oct 12 01:58:20 UTC 2025","passed","Sun Oct 12 01:58:20 UTC 2025","","","",""
"","1","should not process empty queue","Dialer","Sun Oct 12 01:52:29 UTC 2025","passed","Sun Oct 12 01:52:29 UTC 2025","","queue processing","",""
"","1","throws on content topic with empty topic name field","ensureValidContentTopic","Sun Oct 12 01:52:14 UTC 2025","passed","Sun Oct 12 01:52:14 UTC 2025","","","",""
"","0","Push message with emoji payload","Waku Light Push (legacy=v2): Multiple Nodes: Strict Check: false","Sun Oct 12 02:10:43 UTC 2025","passed","Sun Oct 12 02:10:43 UTC 2025","","","",""
"","0","should handle shardReader errors","ConnectionManager","Sun Oct 12 01:52:30 UTC 2025","passed","Sun Oct 12 01:52:30 UTC 2025","","isPeerOnTopic","",""
"","0","Push message with content topic containing special chars","Waku Light Push (legacy=v3): Multiple Nodes: Strict Check: true","Sun Oct 12 02:10:43 UTC 2025","passed","Sun Oct 12 02:10:43 UTC 2025","","","",""
"","1","should add received message to localHistory with retrievalHint","MessageChannel","Sun Oct 12 01:53:07 UTC 2025","passed","Sun Oct 12 01:53:07 UTC 2025","","receiving a message","",""
"","0","different cluster: nodes don't connect","Metadata Protocol","Sun Oct 12 01:55:12 UTC 2025","passed","Sun Oct 12 01:55:12 UTC 2025","","auto sharding","",""
"","0","Push message with numeric payload","Waku Light Push (legacy=v2): Multiple Nodes: Strict Check: true","Sun Oct 12 02:10:43 UTC 2025","passed","Sun Oct 12 02:10:43 UTC 2025","","","",""
"","0","should not receive a peer event after stop","Peer Cache Discovery","Sun Oct 12 01:52:42 UTC 2025","passed","Sun Oct 12 01:52:42 UTC 2025","interface-peer-discovery compliance tests","Compliance Tests","",""
"","0","Push message with custom timestamp: 1760230448592","Waku Light Push (legacy=v2): Multiple Nodes: Strict Check: true","Sun Oct 12 02:10:43 UTC 2025","passed","Sun Oct 12 02:10:43 UTC 2025","","","",""
"","1","Ordered Callback sorting by timestamp while page direction is false","Waku Store, sorting","Sun Oct 12 01:59:17 UTC 2025","passed","Sun Oct 12 01:59:17 UTC 2025","","","",""
"","0","should clear all timers","KeepAliveManager","Sun Oct 12 01:52:29 UTC 2025","passed","Sun Oct 12 01:52:29 UTC 2025","","stop","",""
"","0","Stops search when maxGet is reached","Fetch nodes","Sun Oct 12 01:52:38 UTC 2025","passed","Sun Oct 12 01:52:38 UTC 2025","","","",""
"","0","should not create relay timers when relay is not provided","KeepAliveManager","Sun Oct 12 01:52:29 UTC 2025","passed","Sun Oct 12 01:52:29 UTC 2025","","relay timer management","",""
"","0","Ephemeral field is preserved - symmetric encryption","Waku Message Ephemeral field","Sun Oct 12 01:53:51 UTC 2025","passed","Sun Oct 12 01:53:51 UTC 2025","","","",""
"","0","should work with mock decoders","QueryOnConnect","Sun Oct 12 01:53:19 UTC 2025","passed","Sun Oct 12 01:53:19 UTC 2025","","mock validation","",""
"","1","Symmetric encrypt & Decrypt","Waku Encryption","Sun Oct 12 01:52:48 UTC 2025","passed","Sun Oct 12 01:52:48 UTC 2025","","","",""
"","4","should unlock peer and allow reuse after renewPeer","PeerManager","Sun Oct 12 01:53:18 UTC 2025","passed","Sun Oct 12 01:53:18 UTC 2025","","","",""
"","1","should emit `waku:offline` event only when all peers disconnect","Connection state","Sun Oct 12 01:54:04 UTC 2025","passed","Sun Oct 12 01:54:04 UTC 2025","","","",""
"","1","Check received message with timestamp: 1760234025257000000 ","Waku Filter: FilterPush: Multiple Nodes: Strict Checking: false","Sun Oct 12 02:00:52 UTC 2025","passed","Sun Oct 12 02:00:52 UTC 2025","","","",""
"","0","should reject if Store is requested but not mounted","waitForRemotePeer","Sun Oct 12 01:53:19 UTC 2025","passed","Sun Oct 12 01:53:19 UTC 2025","","","",""
"","0","Query generator for multiple messages with different content topic format","Waku Store, general","Sun Oct 12 01:59:12 UTC 2025","passed","Sun Oct 12 01:59:12 UTC 2025","","","",""
"","1","Subscribe and receive messages on 2 different content topics","Waku Filter: Subscribe: Multiple Service Nodes: Strict Check mode: false","Sun Oct 12 02:01:18 UTC 2025","passed","Sun Oct 12 02:01:18 UTC 2025","","","",""
"","0","should be able to decode the field with RELAY and FILTER protocols set to true","ENR waku2 codec","Sun Oct 12 01:52:19 UTC 2025","passed","Sun Oct 12 01:52:19 UTC 2025","","Decoding","",""
"","0","Push message with Script payload","Waku Light Push (legacy=v2): Multiple Nodes: Strict Check: false","Sun Oct 12 02:10:43 UTC 2025","passed","Sun Oct 12 02:10:43 UTC 2025","","","",""
"","0","should be safe to call multiple times","ConnectionLimiter","Sun Oct 12 01:52:29 UTC 2025","passed","Sun Oct 12 01:52:29 UTC 2025","","stop","",""
"","0","should not mark messages in causal history as acknowledged if it's our own message","MessageChannel","Sun Oct 12 01:53:07 UTC 2025","passed","Sun Oct 12 01:53:07 UTC 2025","","reviewing ack status","",""
"","0","should retrieve 3 multiaddrs for test.waku.nodes.status.im","DNS Node Discovery [live data]","Sun Oct 12 01:52:39 UTC 2025","skipped","Sun Oct 12 01:52:39 UTC 2025","","","",""
"","0","all px service nodes subscribed to the shard topic should be dialed","Autosharding: Peer Management","Sun Oct 12 01:59:13 UTC 2025","passed","Sun Oct 12 01:59:13 UTC 2025","","Peer Exchange","",""
"","1","should add event listener for peer:discovery","DiscoveryDialer","Sun Oct 12 01:52:28 UTC 2025","passed","Sun Oct 12 01:52:28 UTC 2025","","start","",""
"","0","should perform initial health assessment on start","HealthIndicator","Sun Oct 12 01:53:18 UTC 2025","passed","Sun Oct 12 01:53:18 UTC 2025","","","",""
"","1","Subscribe and publish 10000 messages on the same topic","Waku Relay, Subscribe","Sun Oct 12 01:56:56 UTC 2025","passed","Sun Oct 12 01:56:56 UTC 2025","","","",""
"","7","should create an instance with libp2p and dialer","DiscoveryDialer","Sun Oct 12 01:52:28 UTC 2025","passed","Sun Oct 12 01:52:28 UTC 2025","","constructor","",""
"","1","Push message with XML payload","Waku Light Push (legacy=v2): Multiple Nodes: Strict Check: true","Sun Oct 12 02:10:43 UTC 2025","passed","Sun Oct 12 02:10:43 UTC 2025","","","",""
"","1","should not receive a peer event before start","DNS Discovery: Compliance Test","Sun Oct 12 01:53:51 UTC 2025","passed","Sun Oct 12 01:53:51 UTC 2025","","interface-peer-discovery compliance tests","",""
"","1","Throws when trying to push message with empty payload","Waku Light Push (legacy=v2): Multiple Nodes: Strict Check: true","Sun Oct 12 02:10:43 UTC 2025","passed","Sun Oct 12 02:10:43 UTC 2025","","","",""
"","1","Push message with content topic containing unicode special characters","Waku Light Push (legacy=v2): Multiple Nodes: Strict Check: true","Sun Oct 12 02:10:43 UTC 2025","passed","Sun Oct 12 02:10:43 UTC 2025","","","",""
"","0","should properly start and stop event listening","HealthIndicator","Sun Oct 12 01:53:18 UTC 2025","passed","Sun Oct 12 01:53:18 UTC 2025","","","",""
"","0","should dial one peer on dial","Dialing","Sun Oct 12 01:55:12 UTC 2025","passed","Sun Oct 12 01:55:12 UTC 2025","","","",""
"","4","should hash ""hello"" with n=2 and maxValue=1000 correctly","hashN","Sun Oct 12 01:52:59 UTC 2025","passed","Sun Oct 12 01:52:59 UTC 2025","","","",""
"","0","Push message with content topic containing unicode special characters","Waku Light Push (legacy=v2): Multiple Nodes: Strict Check: false","Sun Oct 12 02:10:43 UTC 2025","passed","Sun Oct 12 02:10:43 UTC 2025","","","",""
"","0","Check received message containing short","Waku Filter: FilterPush: Multiple Nodes: Strict Checking: true","Sun Oct 12 02:00:52 UTC 2025","passed","Sun Oct 12 02:00:52 UTC 2025","","","",""
"","0","Passing a valid cursor at 0 index when there are 20 messages","Waku Store, cursor","Sun Oct 12 01:58:31 UTC 2025","passed","Sun Oct 12 01:58:31 UTC 2025","","","",""
"","0","should add event listeners for waku:connection and peer:disconnect","ConnectionLimiter","Sun Oct 12 01:52:29 UTC 2025","passed","Sun Oct 12 01:52:29 UTC 2025","","start","",""
"","0","should hash ""!@#$%^&*()"" with n=1 and maxValue=1000 correctly","hashN","Sun Oct 12 01:52:59 UTC 2025","passed","Sun Oct 12 01:52:59 UTC 2025","","","",""
"","1","should handle hash queries without validation","Store","Sun Oct 12 01:53:19 UTC 2025","passed","Sun Oct 12 01:53:19 UTC 2025","","queryGenerator","",""
"","0","ends after yielding if response size indicates end","StoreCore","Sun Oct 12 01:52:29 UTC 2025","passed","Sun Oct 12 01:52:29 UTC 2025","","queryPerPage","",""
"","0","returns a subset of values when wanted number is lesser than available values","Discovery","Sun Oct 12 01:52:37 UTC 2025","passed","Sun Oct 12 01:52:37 UTC 2025","","","",""
"","1","Push message with shell command payload","Waku Light Push (legacy=v3): Multiple Nodes: Strict Check: true","Sun Oct 12 02:10:43 UTC 2025","passed","Sun Oct 12 02:10:43 UTC 2025","","","",""
"","5","should handle complete connection lifecycle","NetworkMonitor","Sun Oct 12 01:52:28 UTC 2025","passed","Sun Oct 12 01:52:28 UTC 2025","","integration","",""
"","0","Subscribe to topic containing Basic HTML tag and receive message","Waku Filter: Subscribe: Multiple Service Nodes: Strict Check mode: false","Sun Oct 12 02:01:18 UTC 2025","passed","Sun Oct 12 02:01:18 UTC 2025","","","",""
"","6","should be empty when created","Filter Subscription","Sun Oct 12 01:53:17 UTC 2025","passed","Sun Oct 12 01:53:17 UTC 2025","","","",""
"","0","should hash ""!@#$%^&*()"" with n=5 and maxValue=10000 correctly","hashN","Sun Oct 12 01:52:59 UTC 2025","passed","Sun Oct 12 01:52:59 UTC 2025","","","",""
"","1","different cluster:  nodes don't connect","Metadata Protocol","Sun Oct 12 01:55:12 UTC 2025","passed","Sun Oct 12 01:55:12 UTC 2025","","static sharding","",""
"","0","should skip already querying peers","PeerExchangeDiscovery","Sun Oct 12 01:52:38 UTC 2025","passed","Sun Oct 12 01:52:38 UTC 2025","","runQuery","",""
"","0","it tolerates circular branch references","DNS Node Discovery","Sun Oct 12 01:52:38 UTC 2025","passed","Sun Oct 12 01:52:38 UTC 2025","","","",""
"","1","should increase lamport timestamp","MessageChannel","Sun Oct 12 01:53:07 UTC 2025","passed","Sun Oct 12 01:53:07 UTC 2025","","sending a message ","",""
"","1","Check received message containing special chars","Waku Filter: FilterPush: Multiple Nodes: Strict Checking: true","Sun Oct 12 02:00:52 UTC 2025","passed","Sun Oct 12 02:00:52 UTC 2025","","","",""
"","7","should not retry if at least one success","LightPush SDK","Sun Oct 12 01:53:17 UTC 2025","passed","Sun Oct 12 01:53:17 UTC 2025","","","",""
"","0","Check publish message containing emoji","Waku Relay, Publish","Sun Oct 12 01:56:49 UTC 2025","passed","Sun Oct 12 01:56:49 UTC 2025","","","",""
"","1","msgTime: 19000 ms from now, startTime: 18990, endTime: 19010","Waku Store, time filter","Sun Oct 12 01:59:25 UTC 2025","passed","Sun Oct 12 01:59:25 UTC 2025","","","",""
"","0","Check publish message containing special chars","Waku Relay, Publish","Sun Oct 12 01:56:49 UTC 2025","passed","Sun Oct 12 01:56:49 UTC 2025","","","",""
"","1","Check received message containing Script","Waku Filter: FilterPush: Multiple Nodes: Strict Checking: true","Sun Oct 12 02:00:52 UTC 2025","passed","Sun Oct 12 02:00:52 UTC 2025","","","",""
"","2","random auto sharding 10 - Cluster ID: 10, Content Topic: /app30/8/topic813/xml","Autosharding: Running Nodes","Sun Oct 12 01:58:20 UTC 2025","passed","Sun Oct 12 01:58:20 UTC 2025","","","",""
"","0","msgTime: -19000 ms from now, startTime: -20000, endTime: -19000","Waku Store, time filter","Sun Oct 12 01:59:25 UTC 2025","passed","Sun Oct 12 01:59:25 UTC 2025","","","",""
"","0","should skip updating peer store if peer has same addresses","DiscoveryDialer","Sun Oct 12 01:52:28 UTC 2025","passed","Sun Oct 12 01:52:28 UTC 2025","","updatePeerStore","",""
"","0","should stop and cleanup resources","Filter Subscription","Sun Oct 12 01:53:17 UTC 2025","passed","Sun Oct 12 01:53:17 UTC 2025","","","",""
"","0","should remove event listeners","ConnectionLimiter","Sun Oct 12 01:52:29 UTC 2025","passed","Sun Oct 12 01:52:29 UTC 2025","","stop","",""
"","0","should handle relay send failures gracefully","KeepAliveManager","Sun Oct 12 01:52:29 UTC 2025","passed","Sun Oct 12 01:52:29 UTC 2025","","relay timer management","",""
"","0","Push message with content topic containing unicode special characters","Waku Light Push (legacy=v3): Multiple Nodes: Strict Check: true","Sun Oct 12 02:10:43 UTC 2025","passed","Sun Oct 12 02:10:43 UTC 2025","","","",""
"","0","should hash ""Lorem ipsum dolor sit amet"" with n=0 and maxValue=10000 correctly","hashN","Sun Oct 12 01:53:00 UTC 2025","passed","Sun Oct 12 01:53:00 UTC 2025","","","",""
"","1","should not return the same peer twice in consecutive getPeers calls without renew","PeerManager","Sun Oct 12 01:53:18 UTC 2025","passed","Sun Oct 12 01:53:18 UTC 2025","","","",""
"","0","Push message with content topic containing short","Waku Light Push (legacy=v2): Multiple Nodes: Strict Check: false","Sun Oct 12 02:10:43 UTC 2025","passed","Sun Oct 12 02:10:43 UTC 2025","","","",""
"","0","should work with stubbed peer manager event emitter","QueryOnConnect","Sun Oct 12 01:53:19 UTC 2025","passed","Sun Oct 12 01:53:19 UTC 2025","","mock validation","",""
"","0","should process tasks in queue","RetryManager","Sun Oct 12 01:53:17 UTC 2025","passed","Sun Oct 12 01:53:17 UTC 2025","","","",""
"","1","random static sharding 2 - Cluster ID: 392, Shard ID: 208","Static Sharding: Running Nodes","Sun Oct 12 01:59:00 UTC 2025","passed","Sun Oct 12 01:59:00 UTC 2025","","","",""
"","0","should throw an error for invalid PubsubTopic format: /waku/2/rs","pubsubTopicToSingleShardInfo with various invalid formats","Sun Oct 12 01:52:14 UTC 2025","passed","Sun Oct 12 01:52:14 UTC 2025","","","",""
"","0","Subscribe to 30 topics in separate streams (30 streams for Filter is limit) at once and receives messages","Waku Filter: Subscribe: Multiple Service Nodes: Strict Check mode: true","Sun Oct 12 02:01:18 UTC 2025","skipped","Sun Oct 12 02:01:18 UTC 2025","","","",""
"","0","should not requeue if maxAttempts is exhausted and no peer is available","RetryManager","Sun Oct 12 01:53:17 UTC 2025","passed","Sun Oct 12 01:53:17 UTC 2025","","","",""
"","0","should hash """" with n=0 and maxValue=100 correctly","hashN","Sun Oct 12 01:52:59 UTC 2025","passed","Sun Oct 12 01:52:59 UTC 2025","","","",""
"","1","can start the service","Peer Exchange","Sun Oct 12 01:57:35 UTC 2025","passed","Sun Oct 12 01:57:35 UTC 2025","interface-peer-discovery compliance tests","Compliance Test","",""
"","0","should get / set TCP multiaddr","ENR","Sun Oct 12 01:52:20 UTC 2025","passed","Sun Oct 12 01:52:20 UTC 2025","","Multiaddr getters and setters","",""
"","1","should dial peer when peer is discovered","DiscoveryDialer","Sun Oct 12 01:52:28 UTC 2025","passed","Sun Oct 12 01:52:28 UTC 2025","","peer discovery handling","",""
"","0","should create ShardReader with auto sharding network config","ShardReader","Sun Oct 12 01:52:28 UTC 2025","passed","Sun Oct 12 01:52:28 UTC 2025","","constructor","",""
"","1","Check message received after jswaku node is restarted","Waku Filter: FilterPush: Multiple Nodes: Strict Checking: false","Sun Oct 12 02:00:52 UTC 2025","passed","Sun Oct 12 02:00:52 UTC 2025","","","",""
"","1","should retry failed tasks","RetryManager","Sun Oct 12 01:53:17 UTC 2025","passed","Sun Oct 12 01:53:17 UTC 2025","","","",""
"","1","should hash ""test123"" with n=5 and maxValue=100 correctly","hashN","Sun Oct 12 01:52:59 UTC 2025","passed","Sun Oct 12 01:52:59 UTC 2025","","","",""
"","0","Light push messages to 2 nwaku nodes each with different pubsubtopics","Waku Light Push (Autosharding): Multiple Shards","Sun Oct 12 01:54:50 UTC 2025","passed","Sun Oct 12 01:54:50 UTC 2025","","","",""
"","0","should handle peer store errors gracefully","HealthIndicator","Sun Oct 12 01:53:18 UTC 2025","passed","Sun Oct 12 01:53:18 UTC 2025","","","",""
"","1","should throw an error for non-numeric clusterId: /waku/2/rs/$/1","pubsubTopicToSingleShardInfo with various invalid formats","Sun Oct 12 01:52:14 UTC 2025","passed","Sun Oct 12 01:52:14 UTC 2025","","","",""
"","0","should skip peer when failed to dial recently","Dialer","Sun Oct 12 01:52:29 UTC 2025","passed","Sun Oct 12 01:52:29 UTC 2025","","dial","",""
"","1","should accept empty decoders array","QueryOnConnect","Sun Oct 12 01:53:19 UTC 2025","passed","Sun Oct 12 01:53:19 UTC 2025","","constructor","",""
"","1","Subscribe to topic containing numeric and publish message","Waku Relay, Subscribe","Sun Oct 12 01:56:56 UTC 2025","passed","Sun Oct 12 01:56:56 UTC 2025","","","",""
"","0","should throw an error for non-numeric clusterId: /waku/2/rs/\/1","pubsubTopicToSingleShardInfo with various invalid formats","Sun Oct 12 01:52:14 UTC 2025","passed","Sun Oct 12 01:52:14 UTC 2025","","","",""
"","1","should requeue task if no peer is available","RetryManager","Sun Oct 12 01:53:17 UTC 2025","passed","Sun Oct 12 01:53:17 UTC 2025","","","",""
"","0","should hash """" with n=1 and maxValue=1000 correctly","hashN","Sun Oct 12 01:52:59 UTC 2025","passed","Sun Oct 12 01:52:59 UTC 2025","","","",""
"","0","should properly compute the node id","ENR","Sun Oct 12 01:52:20 UTC 2025","passed","Sun Oct 12 01:52:20 UTC 2025","","Static tests","",""
"","1","should stop peer exchange discovery","PeerExchangeDiscovery","Sun Oct 12 01:52:38 UTC 2025","passed","Sun Oct 12 01:52:38 UTC 2025","","stop","",""
"","0","should throw an error for non-numeric shard: /waku/2/rs/1/y","pubsubTopicToSingleShardInfo with various invalid formats","Sun Oct 12 01:52:14 UTC 2025","passed","Sun Oct 12 01:52:14 UTC 2025","","","",""
"","0","should hash ""test123"" with n=2 and maxValue=100 correctly","hashN","Sun Oct 12 01:52:59 UTC 2025","passed","Sun Oct 12 01:52:59 UTC 2025","","","",""
"","1","Push message with short payload","Waku Light Push (legacy=v2): Multiple Nodes: Strict Check: true","Sun Oct 12 02:10:43 UTC 2025","passed","Sun Oct 12 02:10:43 UTC 2025","","","",""
"","0","Push message with content topic containing Chinese","Waku Light Push (legacy=v3): Multiple Nodes: Strict Check: true","Sun Oct 12 02:10:43 UTC 2025","passed","Sun Oct 12 02:10:43 UTC 2025","","","",""
"","0","Query with Promise Callback, No Decoder","Waku Store, error handling","Sun Oct 12 01:58:44 UTC 2025","passed","Sun Oct 12 01:58:44 UTC 2025","","","",""
"","1","Publishes to nwaku","Waku Relay, Interop","Sun Oct 12 01:56:48 UTC 2025","passed","Sun Oct 12 01:56:48 UTC 2025","","","",""
"","5","should not create timers for topics where peer is not in mesh","KeepAliveManager","Sun Oct 12 01:52:29 UTC 2025","passed","Sun Oct 12 01:52:29 UTC 2025","","relay timer management","",""
"","0","should throw an error for non-numeric shard: /waku/2/rs/1/$","pubsubTopicToSingleShardInfo with various invalid formats","Sun Oct 12 01:52:14 UTC 2025","passed","Sun Oct 12 01:52:14 UTC 2025","","","",""
"","0","should hash ""!@#$%^&*()"" with n=1 and maxValue=100 correctly","hashN","Sun Oct 12 01:52:59 UTC 2025","passed","Sun Oct 12 01:52:59 UTC 2025","","","",""
"","0","Subscribe and receive ecies encrypted messages via lightPush","Waku Filter: Subscribe: Multiple Service Nodes: Strict Check mode: true","Sun Oct 12 02:01:18 UTC 2025","passed","Sun Oct 12 02:01:18 UTC 2025","","","",""
"","0","Subscribe to topic containing JSON and receive message","Waku Filter: Subscribe: Multiple Service Nodes: Strict Check mode: true","Sun Oct 12 02:01:18 UTC 2025","passed","Sun Oct 12 02:01:18 UTC 2025","","","",""
"","0","should handle peer store errors gracefully","ConnectionLimiter","Sun Oct 12 01:52:29 UTC 2025","passed","Sun Oct 12 01:52:29 UTC 2025","","getPeer","",""
"","0","Push message with content topic containing emoji","Waku Light Push (legacy=v3): Multiple Nodes: Strict Check: false","Sun Oct 12 02:10:43 UTC 2025","passed","Sun Oct 12 02:10:43 UTC 2025","","","",""
"","4","should hash ""!@#$%^&*()"" with n=0 and maxValue=10000 correctly","hashN","Sun Oct 12 01:52:59 UTC 2025","passed","Sun Oct 12 01:52:59 UTC 2025","","","",""
"","0","should be able to encode the field with RELAY and FILTER protocols set to true","ENR waku2 codec","Sun Oct 12 01:52:19 UTC 2025","passed","Sun Oct 12 01:52:19 UTC 2025","","Encoding","",""
"","1","Check received message with timestamp: 1649153314 ","Waku Filter: FilterPush: Multiple Nodes: Strict Checking: false","Sun Oct 12 02:00:52 UTC 2025","passed","Sun Oct 12 02:00:52 UTC 2025","","","",""
"","0","Check meta is set [ecies]","Ecies Encryption","Sun Oct 12 01:52:50 UTC 2025","passed","Sun Oct 12 01:52:50 UTC 2025","","","",""
"","1","should handle errors when accessing navigator","NetworkMonitor","Sun Oct 12 01:52:28 UTC 2025","passed","Sun Oct 12 01:52:28 UTC 2025","","error handling","",""
"","0","Subscribe to topic containing shell command and publish message","Waku Relay, Subscribe","Sun Oct 12 01:56:56 UTC 2025","passed","Sun Oct 12 01:56:56 UTC 2025","","","",""
"","1","should skip peer when not on same cluster","Dialer","Sun Oct 12 01:52:29 UTC 2025","passed","Sun Oct 12 01:52:29 UTC 2025","","dial","",""
"","0","Check publish message containing unicode special characters","Waku Relay, Publish","Sun Oct 12 01:56:49 UTC 2025","passed","Sun Oct 12 01:56:49 UTC 2025","","","",""
"","6","should hash """" with n=1 and maxValue=10000 correctly","hashN","Sun Oct 12 01:52:59 UTC 2025","passed","Sun Oct 12 01:52:59 UTC 2025","","","",""
"","4","should capture event listeners for testing","QueryOnConnect","Sun Oct 12 01:53:19 UTC 2025","passed","Sun Oct 12 01:53:19 UTC 2025","","event handling simulation","",""
"","0","Push message with Chinese payload","Waku Light Push (legacy=v2): Multiple Nodes: Strict Check: true","Sun Oct 12 02:10:43 UTC 2025","passed","Sun Oct 12 02:10:43 UTC 2025","","","",""
"","0","Check received message containing escaped characters","Waku Filter: FilterPush: Multiple Nodes: Strict Checking: true","Sun Oct 12 02:00:52 UTC 2025","passed","Sun Oct 12 02:00:52 UTC 2025","","","",""
"","1","should create dialer with libp2p and shardReader","Dialer","Sun Oct 12 01:52:29 UTC 2025","passed","Sun Oct 12 01:52:29 UTC 2025","","constructor","",""
"","0","Mutual subscription","Waku Relay, Subscribe","Sun Oct 12 01:56:56 UTC 2025","passed","Sun Oct 12 01:56:56 UTC 2025","","","",""
"","1","should hash ""!@#$%^&*()"" with n=1 and maxValue=10000 correctly","hashN","Sun Oct 12 01:52:59 UTC 2025","passed","Sun Oct 12 01:52:59 UTC 2025","","","",""
"","2","random static sharding 10 - Cluster ID: 811, Shard ID: 400","Static Sharding: Running Nodes","Sun Oct 12 01:59:00 UTC 2025","passed","Sun Oct 12 01:59:00 UTC 2025","","","",""
"","0","should handle network check errors gracefully","Dialer","Sun Oct 12 01:52:29 UTC 2025","passed","Sun Oct 12 01:52:29 UTC 2025","","shard reader integration","",""
"","0","Relay + Store","ENR","Sun Oct 12 01:52:20 UTC 2025","passed","Sun Oct 12 01:52:20 UTC 2025","","Waku2 key: decode","",""
"","0","Push message with SQL Injection payload","Waku Light Push (legacy=v2): Multiple Nodes: Strict Check: true","Sun Oct 12 02:10:43 UTC 2025","passed","Sun Oct 12 02:10:43 UTC 2025","","","",""
"","0","should use DNS peer discovery with light client","DNS Node Discovery [live data]","Sun Oct 12 01:53:51 UTC 2025","skipped","Sun Oct 12 01:53:51 UTC 2025","","","",""
"","1","should filter out undefined ENRs","PeerExchange","Sun Oct 12 01:52:38 UTC 2025","passed","Sun Oct 12 01:52:38 UTC 2025","","query","",""
"","0","should handle missing messages with undefined retrievalHint","MessageChannel","Sun Oct 12 01:53:07 UTC 2025","passed","Sun Oct 12 01:53:07 UTC 2025","","Sweeping incoming buffer","",""
"","0","Push message with content topic containing numeric","Waku Light Push (legacy=v2): Multiple Nodes: Strict Check: false","Sun Oct 12 02:10:43 UTC 2025","passed","Sun Oct 12 02:10:43 UTC 2025","","","",""
"","1","Default pageSize","Waku Store, page size","Sun Oct 12 01:59:20 UTC 2025","passed","Sun Oct 12 01:59:20 UTC 2025","","","",""
"","0","should not start if already started","PeerExchangeDiscovery","Sun Oct 12 01:52:38 UTC 2025","passed","Sun Oct 12 01:52:38 UTC 2025","","start","",""
"","1","random auto sharding 8 - Cluster ID: 10, Content Topic: /app23/9/topic898/utf8","Autosharding: Running Nodes","Sun Oct 12 01:58:20 UTC 2025","passed","Sun Oct 12 01:58:20 UTC 2025","","","",""
"","0","Sync message are not sent excessively within sync frequency","Reliable Channel: Sync","Sun Oct 12 01:53:27 UTC 2025","passed","Sun Oct 12 01:53:27 UTC 2025","","","",""
"","1","should lock peers when selected","PeerManager","Sun Oct 12 01:53:18 UTC 2025","passed","Sun Oct 12 01:53:18 UTC 2025","","","",""
"","0","should clear interval on stop","PeerExchangeDiscovery","Sun Oct 12 01:52:38 UTC 2025","passed","Sun Oct 12 01:52:38 UTC 2025","","continuous discovery interval","",""
"","0","should dial peer when on same shard","Dialer","Sun Oct 12 01:52:29 UTC 2025","passed","Sun Oct 12 01:52:29 UTC 2025","","dial","",""
"","1","should initialize with Unhealthy status","HealthIndicator","Sun Oct 12 01:53:18 UTC 2025","passed","Sun Oct 12 01:53:18 UTC 2025","","","",""
"","1","Retrieval Hint","Message serialization","Sun Oct 12 01:53:07 UTC 2025","passed","Sun Oct 12 01:53:07 UTC 2025","","","",""
"","0","does not throw on valid cases","ensureValidContentTopic","Sun Oct 12 01:52:14 UTC 2025","passed","Sun Oct 12 01:52:14 UTC 2025","","","",""
"","0","Check received message containing Chinese","Waku Filter: FilterPush: Multiple Nodes: Strict Checking: true","Sun Oct 12 02:00:52 UTC 2025","passed","Sun Oct 12 02:00:52 UTC 2025","","","",""
"","0","Relay + Store","ENR Interop: ServiceNode","Sun Oct 12 01:53:50 UTC 2025","passed","Sun Oct 12 01:53:50 UTC 2025","","","",""
"","0","should be able to encode the field with only FILTER set to true","ENR waku2 codec","Sun Oct 12 01:52:19 UTC 2025","passed","Sun Oct 12 01:52:19 UTC 2025","","Encoding","",""
"","1","should reject if WakuNode is not started","waitForRemotePeer","Sun Oct 12 01:53:19 UTC 2025","passed","Sun Oct 12 01:53:19 UTC 2025","","","",""
"","1","Subscribe and receive 2 messages on the same topic","Waku Filter: Subscribe: Multiple Service Nodes: Strict Check mode: true","Sun Oct 12 02:01:18 UTC 2025","passed","Sun Oct 12 02:01:18 UTC 2025","","","",""
"","0","Round trip binary encryption [ecies, signature]","Ecies Encryption","Sun Oct 12 01:52:50 UTC 2025","passed","Sun Oct 12 01:52:50 UTC 2025","","","",""
"","4","should hash """" with n=5 and maxValue=100 correctly","hashN","Sun Oct 12 01:52:59 UTC 2025","passed","Sun Oct 12 01:52:59 UTC 2025","","","",""
"","0","should be able to encode the field with STORE and LIGHTPUSH protocols set to true","ENR waku2 codec","Sun Oct 12 01:52:19 UTC 2025","passed","Sun Oct 12 01:52:19 UTC 2025","","Encoding","",""
"","1","Push message with content topic containing Russian","Waku Light Push (legacy=v3): Multiple Nodes: Strict Check: true","Sun Oct 12 02:10:43 UTC 2025","passed","Sun Oct 12 02:10:43 UTC 2025","","","",""
"","1","should correctly map /waku/2/content/test.js to shard index 1","contentTopicToShardIndex","Sun Oct 12 01:52:14 UTC 2025","passed","Sun Oct 12 01:52:14 UTC 2025","","","",""
"","0","Check received message containing unicode special characters","Waku Filter: FilterPush: Multiple Nodes: Strict Checking: true","Sun Oct 12 02:00:52 UTC 2025","passed","Sun Oct 12 02:00:52 UTC 2025","","","",""
"","0","should correctly map /statusim/1/community/cbor to shard index 4","contentTopicToShardIndex","Sun Oct 12 01:52:14 UTC 2025","passed","Sun Oct 12 01:52:14 UTC 2025","","","",""
"","0","should emit a peer event after start","DNS Discovery: Compliance Test","Sun Oct 12 01:53:51 UTC 2025","passed","Sun Oct 12 01:53:51 UTC 2025","","interface-peer-discovery compliance tests","",""
"","0","Push message with Basic HTML tag payload","Waku Light Push (legacy=v3): Multiple Nodes: Strict Check: true","Sun Oct 12 02:10:43 UTC 2025","passed","Sun Oct 12 02:10:43 UTC 2025","","","",""
"","0","pre and post cipher","Waku Encryption","Sun Oct 12 01:52:48 UTC 2025","passed","Sun Oct 12 01:52:48 UTC 2025","","","",""
"","0","Error when try to subscribe to more than 101 topics (new limit)","Waku Filter: Subscribe: Multiple Service Nodes: Strict Check mode: true","Sun Oct 12 02:01:18 UTC 2025","passed","Sun Oct 12 02:01:18 UTC 2025","","","",""
"","0","Subscribe and receive messages from 2 nwaku nodes each with different static shards","Waku Filter: Subscribe: Multiple Service Nodes on Static Shard: Strict Check mode: false","Sun Oct 12 01:54:08 UTC 2025","passed","Sun Oct 12 01:54:08 UTC 2025","","","",""
"","1","should handle timestamp equal to current time","lamportTimestampIncrement","Sun Oct 12 01:53:07 UTC 2025","passed","Sun Oct 12 01:53:07 UTC 2025","","","",""
"","0","ENRTree (tree): should parse a DNS tree entry","ENRTree","Sun Oct 12 01:52:37 UTC 2025","passed","Sun Oct 12 01:52:37 UTC 2025","","","",""
"","0","Outgoing message is possibly acknowledged","Reliable Channel","Sun Oct 12 01:53:22 UTC 2025","skipped","Sun Oct 12 01:53:22 UTC 2025","","","",""
"","1","should add event listeners to globalThis","NetworkMonitor","Sun Oct 12 01:52:28 UTC 2025","passed","Sun Oct 12 01:52:28 UTC 2025","","start","",""
"","0","should return false when peer has no shard info","ShardReader","Sun Oct 12 01:52:28 UTC 2025","passed","Sun Oct 12 01:52:28 UTC 2025","","isPeerOnNetwork","",""
"","0","Push message with numeric payload","Waku Light Push (legacy=v3): Multiple Nodes: Strict Check: true","Sun Oct 12 02:10:43 UTC 2025","passed","Sun Oct 12 02:10:43 UTC 2025","","","",""
"","10","should successfully stop","Filter SDK","Sun Oct 12 01:53:18 UTC 2025","passed","Sun Oct 12 01:53:18 UTC 2025","","","",""
"","0","should handle incoming messages","Filter SDK","Sun Oct 12 01:53:18 UTC 2025","passed","Sun Oct 12 01:53:18 UTC 2025","","","",""
"","0","Check received message containing SQL Injection","Waku Filter: FilterPush: Multiple Nodes: Strict Checking: true","Sun Oct 12 02:00:52 UTC 2025","passed","Sun Oct 12 02:00:52 UTC 2025","","","",""
"","0","should correctly map /0/statusim/1/community/cbor to shard index 4","contentTopicToShardIndex","Sun Oct 12 01:52:14 UTC 2025","passed","Sun Oct 12 01:52:14 UTC 2025","","","",""
"","1","should stop on first message of a page if stopIfTrue matches","QueryOnConnect","Sun Oct 12 01:53:19 UTC 2025","passed","Sun Oct 12 01:53:19 UTC 2025","","stopIfTrue predicate","",""
"","0","Push message with meta","Waku Light Push (legacy=v2): Multiple Nodes: Strict Check: true","Sun Oct 12 02:10:43 UTC 2025","passed","Sun Oct 12 02:10:43 UTC 2025","","","",""
"","0","should throw error - no id","ENR","Sun Oct 12 01:52:20 UTC 2025","passed","Sun Oct 12 01:52:20 UTC 2025","","Verify","",""
"","1","Push message with content topic containing unicode special characters","Waku Light Push (legacy=v3): Multiple Nodes: Strict Check: false","Sun Oct 12 02:10:43 UTC 2025","passed","Sun Oct 12 02:10:43 UTC 2025","","","",""
"","0","should reassess health immediately when peer disconnects","HealthIndicator","Sun Oct 12 01:53:18 UTC 2025","passed","Sun Oct 12 01:53:18 UTC 2025","","","",""
"","3","should hash ""hello"" with n=0 and maxValue=100 correctly","hashN","Sun Oct 12 01:52:59 UTC 2025","passed","Sun Oct 12 01:52:59 UTC 2025","","","",""
"","0","Push message with content topic containing Arabic","Waku Light Push (legacy=v2): Multiple Nodes: Strict Check: true","Sun Oct 12 02:10:43 UTC 2025","passed","Sun Oct 12 02:10:43 UTC 2025","","","",""
"","1","Subscribe to topic containing SQL Injection and receive message","Waku Filter: Subscribe: Multiple Service Nodes: Strict Check mode: true","Sun Oct 12 02:01:18 UTC 2025","passed","Sun Oct 12 02:01:18 UTC 2025","","","",""
"","0","Push message with content topic containing special chars","Waku Light Push (legacy=v2): Multiple Nodes: Strict Check: false","Sun Oct 12 02:10:43 UTC 2025","passed","Sun Oct 12 02:10:43 UTC 2025","","","",""
"","0","should dispatch connect and disconnect events","PeerManager","Sun Oct 12 01:53:18 UTC 2025","passed","Sun Oct 12 01:53:18 UTC 2025","","","",""
"","0","should start the dialing interval","Dialer","Sun Oct 12 01:52:29 UTC 2025","passed","Sun Oct 12 01:52:29 UTC 2025","","start","",""
"","0","Check publish message containing SQL Injection","Waku Relay, Publish","Sun Oct 12 01:56:49 UTC 2025","passed","Sun Oct 12 01:56:49 UTC 2025","","","",""
"","0","should return false when unsubscribing from a non-existing subscription","Filter SDK","Sun Oct 12 01:53:18 UTC 2025","passed","Sun Oct 12 01:53:18 UTC 2025","","","",""
"","2","Callback on promise, aborts when callback returns true","Waku Store, general","Sun Oct 12 01:59:12 UTC 2025","passed","Sun Oct 12 01:59:12 UTC 2025","","","",""
"","0","should not dial on waku:connection if enableAutoRecovery is false, but should dial on start","ConnectionLimiter","Sun Oct 12 01:52:29 UTC 2025","passed","Sun Oct 12 01:52:29 UTC 2025","","autoRecovery flag","",""
"","0","should check connected peers if present and suitable","waitForRemotePeer","Sun Oct 12 01:53:19 UTC 2025","passed","Sun Oct 12 01:53:19 UTC 2025","","","",""
"","1","Push message with content topic containing long","Waku Light Push (legacy=v2): Multiple Nodes: Strict Check: false","Sun Oct 12 02:10:43 UTC 2025","passed","Sun Oct 12 02:10:43 UTC 2025","","","",""
"","0","should initialize with isNetworkConnected as false","NetworkMonitor","Sun Oct 12 01:52:28 UTC 2025","passed","Sun Oct 12 01:52:28 UTC 2025","","constructor","",""
"","0","Unsubscribe 1 topic - node subscribed to 2 topics","Waku Filter: Unsubscribe: Multiple Nodes: Strict Checking: false","Sun Oct 12 01:56:36 UTC 2025","passed","Sun Oct 12 01:56:36 UTC 2025","","","",""
"","1","should update lamport timestamp if greater than current timestamp and dependencies are met","MessageChannel","Sun Oct 12 01:53:07 UTC 2025","skipped","Sun Oct 12 01:53:07 UTC 2025","","receiving a message","",""
"","1","Round trip binary serialization","Waku Message version 0","Sun Oct 12 01:52:29 UTC 2025","passed","Sun Oct 12 01:52:29 UTC 2025","","","",""
"","0","Push message with SQL Injection payload","Waku Light Push (legacy=v3): Multiple Nodes: Strict Check: false","Sun Oct 12 02:10:43 UTC 2025","passed","Sun Oct 12 02:10:43 UTC 2025","","","",""
"","0","Push message with content topic containing Chinese","Waku Light Push (legacy=v2): Multiple Nodes: Strict Check: true","Sun Oct 12 02:10:43 UTC 2025","passed","Sun Oct 12 02:10:43 UTC 2025","","","",""
"","1","can start and stop the service","Peer Exchange","Sun Oct 12 01:57:35 UTC 2025","passed","Sun Oct 12 01:57:35 UTC 2025","interface-peer-discovery compliance tests","Compliance Test","",""
"","0","should be able to encode the field with only LIGHTPUSH set to true","ENR waku2 codec","Sun Oct 12 01:52:19 UTC 2025","passed","Sun Oct 12 01:52:19 UTC 2025","","Encoding","",""
"","0","Check message with no payload is not received","Waku Filter: FilterPush: Multiple Nodes: Strict Checking: false","Sun Oct 12 02:00:52 UTC 2025","passed","Sun Oct 12 02:00:52 UTC 2025","","","",""
"","1","Check received message containing JSON","Waku Filter: FilterPush: Multiple Nodes: Strict Checking: false","Sun Oct 12 02:00:52 UTC 2025","passed","Sun Oct 12 02:00:52 UTC 2025","","","",""
"","0","should handle complete discovery-to-dial flow","DiscoveryDialer","Sun Oct 12 01:52:28 UTC 2025","passed","Sun Oct 12 01:52:28 UTC 2025","","integration","",""
"","0","should hash ""hello"" with n=5 and maxValue=10000 correctly","hashN","Sun Oct 12 01:52:59 UTC 2025","passed","Sun Oct 12 01:52:59 UTC 2025","","","",""
"","0","Throws when trying to push message with empty payload","Waku Light Push (legacy=v2): Multiple Nodes: Strict Check: false","Sun Oct 12 02:10:43 UTC 2025","passed","Sun Oct 12 02:10:43 UTC 2025","","","",""
"","1","Push message with custom timestamp: 1760237648592","Waku Light Push (legacy=v2): Multiple Nodes: Strict Check: true","Sun Oct 12 02:10:43 UTC 2025","passed","Sun Oct 12 02:10:43 UTC 2025","","","",""
"","0","Push message with content topic containing escaped characters","Waku Light Push (legacy=v2): Multiple Nodes: Strict Check: false","Sun Oct 12 02:10:43 UTC 2025","passed","Sun Oct 12 02:10:43 UTC 2025","","","",""
"","6","should get all peers from store","ConnectionLimiter","Sun Oct 12 01:52:29 UTC 2025","passed","Sun Oct 12 01:52:29 UTC 2025","","dialPeersFromStore","",""
"","1","should work with v3 peers","LightPush SDK","Sun Oct 12 01:53:17 UTC 2025","passed","Sun Oct 12 01:53:17 UTC 2025","","v3 protocol support","",""
"","1","Ordered callback, aborts when callback returns true","Waku Store, general","Sun Oct 12 01:59:12 UTC 2025","passed","Sun Oct 12 01:59:12 UTC 2025","","","",""
"","0","should properly create location multiaddrs - tcp4","ENR","Sun Oct 12 01:52:20 UTC 2025","passed","Sun Oct 12 01:52:20 UTC 2025","","Location multiaddr","",""
"","1","messageHashStr returns the same value as bytesToHex(messageHash)","messageHash and messageHashStr","Sun Oct 12 01:52:29 UTC 2025","passed","Sun Oct 12 01:52:29 UTC 2025","","","",""
"","0","Renews subscription after lossing a connection","Waku Filter: Subscribe: Multiple Service Nodes: Strict Check mode: true","Sun Oct 12 02:01:18 UTC 2025","passed","Sun Oct 12 02:01:18 UTC 2025","","","",""
"","0","Fails to push message bigger that 1MB","Waku Light Push (legacy=v3): Multiple Nodes: Strict Check: true","Sun Oct 12 02:10:43 UTC 2025","passed","Sun Oct 12 02:10:43 UTC 2025","","","",""
"","0","should hash ""test123"" with n=1 and maxValue=10000 correctly","hashN","Sun Oct 12 01:52:59 UTC 2025","passed","Sun Oct 12 01:52:59 UTC 2025","","","",""
"","0","Throws when trying to push message with empty payload","Waku Light Push (legacy=v3): Multiple Nodes: Strict Check: true","Sun Oct 12 02:10:43 UTC 2025","passed","Sun Oct 12 02:10:43 UTC 2025","","","",""
"","1","should correctly map /app/20/sometopic/someencoding to shard index 1 with networkShards 2","contentTopicToShardIndex","Sun Oct 12 01:52:14 UTC 2025","passed","Sun Oct 12 01:52:14 UTC 2025","","","",""
"","0","should filter peers by codec","ConnectionManager","Sun Oct 12 01:52:30 UTC 2025","passed","Sun Oct 12 01:52:30 UTC 2025","","getConnectedPeers","",""
"","0","Ordered Callback - true","Waku Store, order","Sun Oct 12 01:59:08 UTC 2025","passed","Sun Oct 12 01:59:08 UTC 2025","","","",""
"","0","Check received message containing Russian","Waku Filter: FilterPush: Multiple Nodes: Strict Checking: false","Sun Oct 12 02:00:52 UTC 2025","passed","Sun Oct 12 02:00:52 UTC 2025","","","",""
"","1","should be able to decode the field with only RELAY set to true","ENR waku2 codec","Sun Oct 12 01:52:19 UTC 2025","passed","Sun Oct 12 01:52:19 UTC 2025","","Decoding","",""
"","0","Push message with content topic containing long","Waku Light Push (legacy=v2): Multiple Nodes: Strict Check: true","Sun Oct 12 02:10:43 UTC 2025","passed","Sun Oct 12 02:10:43 UTC 2025","","","",""
"","0","Push message with Basic HTML tag payload","Waku Light Push (legacy=v2): Multiple Nodes: Strict Check: true","Sun Oct 12 02:10:43 UTC 2025","passed","Sun Oct 12 02:10:43 UTC 2025","","","",""
"","0","Ephemeral field is preserved - asymmetric encryption","Waku Message Ephemeral field","Sun Oct 12 01:53:51 UTC 2025","passed","Sun Oct 12 01:53:51 UTC 2025","","","",""
"","0","Cluster id 0, shard 0","Static Sharding: Running Nodes","Sun Oct 12 01:59:00 UTC 2025","passed","Sun Oct 12 01:59:00 UTC 2025","","","",""
"","0","Waku message hash computation (payload length 0)","Message Hash: RFC Test Vectors","Sun Oct 12 01:52:29 UTC 2025","passed","Sun Oct 12 01:52:29 UTC 2025","","","",""
"","1","msgTime: -19000 ms from now, startTime: -19002, endTime: -19001","Waku Store, time filter","Sun Oct 12 01:59:25 UTC 2025","passed","Sun Oct 12 01:59:25 UTC 2025","","","",""
"","0","handles different networkShards values correctly","contentTopicsByPubsubTopic","Sun Oct 12 01:52:14 UTC 2025","passed","Sun Oct 12 01:52:14 UTC 2025","","","",""
"","0","receiving a ping from a peer does not overwrite shard info","Metadata Protocol","Sun Oct 12 01:55:12 UTC 2025","passed","Sun Oct 12 01:55:12 UTC 2025","","auto sharding","",""
"","0","should return true even if peer has no overlapping shards","ShardReader","Sun Oct 12 01:52:28 UTC 2025","passed","Sun Oct 12 01:52:28 UTC 2025","","isPeerOnNetwork","",""
"","0","Check received message containing JSON","Waku Filter: FilterPush: Multiple Nodes: Strict Checking: true","Sun Oct 12 02:00:52 UTC 2025","passed","Sun Oct 12 02:00:52 UTC 2025","","","",""
"","0","should correctly map /0/toychat/2/huilong/proto to shard index 3","contentTopicToShardIndex","Sun Oct 12 01:52:14 UTC 2025","passed","Sun Oct 12 01:52:14 UTC 2025","","","",""
"","1","should remove event listeners when stopped","QueryOnConnect","Sun Oct 12 01:53:19 UTC 2025","passed","Sun Oct 12 01:53:19 UTC 2025","","start and stop","",""
"","0","should work with stubbed waku event emitter","QueryOnConnect","Sun Oct 12 01:53:19 UTC 2025","passed","Sun Oct 12 01:53:19 UTC 2025","","mock validation","",""
"","0","Subscribe to topic containing short and publish message","Waku Relay, Subscribe","Sun Oct 12 01:56:56 UTC 2025","passed","Sun Oct 12 01:56:56 UTC 2025","","","",""
"","0","Check received message with timestamp: 1760234025257 ","Waku Filter: FilterPush: Multiple Nodes: Strict Checking: false","Sun Oct 12 02:00:52 UTC 2025","passed","Sun Oct 12 02:00:52 UTC 2025","","","",""
"","0","Outgoing message is emitted as sending","Reliable Channel","Sun Oct 12 01:53:22 UTC 2025","passed","Sun Oct 12 01:53:22 UTC 2025","","","",""
"","1","should handle large number of peers request","PeerExchange","Sun Oct 12 01:52:38 UTC 2025","passed","Sun Oct 12 01:52:38 UTC 2025","","query","",""
"","0","should return false when network is not connected","ConnectionManager","Sun Oct 12 01:52:30 UTC 2025","passed","Sun Oct 12 01:52:30 UTC 2025","","isConnected","",""
"","1","should throw error - no public key","ENR","Sun Oct 12 01:52:20 UTC 2025","passed","Sun Oct 12 01:52:20 UTC 2025","","Txt codec","",""
"","0","should handle zero lastSuccessfulQuery (never queried before)","calculateTimeRange","Sun Oct 12 01:53:19 UTC 2025","passed","Sun Oct 12 01:53:19 UTC 2025","","","",""
"","1","should not trigger query if health event is healthy since last successful query","QueryOnConnect","Sun Oct 12 01:53:19 UTC 2025","passed","Sun Oct 12 01:53:19 UTC 2025","","message retrieval event emission conditions","",""
"","0","Check received message containing short","Waku Filter: FilterPush: Multiple Nodes: Strict Checking: false","Sun Oct 12 02:00:52 UTC 2025","passed","Sun Oct 12 02:00:52 UTC 2025","","","",""
"","1","should do nothing if at or below maxBootstrapPeers","ConnectionLimiter","Sun Oct 12 01:52:29 UTC 2025","passed","Sun Oct 12 01:52:29 UTC 2025","","maintainBootstrapConnections","",""
"","0","Unsubscribe 2 topics - node subscribed to 2 topics","Waku Filter: Unsubscribe: Multiple Nodes: Strict Checking: false","Sun Oct 12 01:56:36 UTC 2025","passed","Sun Oct 12 01:56:36 UTC 2025","","","",""
"","1","Fails to push message bigger that 1MB","Waku Light Push (legacy=v2): Multiple Nodes: Strict Check: false","Sun Oct 12 02:10:43 UTC 2025","passed","Sun Oct 12 02:10:43 UTC 2025","","","",""
"","0","should be able to decode the field with ALL protocols set to true","ENR waku2 codec","Sun Oct 12 01:52:19 UTC 2025","passed","Sun Oct 12 01:52:19 UTC 2025","","Decoding","",""
"","1","should return NO_STREAM_AVAILABLE when stream creation fails","PeerExchange","Sun Oct 12 01:52:38 UTC 2025","passed","Sun Oct 12 01:52:38 UTC 2025","","query","",""
"","1","Reusing cursor across nodes","Waku Store, cursor","Sun Oct 12 01:58:31 UTC 2025","passed","Sun Oct 12 01:58:31 UTC 2025","","","",""
"","0","should be empty after removing the only subscription","Filter Subscription","Sun Oct 12 01:53:17 UTC 2025","passed","Sun Oct 12 01:53:17 UTC 2025","","","",""
"","0","should not stop if not started","PeerExchangeDiscovery","Sun Oct 12 01:52:38 UTC 2025","passed","Sun Oct 12 01:52:38 UTC 2025","","stop","",""
"","0","Refresh subscription","Waku Filter: Subscribe: Multiple Service Nodes: Strict Check mode: false","Sun Oct 12 02:01:18 UTC 2025","passed","Sun Oct 12 02:01:18 UTC 2025","","","",""
"","0","Subscribe to topic containing Arabic and receive message","Waku Filter: Subscribe: Multiple Service Nodes: Strict Check mode: false","Sun Oct 12 02:01:18 UTC 2025","passed","Sun Oct 12 02:01:18 UTC 2025","","","",""
"","0","messageHashStr produces consistent results for the same input","messageHash and messageHashStr","Sun Oct 12 01:52:29 UTC 2025","passed","Sun Oct 12 01:52:29 UTC 2025","","","",""
"","0","Subscribe to 100 topics (new limit) at once and receives messages","Waku Filter: Subscribe: Multiple Service Nodes: Strict Check mode: true","Sun Oct 12 02:01:18 UTC 2025","passed","Sun Oct 12 02:01:18 UTC 2025","","","",""
"","1","Passing page size 1 when there are 4 messages","Waku Store, page size","Sun Oct 12 01:59:20 UTC 2025","passed","Sun Oct 12 01:59:20 UTC 2025","","","",""
"","0","should reject if Filter is requested but not mounted","waitForRemotePeer","Sun Oct 12 01:53:19 UTC 2025","passed","Sun Oct 12 01:53:19 UTC 2025","","","",""
"","0","Publish message with rate limit","Waku Relay, Publish","Sun Oct 12 01:56:49 UTC 2025","passed","Sun Oct 12 01:56:49 UTC 2025","","","",""
"","1","Push message with rate limit","Waku Light Push (legacy=v2): Multiple Nodes: Strict Check: false","Sun Oct 12 02:10:43 UTC 2025","passed","Sun Oct 12 02:10:43 UTC 2025","","","",""
"","0","should insert elements correctly","BloomFilter","Sun Oct 12 01:53:04 UTC 2025","passed","Sun Oct 12 01:53:04 UTC 2025","","","",""
"","0","should allow a peer to be returned again after renewPeer is called","PeerManager","Sun Oct 12 01:53:18 UTC 2025","passed","Sun Oct 12 01:53:18 UTC 2025","","","",""
"","0","should emit InMessageMissing event with retrievalHint","MessageChannel","Sun Oct 12 01:53:07 UTC 2025","passed","Sun Oct 12 01:53:07 UTC 2025","","Sweeping incoming buffer","",""
"","0","should reject on timeout if it was set","waitForRemotePeer","Sun Oct 12 01:53:19 UTC 2025","passed","Sun Oct 12 01:53:19 UTC 2025","","","",""
"","1","should be safe to call multiple times","ConnectionManager","Sun Oct 12 01:52:30 UTC 2025","passed","Sun Oct 12 01:52:30 UTC 2025","","start","",""
"","0","Passing a valid cursor at 110 index when there are 120 messages","Waku Store, cursor","Sun Oct 12 01:58:31 UTC 2025","passed","Sun Oct 12 01:58:31 UTC 2025","","","",""
"","0","Own sync message does not acknowledge own messages","Reliable Channel: Sync","Sun Oct 12 01:53:27 UTC 2025","passed","Sun Oct 12 01:53:27 UTC 2025","","","",""
"","3","should not trigger query when a recent query happened under threshold","QueryOnConnect","Sun Oct 12 01:53:19 UTC 2025","passed","Sun Oct 12 01:53:19 UTC 2025","","message retrieval event emission conditions","",""
"","1","should enable only dns and localPeerCache when peerExchange is disabled","Default Peer Discoveries","Sun Oct 12 01:53:17 UTC 2025","passed","Sun Oct 12 01:53:17 UTC 2025","","","",""
"","1","Ordered Callback - false","Waku Store, order","Sun Oct 12 01:59:08 UTC 2025","passed","Sun Oct 12 01:59:08 UTC 2025","","","",""
"","0","should throw an error for non-numeric clusterId: /waku/2/rs/!/1","pubsubTopicToSingleShardInfo with various invalid formats","Sun Oct 12 01:52:14 UTC 2025","passed","Sun Oct 12 01:52:14 UTC 2025","","","",""
"","0","Check message with no content topic is not received","Waku Filter: FilterPush: Multiple Nodes: Strict Checking: true","Sun Oct 12 02:00:52 UTC 2025","passed","Sun Oct 12 02:00:52 UTC 2025","","","",""
"","0","should return true when peer is on the pubsub topic shard","ShardReader","Sun Oct 12 01:52:28 UTC 2025","passed","Sun Oct 12 01:52:28 UTC 2025","","isPeerOnTopic","",""
"","1","Subscribe one by one to 100 topics and publish messages","Waku Relay, Subscribe","Sun Oct 12 01:56:56 UTC 2025","passed","Sun Oct 12 01:56:56 UTC 2025","","","",""
"","0","Check received message containing Russian","Waku Filter: FilterPush: Multiple Nodes: Strict Checking: true","Sun Oct 12 02:00:52 UTC 2025","passed","Sun Oct 12 02:00:52 UTC 2025","","","",""
"","0","Sync message is not sent if another sync message was just received","Reliable Channel: Sync","Sun Oct 12 01:53:27 UTC 2025","passed","Sun Oct 12 01:53:27 UTC 2025","","","",""
"","1","should create KeepAliveManager with required options","KeepAliveManager","Sun Oct 12 01:52:29 UTC 2025","passed","Sun Oct 12 01:52:29 UTC 2025","","constructor","",""
"","0","Subscribe and receive messages via waku relay post","Waku Filter: Subscribe: Multiple Service Nodes: Strict Check mode: true","Sun Oct 12 02:01:18 UTC 2025","passed","Sun Oct 12 02:01:18 UTC 2025","","","",""
"","0","should throw an error for non-numeric clusterId: /waku/2/rs//1","pubsubTopicToSingleShardInfo with various invalid formats","Sun Oct 12 01:52:14 UTC 2025","passed","Sun Oct 12 01:52:14 UTC 2025","","","",""
"","0","should skip peer when already connected","Dialer","Sun Oct 12 01:52:29 UTC 2025","passed","Sun Oct 12 01:52:29 UTC 2025","","dial","",""
"","0","Push to array if already present","pushOrInitMapSet","Sun Oct 12 01:52:14 UTC 2025","passed","Sun Oct 12 01:52:14 UTC 2025","","","",""
"","0","Check received message containing special chars","Waku Filter: FilterPush: Multiple Nodes: Strict Checking: false","Sun Oct 12 02:00:52 UTC 2025","passed","Sun Oct 12 02:00:52 UTC 2025","","","",""
"","0","should handle query errors","PeerExchangeDiscovery","Sun Oct 12 01:52:38 UTC 2025","passed","Sun Oct 12 01:52:38 UTC 2025","","query","",""
"","0","should handle case with all peers already connected","ConnectionLimiter","Sun Oct 12 01:52:29 UTC 2025","passed","Sun Oct 12 01:52:29 UTC 2025","","dialPeersFromStore","",""
"","0","should properly create location multiaddrs - udp6","ENR","Sun Oct 12 01:52:20 UTC 2025","passed","Sun Oct 12 01:52:20 UTC 2025","","Location multiaddr","",""
"","0","should throw an error for non-numeric shard: /waku/2/rs/1/","pubsubTopicToSingleShardInfo with various invalid formats","Sun Oct 12 01:52:14 UTC 2025","passed","Sun Oct 12 01:52:14 UTC 2025","","","",""
"","0","Subscribe to topic containing Chinese and publish message","Waku Relay, Subscribe","Sun Oct 12 01:56:56 UTC 2025","passed","Sun Oct 12 01:56:56 UTC 2025","","","",""
"","0","should create timers for each pubsub topic where peer is in mesh","KeepAliveManager","Sun Oct 12 01:52:29 UTC 2025","passed","Sun Oct 12 01:52:29 UTC 2025","","relay timer management","",""
"","1","Push message with Russian payload","Waku Light Push (legacy=v3): Multiple Nodes: Strict Check: true","Sun Oct 12 02:10:43 UTC 2025","passed","Sun Oct 12 02:10:43 UTC 2025","","","",""
"","0","Push message with content topic containing JSON","Waku Light Push (legacy=v3): Multiple Nodes: Strict Check: false","Sun Oct 12 02:10:43 UTC 2025","passed","Sun Oct 12 02:10:43 UTC 2025","","","",""
"","0","should return false","ENR","Sun Oct 12 01:52:20 UTC 2025","passed","Sun Oct 12 01:52:20 UTC 2025","","Verify","",""
"","1","Push message with content topic containing escaped characters","Waku Light Push (legacy=v3): Multiple Nodes: Strict Check: true","Sun Oct 12 02:10:43 UTC 2025","passed","Sun Oct 12 02:10:43 UTC 2025","","","",""
"","0","should throw an error for insufficient data","Relay Shard codec","Sun Oct 12 01:52:14 UTC 2025","passed","Sun Oct 12 01:52:14 UTC 2025","","","",""
"","1","Subscribe to topic containing SQL Injection and receive message","Waku Filter: Subscribe: Multiple Service Nodes: Strict Check mode: false","Sun Oct 12 02:01:18 UTC 2025","passed","Sun Oct 12 02:01:18 UTC 2025","","","",""
"","3","should properly clean up resources when disposed","TTLSet","Sun Oct 12 01:53:16 UTC 2025","passed","Sun Oct 12 01:53:16 UTC 2025","","","",""
"","2","should not receive a peer event after stop","Peer Exchange","Sun Oct 12 01:57:35 UTC 2025","passed","Sun Oct 12 01:57:35 UTC 2025","interface-peer-discovery compliance tests","Compliance Test","",""
"","0","should handle dial errors gracefully","DiscoveryDialer","Sun Oct 12 01:52:28 UTC 2025","passed","Sun Oct 12 01:52:28 UTC 2025","","peer discovery handling","",""
"","0","Encoder throws on empty string content topic","Ensures content topic is defined","Sun Oct 12 01:52:29 UTC 2025","passed","Sun Oct 12 01:52:29 UTC 2025","","","",""
"","0","msgTime: -19000 ms from now, startTime: -18999, endTime: -18996","Waku Store, time filter","Sun Oct 12 01:59:25 UTC 2025","passed","Sun Oct 12 01:59:25 UTC 2025","","","",""
"","1","random auto sharding 7 - Cluster ID: 10, Content Topic: /app8/2/topic777/test.js","Autosharding: Running Nodes","Sun Oct 12 01:58:20 UTC 2025","passed","Sun Oct 12 01:58:20 UTC 2025","","","",""
"","0","should return false when peer is not found","ShardReader","Sun Oct 12 01:52:28 UTC 2025","passed","Sun Oct 12 01:52:28 UTC 2025","","isPeerOnNetwork","",""
"","0","Check message with non string payload is not received","Waku Filter: FilterPush: Multiple Nodes: Strict Checking: true","Sun Oct 12 02:00:52 UTC 2025","passed","Sun Oct 12 02:00:52 UTC 2025","","","",""
"","1","Outgoing message is emitted as sending","Reliable Channel: Encryption","Sun Oct 12 01:53:20 UTC 2025","passed","Sun Oct 12 01:53:20 UTC 2025","","","",""
"","0","should wait for LightPush peer to be connected","waitForRemotePeer","Sun Oct 12 01:53:19 UTC 2025","passed","Sun Oct 12 01:53:19 UTC 2025","","","",""
"","1","should not create relay timers when relayKeepAlive = 0","KeepAliveManager","Sun Oct 12 01:52:29 UTC 2025","passed","Sun Oct 12 01:52:29 UTC 2025","","relay timer management","",""
"","0","Push message with rate limit","Waku Light Push (legacy=v3): Multiple Nodes: Strict Check: false","Sun Oct 12 02:10:43 UTC 2025","passed","Sun Oct 12 02:10:43 UTC 2025","","","",""
"","1","Query generator for multiple messages with multiple decoders","Waku Store, general","Sun Oct 12 01:59:12 UTC 2025","passed","Sun Oct 12 01:59:12 UTC 2025","","","",""
"","1","A test","This","Sun Oct 12 01:54:58 UTC 2025","passed","Sun Oct 12 01:54:58 UTC 2025","","Is also","",""
"","1","should hash ""!@#$%^&*()"" with n=5 and maxValue=100 correctly","hashN","Sun Oct 12 01:52:59 UTC 2025","passed","Sun Oct 12 01:52:59 UTC 2025","","","",""
"","0","Push message with meta","Waku Light Push (legacy=v3): Multiple Nodes: Strict Check: false","Sun Oct 12 02:10:43 UTC 2025","passed","Sun Oct 12 02:10:43 UTC 2025","","","",""
"","0","Does not throw an exception when node disconnects","Waku Dial [node only]","Sun Oct 12 01:59:27 UTC 2025","passed","Sun Oct 12 01:59:27 UTC 2025","","Interop: ServiceNode","",""
"","0","Publish message with custom timestamp: Sun Oct 12 2025 02:56:43 GMT+0000 (Coordinated Universal Time)","Waku Relay, Publish","Sun Oct 12 01:56:49 UTC 2025","passed","Sun Oct 12 01:56:49 UTC 2025","","","",""
"","2","should skip peers without ENR","PeerExchangeDiscovery","Sun Oct 12 01:52:38 UTC 2025","passed","Sun Oct 12 01:52:38 UTC 2025","","query","",""
"","0","should return different streams if requested simultaniously","StreamManager","Sun Oct 12 01:52:29 UTC 2025","passed","Sun Oct 12 01:52:29 UTC 2025","","","",""
"","0","Publish message with custom timestamp: Sun Dec 17 1995 03:24:00 GMT+0000 (Coordinated Universal Time)","Waku Relay, Publish","Sun Oct 12 01:56:49 UTC 2025","passed","Sun Oct 12 01:56:49 UTC 2025","","","",""
"","1","should never report false negatives","BloomFilter","Sun Oct 12 01:53:04 UTC 2025","passed","Sun Oct 12 01:53:04 UTC 2025","","","",""
"","0","Subscribe and receive messages on 2 different content topics","Waku Filter: Subscribe: Multiple Service Nodes: Strict Check mode: true","Sun Oct 12 02:01:18 UTC 2025","passed","Sun Oct 12 02:01:18 UTC 2025","","","",""
"","1","should remove event listener for peer:discovery","DiscoveryDialer","Sun Oct 12 01:52:28 UTC 2025","passed","Sun Oct 12 01:52:28 UTC 2025","","stop","",""
"","4","should hash ""!@#$%^&*()"" with n=0 and maxValue=100 correctly","hashN","Sun Oct 12 01:52:59 UTC 2025","passed","Sun Oct 12 01:52:59 UTC 2025","","","",""
"","0","should return Multiaddr when Multiaddr input is provided","mapToPeerIdOrMultiaddr","Sun Oct 12 01:52:29 UTC 2025","passed","Sun Oct 12 01:52:29 UTC 2025","","","",""
"","0","returns only open connection if one present","selectOpenConnection","Sun Oct 12 01:52:29 UTC 2025","passed","Sun Oct 12 01:52:29 UTC 2025","","","",""
"","0","messageHashStr returns a hex string","messageHash and messageHashStr","Sun Oct 12 01:52:29 UTC 2025","passed","Sun Oct 12 01:52:29 UTC 2025","","","",""
"","0","should not fail to start the service if it is already started","Peer Exchange","Sun Oct 12 01:57:35 UTC 2025","passed","Sun Oct 12 01:57:35 UTC 2025","interface-peer-discovery compliance tests","Compliance Test","",""
"","0","should be able to decode the field with only STORE set to true","ENR waku2 codec","Sun Oct 12 01:52:19 UTC 2025","passed","Sun Oct 12 01:52:19 UTC 2025","","Decoding","",""
"","1","should clear the dialing interval","Dialer","Sun Oct 12 01:52:29 UTC 2025","passed","Sun Oct 12 01:52:29 UTC 2025","","stop","",""
"","1","Round trip binary encryption [ecies, no signature]","Ecies Encryption","Sun Oct 12 01:52:50 UTC 2025","passed","Sun Oct 12 01:52:50 UTC 2025","","","",""
"","0","Passing page size 10 when there are 10 messages","Waku Store, page size","Sun Oct 12 01:59:20 UTC 2025","passed","Sun Oct 12 01:59:20 UTC 2025","","","",""
"","0","should hash ""Lorem ipsum dolor sit amet"" with n=5 and maxValue=10000 correctly","hashN","Sun Oct 12 01:53:00 UTC 2025","passed","Sun Oct 12 01:53:00 UTC 2025","","","",""
"","0","Check message received after old nwaku nodes are not available and new are created","Waku Filter: FilterPush: Multiple Nodes: Strict Checking: true","Sun Oct 12 02:00:52 UTC 2025","passed","Sun Oct 12 02:00:52 UTC 2025","","","",""
"","0","Refresh subscription","Waku Relay, Subscribe","Sun Oct 12 01:56:56 UTC 2025","skipped","Sun Oct 12 01:56:56 UTC 2025","","","",""
"","0","should encode/decode to RLP encoding","ENR","Sun Oct 12 01:52:20 UTC 2025","passed","Sun Oct 12 01:52:20 UTC 2025","","Static tests","",""
"","0","should handle queue processing errors gracefully","Dialer","Sun Oct 12 01:52:29 UTC 2025","passed","Sun Oct 12 01:52:29 UTC 2025","","queue processing","",""
"","2","random static sharding 9 - Cluster ID: 652, Shard ID: 878","Static Sharding: Running Nodes","Sun Oct 12 01:59:00 UTC 2025","passed","Sun Oct 12 01:59:00 UTC 2025","","","",""
"","0","should be safe to call multiple times","ConnectionLimiter","Sun Oct 12 01:52:29 UTC 2025","passed","Sun Oct 12 01:52:29 UTC 2025","","start","",""
"","1","should encodeTxt and decodeTxt","ENR","Sun Oct 12 01:52:20 UTC 2025","passed","Sun Oct 12 01:52:20 UTC 2025","","Txt codec","",""
"","0","Check received message containing long","Waku Filter: FilterPush: Multiple Nodes: Strict Checking: false","Sun Oct 12 02:00:52 UTC 2025","passed","Sun Oct 12 02:00:52 UTC 2025","","","",""
"","0","should throw an error for non-numeric clusterId: /waku/2/rs/x/1","pubsubTopicToSingleShardInfo with various invalid formats","Sun Oct 12 01:52:14 UTC 2025","passed","Sun Oct 12 01:52:14 UTC 2025","","","",""
"","1","Accepts a valid Waku Message","Message Validator","Sun Oct 12 01:53:30 UTC 2025","passed","Sun Oct 12 01:53:30 UTC 2025","","","",""
"","0","Subscribe and receive messages via waku relay post","Waku Filter: Subscribe: Multiple Service Nodes: Strict Check mode: false","Sun Oct 12 02:01:18 UTC 2025","passed","Sun Oct 12 02:01:18 UTC 2025","","","",""
"","0","Publish message with custom timestamp: Mon Oct 21 2024 01:56:43 GMT+0000 (Coordinated Universal Time)","Waku Relay, Publish","Sun Oct 12 01:56:49 UTC 2025","passed","Sun Oct 12 01:56:49 UTC 2025","","","",""
"","0","Passing a valid cursor at 19 index when there are 50 messages","Waku Store, cursor","Sun Oct 12 01:58:31 UTC 2025","passed","Sun Oct 12 01:58:31 UTC 2025","","","",""
"","0","Promise Callback  - true","Waku Store, order","Sun Oct 12 01:59:08 UTC 2025","passed","Sun Oct 12 01:59:08 UTC 2025","","","",""
"","0","can start and stop the service","Peer Cache Discovery","Sun Oct 12 01:52:42 UTC 2025","passed","Sun Oct 12 01:52:42 UTC 2025","interface-peer-discovery compliance tests","Compliance Tests","",""
"","2","should successfully query peers and return peer infos","PeerExchange","Sun Oct 12 01:52:38 UTC 2025","passed","Sun Oct 12 01:52:38 UTC 2025","","query","",""
"","0","Check publish message containing Chinese","Waku Relay, Publish","Sun Oct 12 01:56:49 UTC 2025","passed","Sun Oct 12 01:56:49 UTC 2025","","","",""
"","0","should properly create location multiaddrs - udp","ENR","Sun Oct 12 01:52:20 UTC 2025","passed","Sun Oct 12 01:52:20 UTC 2025","","Location multiaddr","",""
"","0","Push message with custom timestamp: 1760237648593","Waku Light Push (legacy=v2): Multiple Nodes: Strict Check: false","Sun Oct 12 02:10:43 UTC 2025","passed","Sun Oct 12 02:10:43 UTC 2025","","","",""
"","0","Timestamp too far from node time: 40000 ms from now","Waku Store, time filter","Sun Oct 12 01:59:25 UTC 2025","passed","Sun Oct 12 01:59:25 UTC 2025","","","",""
"","1","should trigger QueryOnConnect when time threshold is exceeded","Reliable Channel","Sun Oct 12 01:53:22 UTC 2025","passed","Sun Oct 12 01:53:22 UTC 2025","","Query On Connect Integration E2E Tests","",""
"","0","should increase lamport timestamp","MessageChannel","Sun Oct 12 01:53:07 UTC 2025","passed","Sun Oct 12 01:53:07 UTC 2025","","receiving a message","",""
"","0","should dial all remaining peers","ConnectionLimiter","Sun Oct 12 01:52:29 UTC 2025","passed","Sun Oct 12 01:52:29 UTC 2025","","dialPeersFromStore","",""
"","1","should handle different types of entries","TTLSet","Sun Oct 12 01:53:16 UTC 2025","passed","Sun Oct 12 01:53:16 UTC 2025","","","",""
"","0","Push message with Chinese payload","Waku Light Push (legacy=v3): Multiple Nodes: Strict Check: true","Sun Oct 12 02:10:43 UTC 2025","passed","Sun Oct 12 02:10:43 UTC 2025","","","",""
"","0","should set up event listeners when started","QueryOnConnect","Sun Oct 12 01:53:19 UTC 2025","passed","Sun Oct 12 01:53:19 UTC 2025","","start and stop","",""
"","0","should return undefined if no connection provided","StreamManager","Sun Oct 12 01:52:29 UTC 2025","passed","Sun Oct 12 01:52:29 UTC 2025","","","",""
"","0","Push 30 different messages","Waku Light Push (legacy=v2): Multiple Nodes: Strict Check: true","Sun Oct 12 02:10:43 UTC 2025","skipped","Sun Oct 12 02:10:43 UTC 2025","","","",""
"","1","Check received message containing escaped characters","Waku Filter: FilterPush: Multiple Nodes: Strict Checking: false","Sun Oct 12 02:00:52 UTC 2025","passed","Sun Oct 12 02:00:52 UTC 2025","","","",""
"","0","should hash ""Lorem ipsum dolor sit amet"" with n=5 and maxValue=100 correctly","hashN","Sun Oct 12 01:52:59 UTC 2025","passed","Sun Oct 12 01:52:59 UTC 2025","","","",""
"","0","should add peer to queue when queue is not empty","Dialer","Sun Oct 12 01:52:29 UTC 2025","passed","Sun Oct 12 01:52:29 UTC 2025","","dial","",""
"","0","Push message with JSON payload","Waku Light Push (legacy=v2): Multiple Nodes: Strict Check: true","Sun Oct 12 02:10:43 UTC 2025","passed","Sun Oct 12 02:10:43 UTC 2025","","","",""
"","0","Push message with content topic containing short","Waku Light Push (legacy=v3): Multiple Nodes: Strict Check: true","Sun Oct 12 02:10:43 UTC 2025","passed","Sun Oct 12 02:10:43 UTC 2025","","","",""
"","0","Subscribe to topic containing emoji and publish message","Waku Relay, Subscribe","Sun Oct 12 01:56:56 UTC 2025","passed","Sun Oct 12 01:56:56 UTC 2025","","","",""
"","0","should correctly encode and decode relay shards using rs format (Index List)","Relay Shard codec","Sun Oct 12 01:52:14 UTC 2025","passed","Sun Oct 12 01:52:14 UTC 2025","","","",""
"","1","Push message with escaped characters payload","Waku Light Push (legacy=v2): Multiple Nodes: Strict Check: true","Sun Oct 12 02:10:43 UTC 2025","passed","Sun Oct 12 02:10:43 UTC 2025","","","",""
"","0","Push message with Chinese payload","Waku Light Push (legacy=v3): Multiple Nodes: Strict Check: false","Sun Oct 12 02:10:43 UTC 2025","passed","Sun Oct 12 02:10:43 UTC 2025","","","",""
"","1","should be able to encode the field with only RELAY set to true","ENR waku2 codec","Sun Oct 12 01:52:19 UTC 2025","passed","Sun Oct 12 01:52:19 UTC 2025","","Encoding","",""
"","1","should not allow k > 12","Probabilities","Sun Oct 12 01:53:00 UTC 2025","passed","Sun Oct 12 01:53:00 UTC 2025","","","",""
"","0","Push message with content topic containing JSON","Waku Light Push (legacy=v2): Multiple Nodes: Strict Check: true","Sun Oct 12 02:10:43 UTC 2025","passed","Sun Oct 12 02:10:43 UTC 2025","","","",""
"","0","should work with mixed v2 and v3 peers","LightPush SDK","Sun Oct 12 01:53:17 UTC 2025","passed","Sun Oct 12 01:53:17 UTC 2025","","v3 protocol support","",""
"","2","Query Generator sorting by timestamp while page direction is false","Waku Store, sorting","Sun Oct 12 01:59:17 UTC 2025","passed","Sun Oct 12 01:59:17 UTC 2025","","","",""
"","0","should properly create location multiaddrs - tcp","ENR","Sun Oct 12 01:52:20 UTC 2025","passed","Sun Oct 12 01:52:20 UTC 2025","","Location multiaddr","",""
"","1","should dial peers from store when browser is connected","ConnectionLimiter","Sun Oct 12 01:52:29 UTC 2025","passed","Sun Oct 12 01:52:29 UTC 2025","","onWakuConnectionEvent","",""
"","0","should return the correct m/n for k = 7, targetError = 0.001","Probabilities","Sun Oct 12 01:53:00 UTC 2025","passed","Sun Oct 12 01:53:00 UTC 2025","","","",""
"","0","Waku message hash computation (meta size of 64 bytes)","Message Hash: RFC Test Vectors","Sun Oct 12 01:52:29 UTC 2025","passed","Sun Oct 12 01:52:29 UTC 2025","","","",""
"","0","isConnected return false after peer stops","Connection state","Sun Oct 12 01:54:04 UTC 2025","passed","Sun Oct 12 01:54:04 UTC 2025","","","",""
"","2","Sample","ENR multiaddrs codec","Sun Oct 12 01:52:19 UTC 2025","passed","Sun Oct 12 01:52:19 UTC 2025","","","",""
"","0","Error when try to subscribe to more than 101 topics (new limit)","Waku Filter: Subscribe: Multiple Service Nodes: Strict Check mode: false","Sun Oct 12 02:01:18 UTC 2025","passed","Sun Oct 12 02:01:18 UTC 2025","","","",""
"","0","should skip peers without peer exchange protocol","PeerExchangeDiscovery","Sun Oct 12 01:52:38 UTC 2025","passed","Sun Oct 12 01:52:38 UTC 2025","","handleDiscoveredPeer","",""
"","0","Push message with shell command payload","Waku Light Push (legacy=v2): Multiple Nodes: Strict Check: false","Sun Oct 12 02:10:43 UTC 2025","passed","Sun Oct 12 02:10:43 UTC 2025","","","",""
"","0","random static sharding 8 - Cluster ID: 735, Shard ID: 387","Static Sharding: Running Nodes","Sun Oct 12 01:59:00 UTC 2025","passed","Sun Oct 12 01:59:00 UTC 2025","","","",""
"","0","should dial peers from store on start","ConnectionLimiter","Sun Oct 12 01:52:29 UTC 2025","passed","Sun Oct 12 01:52:29 UTC 2025","","start","",""
"","0","should process all pages when stopIfTrue never returns true","QueryOnConnect","Sun Oct 12 01:53:19 UTC 2025","passed","Sun Oct 12 01:53:19 UTC 2025","","stopIfTrue predicate","",""
"","1","ENRTree (root): should error if DNS root entry is mis-prefixed","ENRTree","Sun Oct 12 01:52:37 UTC 2025","passed","Sun Oct 12 01:52:37 UTC 2025","","","",""
"","0","Push message with Script payload","Waku Light Push (legacy=v2): Multiple Nodes: Strict Check: true","Sun Oct 12 02:10:43 UTC 2025","passed","Sun Oct 12 02:10:43 UTC 2025","","","",""
"","1","should set field with only LIGHTPUSH enabled","ENR","Sun Oct 12 01:52:20 UTC 2025","passed","Sun Oct 12 01:52:20 UTC 2025","","waku2 key round trip","",""
"","0","should do nothing if no non-locked connections to drop","ConnectionLimiter","Sun Oct 12 01:52:29 UTC 2025","passed","Sun Oct 12 01:52:29 UTC 2025","","maintainConnectionsCount","",""
"","1","should add event listeners for peer connect and disconnect","KeepAliveManager","Sun Oct 12 01:52:29 UTC 2025","passed","Sun Oct 12 01:52:29 UTC 2025","","start","",""
"","0","Sets default value correctly","User Agent","Sun Oct 12 01:59:27 UTC 2025","passed","Sun Oct 12 01:59:27 UTC 2025","","","",""
"","0","should be able to decode the field with only LIGHTPUSH set to true","ENR waku2 codec","Sun Oct 12 01:52:19 UTC 2025","passed","Sun Oct 12 01:52:19 UTC 2025","","Decoding","",""
"","1","should return peer for existing peer","ConnectionLimiter","Sun Oct 12 01:52:29 UTC 2025","passed","Sun Oct 12 01:52:29 UTC 2025","","getPeer","",""
"","0","Subscribe to topic containing special chars and receive message","Waku Filter: Subscribe: Multiple Service Nodes: Strict Check mode: true","Sun Oct 12 02:01:18 UTC 2025","passed","Sun Oct 12 02:01:18 UTC 2025","","","",""
"","4","should handle query errors gracefully","PeerExchangeDiscovery","Sun Oct 12 01:52:38 UTC 2025","passed","Sun Oct 12 01:52:38 UTC 2025","","runQuery","",""
"","0","should not fail to stop the service if it was not started","DNS Discovery: Compliance Test","Sun Oct 12 01:53:51 UTC 2025","passed","Sun Oct 12 01:53:51 UTC 2025","","interface-peer-discovery compliance tests","",""
"","0","Subscribe to topic containing Russian and receive message","Waku Filter: Subscribe: Multiple Service Nodes: Strict Check mode: true","Sun Oct 12 02:01:18 UTC 2025","passed","Sun Oct 12 02:01:18 UTC 2025","","","",""
"","0","should handle a minimal index list","Relay Shard codec","Sun Oct 12 01:52:14 UTC 2025","passed","Sun Oct 12 01:52:14 UTC 2025","","","",""
"","0","Push message with Arabic payload","Waku Light Push (legacy=v3): Multiple Nodes: Strict Check: false","Sun Oct 12 02:10:43 UTC 2025","passed","Sun Oct 12 02:10:43 UTC 2025","","","",""
"","0","Push message with long payload","Waku Light Push (legacy=v3): Multiple Nodes: Strict Check: false","Sun Oct 12 02:10:43 UTC 2025","passed","Sun Oct 12 02:10:43 UTC 2025","","","",""
"","0","should return false for different channelId","Reliable Channel","Sun Oct 12 01:53:22 UTC 2025","passed","Sun Oct 12 01:53:22 UTC 2025","","isChannelMessageWithCausalHistory predicate","",""
"","1","random auto sharding 3 - Cluster ID: 10, Content Topic: /app82/10/topic122/xml","Autosharding: Running Nodes","Sun Oct 12 01:58:20 UTC 2025","passed","Sun Oct 12 01:58:20 UTC 2025","","","",""
"","0","messageHashStr works with IProtoMessage","messageHash and messageHashStr","Sun Oct 12 01:52:29 UTC 2025","passed","Sun Oct 12 01:52:29 UTC 2025","","","",""
"","1","Decoder throws on undefined content topic","Ensures content topic is defined","Sun Oct 12 01:52:29 UTC 2025","passed","Sun Oct 12 01:52:29 UTC 2025","","","",""
"","0","can query messages by message hash","Waku Store, message hash query","Sun Oct 12 01:59:02 UTC 2025","passed","Sun Oct 12 01:59:02 UTC 2025","","","",""
"","1","should not receive a peer event before start","Peer Cache Discovery","Sun Oct 12 01:52:42 UTC 2025","passed","Sun Oct 12 01:52:42 UTC 2025","interface-peer-discovery compliance tests","Compliance Tests","",""
"","0","should throw an error for non-numeric clusterId: /waku/2/rs/y/1","pubsubTopicToSingleShardInfo with various invalid formats","Sun Oct 12 01:52:14 UTC 2025","passed","Sun Oct 12 01:52:14 UTC 2025","","","",""
"","4","should process up to 3 peers at once","Dialer","Sun Oct 12 01:52:29 UTC 2025","passed","Sun Oct 12 01:52:29 UTC 2025","","queue processing","",""
"","0","Query Generator sorting by timestamp while page direction is true","Waku Store, sorting","Sun Oct 12 01:59:17 UTC 2025","passed","Sun Oct 12 01:59:17 UTC 2025","","","",""
"","0","Cluster ID 0 - Default/Global Cluster","Autosharding: Running Nodes","Sun Oct 12 01:58:20 UTC 2025","passed","Sun Oct 12 01:58:20 UTC 2025","","","",""
"","0","Retries within given interval","Retry Manager","Sun Oct 12 01:53:19 UTC 2025","passed","Sun Oct 12 01:53:19 UTC 2025","","","",""
"","1","should query peers that support peer exchange","PeerExchangeDiscovery","Sun Oct 12 01:52:38 UTC 2025","passed","Sun Oct 12 01:52:38 UTC 2025","","handlePeriodicDiscovery","",""
"","0","Subscribe to topic containing XML and receive message","Waku Filter: Subscribe: Multiple Service Nodes: Strict Check mode: false","Sun Oct 12 02:01:18 UTC 2025","passed","Sun Oct 12 02:01:18 UTC 2025","","","",""
"","0","Outgoing message is possibly acknowledged","Reliable Channel: Encryption","Sun Oct 12 01:53:20 UTC 2025","skipped","Sun Oct 12 01:53:20 UTC 2025","","","",""
"","0","should throw an error for invalid PubsubTopic format: /waku/1/rs/1/2","pubsubTopicToSingleShardInfo with various invalid formats","Sun Oct 12 01:52:14 UTC 2025","passed","Sun Oct 12 01:52:14 UTC 2025","","","",""
"","0","Check publish message containing XML","Waku Relay, Publish","Sun Oct 12 01:56:49 UTC 2025","passed","Sun Oct 12 01:56:49 UTC 2025","","","",""
"","1","should not be added to outgoing buffer, bloom filter, or local log","MessageChannel","Sun Oct 12 01:53:07 UTC 2025","passed","Sun Oct 12 01:53:07 UTC 2025","","Sync messages","",""
"","0","should trigger QueryOnConnect when going offline and store peer reconnects","Reliable Channel","Sun Oct 12 01:53:22 UTC 2025","passed","Sun Oct 12 01:53:22 UTC 2025","","Query On Connect Integration E2E Tests","",""
"","1","throws on content topic with empty application field","ensureValidContentTopic","Sun Oct 12 01:52:14 UTC 2025","passed","Sun Oct 12 01:52:14 UTC 2025","","","",""
"","0","random static sharding 6 - Cluster ID: 71, Shard ID: 292","Static Sharding: Running Nodes","Sun Oct 12 01:59:00 UTC 2025","passed","Sun Oct 12 01:59:00 UTC 2025","","","",""
"","1","Subscribe to topic containing unicode special characters and publish message","Waku Relay, Subscribe","Sun Oct 12 01:56:56 UTC 2025","passed","Sun Oct 12 01:56:56 UTC 2025","","","",""
"","0","should handle corrupted shard info gracefully","ShardReader","Sun Oct 12 01:52:28 UTC 2025","passed","Sun Oct 12 01:52:28 UTC 2025","","error handling","",""
"","7","rejects hash query with content filter parameters","StoreQueryRequest validation","Sun Oct 12 01:52:29 UTC 2025","passed","Sun Oct 12 01:52:29 UTC 2025","","","",""
"","0","Subscribe to topic containing Basic HTML tag and receive message","Waku Filter: Subscribe: Multiple Service Nodes: Strict Check mode: true","Sun Oct 12 02:01:18 UTC 2025","passed","Sun Oct 12 02:01:18 UTC 2025","","","",""
"","1","should hash """" with n=1 and maxValue=100 correctly","hashN","Sun Oct 12 01:52:59 UTC 2025","passed","Sun Oct 12 01:52:59 UTC 2025","","","",""
"","0","Push message with meta","Waku Light Push (legacy=v2): Multiple Nodes: Strict Check: false","Sun Oct 12 02:10:43 UTC 2025","passed","Sun Oct 12 02:10:43 UTC 2025","","","",""
"","0","Encoder error raises irrecoverable error","Reliable Channel","Sun Oct 12 01:53:22 UTC 2025","passed","Sun Oct 12 01:53:22 UTC 2025","","","",""
"","0","Check publish message containing Russian","Waku Relay, Publish","Sun Oct 12 01:56:49 UTC 2025","passed","Sun Oct 12 01:56:49 UTC 2025","","","",""
"","0","should handle very large timestamps","lamportTimestampIncrement","Sun Oct 12 01:53:07 UTC 2025","passed","Sun Oct 12 01:53:07 UTC 2025","","","",""
"","1","Passing a valid cursor at 10 index when there are 40 messages","Waku Store, cursor","Sun Oct 12 01:58:31 UTC 2025","passed","Sun Oct 12 01:58:31 UTC 2025","","","",""
"","0","should hash ""Lorem ipsum dolor sit amet"" with n=1 and maxValue=1000 correctly","hashN","Sun Oct 12 01:52:59 UTC 2025","passed","Sun Oct 12 01:52:59 UTC 2025","","","",""
"","0","should clear existing timers before creating new ones","KeepAliveManager","Sun Oct 12 01:52:29 UTC 2025","passed","Sun Oct 12 01:52:29 UTC 2025","","timer cleanup","",""
"","0","should initialize with custom TTL","PeerExchangeDiscovery","Sun Oct 12 01:52:38 UTC 2025","passed","Sun Oct 12 01:52:38 UTC 2025","","constructor","",""
"","0","Push message with Basic HTML tag payload","Waku Light Push (legacy=v2): Multiple Nodes: Strict Check: false","Sun Oct 12 02:10:43 UTC 2025","passed","Sun Oct 12 02:10:43 UTC 2025","","","",""
"","0","Query Generator, No Decoder","Waku Store, error handling","Sun Oct 12 01:58:44 UTC 2025","passed","Sun Oct 12 01:58:44 UTC 2025","","","",""
"","0","Query Generator, No message returned","Waku Store, error handling","Sun Oct 12 01:58:44 UTC 2025","passed","Sun Oct 12 01:58:44 UTC 2025","","","",""
"","0","should hang up with multiaddr and return true on success","ConnectionManager","Sun Oct 12 01:52:30 UTC 2025","passed","Sun Oct 12 01:52:30 UTC 2025","","hangUp","",""
"","1","rejects content-filtered query with only contentTopics","StoreQueryRequest validation","Sun Oct 12 01:52:29 UTC 2025","passed","Sun Oct 12 01:52:29 UTC 2025","","","",""
"","0","should process queue every 500ms","Dialer","Sun Oct 12 01:52:29 UTC 2025","passed","Sun Oct 12 01:52:29 UTC 2025","","queue processing","",""
"","0","should throw an error for invalid PubsubTopic format: /waku/2/rs/1/2/extra","pubsubTopicToSingleShardInfo with various invalid formats","Sun Oct 12 01:52:14 UTC 2025","passed","Sun Oct 12 01:52:14 UTC 2025","","","",""
"","0","random auto sharding 6 - Cluster ID: 10, Content Topic: /app6/8/topic241/utf8","Autosharding: Running Nodes","Sun Oct 12 01:58:20 UTC 2025","passed","Sun Oct 12 01:58:20 UTC 2025","","","",""
"","0","should handle peer store errors gracefully","PeerExchangeDiscovery","Sun Oct 12 01:52:38 UTC 2025","passed","Sun Oct 12 01:52:38 UTC 2025","","handlePeriodicDiscovery","",""
"","1","Query generator for multiple messages","Waku Store, general","Sun Oct 12 01:59:12 UTC 2025","passed","Sun Oct 12 01:59:12 UTC 2025","","","",""
"","0","Publish message with large meta","Waku Relay, Publish","Sun Oct 12 01:56:49 UTC 2025","passed","Sun Oct 12 01:56:49 UTC 2025","","","",""
"","1","Passing an array","Waku Dial [node only]","Sun Oct 12 01:59:27 UTC 2025","passed","Sun Oct 12 01:59:27 UTC 2025","","Bootstrap","",""
"","0","should retrieve 3 multiaddrs for sandbox.waku.nodes.status.im","DNS Node Discovery [live data]","Sun Oct 12 01:53:51 UTC 2025","skipped","Sun Oct 12 01:53:51 UTC 2025","","","",""
"","0","Query generator for multiple messages with different message text format","Waku Store, general","Sun Oct 12 01:59:12 UTC 2025","passed","Sun Oct 12 01:59:12 UTC 2025","","","",""
"","0","should create all internal components","ConnectionManager","Sun Oct 12 01:52:30 UTC 2025","passed","Sun Oct 12 01:52:30 UTC 2025","","constructor","",""
"","0","should hash ""Lorem ipsum dolor sit amet"" with n=1 and maxValue=10000 correctly","hashN","Sun Oct 12 01:53:00 UTC 2025","passed","Sun Oct 12 01:53:00 UTC 2025","","","",""
"","0","should reject if LightPush is requested but not mounted","waitForRemotePeer","Sun Oct 12 01:53:19 UTC 2025","passed","Sun Oct 12 01:53:19 UTC 2025","","","",""
"","0","should send relay ping messages on timer","KeepAliveManager","Sun Oct 12 01:52:29 UTC 2025","passed","Sun Oct 12 01:52:29 UTC 2025","","relay timer management","",""
"","0","should emit a peer event after start","Peer Cache Discovery","Sun Oct 12 01:52:42 UTC 2025","passed","Sun Oct 12 01:52:42 UTC 2025","interface-peer-discovery compliance tests","Compliance Tests","",""
"","0","ENRTree (tree): should error if DNS tree entry is misformatted","ENRTree","Sun Oct 12 01:52:37 UTC 2025","passed","Sun Oct 12 01:52:37 UTC 2025","","","",""
"","0","should handle dial errors gracefully","ConnectionLimiter","Sun Oct 12 01:52:29 UTC 2025","passed","Sun Oct 12 01:52:29 UTC 2025","","dialPeersFromStore","",""
"","0","should be able to decode the field with only FILTER set to true","ENR waku2 codec","Sun Oct 12 01:52:19 UTC 2025","passed","Sun Oct 12 01:52:19 UTC 2025","","Decoding","",""
"","0","Check received message containing SQL Injection","Waku Filter: FilterPush: Multiple Nodes: Strict Checking: false","Sun Oct 12 02:00:52 UTC 2025","passed","Sun Oct 12 02:00:52 UTC 2025","","","",""
"","0","uses static shard pubsub topic instead of autosharding when set","Sets sharding configuration correctly","Sun Oct 12 01:52:29 UTC 2025","passed","Sun Oct 12 01:52:29 UTC 2025","","","",""
"","1","should be safe to call multiple times","KeepAliveManager","Sun Oct 12 01:52:29 UTC 2025","passed","Sun Oct 12 01:52:29 UTC 2025","","stop","",""
"","0","should stop all internal components","ConnectionManager","Sun Oct 12 01:52:30 UTC 2025","passed","Sun Oct 12 01:52:30 UTC 2025","","stop","",""
"","0","should dial with PeerId and return stream","ConnectionManager","Sun Oct 12 01:52:30 UTC 2025","passed","Sun Oct 12 01:52:30 UTC 2025","","dial","",""
"","0","Encoder throws on empty string content topic","Ensures content topic is defined","Sun Oct 12 01:52:50 UTC 2025","passed","Sun Oct 12 01:52:50 UTC 2025","","","",""
"","0","Subscribe to 100 topics (new limit) at once and receives messages","Waku Filter: Subscribe: Multiple Service Nodes: Strict Check mode: false","Sun Oct 12 02:01:18 UTC 2025","passed","Sun Oct 12 02:01:18 UTC 2025","","","",""
"","1","Check message with no pubsub topic is not received","Waku Filter: FilterPush: Multiple Nodes: Strict Checking: true","Sun Oct 12 02:00:52 UTC 2025","passed","Sun Oct 12 02:00:52 UTC 2025","","","",""
"","0","should allow redial after cooldown period","Dialer","Sun Oct 12 01:52:29 UTC 2025","passed","Sun Oct 12 01:52:29 UTC 2025","","dial","",""
"","0","should handle empty peer infos gracefully","PeerExchange","Sun Oct 12 01:52:38 UTC 2025","passed","Sun Oct 12 01:52:38 UTC 2025","","query","",""
"","4","Waku message hash computation (meta size of 12 bytes)","Message Hash: RFC Test Vectors","Sun Oct 12 01:52:29 UTC 2025","passed","Sun Oct 12 01:52:29 UTC 2025","","","",""
"","1","returns all values when wanted number is greater than available values","Discovery","Sun Oct 12 01:52:37 UTC 2025","passed","Sun Oct 12 01:52:37 UTC 2025","","","",""
"","0","should detect messages with missing dependencies","MessageChannel","Sun Oct 12 01:53:07 UTC 2025","passed","Sun Oct 12 01:53:07 UTC 2025","","Sweeping incoming buffer","",""
"","0","should set field with only STORE enabled","ENR","Sun Oct 12 01:52:20 UTC 2025","passed","Sun Oct 12 01:52:20 UTC 2025","","waku2 key round trip","",""
"","0","should use configured peers when available","Store","Sun Oct 12 01:53:19 UTC 2025","passed","Sun Oct 12 01:53:19 UTC 2025","","queryGenerator","",""
"","0","throws on content topic with empty encoding field","ensureValidContentTopic","Sun Oct 12 01:52:14 UTC 2025","passed","Sun Oct 12 01:52:14 UTC 2025","","","",""
"","1","should handle peer connect event","NetworkMonitor","Sun Oct 12 01:52:28 UTC 2025","passed","Sun Oct 12 01:52:28 UTC 2025","","peer connection events","",""
"","0","should handle case with no peers in store","ConnectionLimiter","Sun Oct 12 01:52:29 UTC 2025","passed","Sun Oct 12 01:52:29 UTC 2025","","dialPeersFromStore","",""
"","0","should handle errors when globalThis is not available","NetworkMonitor","Sun Oct 12 01:52:28 UTC 2025","passed","Sun Oct 12 01:52:28 UTC 2025","","start","",""
"","0","should update peers in cache on 'peer:identify' event","Peer Cache Discovery","Sun Oct 12 01:52:42 UTC 2025","passed","Sun Oct 12 01:52:42 UTC 2025","","Unit Tests","",""
"","1","should handle peer disconnect event when no connections remain","NetworkMonitor","Sun Oct 12 01:52:28 UTC 2025","passed","Sun Oct 12 01:52:28 UTC 2025","","peer connection events","",""
"","0","Push message with Arabic payload","Waku Light Push (legacy=v2): Multiple Nodes: Strict Check: false","Sun Oct 12 02:10:43 UTC 2025","passed","Sun Oct 12 02:10:43 UTC 2025","","","",""
"","0","should not fail to stop the service if it was not started","Peer Exchange","Sun Oct 12 01:57:35 UTC 2025","passed","Sun Oct 12 01:57:35 UTC 2025","interface-peer-discovery compliance tests","Compliance Test","",""
"","1","Subscribe to topic containing long and receive message","Waku Filter: Subscribe: Multiple Service Nodes: Strict Check mode: true","Sun Oct 12 02:01:18 UTC 2025","passed","Sun Oct 12 02:01:18 UTC 2025","","","",""
"","1","Subscribe to topic containing JSON and publish message","Waku Relay, Subscribe","Sun Oct 12 01:56:56 UTC 2025","passed","Sun Oct 12 01:56:56 UTC 2025","","","",""
"","0","messageHash returns a Uint8Array","messageHash and messageHashStr","Sun Oct 12 01:52:29 UTC 2025","passed","Sun Oct 12 01:52:29 UTC 2025","","","",""
"","0","should return DECODE_FAILED when RPC decode fails","PeerExchange","Sun Oct 12 01:52:38 UTC 2025","passed","Sun Oct 12 01:52:38 UTC 2025","","query","",""
"","0","should handle multiple query options for time ranges","Store","Sun Oct 12 01:53:19 UTC 2025","passed","Sun Oct 12 01:53:19 UTC 2025","","queryGenerator","",""
"","0","Fields are not dropped","to proto message","Sun Oct 12 01:52:29 UTC 2025","passed","Sun Oct 12 01:52:29 UTC 2025","","","",""
"","0","Push message with numeric payload","Waku Light Push (legacy=v2): Multiple Nodes: Strict Check: false","Sun Oct 12 02:10:43 UTC 2025","passed","Sun Oct 12 02:10:43 UTC 2025","","","",""
"","1","Subscribe and receive ecies encrypted messages via lightPush","Waku Filter: Subscribe: Multiple Service Nodes: Strict Check mode: false","Sun Oct 12 02:01:18 UTC 2025","passed","Sun Oct 12 02:01:18 UTC 2025","","","",""
"","0","Push message with content topic containing long","Waku Light Push (legacy=v3): Multiple Nodes: Strict Check: true","Sun Oct 12 02:10:43 UTC 2025","passed","Sun Oct 12 02:10:43 UTC 2025","","","",""
"","0","Outgoing message is emitted as sent","Reliable Channel: Encryption","Sun Oct 12 01:53:20 UTC 2025","passed","Sun Oct 12 01:53:20 UTC 2025","","","",""
"","0","Push message with Script payload","Waku Light Push (legacy=v3): Multiple Nodes: Strict Check: false","Sun Oct 12 02:10:43 UTC 2025","passed","Sun Oct 12 02:10:43 UTC 2025","","","",""
"","1","Check publish message containing escaped characters","Waku Relay, Publish","Sun Oct 12 01:56:49 UTC 2025","passed","Sun Oct 12 01:56:49 UTC 2025","","","",""
"","1","receiving a ping from a peer does not overwrite shard info","Metadata Protocol","Sun Oct 12 01:55:12 UTC 2025","passed","Sun Oct 12 01:55:12 UTC 2025","","static sharding","",""
"","1","should hash ""hello"" with n=5 and maxValue=1000 correctly","hashN","Sun Oct 12 01:52:59 UTC 2025","passed","Sun Oct 12 01:52:59 UTC 2025","","","",""
"","0","should handle browser offline state overriding peer connections","NetworkMonitor","Sun Oct 12 01:52:28 UTC 2025","passed","Sun Oct 12 01:52:28 UTC 2025","","integration","",""
"","0","should drop excess bootstrap peers if over maxBootstrapPeers","ConnectionLimiter","Sun Oct 12 01:52:29 UTC 2025","passed","Sun Oct 12 01:52:29 UTC 2025","","maintainBootstrapConnections","",""
"","0","should ensure monotonic increase","lamportTimestampIncrement","Sun Oct 12 01:53:07 UTC 2025","passed","Sun Oct 12 01:53:07 UTC 2025","","","",""
"","1","Subscribe to topic containing escaped characters and receive message","Waku Filter: Subscribe: Multiple Service Nodes: Strict Check mode: true","Sun Oct 12 02:01:18 UTC 2025","passed","Sun Oct 12 02:01:18 UTC 2025","","","",""
"","1","should be able to encode the field with ALL protocols set to false","ENR waku2 codec","Sun Oct 12 01:52:19 UTC 2025","passed","Sun Oct 12 01:52:19 UTC 2025","","Encoding","",""
"","0","should not be delivered","MessageChannel","Sun Oct 12 01:53:07 UTC 2025","passed","Sun Oct 12 01:53:07 UTC 2025","","Sync messages","",""
"","0","should hash ""hello"" with n=1 and maxValue=10000 correctly","hashN","Sun Oct 12 01:52:59 UTC 2025","passed","Sun Oct 12 01:52:59 UTC 2025","","","",""
"","1","should stop query iteration when stopIfTrue returns true","QueryOnConnect","Sun Oct 12 01:53:19 UTC 2025","passed","Sun Oct 12 01:53:19 UTC 2025","","stopIfTrue predicate","",""
"","0","should be safe to call multiple times","DiscoveryDialer","Sun Oct 12 01:52:28 UTC 2025","passed","Sun Oct 12 01:52:28 UTC 2025","","stop","",""
"","0","Push message equal or less that 1MB","Waku Light Push (legacy=v3): Multiple Nodes: Strict Check: true","Sun Oct 12 02:10:43 UTC 2025","passed","Sun Oct 12 02:10:43 UTC 2025","","","",""
"","0","accepts valid content-filtered query","StoreQueryRequest validation","Sun Oct 12 01:52:29 UTC 2025","passed","Sun Oct 12 01:52:29 UTC 2025","","","",""
"","0","Subscribe and receives messages on 20 topics","Waku Filter: Subscribe: Multiple Service Nodes: Strict Check mode: true","Sun Oct 12 02:01:18 UTC 2025","passed","Sun Oct 12 02:01:18 UTC 2025","","","",""
"","0","should return false and handle errors gracefully","ConnectionManager","Sun Oct 12 01:52:30 UTC 2025","passed","Sun Oct 12 01:52:30 UTC 2025","","hangUp","",""
"","0","Push message with unicode special characters payload","Waku Light Push (legacy=v3): Multiple Nodes: Strict Check: false","Sun Oct 12 02:10:43 UTC 2025","passed","Sun Oct 12 02:10:43 UTC 2025","","","",""
"","1","should support chaining for add method","TTLSet","Sun Oct 12 01:53:16 UTC 2025","passed","Sun Oct 12 01:53:16 UTC 2025","","","",""
"","0","Add multiple subscription objects on single nwaku node","Waku Filter: Subscribe: Multiple Service Nodes: Strict Check mode: false","Sun Oct 12 02:01:18 UTC 2025","passed","Sun Oct 12 02:01:18 UTC 2025","","","",""
"","5","peer:update - should do nothing if another protocol hit","StreamManager","Sun Oct 12 01:52:29 UTC 2025","passed","Sun Oct 12 01:52:29 UTC 2025","","","",""
"","1","isConnected should return false after all peers disconnect","Connection state","Sun Oct 12 01:54:04 UTC 2025","passed","Sun Oct 12 01:54:04 UTC 2025","","","",""
"","0","should trigger query when it went offline since the last successful query","QueryOnConnect","Sun Oct 12 01:53:19 UTC 2025","passed","Sun Oct 12 01:53:19 UTC 2025","","message retrieval event emission conditions","",""
"","0","should handle ENR without shardInfo","PeerExchangeDiscovery","Sun Oct 12 01:52:38 UTC 2025","passed","Sun Oct 12 01:52:38 UTC 2025","","query","",""
"","1","Fails to push message bigger that 1MB","Waku Light Push (legacy=v3): Multiple Nodes: Strict Check: false","Sun Oct 12 02:10:43 UTC 2025","passed","Sun Oct 12 02:10:43 UTC 2025","","","",""
"","0","All","ENR Interop: ServiceNode","Sun Oct 12 01:53:50 UTC 2025","passed","Sun Oct 12 01:53:50 UTC 2025","","","",""
"","4","should perform ping and update peer store on timer","KeepAliveManager","Sun Oct 12 01:52:29 UTC 2025","passed","Sun Oct 12 01:52:29 UTC 2025","","ping timer management","",""
"","0","should properly create location multiaddrs - tcp6","ENR","Sun Oct 12 01:52:20 UTC 2025","passed","Sun Oct 12 01:52:20 UTC 2025","","Location multiaddr","",""
"","8","should keep entries that haven't expired yet","TTLSet","Sun Oct 12 01:53:16 UTC 2025","passed","Sun Oct 12 01:53:16 UTC 2025","","","",""
"","1","should return EMPTY_PAYLOAD when response field is missing","PeerExchange","Sun Oct 12 01:52:38 UTC 2025","passed","Sun Oct 12 01:52:38 UTC 2025","","query","",""
"","1","should encode/decode to text encoding","ENR","Sun Oct 12 01:52:20 UTC 2025","passed","Sun Oct 12 01:52:20 UTC 2025","","Static tests","",""
"","1","Push message with content topic containing numeric","Waku Light Push (legacy=v3): Multiple Nodes: Strict Check: true","Sun Oct 12 02:10:43 UTC 2025","passed","Sun Oct 12 02:10:43 UTC 2025","","","",""
"","1","Passing page size 110 when there are 120 messages","Waku Store, page size","Sun Oct 12 01:59:20 UTC 2025","passed","Sun Oct 12 01:59:20 UTC 2025","","","",""
"","0","should handle peerStore errors gracefully","ConnectionManager","Sun Oct 12 01:52:30 UTC 2025","passed","Sun Oct 12 01:52:30 UTC 2025","","getConnectedPeers","",""
"","2","Unsubscribe 1 topic - node subscribed to 1 topic","Waku Filter: Unsubscribe: Multiple Nodes: Strict Checking: true","Sun Oct 12 01:56:36 UTC 2025","passed","Sun Oct 12 01:56:36 UTC 2025","","","",""
"","0","Unsubscribe 2 topics - node subscribed to 2 topics","Waku Filter: Unsubscribe: Multiple Nodes: Strict Checking: true","Sun Oct 12 01:56:36 UTC 2025","passed","Sun Oct 12 01:56:36 UTC 2025","","","",""
"","1","Check received message containing numeric","Waku Filter: FilterPush: Multiple Nodes: Strict Checking: false","Sun Oct 12 02:00:52 UTC 2025","passed","Sun Oct 12 02:00:52 UTC 2025","","","",""
"","1","should return start time to match max range","calculateTimeRange","Sun Oct 12 01:53:19 UTC 2025","passed","Sun Oct 12 01:53:19 UTC 2025","","","",""
"","0","should return false for content message without causal history","Reliable Channel","Sun Oct 12 01:53:22 UTC 2025","passed","Sun Oct 12 01:53:22 UTC 2025","","isChannelMessageWithCausalHistory predicate","",""
"","0","Nodes with multiple pubsub topic","Waku Relay auto-sharding, multiple pubsub topics","Sun Oct 12 01:56:42 UTC 2025","passed","Sun Oct 12 01:56:42 UTC 2025","","","",""
"","0","same cluster: nodes connect","Metadata Protocol","Sun Oct 12 01:55:12 UTC 2025","passed","Sun Oct 12 01:55:12 UTC 2025","","auto sharding","",""
"","0","throws if time range exceeds MAX_TIME_RANGE","StoreCore","Sun Oct 12 01:52:29 UTC 2025","passed","Sun Oct 12 01:52:29 UTC 2025","","queryPerPage","",""
"","0","should maintain proper timestamps if all messages received","MessageChannel","Sun Oct 12 01:53:07 UTC 2025","skipped","Sun Oct 12 01:53:07 UTC 2025","","receiving a message","",""
"","0","should set field with only RELAY enabled","ENR","Sun Oct 12 01:52:20 UTC 2025","passed","Sun Oct 12 01:52:20 UTC 2025","","waku2 key round trip","",""
"","0","should only return 1 node with relay capability","DNS Node Discovery w/ capabilities","Sun Oct 12 01:52:39 UTC 2025","passed","Sun Oct 12 01:52:39 UTC 2025","","","",""
"","0","should return false when peer is not on the pubsub topic shard","ShardReader","Sun Oct 12 01:52:28 UTC 2025","passed","Sun Oct 12 01:52:28 UTC 2025","","isPeerOnTopic","",""
"","1","should check false positive rate","BloomFilter with special patterns","Sun Oct 12 01:53:04 UTC 2025","passed","Sun Oct 12 01:53:04 UTC 2025","","","",""
"","0","Push message with JSON payload","Waku Light Push (legacy=v3): Multiple Nodes: Strict Check: false","Sun Oct 12 02:10:43 UTC 2025","passed","Sun Oct 12 02:10:43 UTC 2025","","","",""
"","0","should handle errors gracefully when getting peer info","ShardReader","Sun Oct 12 01:52:28 UTC 2025","passed","Sun Oct 12 01:52:28 UTC 2025","","error handling","",""
"","1","Check publish message after client node is restarted","Waku Relay, Publish","Sun Oct 12 01:56:49 UTC 2025","skipped","Sun Oct 12 01:56:49 UTC 2025","","","",""
"","0","Subscribe to topic containing shell command and receive message","Waku Filter: Subscribe: Multiple Service Nodes: Strict Check mode: true","Sun Oct 12 02:01:18 UTC 2025","passed","Sun Oct 12 02:01:18 UTC 2025","","","",""
"","0","Decoder throws on empty string content topic","Ensures content topic is defined","Sun Oct 12 01:52:48 UTC 2025","passed","Sun Oct 12 01:52:48 UTC 2025","","","",""
"","0","rejects content-filtered query with only pubsubTopic","StoreQueryRequest validation","Sun Oct 12 01:52:29 UTC 2025","passed","Sun Oct 12 01:52:29 UTC 2025","","","",""
"","1","Check received message containing Script","Waku Filter: FilterPush: Multiple Nodes: Strict Checking: false","Sun Oct 12 02:00:52 UTC 2025","passed","Sun Oct 12 02:00:52 UTC 2025","","","",""
"","0","Generator, one shard","Waku Store, different static shards","Sun Oct 12 01:58:37 UTC 2025","passed","Sun Oct 12 01:58:37 UTC 2025","","","",""
"","1","should create ShardReader with static shards network config","ShardReader","Sun Oct 12 01:52:28 UTC 2025","passed","Sun Oct 12 01:52:28 UTC 2025","","constructor","",""
"","1","A test","This","Sun Oct 12 01:54:58 UTC 2025","passed","Sun Oct 12 01:54:58 UTC 2025","","Is","",""
"","0","Push message with content topic containing Russian","Waku Light Push (legacy=v2): Multiple Nodes: Strict Check: true","Sun Oct 12 02:10:43 UTC 2025","passed","Sun Oct 12 02:10:43 UTC 2025","","","",""
"","0","should correctly map /app/20/sometopic/someencoding to shard index 0 with networkShards 1","contentTopicToShardIndex","Sun Oct 12 01:52:14 UTC 2025","passed","Sun Oct 12 01:52:14 UTC 2025","","","",""
"","0","groups content topics by expected pubsub topic","contentTopicsByPubsubTopic","Sun Oct 12 01:52:14 UTC 2025","passed","Sun Oct 12 01:52:14 UTC 2025","","","",""
"","0","should hash ""test123"" with n=5 and maxValue=10000 correctly","hashN","Sun Oct 12 01:52:59 UTC 2025","passed","Sun Oct 12 01:52:59 UTC 2025","","","",""
"","1","should throw an error for invalid PubsubTopic format: /waku/2/r/1/2","pubsubTopicToSingleShardInfo with various invalid formats","Sun Oct 12 01:52:14 UTC 2025","passed","Sun Oct 12 01:52:14 UTC 2025","","","",""
"","0","Publish message with custom timestamp: Sun Oct 12 2025 00:56:43 GMT+0000 (Coordinated Universal Time)","Waku Relay, Publish","Sun Oct 12 01:56:49 UTC 2025","passed","Sun Oct 12 01:56:49 UTC 2025","","","",""
"","3","should handle renewPeer for a non-existent or disconnected peer gracefully","PeerManager","Sun Oct 12 01:53:18 UTC 2025","passed","Sun Oct 12 01:53:18 UTC 2025","","","",""
"","0","Subscribe to topic containing XML and receive message","Waku Filter: Subscribe: Multiple Service Nodes: Strict Check mode: true","Sun Oct 12 02:01:18 UTC 2025","passed","Sun Oct 12 02:01:18 UTC 2025","","","",""
"","0","should hash ""Lorem ipsum dolor sit amet"" with n=2 and maxValue=100 correctly","hashN","Sun Oct 12 01:52:59 UTC 2025","passed","Sun Oct 12 01:52:59 UTC 2025","","","",""
"","2","ENRTree (tree): should error if DNS tree entry is mis-prefixed","ENRTree","Sun Oct 12 01:52:37 UTC 2025","passed","Sun Oct 12 01:52:37 UTC 2025","","","",""
"","0","nwaku subscribes","Waku Relay, Interop","Sun Oct 12 01:56:48 UTC 2025","passed","Sun Oct 12 01:56:48 UTC 2025","","","",""
"","0","Round trip binary encryption [symmetric, signature]","Symmetric Encryption","Sun Oct 12 01:52:48 UTC 2025","passed","Sun Oct 12 01:52:48 UTC 2025","","","",""
"","1","Fails to publish message with empty text","Waku Relay, Publish","Sun Oct 12 01:56:49 UTC 2025","passed","Sun Oct 12 01:56:49 UTC 2025","","","",""
"","0","Push message with custom timestamp: 1760237648592","Waku Light Push (legacy=v3): Multiple Nodes: Strict Check: true","Sun Oct 12 02:10:43 UTC 2025","passed","Sun Oct 12 02:10:43 UTC 2025","","","",""
"","0","Fails to publish message with size larger than 1 MB","Waku Relay, Publish","Sun Oct 12 01:56:49 UTC 2025","passed","Sun Oct 12 01:56:49 UTC 2025","","","",""
"","1","Retries within maximum given attempts","Retry Manager","Sun Oct 12 01:53:19 UTC 2025","passed","Sun Oct 12 01:53:19 UTC 2025","","","",""
"","0","should hash ""Lorem ipsum dolor sit amet"" with n=1 and maxValue=100 correctly","hashN","Sun Oct 12 01:52:59 UTC 2025","passed","Sun Oct 12 01:52:59 UTC 2025","","","",""
"","0","should initialize with default number of peers","PeerManager","Sun Oct 12 01:53:18 UTC 2025","passed","Sun Oct 12 01:53:18 UTC 2025","","","",""
"","0","Check received message with timestamp: 1949153314000 ","Waku Filter: FilterPush: Multiple Nodes: Strict Checking: false","Sun Oct 12 02:00:52 UTC 2025","passed","Sun Oct 12 02:00:52 UTC 2025","","","",""
"","0","Push message with long payload","Waku Light Push (legacy=v2): Multiple Nodes: Strict Check: false","Sun Oct 12 02:10:43 UTC 2025","passed","Sun Oct 12 02:10:43 UTC 2025","","","",""
"","0","Fails to push message with large meta","Waku Light Push (legacy=v3): Multiple Nodes: Strict Check: true","Sun Oct 12 02:10:43 UTC 2025","passed","Sun Oct 12 02:10:43 UTC 2025","","","",""
"","0","should return null for non-existent peer","ConnectionLimiter","Sun Oct 12 01:52:29 UTC 2025","passed","Sun Oct 12 01:52:29 UTC 2025","","getPeer","",""
"","1","should handle v3 RLN errors","LightPush SDK","Sun Oct 12 01:53:17 UTC 2025","passed","Sun Oct 12 01:53:17 UTC 2025","","v3 protocol support","",""
"","0","Push message with Script payload","Waku Light Push (legacy=v3): Multiple Nodes: Strict Check: true","Sun Oct 12 02:10:43 UTC 2025","passed","Sun Oct 12 02:10:43 UTC 2025","","","",""
"","0","should throw an error for non-numeric clusterId: /waku/2/rs/ /1","pubsubTopicToSingleShardInfo with various invalid formats","Sun Oct 12 01:52:14 UTC 2025","passed","Sun Oct 12 01:52:14 UTC 2025","","","",""
"","1","should correctly encode and decode relay shards using rsv format (Bit Vector)","Relay Shard codec","Sun Oct 12 01:52:14 UTC 2025","passed","Sun Oct 12 01:52:14 UTC 2025","","","",""
"","1","retrieves a single peer","DNS Node Discovery","Sun Oct 12 01:52:38 UTC 2025","passed","Sun Oct 12 01:52:38 UTC 2025","","","",""
"","0","Relay","ENR Interop: ServiceNode","Sun Oct 12 01:53:50 UTC 2025","passed","Sun Oct 12 01:53:50 UTC 2025","","","",""
"","0","should correctly map /app/20/sometopic/someencoding to shard index 7","contentTopicToShardIndex","Sun Oct 12 01:52:14 UTC 2025","passed","Sun Oct 12 01:52:14 UTC 2025","","","",""
"","0","should populate queue if has active dial","Dialer","Sun Oct 12 01:52:29 UTC 2025","passed","Sun Oct 12 01:52:29 UTC 2025","","dial","",""
"","0","Nwaku publishes","Waku Relay, Interop","Sun Oct 12 01:56:48 UTC 2025","passed","Sun Oct 12 01:56:48 UTC 2025","","","",""
"","0","Check publish message after service node is restarted","Waku Relay, Publish","Sun Oct 12 01:56:49 UTC 2025","skipped","Sun Oct 12 01:56:49 UTC 2025","","","",""
"","1","Encoder throws on undefined content topic","Ensures content topic is defined","Sun Oct 12 01:52:48 UTC 2025","passed","Sun Oct 12 01:52:48 UTC 2025","","","",""
"","0","should wait for Store peer to be connected","waitForRemotePeer","Sun Oct 12 01:53:19 UTC 2025","passed","Sun Oct 12 01:53:19 UTC 2025","","","",""
"","0","should return no connections if no open connection provided","selectOpenConnection","Sun Oct 12 01:52:29 UTC 2025","passed","Sun Oct 12 01:52:29 UTC 2025","","","",""
"","0","should return false when peer is on different cluster","ShardReader","Sun Oct 12 01:52:28 UTC 2025","passed","Sun Oct 12 01:52:28 UTC 2025","","isPeerOnNetwork","",""
"","0","Check received message with timestamp: 1949153314000 ","Waku Filter: FilterPush: Multiple Nodes: Strict Checking: true","Sun Oct 12 02:00:52 UTC 2025","passed","Sun Oct 12 02:00:52 UTC 2025","","","",""
"","1","should transition to Unhealthy when no connections","HealthIndicator","Sun Oct 12 01:53:18 UTC 2025","passed","Sun Oct 12 01:53:18 UTC 2025","","","",""
"","0","should return true for message with causal history","Reliable Channel","Sun Oct 12 01:53:22 UTC 2025","passed","Sun Oct 12 01:53:22 UTC 2025","","isChannelMessageWithCausalHistory predicate","",""
"","0","ENRTree (root): should error if DNS root entry signature is invalid","ENRTree","Sun Oct 12 01:52:37 UTC 2025","passed","Sun Oct 12 01:52:37 UTC 2025","","","",""
"","1","should enable only peerCache when dns and peerExchange are disabled","Default Peer Discoveries","Sun Oct 12 01:53:17 UTC 2025","passed","Sun Oct 12 01:53:17 UTC 2025","","","",""
"","2","should hash ""test123"" with n=0 and maxValue=10000 correctly","hashN","Sun Oct 12 01:52:59 UTC 2025","passed","Sun Oct 12 01:52:59 UTC 2025","","","",""
"","1","configure the node with multiple content topics","Autosharding: Running Nodes","Sun Oct 12 01:58:20 UTC 2025","passed","Sun Oct 12 01:58:20 UTC 2025","","","",""
"","1","should register libp2p event listeners when start is called","PeerManager","Sun Oct 12 01:53:18 UTC 2025","passed","Sun Oct 12 01:53:18 UTC 2025","","","",""
"","0","First message is missed, then re-sent, should be ack'd","MessageChannel","Sun Oct 12 01:53:07 UTC 2025","passed","Sun Oct 12 01:53:07 UTC 2025","","reviewing ack status","",""
"","1","should not retry if at least one success","RetryManager","Sun Oct 12 01:53:17 UTC 2025","passed","Sun Oct 12 01:53:17 UTC 2025","","","",""
"","0","should return false when peer is not on the specified shard","ShardReader","Sun Oct 12 01:52:28 UTC 2025","passed","Sun Oct 12 01:52:28 UTC 2025","","isPeerOnShard","",""
"","1","should sort peers by ping value","ConnectionManager","Sun Oct 12 01:52:30 UTC 2025","passed","Sun Oct 12 01:52:30 UTC 2025","","getConnectedPeers","",""
"","0","Check publish message containing shell command","Waku Relay, Publish","Sun Oct 12 01:56:49 UTC 2025","passed","Sun Oct 12 01:56:49 UTC 2025","","","",""
"","0","Throws when trying to push message with empty payload","Waku Light Push (legacy=v3): Multiple Nodes: Strict Check: false","Sun Oct 12 02:10:43 UTC 2025","passed","Sun Oct 12 02:10:43 UTC 2025","","","",""
"","0","Subscribe and receive messages via lightPush","Waku Filter: Subscribe: Multiple Service Nodes: Strict Check mode: false","Sun Oct 12 02:01:18 UTC 2025","passed","Sun Oct 12 02:01:18 UTC 2025","","","",""
"","0","Check received message containing XML","Waku Filter: FilterPush: Multiple Nodes: Strict Checking: true","Sun Oct 12 02:00:52 UTC 2025","passed","Sun Oct 12 02:00:52 UTC 2025","","","",""
"","0","Subscribe to topic containing numeric and receive message","Waku Filter: Subscribe: Multiple Service Nodes: Strict Check mode: false","Sun Oct 12 02:01:18 UTC 2025","passed","Sun Oct 12 02:01:18 UTC 2025","","","",""
"","1","should start and stop interval correctly","RetryManager","Sun Oct 12 01:53:17 UTC 2025","passed","Sun Oct 12 01:53:17 UTC 2025","","","",""
"","1","should handle dial errors","ConnectionManager","Sun Oct 12 01:52:30 UTC 2025","passed","Sun Oct 12 01:52:30 UTC 2025","","dial","",""
"","0","Push message with XML payload","Waku Light Push (legacy=v2): Multiple Nodes: Strict Check: false","Sun Oct 12 02:10:43 UTC 2025","passed","Sun Oct 12 02:10:43 UTC 2025","","","",""
"","0","should not track probabilistic acknowledgements of messages received in bloom filter of own messages","MessageChannel","Sun Oct 12 01:53:07 UTC 2025","passed","Sun Oct 12 01:53:07 UTC 2025","","reviewing ack status","",""
"","6","should hash ""Lorem ipsum dolor sit amet"" with n=2 and maxValue=1000 correctly","hashN","Sun Oct 12 01:52:59 UTC 2025","passed","Sun Oct 12 01:52:59 UTC 2025","","","",""
"","1","should not return locked peers if enough unlocked are available","PeerManager","Sun Oct 12 01:53:18 UTC 2025","passed","Sun Oct 12 01:53:18 UTC 2025","","","",""
"","0","should send to specified number of peers of used peers","LightPush SDK","Sun Oct 12 01:53:17 UTC 2025","passed","Sun Oct 12 01:53:17 UTC 2025","","","",""
"","0","Check message with invalid timestamp is not received","Waku Filter: FilterPush: Multiple Nodes: Strict Checking: false","Sun Oct 12 02:00:52 UTC 2025","passed","Sun Oct 12 02:00:52 UTC 2025","","","",""
"","0","Push message with content topic containing escaped characters","Waku Light Push (legacy=v2): Multiple Nodes: Strict Check: true","Sun Oct 12 02:10:43 UTC 2025","passed","Sun Oct 12 02:10:43 UTC 2025","","","",""
"","1","Push message with custom timestamp: 1760230448592","Waku Light Push (legacy=v3): Multiple Nodes: Strict Check: true","Sun Oct 12 02:10:43 UTC 2025","passed","Sun Oct 12 02:10:43 UTC 2025","","","",""
"","0","should hash """" with n=0 and maxValue=1000 correctly","hashN","Sun Oct 12 01:52:59 UTC 2025","passed","Sun Oct 12 01:52:59 UTC 2025","","","",""
"","1","should return PeerId when PeerId is provided","mapToPeerIdOrMultiaddr","Sun Oct 12 01:52:29 UTC 2025","passed","Sun Oct 12 01:52:29 UTC 2025","","","",""
"","1","should mark a message as irretrievably lost if timeout is exceeded","MessageChannel","Sun Oct 12 01:53:07 UTC 2025","passed","Sun Oct 12 01:53:07 UTC 2025","","Sweeping incoming buffer","",""
"","1","should handle retrieve function with query parameters","QueryOnConnect","Sun Oct 12 01:53:19 UTC 2025","passed","Sun Oct 12 01:53:19 UTC 2025","","async generator retrieve function mock","",""
"","1","Check received message containing long","Waku Filter: FilterPush: Multiple Nodes: Strict Checking: true","Sun Oct 12 02:00:52 UTC 2025","passed","Sun Oct 12 02:00:52 UTC 2025","","","",""
"","0","should transition to MinimallyHealthy with one compatible peer","HealthIndicator","Sun Oct 12 01:53:18 UTC 2025","passed","Sun Oct 12 01:53:18 UTC 2025","","","",""
"","0","Push message equal or less that 1MB","Waku Light Push (legacy=v2): Multiple Nodes: Strict Check: false","Sun Oct 12 02:10:43 UTC 2025","passed","Sun Oct 12 02:10:43 UTC 2025","","","",""
"","1","throws on content topic with non-number generation field","ensureValidContentTopic","Sun Oct 12 01:52:14 UTC 2025","passed","Sun Oct 12 01:52:14 UTC 2025","","","",""
"","1","Subscribe and receive messages via lightPush","Waku Filter: Subscribe: Multiple Service Nodes: Strict Check mode: true","Sun Oct 12 02:01:18 UTC 2025","passed","Sun Oct 12 02:01:18 UTC 2025","","","",""
"","1","Js publishes, other Js receives","Waku Relay, Interop","Sun Oct 12 01:56:48 UTC 2025","passed","Sun Oct 12 01:56:48 UTC 2025","","","",""
"","0","should correctly map /app/20/sometopic/someencoding to shard index 15 with networkShards 16","contentTopicToShardIndex","Sun Oct 12 01:52:14 UTC 2025","passed","Sun Oct 12 01:52:14 UTC 2025","","","",""
"","0","random static sharding 5 - Cluster ID: 937, Shard ID: 482","Static Sharding: Running Nodes","Sun Oct 12 01:59:00 UTC 2025","passed","Sun Oct 12 01:59:00 UTC 2025","","","",""
"","0","Outgoing message is not emitted as acknowledged from own outgoing messages","Reliable Channel","Sun Oct 12 01:53:22 UTC 2025","passed","Sun Oct 12 01:53:22 UTC 2025","","","",""
"","0","should trigger query when time since last query exceeds threshold","QueryOnConnect","Sun Oct 12 01:53:19 UTC 2025","passed","Sun Oct 12 01:53:19 UTC 2025","","message retrieval event emission conditions","",""
"","1","should hash """" with n=2 and maxValue=10000 correctly","hashN","Sun Oct 12 01:52:59 UTC 2025","passed","Sun Oct 12 01:52:59 UTC 2025","","","",""
"","0","Subscribe to topic containing shell command and receive message","Waku Filter: Subscribe: Multiple Service Nodes: Strict Check mode: false","Sun Oct 12 02:01:18 UTC 2025","passed","Sun Oct 12 02:01:18 UTC 2025","","","",""
"","1","should hash ""!@#$%^&*()"" with n=2 and maxValue=1000 correctly","hashN","Sun Oct 12 01:52:59 UTC 2025","passed","Sun Oct 12 01:52:59 UTC 2025","","","",""
"","0","Push message with Arabic payload","Waku Light Push (legacy=v2): Multiple Nodes: Strict Check: true","Sun Oct 12 02:10:43 UTC 2025","passed","Sun Oct 12 02:10:43 UTC 2025","","","",""
"","1","Push message with special chars payload","Waku Light Push (legacy=v3): Multiple Nodes: Strict Check: false","Sun Oct 12 02:10:43 UTC 2025","passed","Sun Oct 12 02:10:43 UTC 2025","","","",""
"","0","peer exchange sets tag","Peer Exchange","Sun Oct 12 01:56:39 UTC 2025","passed","Sun Oct 12 01:56:39 UTC 2025","","","",""
"","0","Check meta is set [symmetric]","Symmetric Encryption","Sun Oct 12 01:52:48 UTC 2025","passed","Sun Oct 12 01:52:48 UTC 2025","","","",""
"","0","Push message with emoji payload","Waku Light Push (legacy=v3): Multiple Nodes: Strict Check: true","Sun Oct 12 02:10:43 UTC 2025","passed","Sun Oct 12 02:10:43 UTC 2025","","","",""
"","0","Check received message containing XML","Waku Filter: FilterPush: Multiple Nodes: Strict Checking: false","Sun Oct 12 02:00:52 UTC 2025","passed","Sun Oct 12 02:00:52 UTC 2025","","","",""
"","0","accepts valid message hash query","StoreQueryRequest validation","Sun Oct 12 01:52:29 UTC 2025","passed","Sun Oct 12 01:52:29 UTC 2025","","","",""
"","0","should return false for malformed SDS messages","Reliable Channel","Sun Oct 12 01:53:22 UTC 2025","passed","Sun Oct 12 01:53:22 UTC 2025","","isChannelMessageWithCausalHistory predicate","",""
"","3","should not emit message when conditions are not met (recent query, no offline)","QueryOnConnect","Sun Oct 12 01:53:19 UTC 2025","passed","Sun Oct 12 01:53:19 UTC 2025","","end-to-end message emission tests","",""
"","0","does not validate decoders for hash queries","StoreCore","Sun Oct 12 01:52:29 UTC 2025","passed","Sun Oct 12 01:52:29 UTC 2025","","queryPerPage","",""
"","2","Callback on promise","Waku Store, general","Sun Oct 12 01:59:12 UTC 2025","passed","Sun Oct 12 01:59:12 UTC 2025","","","",""
"","0","should handle general insertion and lookup correctly","BloomFilter with special patterns","Sun Oct 12 01:53:04 UTC 2025","passed","Sun Oct 12 01:53:04 UTC 2025","","","",""
"","0","Outgoing message is acknowledged","Reliable Channel","Sun Oct 12 01:53:22 UTC 2025","passed","Sun Oct 12 01:53:22 UTC 2025","","","",""
"","0","Incoming message is emitted as received","Reliable Channel: Encryption","Sun Oct 12 01:53:20 UTC 2025","passed","Sun Oct 12 01:53:20 UTC 2025","","","",""
"","0","Push message with content topic containing Arabic","Waku Light Push (legacy=v2): Multiple Nodes: Strict Check: false","Sun Oct 12 02:10:43 UTC 2025","passed","Sun Oct 12 02:10:43 UTC 2025","","","",""
"","1","should return the correct m/n for k = 2, targetError = 0.1","Probabilities","Sun Oct 12 01:53:00 UTC 2025","passed","Sun Oct 12 01:53:00 UTC 2025","","","",""
"","0","should stop query when sync message from same channel is found","Reliable Channel","Sun Oct 12 01:53:22 UTC 2025","passed","Sun Oct 12 01:53:22 UTC 2025","","stopIfTrue Integration with QueryOnConnect","",""
"","0","Subscribe and publish messages on 2 different content topics","Waku Relay, Subscribe","Sun Oct 12 01:56:56 UTC 2025","passed","Sun Oct 12 01:56:56 UTC 2025","","","",""
"","3","should hash ""hello"" with n=0 and maxValue=10000 correctly","hashN","Sun Oct 12 01:52:59 UTC 2025","passed","Sun Oct 12 01:52:59 UTC 2025","","","",""
"","1","new peer added after a peer was already found","Peer Exchange","Sun Oct 12 01:56:39 UTC 2025","passed","Sun Oct 12 01:56:39 UTC 2025","","","",""
"","1","Round trip binary encryption [symmetric, no signature]","Symmetric Encryption","Sun Oct 12 01:52:48 UTC 2025","passed","Sun Oct 12 01:52:48 UTC 2025","","","",""
"","0","should do nothing when connections still exist","ConnectionLimiter","Sun Oct 12 01:52:29 UTC 2025","passed","Sun Oct 12 01:52:29 UTC 2025","","onDisconnectedEvent","",""
"","1","Query with Promise Callback, Multiple PubsubTopics","Waku Store, error handling","Sun Oct 12 01:58:44 UTC 2025","passed","Sun Oct 12 01:58:44 UTC 2025","","","",""
"","0","Fails to push message with large meta","Waku Light Push (legacy=v2): Multiple Nodes: Strict Check: false","Sun Oct 12 02:10:43 UTC 2025","passed","Sun Oct 12 02:10:43 UTC 2025","","","",""
"","0","px service nodes in same cluster, no matter the shard, should be dialed","Static Sharding: Peer Management","Sun Oct 12 01:59:13 UTC 2025","passed","Sun Oct 12 01:59:13 UTC 2025","","Peer Exchange","",""
"","0","Query with Ordered Callback, No message returned","Waku Store, error handling","Sun Oct 12 01:58:44 UTC 2025","passed","Sun Oct 12 01:58:44 UTC 2025","","","",""
"","0","should compute hash only when first accessed","DecodedMessage lazy hash initialization","Sun Oct 12 01:52:29 UTC 2025","passed","Sun Oct 12 01:52:29 UTC 2025","","","",""
"","0","Renews subscription after lossing a connection","Waku Filter: Subscribe: Multiple Service Nodes: Strict Check mode: false","Sun Oct 12 02:01:18 UTC 2025","passed","Sun Oct 12 02:01:18 UTC 2025","","","",""
"","0","Push message with emoji payload","Waku Light Push (legacy=v3): Multiple Nodes: Strict Check: false","Sun Oct 12 02:10:43 UTC 2025","passed","Sun Oct 12 02:10:43 UTC 2025","","","",""
"","0","Push message with unicode special characters payload","Waku Light Push (legacy=v2): Multiple Nodes: Strict Check: true","Sun Oct 12 02:10:43 UTC 2025","passed","Sun Oct 12 02:10:43 UTC 2025","","","",""
"","0","should throw error - no public key","ENR","Sun Oct 12 01:52:20 UTC 2025","passed","Sun Oct 12 01:52:20 UTC 2025","","Verify","",""
"","1","should create ConnectionManager with relay","ConnectionManager","Sun Oct 12 01:52:30 UTC 2025","passed","Sun Oct 12 01:52:30 UTC 2025","","constructor","",""
"","3","should not change state when connections remain after disconnect","NetworkMonitor","Sun Oct 12 01:52:28 UTC 2025","passed","Sun Oct 12 01:52:28 UTC 2025","","peer connection events","",""
"","0","should remove event listeners from globalThis","NetworkMonitor","Sun Oct 12 01:52:28 UTC 2025","passed","Sun Oct 12 01:52:28 UTC 2025","","stop","",""
"","0","should decode valid enr with tcp successfully","ENR","Sun Oct 12 01:52:20 UTC 2025","passed","Sun Oct 12 01:52:20 UTC 2025","","Txt codec","",""
"","0","should start and setup intervals and event listeners","Filter Subscription","Sun Oct 12 01:53:17 UTC 2025","passed","Sun Oct 12 01:53:17 UTC 2025","","","",""
"","0","Subscribe to 30 topics in separate streams (30 streams for Filter is limit) at once and receives messages","Waku Filter: Subscribe: Multiple Service Nodes: Strict Check mode: false","Sun Oct 12 02:01:18 UTC 2025","skipped","Sun Oct 12 02:01:18 UTC 2025","","","",""
"","0","should drop connection via multiaddr with hangUp","Dialing","Sun Oct 12 01:55:12 UTC 2025","passed","Sun Oct 12 01:55:12 UTC 2025","","","",""
"","0","should emit events and transition isConnected state when has peers or no peers","waku:connection","Sun Oct 12 01:54:04 UTC 2025","passed","Sun Oct 12 01:54:04 UTC 2025","","","",""
"","0","should properly setup health event callback","QueryOnConnect","Sun Oct 12 01:53:19 UTC 2025","passed","Sun Oct 12 01:53:19 UTC 2025","","event handling simulation","",""
"","1","should create RPC request with correct parameters","PeerExchange","Sun Oct 12 01:52:38 UTC 2025","passed","Sun Oct 12 01:52:38 UTC 2025","","query","",""
"","1","Add multiple subscription objects on single nwaku node","Waku Filter: Subscribe: Multiple Service Nodes: Strict Check mode: true","Sun Oct 12 02:01:18 UTC 2025","passed","Sun Oct 12 02:01:18 UTC 2025","","","",""
"","0","should start ping timers on peer connect","KeepAliveManager","Sun Oct 12 01:52:29 UTC 2025","passed","Sun Oct 12 01:52:29 UTC 2025","","peer connect event handling","",""
"","1","should return NO_PEER_AVAILABLE when peer is not in peer store","PeerExchange","Sun Oct 12 01:52:38 UTC 2025","passed","Sun Oct 12 01:52:38 UTC 2025","","query","",""
"","1","should be able to decode the field with STORE and LIGHTPUSH protocols set to true","ENR waku2 codec","Sun Oct 12 01:52:19 UTC 2025","passed","Sun Oct 12 01:52:19 UTC 2025","","Decoding","",""
"","0","Unsubscribe from 100 topics (new limit) at once and receives messages","Waku Filter: Unsubscribe: Multiple Nodes: Strict Checking: false","Sun Oct 12 01:56:36 UTC 2025","passed","Sun Oct 12 01:56:36 UTC 2025","","","",""
"","0","Push message with short payload","Waku Light Push (legacy=v3): Multiple Nodes: Strict Check: false","Sun Oct 12 02:10:43 UTC 2025","passed","Sun Oct 12 02:10:43 UTC 2025","","","",""
"","0","should create PeerExchangeDiscovery instance","PeerExchangeDiscovery","Sun Oct 12 01:52:38 UTC 2025","passed","Sun Oct 12 01:52:38 UTC 2025","","wakuPeerExchangeDiscovery factory","",""
"","0","should initialize with default options","PeerExchangeDiscovery","Sun Oct 12 01:52:38 UTC 2025","passed","Sun Oct 12 01:52:38 UTC 2025","","constructor","",""
"","0","Check received message containing shell command","Waku Filter: FilterPush: Multiple Nodes: Strict Checking: true","Sun Oct 12 02:00:52 UTC 2025","passed","Sun Oct 12 02:00:52 UTC 2025","","","",""
"","0","Outgoing message is acknowledged","Reliable Channel: Encryption","Sun Oct 12 01:53:20 UTC 2025","passed","Sun Oct 12 01:53:20 UTC 2025","","","",""
"","1","Push message with short payload","Waku Light Push (legacy=v2): Multiple Nodes: Strict Check: false","Sun Oct 12 02:10:43 UTC 2025","passed","Sun Oct 12 02:10:43 UTC 2025","","","",""
"","1","should invoke callbacks when receiving a message","Filter Subscription","Sun Oct 12 01:53:17 UTC 2025","passed","Sun Oct 12 01:53:17 UTC 2025","","","",""
"","0","msgTime: -19000 ms from now, startTime: -19010, endTime: -18990","Waku Store, time filter","Sun Oct 12 01:59:25 UTC 2025","passed","Sun Oct 12 01:59:25 UTC 2025","","","",""
"","0","should add sent message to localHistory with retrievalHint","MessageChannel","Sun Oct 12 01:53:07 UTC 2025","passed","Sun Oct 12 01:53:07 UTC 2025","","sending a message ","",""
"","0","Using a function","Waku Dial [node only]","Sun Oct 12 01:59:27 UTC 2025","passed","Sun Oct 12 01:59:27 UTC 2025","","Bootstrap","",""
"","1","should handle complete dial lifecycle","Dialer","Sun Oct 12 01:52:29 UTC 2025","passed","Sun Oct 12 01:52:29 UTC 2025","","integration","",""
"","1","Subscribe to topic containing short and receive message","Waku Filter: Subscribe: Multiple Service Nodes: Strict Check mode: false","Sun Oct 12 02:01:18 UTC 2025","passed","Sun Oct 12 02:01:18 UTC 2025","","","",""
"","0","should sort by messageId when timestamps are equal","ContentMessage comparison with < operator","Sun Oct 12 01:53:07 UTC 2025","passed","Sun Oct 12 01:53:07 UTC 2025","","","",""
"","0","throws on content topic with empty version field","ensureValidContentTopic","Sun Oct 12 01:52:14 UTC 2025","passed","Sun Oct 12 01:52:14 UTC 2025","","","",""
"","0","should throw an error for non-numeric shard: /waku/2/rs/1/x","pubsubTopicToSingleShardInfo with various invalid formats","Sun Oct 12 01:52:14 UTC 2025","passed","Sun Oct 12 01:52:14 UTC 2025","","","",""
"","1","should set default options when no config provided","ConnectionManager","Sun Oct 12 01:52:30 UTC 2025","passed","Sun Oct 12 01:52:30 UTC 2025","","constructor","",""
"","0","Push message with custom timestamp: 1760230448594","Waku Light Push (legacy=v3): Multiple Nodes: Strict Check: false","Sun Oct 12 02:10:43 UTC 2025","passed","Sun Oct 12 02:10:43 UTC 2025","","","",""
"","0","should handle errors when getting connections","NetworkMonitor","Sun Oct 12 01:52:28 UTC 2025","passed","Sun Oct 12 01:52:28 UTC 2025","","error handling","",""
"","0","Subscribe to topic containing XML and publish message","Waku Relay, Subscribe","Sun Oct 12 01:56:56 UTC 2025","passed","Sun Oct 12 01:56:56 UTC 2025","","","",""
"","0","Subscribe to topic containing SQL Injection and publish message","Waku Relay, Subscribe","Sun Oct 12 01:56:56 UTC 2025","passed","Sun Oct 12 01:56:56 UTC 2025","","","",""
"","0","Waku message hash computation (no timestamp)","Message Hash: RFC Test Vectors","Sun Oct 12 01:52:29 UTC 2025","passed","Sun Oct 12 01:52:29 UTC 2025","","","",""
"","0","should drop connection to one peer on hangUp","Dialing","Sun Oct 12 01:55:12 UTC 2025","passed","Sun Oct 12 01:55:12 UTC 2025","","","",""
"","0","should handle messages with same timestamp ordered by messageId","MessageChannel","Sun Oct 12 01:53:07 UTC 2025","passed","Sun Oct 12 01:53:07 UTC 2025","","receiving a message","",""
"","0","Subscribe and receives messages on 20 topics","Waku Filter: Subscribe: Multiple Service Nodes: Strict Check mode: false","Sun Oct 12 02:01:18 UTC 2025","passed","Sun Oct 12 02:01:18 UTC 2025","","","",""
"","0","Subscribe at once to 10000 topics and publish messages","Waku Relay, Subscribe","Sun Oct 12 01:56:56 UTC 2025","passed","Sun Oct 12 01:56:56 UTC 2025","","","",""
"","1","should throw an error for non-numeric shard: /waku/2/rs/1/!","pubsubTopicToSingleShardInfo with various invalid formats","Sun Oct 12 01:52:14 UTC 2025","passed","Sun Oct 12 01:52:14 UTC 2025","","","",""
"","1","Check message with invalid timestamp is not received","Waku Filter: FilterPush: Multiple Nodes: Strict Checking: true","Sun Oct 12 02:00:52 UTC 2025","passed","Sun Oct 12 02:00:52 UTC 2025","","","",""
"","0","Push message with XML payload","Waku Light Push (legacy=v3): Multiple Nodes: Strict Check: false","Sun Oct 12 02:10:43 UTC 2025","passed","Sun Oct 12 02:10:43 UTC 2025","","","",""
"","0","Push message with Basic HTML tag payload","Waku Light Push (legacy=v3): Multiple Nodes: Strict Check: false","Sun Oct 12 02:10:43 UTC 2025","passed","Sun Oct 12 02:10:43 UTC 2025","","","",""
"","0","Outgoing message is retried until acknowledged","Reliable Channel","Sun Oct 12 01:53:22 UTC 2025","passed","Sun Oct 12 01:53:22 UTC 2025","","Retries","",""
"","0","Push message with content topic containing numeric","Waku Light Push (legacy=v2): Multiple Nodes: Strict Check: true","Sun Oct 12 02:10:43 UTC 2025","passed","Sun Oct 12 02:10:43 UTC 2025","","","",""
"","0","should handle zero peers request","PeerExchange","Sun Oct 12 01:52:38 UTC 2025","passed","Sun Oct 12 01:52:38 UTC 2025","","query","",""
"","0","ignores domain fetching errors","DNS Node Discovery","Sun Oct 12 01:52:39 UTC 2025","passed","Sun Oct 12 01:52:39 UTC 2025","","","",""
"","0","should be safe to call multiple times","KeepAliveManager","Sun Oct 12 01:52:29 UTC 2025","passed","Sun Oct 12 01:52:29 UTC 2025","","start","",""
"","1","Unsubscribe from 100 topics (new limit) at once and receives messages","Waku Filter: Unsubscribe: Multiple Nodes: Strict Checking: true","Sun Oct 12 01:56:36 UTC 2025","passed","Sun Oct 12 01:56:36 UTC 2025","","","",""
"","1","Relay - times out","Wait for remote peer","Sun Oct 12 01:59:30 UTC 2025","passed","Sun Oct 12 01:59:30 UTC 2025","","","",""
"","0","should dispatch network event when browser goes offline","NetworkMonitor","Sun Oct 12 01:52:28 UTC 2025","passed","Sun Oct 12 01:52:28 UTC 2025","","browser online/offline events","",""
"","10","returns all values when wanted number matches available values","Discovery","Sun Oct 12 01:52:37 UTC 2025","passed","Sun Oct 12 01:52:37 UTC 2025","","","",""
"","0","should start peer exchange discovery","PeerExchangeDiscovery","Sun Oct 12 01:52:38 UTC 2025","passed","Sun Oct 12 01:52:38 UTC 2025","","start","",""
"","1","Push message with rate limit","Waku Light Push (legacy=v2): Multiple Nodes: Strict Check: true","Sun Oct 12 02:10:43 UTC 2025","passed","Sun Oct 12 02:10:43 UTC 2025","","","",""
"","0","Push message with content topic containing JSON","Waku Light Push (legacy=v2): Multiple Nodes: Strict Check: false","Sun Oct 12 02:10:43 UTC 2025","passed","Sun Oct 12 02:10:43 UTC 2025","","","",""
"","0","should not fail to stop the service if it was not started","Peer Cache Discovery","Sun Oct 12 01:52:42 UTC 2025","passed","Sun Oct 12 01:52:42 UTC 2025","interface-peer-discovery compliance tests","Compliance Tests","",""
"","0","Check received message containing shell command","Waku Filter: FilterPush: Multiple Nodes: Strict Checking: false","Sun Oct 12 02:00:52 UTC 2025","passed","Sun Oct 12 02:00:52 UTC 2025","","","",""
"","0","udp ip6 address","Multiaddr from fields","Sun Oct 12 01:52:19 UTC 2025","passed","Sun Oct 12 01:52:19 UTC 2025","","","",""
"","0","should not execute task if max attempts is 0","RetryManager","Sun Oct 12 01:53:17 UTC 2025","passed","Sun Oct 12 01:53:17 UTC 2025","","","",""
"","0","should return exactly numPeersToUse peers when enough are available","PeerManager","Sun Oct 12 01:53:18 UTC 2025","passed","Sun Oct 12 01:53:18 UTC 2025","","","",""
"","0","should correctly map /myapp/1/latest/proto to shard index 0","contentTopicToShardIndex","Sun Oct 12 01:52:14 UTC 2025","passed","Sun Oct 12 01:52:14 UTC 2025","","","",""
"","0","Push message with content topic containing emoji","Waku Light Push (legacy=v2): Multiple Nodes: Strict Check: true","Sun Oct 12 02:10:43 UTC 2025","passed","Sun Oct 12 02:10:43 UTC 2025","","","",""
"","1","Sync message is not sent if another non-ephemeral message was just sent","Reliable Channel: Sync","Sun Oct 12 01:53:27 UTC 2025","passed","Sun Oct 12 01:53:27 UTC 2025","","","",""
"","1","Subscribe and receive messages on 2 different pubsubtopics with v3 protocol","Waku Light Push (Autosharding): Multiple Shards","Sun Oct 12 01:54:50 UTC 2025","passed","Sun Oct 12 01:54:50 UTC 2025","","","",""
"","0","should hang up with PeerId and return true on success","ConnectionManager","Sun Oct 12 01:52:30 UTC 2025","passed","Sun Oct 12 01:52:30 UTC 2025","","hangUp","",""
"","1","Light Node - default protocols","Wait for remote peer","Sun Oct 12 01:59:30 UTC 2025","passed","Sun Oct 12 01:59:30 UTC 2025","","","",""
"","1","should decode valid ENR with multiaddrs successfully [shared test vector]","ENR","Sun Oct 12 01:52:20 UTC 2025","passed","Sun Oct 12 01:52:20 UTC 2025","","Txt codec","",""
"","0","Check received message containing Basic HTML tag","Waku Filter: FilterPush: Multiple Nodes: Strict Checking: false","Sun Oct 12 02:00:52 UTC 2025","passed","Sun Oct 12 02:00:52 UTC 2025","","","",""
"","0","Push message with shell command payload","Waku Light Push (legacy=v2): Multiple Nodes: Strict Check: true","Sun Oct 12 02:10:43 UTC 2025","passed","Sun Oct 12 02:10:43 UTC 2025","","","",""
"","1","should be able to decode the field with ALL protocols set to false","ENR waku2 codec","Sun Oct 12 01:52:19 UTC 2025","passed","Sun Oct 12 01:52:19 UTC 2025","","Decoding","",""
"","0","should clear timers for specific peer on disconnect","KeepAliveManager","Sun Oct 12 01:52:29 UTC 2025","passed","Sun Oct 12 01:52:29 UTC 2025","","timer cleanup","",""
"","1","recovers when dns.resolve returns empty","DNS Node Discovery","Sun Oct 12 01:52:39 UTC 2025","passed","Sun Oct 12 01:52:39 UTC 2025","","","",""
"","0","should return false when pubsub topic parsing fails","ShardReader","Sun Oct 12 01:52:28 UTC 2025","passed","Sun Oct 12 01:52:28 UTC 2025","","isPeerOnTopic","",""
"","0","should chunk queries when time window exceeds maxTimeLimit","Store","Sun Oct 12 01:53:19 UTC 2025","passed","Sun Oct 12 01:53:19 UTC 2025","","queryGenerator","",""
"","0","Ephemeral field set to true","Waku Message version 0","Sun Oct 12 01:52:29 UTC 2025","passed","Sun Oct 12 01:52:29 UTC 2025","","","",""
"","0","should add event listeners to libp2p","NetworkMonitor","Sun Oct 12 01:52:28 UTC 2025","passed","Sun Oct 12 01:52:28 UTC 2025","","start","",""
"","0","should not be sent when there is no history","MessageChannel","Sun Oct 12 01:53:07 UTC 2025","passed","Sun Oct 12 01:53:07 UTC 2025","","Sync messages","",""
"","0","should hash ""Lorem ipsum dolor sit amet"" with n=0 and maxValue=1000 correctly","hashN","Sun Oct 12 01:52:59 UTC 2025","passed","Sun Oct 12 01:52:59 UTC 2025","","","",""
"","0","should wait for Filter peer to be connected","waitForRemotePeer","Sun Oct 12 01:53:19 UTC 2025","passed","Sun Oct 12 01:53:19 UTC 2025","","","",""
"","1","should set field with all protocols enabled","ENR","Sun Oct 12 01:52:20 UTC 2025","passed","Sun Oct 12 01:52:20 UTC 2025","","waku2 key round trip","",""
"","1","should remove expired entries after TTL has passed","TTLSet","Sun Oct 12 01:53:16 UTC 2025","passed","Sun Oct 12 01:53:16 UTC 2025","","","",""
"","1","should initialize bloom filter with correct parameters","BloomFilter","Sun Oct 12 01:53:04 UTC 2025","passed","Sun Oct 12 01:53:04 UTC 2025","","","",""
"","0","should hash ""Lorem ipsum dolor sit amet"" with n=2 and maxValue=10000 correctly","hashN","Sun Oct 12 01:53:00 UTC 2025","passed","Sun Oct 12 01:53:00 UTC 2025","","","",""
"","0","should return start time to last successful query since last query is less than max range","calculateTimeRange","Sun Oct 12 01:53:19 UTC 2025","passed","Sun Oct 12 01:53:19 UTC 2025","","","",""
"","0","should handle retrieve errors gracefully without emitting messages","QueryOnConnect","Sun Oct 12 01:53:19 UTC 2025","passed","Sun Oct 12 01:53:19 UTC 2025","","end-to-end message emission tests","",""
"","0","should maintain desired error rate","BloomFilter","Sun Oct 12 01:53:04 UTC 2025","passed","Sun Oct 12 01:53:04 UTC 2025","","","",""
"","6","should skip peer when dialed recently","Dialer","Sun Oct 12 01:52:29 UTC 2025","passed","Sun Oct 12 01:52:29 UTC 2025","","dial","",""
"","0","return first retrieved peers without further DNS queries","DNS Node Discovery w/ capabilities","Sun Oct 12 01:52:39 UTC 2025","passed","Sun Oct 12 01:52:39 UTC 2025","","","",""
"","0","should add CONNECTION_LOCKED_TAG to peer connections when locking","PeerManager","Sun Oct 12 01:53:18 UTC 2025","passed","Sun Oct 12 01:53:18 UTC 2025","","","",""
"","1","should discard bootstrap peers when has more than set limit","Connection Limiter","Sun Oct 12 01:54:26 UTC 2025","passed","Sun Oct 12 01:54:26 UTC 2025","","","",""
"","0","Check message with non string payload is not received","Waku Filter: FilterPush: Multiple Nodes: Strict Checking: false","Sun Oct 12 02:00:52 UTC 2025","passed","Sun Oct 12 02:00:52 UTC 2025","","","",""
"","0","Push message with custom timestamp: 1760230448593","Waku Light Push (legacy=v2): Multiple Nodes: Strict Check: false","Sun Oct 12 02:10:43 UTC 2025","passed","Sun Oct 12 02:10:43 UTC 2025","","","",""
"","1","ends if stream creation fails","StoreCore","Sun Oct 12 01:52:29 UTC 2025","passed","Sun Oct 12 01:52:29 UTC 2025","","queryPerPage","",""
"","0","3 nodes on /waku/2/rs/7/1 topic","Waku Relay auto-sharding, multiple pubsub topics","Sun Oct 12 01:56:42 UTC 2025","passed","Sun Oct 12 01:56:42 UTC 2025","","","",""
"","1","Check publish message containing Basic HTML tag","Waku Relay, Publish","Sun Oct 12 01:56:49 UTC 2025","passed","Sun Oct 12 01:56:49 UTC 2025","","","",""
"","0","LightPush","Wait for remote peer","Sun Oct 12 01:59:30 UTC 2025","passed","Sun Oct 12 01:59:30 UTC 2025","","","",""
"","0","accepts time-filtered query with content filter","StoreQueryRequest validation","Sun Oct 12 01:52:29 UTC 2025","passed","Sun Oct 12 01:52:29 UTC 2025","","","",""
"","0","should throw an error for invalid PubsubTopic format: /incorrect/format","pubsubTopicToSingleShardInfo with various invalid formats","Sun Oct 12 01:52:14 UTC 2025","passed","Sun Oct 12 01:52:14 UTC 2025","","","",""
"","0","should hash ""test123"" with n=0 and maxValue=1000 correctly","hashN","Sun Oct 12 01:52:59 UTC 2025","passed","Sun Oct 12 01:52:59 UTC 2025","","","",""
"","0","Sync message is not sent if another sync message was just sent","Reliable Channel: Sync","Sun Oct 12 01:53:27 UTC 2025","passed","Sun Oct 12 01:53:27 UTC 2025","","","",""
"","0","should merge peer addresses if peer exists with different addresses","DiscoveryDialer","Sun Oct 12 01:52:28 UTC 2025","passed","Sun Oct 12 01:52:28 UTC 2025","","updatePeerStore","",""
"","0","Check publish message containing JSON","Waku Relay, Publish","Sun Oct 12 01:56:49 UTC 2025","passed","Sun Oct 12 01:56:49 UTC 2025","","","",""
"","0","Push message with Russian payload","Waku Light Push (legacy=v3): Multiple Nodes: Strict Check: false","Sun Oct 12 02:10:43 UTC 2025","passed","Sun Oct 12 02:10:43 UTC 2025","","","",""
"","0","rejects hash query with time filter","StoreQueryRequest validation","Sun Oct 12 01:52:29 UTC 2025","passed","Sun Oct 12 01:52:29 UTC 2025","","","",""
"","0","should return false when peer shard info is not found","ShardReader","Sun Oct 12 01:52:28 UTC 2025","passed","Sun Oct 12 01:52:28 UTC 2025","","isPeerOnShard","",""
"","0","Subscribe to topic containing Russian and receive message","Waku Filter: Subscribe: Multiple Service Nodes: Strict Check mode: false","Sun Oct 12 02:01:18 UTC 2025","passed","Sun Oct 12 02:01:18 UTC 2025","","","",""
"","1","should initialize with custom number of peers","PeerManager","Sun Oct 12 01:53:18 UTC 2025","passed","Sun Oct 12 01:53:18 UTC 2025","","","",""
"","0","Overlapping topic subscription","Waku Filter: Subscribe: Multiple Service Nodes: Strict Check mode: false","Sun Oct 12 02:01:18 UTC 2025","passed","Sun Oct 12 02:01:18 UTC 2025","","","",""
"","0","Outgoing message is not emitted as acknowledged from own outgoing messages","Reliable Channel: Encryption","Sun Oct 12 01:53:20 UTC 2025","passed","Sun Oct 12 01:53:20 UTC 2025","","","",""
"","0","Subscribe to topic containing JSON and receive message","Waku Filter: Subscribe: Multiple Service Nodes: Strict Check mode: false","Sun Oct 12 02:01:18 UTC 2025","passed","Sun Oct 12 02:01:18 UTC 2025","","","",""
"","0","should get / set UDP multiaddr","ENR","Sun Oct 12 01:52:20 UTC 2025","passed","Sun Oct 12 01:52:20 UTC 2025","","Multiaddr getters and setters","",""
"","0","yields undefined for messages without content topic","StoreCore","Sun Oct 12 01:52:29 UTC 2025","passed","Sun Oct 12 01:52:29 UTC 2025","","queryPerPage","",""
"","1","Push message with Russian payload","Waku Light Push (legacy=v2): Multiple Nodes: Strict Check: true","Sun Oct 12 02:10:43 UTC 2025","passed","Sun Oct 12 02:10:43 UTC 2025","","","",""
"","1","should correctly map /toychat/2/huilong/proto to shard index 3","contentTopicToShardIndex","Sun Oct 12 01:52:14 UTC 2025","passed","Sun Oct 12 01:52:14 UTC 2025","","","",""
"","1","should return PeerId when PeerId is provided","mapToPeerId","Sun Oct 12 01:52:29 UTC 2025","passed","Sun Oct 12 01:52:29 UTC 2025","","","",""
"","1","Rejects garbage","Message Validator","Sun Oct 12 01:53:30 UTC 2025","passed","Sun Oct 12 01:53:30 UTC 2025","","","",""
"","0","should fail to send if no connected peers found","LightPush SDK","Sun Oct 12 01:53:17 UTC 2025","passed","Sun Oct 12 01:53:17 UTC 2025","","","",""
"","1","should request peer renewal on specific errors","RetryManager","Sun Oct 12 01:53:17 UTC 2025","passed","Sun Oct 12 01:53:17 UTC 2025","","","",""
"","0","Decoder throws on undefined content topic","Ensures content topic is defined","Sun Oct 12 01:52:48 UTC 2025","passed","Sun Oct 12 01:52:48 UTC 2025","","","",""
"","0","should drop only non-locked connections when over maxConnections","ConnectionLimiter","Sun Oct 12 01:52:29 UTC 2025","passed","Sun Oct 12 01:52:29 UTC 2025","","maintainConnectionsCount","",""
"","1","Query Generator  - true","Waku Store, order","Sun Oct 12 01:59:08 UTC 2025","passed","Sun Oct 12 01:59:08 UTC 2025","","","",""
"","1","should handle multiple peer connections","KeepAliveManager","Sun Oct 12 01:52:29 UTC 2025","passed","Sun Oct 12 01:52:29 UTC 2025","","peer connect event handling","",""
"","0","Push message with special chars payload","Waku Light Push (legacy=v2): Multiple Nodes: Strict Check: true","Sun Oct 12 02:10:43 UTC 2025","passed","Sun Oct 12 02:10:43 UTC 2025","","","",""
"","0","should dial all peers on dial","Dialing","Sun Oct 12 01:55:12 UTC 2025","passed","Sun Oct 12 01:55:12 UTC 2025","","","",""
"","1","ENRTree (root): should error if DNS root entry is malformed","ENRTree","Sun Oct 12 01:52:37 UTC 2025","passed","Sun Oct 12 01:52:37 UTC 2025","","","",""
"","1","Unsubscribe topics the node is not subscribed to","Waku Filter: Unsubscribe: Multiple Nodes: Strict Checking: true","Sun Oct 12 01:56:36 UTC 2025","passed","Sun Oct 12 01:56:36 UTC 2025","","","",""
"","0","Ephemeral field is preserved - encoder v0","Waku Message Ephemeral field","Sun Oct 12 01:53:51 UTC 2025","passed","Sun Oct 12 01:53:51 UTC 2025","","","",""
"","0","should remove CONNECTION_LOCKED_TAG from peer connections when unlocking","PeerManager","Sun Oct 12 01:53:18 UTC 2025","passed","Sun Oct 12 01:53:18 UTC 2025","","","",""
"","0","should return false for sync message without causal history","Reliable Channel","Sun Oct 12 01:53:22 UTC 2025","passed","Sun Oct 12 01:53:22 UTC 2025","","isChannelMessageWithCausalHistory predicate","",""
"","0","Push message with rate limit","Waku Light Push (legacy=v3): Multiple Nodes: Strict Check: true","Sun Oct 12 02:10:43 UTC 2025","passed","Sun Oct 12 02:10:43 UTC 2025","","","",""
"","13","should add and check entries correctly","TTLSet","Sun Oct 12 01:53:16 UTC 2025","passed","Sun Oct 12 01:53:16 UTC 2025","","","",""
"","1","should start periodic discovery on start","PeerExchangeDiscovery","Sun Oct 12 01:52:38 UTC 2025","passed","Sun Oct 12 01:52:38 UTC 2025","","continuous discovery interval","",""
"","0","Refresh subscription","Waku Filter: Subscribe: Multiple Service Nodes: Strict Check mode: true","Sun Oct 12 02:01:18 UTC 2025","passed","Sun Oct 12 02:01:18 UTC 2025","","","",""
"","0","Fails to push message bigger that 1MB","Waku Light Push (legacy=v2): Multiple Nodes: Strict Check: true","Sun Oct 12 02:10:43 UTC 2025","passed","Sun Oct 12 02:10:43 UTC 2025","","","",""
"","3","random auto sharding 5 - Cluster ID: 10, Content Topic: /app60/9/topic106/test.js","Autosharding: Running Nodes","Sun Oct 12 01:58:20 UTC 2025","passed","Sun Oct 12 01:58:20 UTC 2025","","","",""
"","0","Check message with no payload is not received","Waku Filter: FilterPush: Multiple Nodes: Strict Checking: true","Sun Oct 12 02:00:52 UTC 2025","passed","Sun Oct 12 02:00:52 UTC 2025","","","",""
"","3","Check publish message containing numeric","Waku Relay, Publish","Sun Oct 12 01:56:49 UTC 2025","passed","Sun Oct 12 01:56:49 UTC 2025","","","",""
"","0","should hash """" with n=0 and maxValue=10000 correctly","hashN","Sun Oct 12 01:52:59 UTC 2025","passed","Sun Oct 12 01:52:59 UTC 2025","","","",""
"","0","should skip peers that were recently queried","PeerExchangeDiscovery","Sun Oct 12 01:52:38 UTC 2025","passed","Sun Oct 12 01:52:38 UTC 2025","","handlePeriodicDiscovery","",""
"","1","should dial peers from store when no connections remain","ConnectionLimiter","Sun Oct 12 01:52:29 UTC 2025","passed","Sun Oct 12 01:52:29 UTC 2025","","onDisconnectedEvent","",""
"","0","should handle case when globalThis is not available","NetworkMonitor","Sun Oct 12 01:52:28 UTC 2025","passed","Sun Oct 12 01:52:28 UTC 2025","","isConnected","",""
"","0","Encoder throws on empty string content topic","Ensures content topic is defined","Sun Oct 12 01:52:48 UTC 2025","passed","Sun Oct 12 01:52:48 UTC 2025","","","",""
"","0","Subscribe to topic containing emoji and receive message","Waku Filter: Subscribe: Multiple Service Nodes: Strict Check mode: true","Sun Oct 12 02:01:18 UTC 2025","passed","Sun Oct 12 02:01:18 UTC 2025","","","",""
"","1","should skip peers without peerInfo in ENR","PeerExchangeDiscovery","Sun Oct 12 01:52:38 UTC 2025","passed","Sun Oct 12 01:52:38 UTC 2025","","query","",""
"","0","should respect custom numPeersToUse configuration","PeerManager","Sun Oct 12 01:53:18 UTC 2025","passed","Sun Oct 12 01:53:18 UTC 2025","","","",""
"","0","Waku message hash computation (meta attribute not present)","Message Hash: RFC Test Vectors","Sun Oct 12 01:52:29 UTC 2025","passed","Sun Oct 12 01:52:29 UTC 2025","","","",""
"","0","Correctly serialized arguments","nwaku","Sun Oct 12 01:55:12 UTC 2025","passed","Sun Oct 12 01:55:12 UTC 2025","","","",""
"","0","should enable only dns and peerExchange when peerCache is disabled","Default Peer Discoveries","Sun Oct 12 01:53:17 UTC 2025","passed","Sun Oct 12 01:53:17 UTC 2025","","","",""
"","0","should monitor connected peers and store them into cache","Peer Cache Discovery","Sun Oct 12 01:55:16 UTC 2025","passed","Sun Oct 12 01:55:16 UTC 2025","","","",""
"","0","Outgoing message is emitted as sent","Reliable Channel","Sun Oct 12 01:53:22 UTC 2025","passed","Sun Oct 12 01:53:22 UTC 2025","","","",""
"","0","should add and remove event listeners correctly","Peer Cache Discovery","Sun Oct 12 01:52:42 UTC 2025","passed","Sun Oct 12 01:52:42 UTC 2025","","Unit Tests","",""
"","0","should partition messages based on acknowledgement status","MessageChannel","Sun Oct 12 01:53:07 UTC 2025","passed","Sun Oct 12 01:53:07 UTC 2025","","Sweeping outgoing buffer","",""
"","2","retrieves all peers (3) when branch entries are composed of multiple strings","DNS Node Discovery w/ capabilities","Sun Oct 12 01:52:39 UTC 2025","passed","Sun Oct 12 01:52:39 UTC 2025","","","",""
"","1","should not modify tags of connections for different peers","PeerManager","Sun Oct 12 01:53:18 UTC 2025","passed","Sun Oct 12 01:53:18 UTC 2025","","","",""
"","0","should emit InMessageLost event with retrievalHint when timeout is exceeded","MessageChannel","Sun Oct 12 01:53:07 UTC 2025","passed","Sun Oct 12 01:53:07 UTC 2025","","Sweeping incoming buffer","",""
"","0","should throw error - no id","ENR","Sun Oct 12 01:52:20 UTC 2025","passed","Sun Oct 12 01:52:20 UTC 2025","","Txt codec","",""
"","0","should dispatch CustomEvent with correct type and detail","NetworkMonitor","Sun Oct 12 01:52:28 UTC 2025","passed","Sun Oct 12 01:52:28 UTC 2025","","dispatchNetworkEvent","",""
"","0","should throw an error for non-numeric shard: /waku/2/rs/1/\","pubsubTopicToSingleShardInfo with various invalid formats","Sun Oct 12 01:52:14 UTC 2025","passed","Sun Oct 12 01:52:14 UTC 2025","","","",""
"","0","should be able to dial TLS multiaddrs","Dialing","Sun Oct 12 01:55:12 UTC 2025","passed","Sun Oct 12 01:55:12 UTC 2025","","","",""
"","0","Subscribe and receive messages from 2 nwaku nodes each with different static shards","Waku Filter: Subscribe: Multiple Service Nodes on Static Shard: Strict Check mode: true","Sun Oct 12 01:54:08 UTC 2025","passed","Sun Oct 12 01:54:08 UTC 2025","","","",""
"","0","Push message with unicode special characters payload","Waku Light Push (legacy=v2): Multiple Nodes: Strict Check: false","Sun Oct 12 02:10:43 UTC 2025","passed","Sun Oct 12 02:10:43 UTC 2025","","","",""
"","0","should use current time when it's greater than incremented timestamp","lamportTimestampIncrement","Sun Oct 12 01:53:07 UTC 2025","passed","Sun Oct 12 01:53:07 UTC 2025","","","",""
"","1","should handle peer identify event","PeerExchangeDiscovery","Sun Oct 12 01:52:38 UTC 2025","passed","Sun Oct 12 01:52:38 UTC 2025","","handleDiscoveredPeer","",""
"","0","should not receive a peer event before start","Peer Exchange","Sun Oct 12 01:57:35 UTC 2025","passed","Sun Oct 12 01:57:35 UTC 2025","interface-peer-discovery compliance tests","Compliance Test","",""
"","0","should handle peer not in mesh for all topics","KeepAliveManager","Sun Oct 12 01:52:29 UTC 2025","passed","Sun Oct 12 01:52:29 UTC 2025","","edge cases","",""
"","1","Push message with custom timestamp: 1729475648594","Waku Light Push (legacy=v3): Multiple Nodes: Strict Check: false","Sun Oct 12 02:10:43 UTC 2025","passed","Sun Oct 12 02:10:43 UTC 2025","","","",""
"","0","Encoder throws on undefined content topic","Ensures content topic is defined","Sun Oct 12 01:52:50 UTC 2025","passed","Sun Oct 12 01:52:50 UTC 2025","","","",""
"","1","should not be empty after adding a subscription","Filter Subscription","Sun Oct 12 01:53:17 UTC 2025","passed","Sun Oct 12 01:53:17 UTC 2025","","","",""
"","1","should enable all discoveries when explicitly set","Default Peer Discoveries","Sun Oct 12 01:53:17 UTC 2025","passed","Sun Oct 12 01:53:17 UTC 2025","","","",""
"","0","should hash ""test123"" with n=1 and maxValue=100 correctly","hashN","Sun Oct 12 01:52:59 UTC 2025","passed","Sun Oct 12 01:52:59 UTC 2025","","","",""
"","0","random auto sharding 1 - Cluster ID: 10, Content Topic: /app65/9/topic447/json","Autosharding: Running Nodes","Sun Oct 12 01:58:20 UTC 2025","passed","Sun Oct 12 01:58:20 UTC 2025","","","",""
"","0","Push message with content topic containing SQL Injection","Waku Light Push (legacy=v3): Multiple Nodes: Strict Check: false","Sun Oct 12 02:10:43 UTC 2025","passed","Sun Oct 12 02:10:43 UTC 2025","","","",""
"","0","Fails to push message with large meta","Waku Light Push (legacy=v3): Multiple Nodes: Strict Check: false","Sun Oct 12 02:10:43 UTC 2025","passed","Sun Oct 12 02:10:43 UTC 2025","","","",""
"","0","Subscribe to topic containing Script and receive message","Waku Filter: Subscribe: Multiple Service Nodes: Strict Check mode: false","Sun Oct 12 02:01:18 UTC 2025","passed","Sun Oct 12 02:01:18 UTC 2025","","","",""
"","0","should successfully unsubscribe from an existing subscription","Filter SDK","Sun Oct 12 01:53:18 UTC 2025","passed","Sun Oct 12 01:53:18 UTC 2025","","","",""
"","1","should return DECODE_FAILED when ENR decoding fails","PeerExchange","Sun Oct 12 01:52:38 UTC 2025","passed","Sun Oct 12 01:52:38 UTC 2025","","query","",""
"","0","Timestamp too far from node time: -20000 ms from now","Waku Store, time filter","Sun Oct 12 01:59:25 UTC 2025","passed","Sun Oct 12 01:59:25 UTC 2025","","","",""
"","1","should hash ""hello"" with n=5 and maxValue=100 correctly","hashN","Sun Oct 12 01:52:59 UTC 2025","passed","Sun Oct 12 01:52:59 UTC 2025","","","",""
"","1","should create ping timers when pingKeepAlive > 0","KeepAliveManager","Sun Oct 12 01:52:29 UTC 2025","passed","Sun Oct 12 01:52:29 UTC 2025","","ping timer management","",""
"","0","should return the correct m/n for k = 7, targetError = 0.01","Probabilities","Sun Oct 12 01:53:00 UTC 2025","passed","Sun Oct 12 01:53:00 UTC 2025","","","",""
"","0","Passing page size 3 when there are 20 messages","Waku Store, page size","Sun Oct 12 01:59:20 UTC 2025","passed","Sun Oct 12 01:59:20 UTC 2025","","","",""
