"DESCRIPTION","DURATION IN MS","NAME","PARENT SUITE","START TIME","STATUS","STOP TIME","SUB SUITE","SUITE","TEST CLASS","TEST METHOD"
"","0","should hash ""!@#$%^&*()"" with n=1 and maxValue=100 correctly","hashN","Fri Feb 21 10:39:36 GMT 2025","passed","Fri Feb 21 10:39:36 GMT 2025","","","",""
"","0","Using a function","Waku Dial [node only]","Fri Feb 21 10:45:03 GMT 2025","passed","Fri Feb 21 10:45:03 GMT 2025","","Bootstrap","",""
"","1","ENRTree (root): should error if DNS root entry is mis-prefixed","ENRTree","Fri Feb 21 10:39:10 GMT 2025","passed","Fri Feb 21 10:39:10 GMT 2025","","","",""
"","0","should decode valid ENR with multiaddrs successfully [shared test vector]","ENR","Fri Feb 21 10:38:57 GMT 2025","passed","Fri Feb 21 10:38:57 GMT 2025","","Txt codec","",""
"","0","should throw an error for missing required configuration","shardInfoToPubsubTopics","Fri Feb 21 10:38:48 GMT 2025","passed","Fri Feb 21 10:38:48 GMT 2025","","","",""
"","0","should properly create location multiaddrs - tcp4","ENR","Fri Feb 21 10:38:57 GMT 2025","passed","Fri Feb 21 10:38:57 GMT 2025","","Location multiaddr","",""
"","1","Push message with content topic containing Arabic","Waku Light Push: Multiple Nodes: Strict Check: true","Fri Feb 21 10:43:39 GMT 2025","passed","Fri Feb 21 10:43:39 GMT 2025","","","",""
"","1","Check publish message after service node is restarted","Waku Relay, Publish","Fri Feb 21 10:43:50 GMT 2025","skipped","Fri Feb 21 10:43:50 GMT 2025","","","",""
"","1","can start the service","DNS Discovery: Compliance Test","Fri Feb 21 10:40:08 GMT 2025","passed","Fri Feb 21 10:40:08 GMT 2025","","interface-peer-discovery compliance tests","",""
"","0","Subscribe to topic containing Arabic and receive message","Waku Filter V2: Subscribe: Multiple Service Nodes: Strict Check mode: false","Fri Feb 21 10:44:57 GMT 2025","passed","Fri Feb 21 10:44:57 GMT 2025","","","",""
"","1","Register correct protocols","Waku Relay, Subscribe","Fri Feb 21 10:43:50 GMT 2025","passed","Fri Feb 21 10:43:50 GMT 2025","","","",""
"","1","should correctly map /app/20/sometopic/someencoding to shard index 1 with networkShards 2","contentTopicToShardIndex","Fri Feb 21 10:38:48 GMT 2025","passed","Fri Feb 21 10:38:48 GMT 2025","","","",""
"","0","Check received message with timestamp: 1649153314 ","Waku Filter V2: FilterPush: Multiple Nodes: Strict Checking: false","Fri Feb 21 10:43:35 GMT 2025","passed","Fri Feb 21 10:43:35 GMT 2025","","","",""
"","0","should be able to encode the field with only LIGHTPUSH set to true","ENR waku2 codec","Fri Feb 21 10:38:56 GMT 2025","passed","Fri Feb 21 10:38:56 GMT 2025","","Encoding","",""
"","0","should throw an error for missing sharding configuration","ensureShardingConfigured","Fri Feb 21 10:38:48 GMT 2025","passed","Fri Feb 21 10:38:48 GMT 2025","","","",""
"","0","Check publish message containing special chars","Waku Relay, Publish","Fri Feb 21 10:43:50 GMT 2025","passed","Fri Feb 21 10:43:50 GMT 2025","","","",""
"","0","Check received message containing numeric","Waku Filter V2: FilterPush: Multiple Nodes: Strict Checking: true","Fri Feb 21 10:43:35 GMT 2025","passed","Fri Feb 21 10:43:35 GMT 2025","","","",""
"","1","Subscribe to topic containing unicode special characters and receive message","Waku Filter V2: Subscribe: Multiple Service Nodes: Strict Check mode: true","Fri Feb 21 10:44:57 GMT 2025","passed","Fri Feb 21 10:44:57 GMT 2025","","","",""
"","0","should hash ""test123"" with n=2 and maxValue=100 correctly","hashN","Fri Feb 21 10:39:36 GMT 2025","passed","Fri Feb 21 10:39:36 GMT 2025","","","",""
"","0","Light push messages to 2 nwaku nodes each with different pubsubtopics","Waku Light Push : Multiple PubsubTopics","Fri Feb 21 10:42:17 GMT 2025","passed","Fri Feb 21 10:42:17 GMT 2025","","","",""
"","0","Check received message containing Basic HTML tag","Waku Filter V2: FilterPush: Multiple Nodes: Strict Checking: true","Fri Feb 21 10:43:35 GMT 2025","passed","Fri Feb 21 10:43:35 GMT 2025","","","",""
"","0","Check received message with timestamp: 1949153314000 ","Waku Filter V2: FilterPush: Multiple Nodes: Strict Checking: true","Fri Feb 21 10:43:35 GMT 2025","passed","Fri Feb 21 10:43:35 GMT 2025","","","",""
"","0","retrieves all peers (2) when cannot fulfill all requirements","DNS Node Discovery w/ capabilities","Fri Feb 21 10:39:11 GMT 2025","passed","Fri Feb 21 10:39:11 GMT 2025","","","",""
"","0","Decoder throws on undefined content topic","Ensures content topic is defined","Fri Feb 21 10:39:21 GMT 2025","passed","Fri Feb 21 10:39:21 GMT 2025","","","",""
"","0","should correctly encode and decode relay shards using rsv format (Bit Vector)","Relay Shard codec","Fri Feb 21 10:38:48 GMT 2025","passed","Fri Feb 21 10:38:48 GMT 2025","","","",""
"","1","Passing page size 3 when there are 20 messages","Waku Store, page size","Fri Feb 21 10:44:48 GMT 2025","passed","Fri Feb 21 10:44:48 GMT 2025","","","",""
"","1","should be called for every peer with PEER_EXCHANGE tags","Dials","Fri Feb 21 10:40:00 GMT 2025","passed","Fri Feb 21 10:40:00 GMT 2025","For peer-exchange peers","dialPeer method","",""
"","0","Publish message with custom timestamp: Fri Feb 21 2025 11:43:40 GMT+0000 (Coordinated Universal Time)","Waku Relay, Publish","Fri Feb 21 10:43:50 GMT 2025","passed","Fri Feb 21 10:43:50 GMT 2025","","","",""
"","0","Push 30 different messages","Waku Light Push: Single Node","Fri Feb 21 10:43:29 GMT 2025","passed","Fri Feb 21 10:43:29 GMT 2025","","","",""
"","6","3 nodes on /waku/2/rs/7/1 topic","Waku Relay (Autosharding), multiple pubsub topics","Fri Feb 21 10:43:40 GMT 2025","passed","Fri Feb 21 10:43:40 GMT 2025","","","",""
"","3","should not fail to start the service if it is already started","Peer Exchange","Fri Feb 21 10:43:57 GMT 2025","passed","Fri Feb 21 10:43:57 GMT 2025","interface-peer-discovery compliance tests","Compliance Test","",""
"","2","should initialize with default number of peers","PeerManager","Fri Feb 21 10:39:28 GMT 2025","passed","Fri Feb 21 10:39:28 GMT 2025","","","",""
"","1","Push message with content topic containing XML","Waku Light Push: Multiple Nodes: Strict Check: true","Fri Feb 21 10:43:39 GMT 2025","passed","Fri Feb 21 10:43:39 GMT 2025","","","",""
"","0","Subscribe to topic containing Script and receive message","Waku Filter V2: Subscribe: Multiple Service Nodes: Strict Check mode: true","Fri Feb 21 10:44:57 GMT 2025","passed","Fri Feb 21 10:44:57 GMT 2025","","","",""
"","0","Subscribe to topic containing Chinese and publish message","Waku Relay, Subscribe","Fri Feb 21 10:43:50 GMT 2025","passed","Fri Feb 21 10:43:50 GMT 2025","","","",""
"","0","should correctly map /app/29/sometopic/someencoding to shard index 6","contentTopicToShardIndex","Fri Feb 21 10:38:48 GMT 2025","passed","Fri Feb 21 10:38:48 GMT 2025","","","",""
"","0","should select older connection if present","selectOpenConnection","Fri Feb 21 10:39:02 GMT 2025","passed","Fri Feb 21 10:39:02 GMT 2025","","","",""
"","0","topics with same application and version share the same shard","contentTopicToShardIndex","Fri Feb 21 10:38:48 GMT 2025","passed","Fri Feb 21 10:38:48 GMT 2025","","","",""
"","0","should hash ""hello"" with n=0 and maxValue=10000 correctly","hashN","Fri Feb 21 10:39:36 GMT 2025","passed","Fri Feb 21 10:39:36 GMT 2025","","","",""
"","4","should be able to encode the field with only RELAY set to true","ENR waku2 codec","Fri Feb 21 10:38:56 GMT 2025","passed","Fri Feb 21 10:38:56 GMT 2025","","Encoding","",""
"","1","Non TWN Cluster","Autosharding: Running Nodes","Fri Feb 21 10:44:15 GMT 2025","passed","Fri Feb 21 10:44:15 GMT 2025","","Different clusters and topics","",""
"","0","Check received message with timestamp: 1740134392649000000 ","Waku Filter V2: FilterPush: Multiple Nodes: Strict Checking: false","Fri Feb 21 10:43:35 GMT 2025","passed","Fri Feb 21 10:43:35 GMT 2025","","","",""
"","0","Push message with content topic containing Russian","Waku Light Push: Multiple Nodes: Strict Check: true","Fri Feb 21 10:43:39 GMT 2025","passed","Fri Feb 21 10:43:39 GMT 2025","","","",""
"","0","Ping on unsubscribed peer","Waku Filter V2: Ping: Multiple Nodes: Strict Checking: true","Fri Feb 21 10:40:31 GMT 2025","passed","Fri Feb 21 10:40:31 GMT 2025","","","",""
"","0","should hash ""!@#$%^&*()"" with n=1 and maxValue=10000 correctly","hashN","Fri Feb 21 10:39:36 GMT 2025","passed","Fri Feb 21 10:39:36 GMT 2025","","","",""
"","0","should throw an error for non-numeric clusterId: /waku/2/rs/$/1","pubsubTopicToSingleShardInfo with various invalid formats","Fri Feb 21 10:38:48 GMT 2025","passed","Fri Feb 21 10:38:48 GMT 2025","","","",""
"","0","Subscribe and receive symmetrically encrypted messages via lightPush","Waku Filter V2: Subscribe: Multiple Service Nodes: Strict Check mode: true","Fri Feb 21 10:44:57 GMT 2025","passed","Fri Feb 21 10:44:57 GMT 2025","","","",""
"","3","Ping on subscribed peer","Waku Filter V2: Ping: Multiple Nodes: Strict Checking: false","Fri Feb 21 10:40:31 GMT 2025","passed","Fri Feb 21 10:40:31 GMT 2025","","","",""
"","0","Unsubscribe 2 topics - node subscribed to 2 topics","Waku Filter V2: Unsubscribe","Fri Feb 21 10:40:55 GMT 2025","passed","Fri Feb 21 10:40:55 GMT 2025","","","",""
"","0","should hash """" with n=5 and maxValue=1000 correctly","hashN","Fri Feb 21 10:39:36 GMT 2025","passed","Fri Feb 21 10:39:36 GMT 2025","","","",""
"","1","Push message with short payload","Waku Light Push: Single Node","Fri Feb 21 10:43:29 GMT 2025","passed","Fri Feb 21 10:43:29 GMT 2025","","","",""
"","0","random static sharding 10 - Cluster ID: 157, Shard ID: 155","Static Sharding: Running Nodes","Fri Feb 21 10:44:21 GMT 2025","passed","Fri Feb 21 10:44:21 GMT 2025","","Different clusters and shards","",""
"","0","Publish message with custom timestamp: Sat Mar 02 2024 10:43:40 GMT+0000 (Coordinated Universal Time)","Waku Relay, Publish","Fri Feb 21 10:43:50 GMT 2025","passed","Fri Feb 21 10:43:50 GMT 2025","","","",""
"","0","Privacy Node - default protocol","Wait for remote peer","Fri Feb 21 10:45:07 GMT 2025","passed","Fri Feb 21 10:45:07 GMT 2025","","","",""
"","4","Subscribe at once to 10000 topics and publish messages","Waku Relay, Subscribe","Fri Feb 21 10:43:50 GMT 2025","passed","Fri Feb 21 10:43:50 GMT 2025","","","",""
"","1","Overlapping topic subscription","Waku Filter V2: Subscribe: Multiple Service Nodes: Strict Check mode: false","Fri Feb 21 10:44:57 GMT 2025","passed","Fri Feb 21 10:44:57 GMT 2025","","","",""
"","1","Subscribe and receives messages on 20 topics","Waku Filter V2: Subscribe: Multiple Service Nodes: Strict Check mode: true","Fri Feb 21 10:44:57 GMT 2025","passed","Fri Feb 21 10:44:57 GMT 2025","","","",""
"","0","Subscribe and receive ecies encrypted messages via lightPush","Waku Filter V2: Subscribe: Multiple Service Nodes: Strict Check mode: false","Fri Feb 21 10:44:57 GMT 2025","passed","Fri Feb 21 10:44:57 GMT 2025","","","",""
"","1","Encoder throws on undefined content topic","Ensures content topic is defined","Fri Feb 21 10:39:03 GMT 2025","passed","Fri Feb 21 10:39:03 GMT 2025","","","",""
"","0","Ping on unsubscribed peer","Waku Filter V2: Ping","Fri Feb 21 10:40:18 GMT 2025","passed","Fri Feb 21 10:40:18 GMT 2025","","","",""
"","1","Push message with content topic containing long","Waku Light Push: Multiple Nodes: Strict Check: true","Fri Feb 21 10:43:39 GMT 2025","passed","Fri Feb 21 10:43:39 GMT 2025","","","",""
"","1","Ping on peer without subscriptions","Waku Filter V2: Ping: Multiple Nodes: Strict Checking: false","Fri Feb 21 10:40:31 GMT 2025","passed","Fri Feb 21 10:40:31 GMT 2025","","","",""
"","0","Check received message containing Basic HTML tag","Waku Filter V2: FilterPush: Multiple Nodes: Strict Checking: false","Fri Feb 21 10:43:35 GMT 2025","passed","Fri Feb 21 10:43:35 GMT 2025","","","",""
"","0","Subscribe to topic containing special chars and receive message","Waku Filter V2: Subscribe: Multiple Service Nodes: Strict Check mode: false","Fri Feb 21 10:44:57 GMT 2025","passed","Fri Feb 21 10:44:57 GMT 2025","","","",""
"","1","should be able to encode the field with only STORE set to true","ENR waku2 codec","Fri Feb 21 10:38:56 GMT 2025","passed","Fri Feb 21 10:38:56 GMT 2025","","Encoding","",""
"","0","Check received message containing JSON","Waku Filter V2: FilterPush: Multiple Nodes: Strict Checking: true","Fri Feb 21 10:43:35 GMT 2025","passed","Fri Feb 21 10:43:35 GMT 2025","","","",""
"","1","should not receive a peer event after stop","DNS Discovery: Compliance Test","Fri Feb 21 10:40:08 GMT 2025","passed","Fri Feb 21 10:40:08 GMT 2025","","interface-peer-discovery compliance tests","",""
"","1","Query Generator  - false","Waku Store, order","Fri Feb 21 10:44:36 GMT 2025","passed","Fri Feb 21 10:44:36 GMT 2025","","","",""
"","0","should correctly map /app/20/sometopic/someencoding to shard index 15 with networkShards 16","contentTopicToShardIndex","Fri Feb 21 10:38:48 GMT 2025","passed","Fri Feb 21 10:38:48 GMT 2025","","","",""
"","1","returns only open connection if one present","selectOpenConnection","Fri Feb 21 10:39:02 GMT 2025","passed","Fri Feb 21 10:39:02 GMT 2025","","","",""
"","6","Cluster ID 0 - Default/Global Cluster","Static Sharding: Running Nodes","Fri Feb 21 10:44:21 GMT 2025","passed","Fri Feb 21 10:44:21 GMT 2025","","Different clusters and shards","",""
"","1","Add multiple subscription objects on single nwaku node","Waku Filter V2: Subscribe: Single Service Node","Fri Feb 21 10:42:03 GMT 2025","passed","Fri Feb 21 10:42:03 GMT 2025","","","",""
"","1","ENRTree (root): should parse and verify and DNS root entry","ENRTree","Fri Feb 21 10:39:10 GMT 2025","passed","Fri Feb 21 10:39:10 GMT 2025","","","",""
"","2","Subscribe to topic containing shell command and publish message","Waku Relay, Subscribe","Fri Feb 21 10:43:50 GMT 2025","passed","Fri Feb 21 10:43:50 GMT 2025","","","",""
"","0","Push message with numeric payload","Waku Light Push: Single Node","Fri Feb 21 10:43:29 GMT 2025","passed","Fri Feb 21 10:43:29 GMT 2025","","","",""
"","0","Subscribe to topic containing emoji and receive message","Waku Filter V2: Subscribe: Multiple Service Nodes: Strict Check mode: false","Fri Feb 21 10:44:57 GMT 2025","passed","Fri Feb 21 10:44:57 GMT 2025","","","",""
"","1","Encoder throws on empty string content topic","Ensures content topic is defined","Fri Feb 21 10:39:21 GMT 2025","passed","Fri Feb 21 10:39:21 GMT 2025","","","",""
"","0","Push message with content topic containing numeric","Waku Light Push: Single Node","Fri Feb 21 10:43:29 GMT 2025","passed","Fri Feb 21 10:43:29 GMT 2025","","","",""
"","0","Subscribe to topic containing escaped characters and receive message","Waku Filter V2: Subscribe: Single Service Node","Fri Feb 21 10:42:03 GMT 2025","passed","Fri Feb 21 10:42:03 GMT 2025","","","",""
"","0","Rejects garbage","Message Validator","Fri Feb 21 10:39:32 GMT 2025","passed","Fri Feb 21 10:39:32 GMT 2025","","","",""
"","0","Push message with Script payload","Waku Light Push: Multiple Nodes: Strict Check: true","Fri Feb 21 10:43:39 GMT 2025","passed","Fri Feb 21 10:43:39 GMT 2025","","","",""
"","1","Push message with content topic containing emoji","Waku Light Push: Single Node","Fri Feb 21 10:43:29 GMT 2025","passed","Fri Feb 21 10:43:29 GMT 2025","","","",""
"","0","Subscribe to topic containing shell command and receive message","Waku Filter V2: Subscribe: Single Service Node","Fri Feb 21 10:42:03 GMT 2025","passed","Fri Feb 21 10:42:03 GMT 2025","","","",""
"","0","should correctly encode and decode relay shards using rs format (Index List)","Relay Shard codec","Fri Feb 21 10:38:48 GMT 2025","passed","Fri Feb 21 10:38:48 GMT 2025","","","",""
"","1","Query generator for multiple messages","Waku Store, general","Fri Feb 21 10:44:54 GMT 2025","passed","Fri Feb 21 10:44:54 GMT 2025","","","",""
"","1","can start and stop the service","Peer Exchange","Fri Feb 21 10:43:57 GMT 2025","passed","Fri Feb 21 10:43:57 GMT 2025","interface-peer-discovery compliance tests","Compliance Test","",""
"","1","Subscribe to topic containing numeric and receive message","Waku Filter V2: Subscribe: Multiple Service Nodes: Strict Check mode: true","Fri Feb 21 10:44:57 GMT 2025","passed","Fri Feb 21 10:44:57 GMT 2025","","","",""
"","1","should hash ""hello"" with n=5 and maxValue=1000 correctly","hashN","Fri Feb 21 10:39:36 GMT 2025","passed","Fri Feb 21 10:39:36 GMT 2025","","","",""
"","0","Query generator for multiple messages with different message text format","Waku Store, general","Fri Feb 21 10:44:54 GMT 2025","passed","Fri Feb 21 10:44:54 GMT 2025","","","",""
"","1","Subscribe to topic containing special chars and publish message","Waku Relay, Subscribe","Fri Feb 21 10:43:50 GMT 2025","passed","Fri Feb 21 10:43:50 GMT 2025","","","",""
"","0","Push message with short payload","Waku Light Push: Multiple Nodes: Strict Check: true","Fri Feb 21 10:43:39 GMT 2025","passed","Fri Feb 21 10:43:39 GMT 2025","","","",""
"","0","should hash ""!@#$%^&*()"" with n=2 and maxValue=10000 correctly","hashN","Fri Feb 21 10:39:36 GMT 2025","passed","Fri Feb 21 10:39:36 GMT 2025","","","",""
"","0","Subscribe to topic containing shell command and receive message","Waku Filter V2: Subscribe: Multiple Service Nodes: Strict Check mode: true","Fri Feb 21 10:44:57 GMT 2025","passed","Fri Feb 21 10:44:57 GMT 2025","","","",""
"","1","random auto sharding 5 - Cluster ID: 10, Content Topic: /app61/9/topic551/test.js","Autosharding: Running Nodes","Fri Feb 21 10:44:15 GMT 2025","passed","Fri Feb 21 10:44:15 GMT 2025","","Different clusters and topics","",""
"","1","should handle connection events","PeerManager","Fri Feb 21 10:39:28 GMT 2025","passed","Fri Feb 21 10:39:28 GMT 2025","","","",""
"","0","Push message with content topic containing Script","Waku Light Push: Multiple Nodes: Strict Check: true","Fri Feb 21 10:43:39 GMT 2025","passed","Fri Feb 21 10:43:39 GMT 2025","","","",""
"","0","should throw error - no public key","ENR","Fri Feb 21 10:38:57 GMT 2025","passed","Fri Feb 21 10:38:57 GMT 2025","","Txt codec","",""
"","0","Js publishes, other Js receives","Waku Relay, Interop","Fri Feb 21 10:43:46 GMT 2025","passed","Fri Feb 21 10:43:46 GMT 2025","","","",""
"","0","should hash ""hello"" with n=1 and maxValue=10000 correctly","hashN","Fri Feb 21 10:39:36 GMT 2025","passed","Fri Feb 21 10:39:36 GMT 2025","","","",""
"","0","should convert content topics to PubsubTopics for autosharding","shardInfoToPubsubTopics","Fri Feb 21 10:38:48 GMT 2025","passed","Fri Feb 21 10:38:48 GMT 2025","","","",""
"","0","should reject if Relay is requested but not mounted","waitForRemotePeer","Fri Feb 21 10:39:29 GMT 2025","passed","Fri Feb 21 10:39:29 GMT 2025","","","",""
"","0","Subscribe to topic containing long and receive message","Waku Filter V2: Subscribe: Single Service Node","Fri Feb 21 10:42:03 GMT 2025","passed","Fri Feb 21 10:42:03 GMT 2025","","","",""
"","0","should hash ""!@#$%^&*()"" with n=2 and maxValue=100 correctly","hashN","Fri Feb 21 10:39:36 GMT 2025","passed","Fri Feb 21 10:39:36 GMT 2025","","","",""
"","0","should process correctly when SingleShardInfo has no clusterId but has a shard","determinePubsubTopic","Fri Feb 21 10:38:48 GMT 2025","passed","Fri Feb 21 10:38:48 GMT 2025","","","",""
"","3","Subscribe to topic containing long and publish message","Waku Relay, Subscribe","Fri Feb 21 10:43:50 GMT 2025","passed","Fri Feb 21 10:43:50 GMT 2025","","","",""
"","0","Push message with content topic containing shell command","Waku Light Push: Single Node","Fri Feb 21 10:43:29 GMT 2025","passed","Fri Feb 21 10:43:29 GMT 2025","","","",""
"","0","Push message with custom timestamp: 1740138093495","Waku Light Push: Single Node","Fri Feb 21 10:43:29 GMT 2025","passed","Fri Feb 21 10:43:29 GMT 2025","","","",""
"","0","Subscribe to topic containing Russian and receive message","Waku Filter V2: Subscribe: Multiple Service Nodes: Strict Check mode: false","Fri Feb 21 10:44:57 GMT 2025","passed","Fri Feb 21 10:44:57 GMT 2025","","","",""
"","0","should throw an error for invalid PubsubTopic format: /waku/1/rs/1/2","pubsubTopicToSingleShardInfo with various invalid formats","Fri Feb 21 10:38:48 GMT 2025","passed","Fri Feb 21 10:38:48 GMT 2025","","","",""
"","1","Subscribe to topic containing long and receive message","Waku Filter V2: Subscribe: Multiple Service Nodes: Strict Check mode: false","Fri Feb 21 10:44:57 GMT 2025","passed","Fri Feb 21 10:44:57 GMT 2025","","","",""
"","5","different cluster, same shard: nodes don't connect","Metadata Protocol","Fri Feb 21 10:42:26 GMT 2025","passed","Fri Feb 21 10:42:26 GMT 2025","","connections","",""
"","0","Push message with content topic containing short","Waku Light Push: Single Node","Fri Feb 21 10:43:29 GMT 2025","passed","Fri Feb 21 10:43:29 GMT 2025","","","",""
"","0","should update peers in local storage on 'peer:identify' event","Local Storage Discovery","Fri Feb 21 10:39:15 GMT 2025","passed","Fri Feb 21 10:39:15 GMT 2025","","Unit Tests","",""
"","0","random static sharding 3 - Cluster ID: 404, Shard ID: 444","Static Sharding: Running Nodes","Fri Feb 21 10:44:21 GMT 2025","passed","Fri Feb 21 10:44:21 GMT 2025","","Different clusters and shards","",""
"","0","Default pageSize","Waku Store, page size","Fri Feb 21 10:44:48 GMT 2025","passed","Fri Feb 21 10:44:48 GMT 2025","","","",""
"","0","throws on content topic with too few or too many fields","ensureValidContentTopic","Fri Feb 21 10:38:48 GMT 2025","passed","Fri Feb 21 10:38:48 GMT 2025","","","",""
"","0","Query with Ordered Callback, No message returned","Waku Store, error handling","Fri Feb 21 10:44:24 GMT 2025","passed","Fri Feb 21 10:44:24 GMT 2025","","","",""
"","1","Error when try to subscribe to more than 101 topics (new limit)","Waku Filter V2: Subscribe: Multiple Service Nodes: Strict Check mode: true","Fri Feb 21 10:44:57 GMT 2025","passed","Fri Feb 21 10:44:57 GMT 2025","","","",""
"","1","should throw an error for invalid PubsubTopic format: /waku/2/rs","pubsubTopicToSingleShardInfo with various invalid formats","Fri Feb 21 10:38:48 GMT 2025","passed","Fri Feb 21 10:38:48 GMT 2025","","","",""
"","0","Overlapping topic subscription","Waku Filter V2: Subscribe: Single Service Node","Fri Feb 21 10:42:03 GMT 2025","passed","Fri Feb 21 10:42:03 GMT 2025","","","",""
"","0","Query generator for 2000 messages","Waku Store, general","Fri Feb 21 10:44:54 GMT 2025","passed","Fri Feb 21 10:44:54 GMT 2025","","","",""
"","1","Check received message containing Russian","Waku Filter V2: FilterPush: Multiple Nodes: Strict Checking: false","Fri Feb 21 10:43:35 GMT 2025","passed","Fri Feb 21 10:43:35 GMT 2025","","","",""
"","0","msgTime: -19000 ms from now, startTime: -19010, endTime: -18990","Waku Store, time filter","Fri Feb 21 10:45:03 GMT 2025","passed","Fri Feb 21 10:45:03 GMT 2025","","","",""
"","1","using a protocol with unconfigured pubsub topic should fail","Autosharding: Running Nodes","Fri Feb 21 10:44:15 GMT 2025","passed","Fri Feb 21 10:44:15 GMT 2025","","Others","",""
"","0","should correctly map /0/toychat/2/huilong/proto to shard index 3","contentTopicToShardIndex","Fri Feb 21 10:38:48 GMT 2025","passed","Fri Feb 21 10:38:48 GMT 2025","","","",""
"","0","Light Node - default protocols","Wait for remote peer","Fri Feb 21 10:45:07 GMT 2025","passed","Fri Feb 21 10:45:07 GMT 2025","","","",""
"","1","should hash ""hello"" with n=2 and maxValue=100 correctly","hashN","Fri Feb 21 10:39:36 GMT 2025","passed","Fri Feb 21 10:39:36 GMT 2025","","","",""
"","1","throws on content topic with empty application field","ensureValidContentTopic","Fri Feb 21 10:38:48 GMT 2025","passed","Fri Feb 21 10:38:48 GMT 2025","","","",""
"","0","Check publish message containing Basic HTML tag","Waku Relay, Publish","Fri Feb 21 10:43:50 GMT 2025","passed","Fri Feb 21 10:43:50 GMT 2025","","","",""
"","0","1 Relay, 1 fetch","Fetch nodes until capabilities are fulfilled","Fri Feb 21 10:39:10 GMT 2025","passed","Fri Feb 21 10:39:10 GMT 2025","","","",""
"","1","Query with Promise Callback, Wrong PubsubTopic","Waku Store, error handling","Fri Feb 21 10:44:24 GMT 2025","passed","Fri Feb 21 10:44:24 GMT 2025","","","",""
"","2","Check received message containing long","Waku Filter V2: FilterPush: Multiple Nodes: Strict Checking: true","Fri Feb 21 10:43:35 GMT 2025","passed","Fri Feb 21 10:43:35 GMT 2025","","","",""
"","0","Subscribe to topic containing shell command and receive message","Waku Filter V2: Subscribe: Multiple Service Nodes: Strict Check mode: false","Fri Feb 21 10:44:57 GMT 2025","passed","Fri Feb 21 10:44:57 GMT 2025","","","",""
"","0","Unsubscribe 1 topic - node subscribed to 2 topics","Waku Filter V2: Unsubscribe","Fri Feb 21 10:40:55 GMT 2025","passed","Fri Feb 21 10:40:55 GMT 2025","","","",""
"","0","should correctly map /waku/2/content/test.js to shard index 1","contentTopicToShardIndex","Fri Feb 21 10:38:48 GMT 2025","passed","Fri Feb 21 10:38:48 GMT 2025","","","",""
"","1","non connected peers","Peer Exchange Query","Fri Feb 21 10:43:29 GMT 2025","skipped","Fri Feb 21 10:43:29 GMT 2025","","","",""
"","4","Generator, custom pubsub topic","Waku Store (named sharding), custom pubsub topic","Fri Feb 21 10:44:42 GMT 2025","passed","Fri Feb 21 10:44:42 GMT 2025","","","",""
"","0","should throw an error for invalid PubsubTopic format: /waku/2/r/1/2","pubsubTopicToSingleShardInfo with various invalid formats","Fri Feb 21 10:38:48 GMT 2025","passed","Fri Feb 21 10:38:48 GMT 2025","","","",""
"","0","Push message with XML payload","Waku Light Push: Single Node","Fri Feb 21 10:43:29 GMT 2025","passed","Fri Feb 21 10:43:29 GMT 2025","","","",""
"","0","Push message with content topic containing Chinese","Waku Light Push: Single Node","Fri Feb 21 10:43:29 GMT 2025","passed","Fri Feb 21 10:43:29 GMT 2025","","","",""
"","1","throws on content topic with non-number generation field","ensureValidContentTopic","Fri Feb 21 10:38:48 GMT 2025","passed","Fri Feb 21 10:38:48 GMT 2025","","","",""
"","1","should correctly map /app/22/sometopic/someencoding to shard index 2","contentTopicToShardIndex","Fri Feb 21 10:38:48 GMT 2025","passed","Fri Feb 21 10:38:48 GMT 2025","","","",""
"","0","Check received message containing shell command","Waku Filter V2: FilterPush","Fri Feb 21 10:41:33 GMT 2025","passed","Fri Feb 21 10:41:33 GMT 2025","","","",""
"","0","should handle corrupted local storage data gracefully","Local Storage Discovery","Fri Feb 21 10:39:15 GMT 2025","passed","Fri Feb 21 10:39:15 GMT 2025","","Unit Tests","",""
"","0","Meta field set when metaSetter is specified","Waku Message version 0","Fri Feb 21 10:39:03 GMT 2025","passed","Fri Feb 21 10:39:03 GMT 2025","","","",""
"","9","Subscribe one by one to 100 topics and publish messages","Waku Relay, Subscribe","Fri Feb 21 10:43:50 GMT 2025","passed","Fri Feb 21 10:43:50 GMT 2025","","","",""
"","1","Check received message containing escaped characters","Waku Filter V2: FilterPush: Multiple Nodes: Strict Checking: false","Fri Feb 21 10:43:35 GMT 2025","passed","Fri Feb 21 10:43:35 GMT 2025","","","",""
"","1","should properly start and stop event listening","HealthIndicator","Fri Feb 21 10:39:29 GMT 2025","passed","Fri Feb 21 10:39:29 GMT 2025","","","",""
"","0","should handle a minimal index list","Relay Shard codec","Fri Feb 21 10:38:48 GMT 2025","passed","Fri Feb 21 10:38:48 GMT 2025","","","",""
"","0","should return a calculated topic if SingleShardInfo is provided","determinePubsubTopic","Fri Feb 21 10:38:48 GMT 2025","passed","Fri Feb 21 10:38:48 GMT 2025","","","",""
"","0","Push message with emoji payload","Waku Light Push: Single Node","Fri Feb 21 10:43:29 GMT 2025","passed","Fri Feb 21 10:43:29 GMT 2025","","","",""
"","0","Subscribe and receive messages via waku relay post","Waku Filter V2: Subscribe: Single Service Node","Fri Feb 21 10:42:03 GMT 2025","passed","Fri Feb 21 10:42:03 GMT 2025","","","",""
"","0","should throw error - invalid id","ENR","Fri Feb 21 10:38:57 GMT 2025","passed","Fri Feb 21 10:38:57 GMT 2025","","Verify","",""
"","0","ENRTree (tree): should error if DNS tree entry is misformatted","ENRTree","Fri Feb 21 10:39:10 GMT 2025","passed","Fri Feb 21 10:39:10 GMT 2025","","","",""
"","0","Subscribe to topic containing Script and receive message","Waku Filter V2: Subscribe: Multiple Service Nodes: Strict Check mode: false","Fri Feb 21 10:44:57 GMT 2025","passed","Fri Feb 21 10:44:57 GMT 2025","","","",""
"","0","Ephemeral field set to true","Waku Message version 0","Fri Feb 21 10:39:03 GMT 2025","passed","Fri Feb 21 10:39:03 GMT 2025","","","",""
"","1","should retrieve 3 multiaddrs for sandbox.waku.nodes.status.im","DNS Node Discovery [live data]","Fri Feb 21 10:39:11 GMT 2025","skipped","Fri Feb 21 10:39:11 GMT 2025","","","",""
"","0","should throw an error for non-numeric shard: /waku/2/rs/1/x","pubsubTopicToSingleShardInfo with various invalid formats","Fri Feb 21 10:38:48 GMT 2025","passed","Fri Feb 21 10:38:48 GMT 2025","","","",""
"","0","should properly create location multiaddrs - udp","ENR","Fri Feb 21 10:38:57 GMT 2025","passed","Fri Feb 21 10:38:57 GMT 2025","","Location multiaddr","",""
"","1","Ephemeral field is preserved - asymmetric encryption","Waku Message Ephemeral field","Fri Feb 21 10:39:59 GMT 2025","passed","Fri Feb 21 10:39:59 GMT 2025","","","",""
"","1","Subscribe to topic containing XML and receive message","Waku Filter V2: Subscribe: Multiple Service Nodes: Strict Check mode: true","Fri Feb 21 10:44:57 GMT 2025","passed","Fri Feb 21 10:44:57 GMT 2025","","","",""
"","1","Subscribe and receive messages from 2 nwaku nodes each with different pubsubtopics","Waku Filter V2 (Named sharding): Multiple PubsubTopics","Fri Feb 21 10:40:32 GMT 2025","passed","Fri Feb 21 10:40:32 GMT 2025","","","",""
"","1","Correctly serialized arguments","nwaku","Fri Feb 21 10:42:21 GMT 2025","passed","Fri Feb 21 10:42:21 GMT 2025","","","",""
"","1","Check received message containing Script","Waku Filter V2: FilterPush: Multiple Nodes: Strict Checking: true","Fri Feb 21 10:43:35 GMT 2025","passed","Fri Feb 21 10:43:35 GMT 2025","","","",""
"","0","should hash ""!@#$%^&*()"" with n=5 and maxValue=10000 correctly","hashN","Fri Feb 21 10:39:36 GMT 2025","passed","Fri Feb 21 10:39:36 GMT 2025","","","",""
"","1","Subscribe and receive messages on 2 different pubsubtopics","Waku Light Push (Autosharding): Multiple PubsubTopics","Fri Feb 21 10:42:17 GMT 2025","passed","Fri Feb 21 10:42:17 GMT 2025","","","",""
"","3","Unsubscribe 1 topic - node subscribed to 1 topic","Waku Filter V2: Unsubscribe","Fri Feb 21 10:40:55 GMT 2025","passed","Fri Feb 21 10:40:55 GMT 2025","","","",""
"","1","3 nodes on /waku/2/rs/3/2 topic","Waku Relay, multiple pubsub topics","Fri Feb 21 10:43:40 GMT 2025","passed","Fri Feb 21 10:43:40 GMT 2025","","","",""
"","0","Round trip binary encryption [ecies, no signature]","Ecies Encryption","Fri Feb 21 10:39:22 GMT 2025","passed","Fri Feb 21 10:39:22 GMT 2025","","","",""
"","0","should hash """" with n=1 and maxValue=100 correctly","hashN","Fri Feb 21 10:39:36 GMT 2025","passed","Fri Feb 21 10:39:36 GMT 2025","","","",""
"","1","Timestamp too far from node time: -20000 ms from now","Waku Store, time filter","Fri Feb 21 10:45:03 GMT 2025","passed","Fri Feb 21 10:45:03 GMT 2025","","","",""
"","0","should hash ""test123"" with n=1 and maxValue=10000 correctly","hashN","Fri Feb 21 10:39:36 GMT 2025","passed","Fri Feb 21 10:39:36 GMT 2025","","","",""
"","0","Refresh subscription","Waku Relay, Subscribe","Fri Feb 21 10:43:50 GMT 2025","skipped","Fri Feb 21 10:43:50 GMT 2025","","","",""
"","1","should correctly map a content topic to a pubsub topic","contentTopicToPubsubTopic","Fri Feb 21 10:38:48 GMT 2025","passed","Fri Feb 21 10:38:48 GMT 2025","","","",""
"","1","Check received message containing long","Waku Filter V2: FilterPush","Fri Feb 21 10:41:33 GMT 2025","passed","Fri Feb 21 10:41:33 GMT 2025","","","",""
"","0","n1 and n2 uses a custom pubsub, n3 uses the default pubsub","Waku Relay, multiple pubsub topics","Fri Feb 21 10:43:40 GMT 2025","passed","Fri Feb 21 10:43:40 GMT 2025","","","",""
"","0","Push message with Arabic payload","Waku Light Push: Single Node","Fri Feb 21 10:43:29 GMT 2025","passed","Fri Feb 21 10:43:29 GMT 2025","","","",""
"","0","Push message with content topic containing SQL Injection","Waku Light Push: Single Node","Fri Feb 21 10:43:29 GMT 2025","passed","Fri Feb 21 10:43:29 GMT 2025","","","",""
"","0","Waku message hash computation (payload length 0)","RFC Test Vectors","Fri Feb 21 10:38:51 GMT 2025","passed","Fri Feb 21 10:38:51 GMT 2025","","","",""
"","0","should load peers from local storage and dispatch events","Local Storage Discovery","Fri Feb 21 10:39:15 GMT 2025","passed","Fri Feb 21 10:39:15 GMT 2025","","Unit Tests","",""
"","0","msgTime: -19000 ms from now, startTime: -19002, endTime: -19001","Waku Store, time filter","Fri Feb 21 10:45:03 GMT 2025","passed","Fri Feb 21 10:45:03 GMT 2025","","","",""
"","0","Subscribe to 100 topics (new limit) at once and receives messages","Waku Filter V2: Subscribe: Multiple Service Nodes: Strict Check mode: false","Fri Feb 21 10:44:57 GMT 2025","passed","Fri Feb 21 10:44:57 GMT 2025","","","",""
"","1","Check received message containing emoji","Waku Filter V2: FilterPush","Fri Feb 21 10:41:33 GMT 2025","passed","Fri Feb 21 10:41:33 GMT 2025","","","",""
"","0","should properly create peer info with all multiaddrs","ENR","Fri Feb 21 10:38:57 GMT 2025","passed","Fri Feb 21 10:38:57 GMT 2025","","Location multiaddr","",""
"","0","Generator, 2 different pubsubtopics","Waku Store (named sharding), custom pubsub topic","Fri Feb 21 10:44:42 GMT 2025","passed","Fri Feb 21 10:44:42 GMT 2025","","","",""
"","0","should reject if LightPush is requested but not mounted","waitForRemotePeer","Fri Feb 21 10:39:29 GMT 2025","passed","Fri Feb 21 10:39:29 GMT 2025","","","",""
"","0","should return different streams if requested simultaniously","StreamManager","Fri Feb 21 10:39:03 GMT 2025","passed","Fri Feb 21 10:39:03 GMT 2025","","","",""
"","0","should throw an error for non-numeric shard: /waku/2/rs/1/-","pubsubTopicToSingleShardInfo with various invalid formats","Fri Feb 21 10:38:48 GMT 2025","passed","Fri Feb 21 10:38:48 GMT 2025","","","",""
"","0","Passing page size 1 when there are 4 messages","Waku Store, page size","Fri Feb 21 10:44:48 GMT 2025","passed","Fri Feb 21 10:44:48 GMT 2025","","","",""
"","0","Check message received after nwaku node is restarted","Waku Filter V2: FilterPush: Multiple Nodes: Strict Checking: true","Fri Feb 21 10:43:35 GMT 2025","skipped","Fri Feb 21 10:43:35 GMT 2025","","","",""
"","0","Subscribe and receive 2 messages on the same topic","Waku Filter V2: Subscribe: Multiple Service Nodes: Strict Check mode: false","Fri Feb 21 10:44:57 GMT 2025","passed","Fri Feb 21 10:44:57 GMT 2025","","","",""
"","0","Subscribe to topic containing Basic HTML tag and receive message","Waku Filter V2: Subscribe: Multiple Service Nodes: Strict Check mode: true","Fri Feb 21 10:44:57 GMT 2025","passed","Fri Feb 21 10:44:57 GMT 2025","","","",""
"","1","Check received message containing special chars","Waku Filter V2: FilterPush: Multiple Nodes: Strict Checking: false","Fri Feb 21 10:43:35 GMT 2025","passed","Fri Feb 21 10:43:35 GMT 2025","","","",""
"","0","should throw an error for non-numeric clusterId: /waku/2/rs//1","pubsubTopicToSingleShardInfo with various invalid formats","Fri Feb 21 10:38:48 GMT 2025","passed","Fri Feb 21 10:38:48 GMT 2025","","","",""
"","1","returns a subset of values when wanted number is lesser than available values","Discovery","Fri Feb 21 10:39:10 GMT 2025","passed","Fri Feb 21 10:39:10 GMT 2025","","","",""
"","0","Nodes with multiple pubsub topic","Waku Relay (Autosharding), multiple pubsub topics","Fri Feb 21 10:43:40 GMT 2025","passed","Fri Feb 21 10:43:40 GMT 2025","","","",""
"","0","Push message with content topic containing numeric","Waku Light Push: Multiple Nodes: Strict Check: true","Fri Feb 21 10:43:39 GMT 2025","passed","Fri Feb 21 10:43:39 GMT 2025","","","",""
"","6","returns all values when wanted number matches available values","Discovery","Fri Feb 21 10:39:10 GMT 2025","passed","Fri Feb 21 10:39:10 GMT 2025","","","",""
"","0","Subscribe and receive messages on 2 different pubsubtopics","Waku Filter V2 (Autosharding): Multiple PubsubTopics","Fri Feb 21 10:40:32 GMT 2025","passed","Fri Feb 21 10:40:32 GMT 2025","","","",""
"","0","Push 30 different messages","Waku Light Push: Multiple Nodes: Strict Check: true","Fri Feb 21 10:43:39 GMT 2025","passed","Fri Feb 21 10:43:39 GMT 2025","","","",""
"","1","Subscribe to topic containing Script and receive message","Waku Filter V2: Subscribe: Single Service Node","Fri Feb 21 10:42:03 GMT 2025","passed","Fri Feb 21 10:42:03 GMT 2025","","","",""
"","1","should correctly map /app/20/sometopic/someencoding to shard index 7","contentTopicToShardIndex","Fri Feb 21 10:38:48 GMT 2025","passed","Fri Feb 21 10:38:48 GMT 2025","","","",""
"","1","Query Generator, Multiple PubsubTopics","Waku Store, error handling","Fri Feb 21 10:44:24 GMT 2025","passed","Fri Feb 21 10:44:24 GMT 2025","","","",""
"","1","Ephemeral field is preserved - symmetric encryption","Waku Message Ephemeral field","Fri Feb 21 10:39:59 GMT 2025","passed","Fri Feb 21 10:39:59 GMT 2025","","","",""
"","1","random static sharding 6 - Cluster ID: 984, Shard ID: 685","Static Sharding: Running Nodes","Fri Feb 21 10:44:21 GMT 2025","passed","Fri Feb 21 10:44:21 GMT 2025","","Different clusters and shards","",""
"","0","Push message with content topic containing shell command","Waku Light Push: Multiple Nodes: Strict Check: true","Fri Feb 21 10:43:39 GMT 2025","passed","Fri Feb 21 10:43:39 GMT 2025","","","",""
"","5","Ordered Callback sorting by timestamp while page direction is true","Waku Store, sorting","Fri Feb 21 10:44:45 GMT 2025","passed","Fri Feb 21 10:44:45 GMT 2025","","","",""
"","2","Subscribe to topic containing unicode special characters and receive message","Waku Filter V2: Subscribe: Single Service Node","Fri Feb 21 10:42:03 GMT 2025","passed","Fri Feb 21 10:42:03 GMT 2025","","","",""
"","0","Subscribe to topic containing Basic HTML tag and publish message","Waku Relay, Subscribe","Fri Feb 21 10:43:50 GMT 2025","passed","Fri Feb 21 10:43:50 GMT 2025","","","",""
"","0","Subscribe and publish messages on 2 different content topics","Waku Relay, Subscribe","Fri Feb 21 10:43:50 GMT 2025","passed","Fri Feb 21 10:43:50 GMT 2025","","","",""
"","0","random static sharding 9 - Cluster ID: 69, Shard ID: 585","Static Sharding: Running Nodes","Fri Feb 21 10:44:21 GMT 2025","passed","Fri Feb 21 10:44:21 GMT 2025","","Different clusters and shards","",""
"","0","Passing cursor with wrong pubsubTopic","Waku Store, cursor","Fri Feb 21 10:44:13 GMT 2025","passed","Fri Feb 21 10:44:13 GMT 2025","","","",""
"","1","should decode valid enr successfully","ENR","Fri Feb 21 10:38:57 GMT 2025","passed","Fri Feb 21 10:38:57 GMT 2025","","Txt codec","",""
"","0","Reopen subscription with peer with lost subscription","Waku Filter V2: Ping","Fri Feb 21 10:40:18 GMT 2025","passed","Fri Feb 21 10:40:18 GMT 2025","","","",""
"","0","Check message with non string payload is not received","Waku Filter V2: FilterPush: Multiple Nodes: Strict Checking: false","Fri Feb 21 10:43:35 GMT 2025","passed","Fri Feb 21 10:43:35 GMT 2025","","","",""
"","1","Subscribe and receive messages on custom pubsubtopic","Waku Filter V2 (Named sharding): Multiple PubsubTopics","Fri Feb 21 10:40:32 GMT 2025","passed","Fri Feb 21 10:40:32 GMT 2025","","","",""
"","0","Check received message containing XML","Waku Filter V2: FilterPush","Fri Feb 21 10:41:33 GMT 2025","passed","Fri Feb 21 10:41:33 GMT 2025","","","",""
"","0","peer:update - should schedule stream creation IF protocol hit AND no stream found on connection","StreamManager","Fri Feb 21 10:39:03 GMT 2025","passed","Fri Feb 21 10:39:03 GMT 2025","","","",""
"","0","Round trip binary encryption [ecies, signature]","Ecies Encryption","Fri Feb 21 10:39:22 GMT 2025","passed","Fri Feb 21 10:39:22 GMT 2025","","","",""
"","1","Check received message containing Arabic","Waku Filter V2: FilterPush","Fri Feb 21 10:41:33 GMT 2025","passed","Fri Feb 21 10:41:33 GMT 2025","","","",""
"","0","should hash ""Lorem ipsum dolor sit amet"" with n=1 and maxValue=1000 correctly","hashN","Fri Feb 21 10:39:36 GMT 2025","passed","Fri Feb 21 10:39:36 GMT 2025","","","",""
"","0","Add multiple subscription objects on single nwaku node","Waku Filter V2: Subscribe: Multiple Service Nodes: Strict Check mode: true","Fri Feb 21 10:44:57 GMT 2025","passed","Fri Feb 21 10:44:57 GMT 2025","","","",""
"","0","Check received message containing Russian","Waku Filter V2: FilterPush: Multiple Nodes: Strict Checking: true","Fri Feb 21 10:43:35 GMT 2025","passed","Fri Feb 21 10:43:35 GMT 2025","","","",""
"","0","Check publish message containing Script","Waku Relay, Publish","Fri Feb 21 10:43:50 GMT 2025","passed","Fri Feb 21 10:43:50 GMT 2025","","","",""
"","0","Subscribe to 100 topics (new limit) at once and receives messages","Waku Filter V2: Subscribe: Multiple Service Nodes: Strict Check mode: true","Fri Feb 21 10:44:57 GMT 2025","passed","Fri Feb 21 10:44:57 GMT 2025","","","",""
"","9","should not receive a peer event after stop","Peer Exchange","Fri Feb 21 10:43:57 GMT 2025","passed","Fri Feb 21 10:43:57 GMT 2025","interface-peer-discovery compliance tests","Compliance Test","",""
"","0","should hash """" with n=0 and maxValue=10000 correctly","hashN","Fri Feb 21 10:39:36 GMT 2025","passed","Fri Feb 21 10:39:36 GMT 2025","","","",""
"","0","Check received message with timestamp: 1949153314000 ","Waku Filter V2: FilterPush","Fri Feb 21 10:41:33 GMT 2025","passed","Fri Feb 21 10:41:33 GMT 2025","","","",""
"","1","Check message with no payload is not received","Waku Filter V2: FilterPush","Fri Feb 21 10:41:33 GMT 2025","passed","Fri Feb 21 10:41:33 GMT 2025","","","",""
"","1","should hash ""!@#$%^&*()"" with n=5 and maxValue=1000 correctly","hashN","Fri Feb 21 10:39:36 GMT 2025","passed","Fri Feb 21 10:39:36 GMT 2025","","","",""
"","0","Subscribe to 100 topics (new limit) at once and receives messages","Waku Filter V2: Subscribe: Single Service Node","Fri Feb 21 10:42:03 GMT 2025","passed","Fri Feb 21 10:42:03 GMT 2025","","","",""
"","1","removeEventListener with wrong event","Public methods","Fri Feb 21 10:40:33 GMT 2025","passed","Fri Feb 21 10:40:33 GMT 2025","","","",""
"","0","Check received message containing Russian","Waku Filter V2: FilterPush","Fri Feb 21 10:41:33 GMT 2025","passed","Fri Feb 21 10:41:33 GMT 2025","","","",""
"","0","should throw error - no public key","ENR","Fri Feb 21 10:38:57 GMT 2025","passed","Fri Feb 21 10:38:57 GMT 2025","","Verify","",""
"","0","Ephemeral field is preserved - encoder v0","Waku Message Ephemeral field","Fri Feb 21 10:39:59 GMT 2025","passed","Fri Feb 21 10:39:59 GMT 2025","","","",""
"","1","Check received message with timestamp: 1740134392649 ","Waku Filter V2: FilterPush: Multiple Nodes: Strict Checking: false","Fri Feb 21 10:43:35 GMT 2025","passed","Fri Feb 21 10:43:35 GMT 2025","","","",""
"","0","should hash """" with n=2 and maxValue=10000 correctly","hashN","Fri Feb 21 10:39:36 GMT 2025","passed","Fri Feb 21 10:39:36 GMT 2025","","","",""
"","0","Generator, custom pubsub topic","Waku Store (Autosharding), custom pubsub topic","Fri Feb 21 10:44:42 GMT 2025","passed","Fri Feb 21 10:44:42 GMT 2025","","","",""
"","1","can start and stop the service","Local Storage Discovery","Fri Feb 21 10:39:15 GMT 2025","passed","Fri Feb 21 10:39:15 GMT 2025","interface-peer-discovery compliance tests","Compliance Tests","",""
"","0","nwaku subscribes","Waku Relay, Interop","Fri Feb 21 10:43:46 GMT 2025","passed","Fri Feb 21 10:43:46 GMT 2025","","","",""
"","1","Push message with emoji payload","Waku Light Push: Multiple Nodes: Strict Check: true","Fri Feb 21 10:43:39 GMT 2025","passed","Fri Feb 21 10:43:39 GMT 2025","","","",""
"","0","random static sharding 1 - Cluster ID: 614, Shard ID: 668","Static Sharding: Running Nodes","Fri Feb 21 10:44:21 GMT 2025","passed","Fri Feb 21 10:44:21 GMT 2025","","Different clusters and shards","",""
"","0","Subscribe and publish message","Waku Relay, Subscribe","Fri Feb 21 10:43:50 GMT 2025","passed","Fri Feb 21 10:43:50 GMT 2025","","","",""
"","0","Error when try to subscribe to more than 101 topics (new limit)","Waku Filter V2: Subscribe: Multiple Service Nodes: Strict Check mode: false","Fri Feb 21 10:44:57 GMT 2025","passed","Fri Feb 21 10:44:57 GMT 2025","","","",""
"","1","should hash ""test123"" with n=0 and maxValue=100 correctly","hashN","Fri Feb 21 10:39:36 GMT 2025","passed","Fri Feb 21 10:39:36 GMT 2025","","","",""
"","0","addEventListener with correct event","Public methods","Fri Feb 21 10:40:33 GMT 2025","passed","Fri Feb 21 10:40:33 GMT 2025","","","",""
"","0","should correctly map /0/statusim/1/community/cbor to shard index 4","contentTopicToShardIndex","Fri Feb 21 10:38:48 GMT 2025","passed","Fri Feb 21 10:38:48 GMT 2025","","","",""
"","1","should hash ""hello"" with n=0 and maxValue=100 correctly","hashN","Fri Feb 21 10:39:36 GMT 2025","passed","Fri Feb 21 10:39:36 GMT 2025","","","",""
"","0","Push message with escaped characters payload","Waku Light Push: Single Node","Fri Feb 21 10:43:29 GMT 2025","passed","Fri Feb 21 10:43:29 GMT 2025","","","",""
"","1","Unsubscribes all - node subscribed to 10 topics","Waku Filter V2: Unsubscribe: Multiple Nodes: Strict Checking: false","Fri Feb 21 10:41:45 GMT 2025","passed","Fri Feb 21 10:41:45 GMT 2025","","","",""
"","0","Check received message containing Chinese","Waku Filter V2: FilterPush: Multiple Nodes: Strict Checking: true","Fri Feb 21 10:43:35 GMT 2025","passed","Fri Feb 21 10:43:35 GMT 2025","","","",""
"","1","Subscribe and receive messages from 2 nwaku nodes each with different pubsubtopics","Waku Filter V2: Multiple PubsubTopics","Fri Feb 21 10:40:32 GMT 2025","passed","Fri Feb 21 10:40:32 GMT 2025","","","",""
"","0","random static sharding 8 - Cluster ID: 787, Shard ID: 517","Static Sharding: Running Nodes","Fri Feb 21 10:44:21 GMT 2025","passed","Fri Feb 21 10:44:21 GMT 2025","","Different clusters and shards","",""
"","1","`waku:online` between 2 js-waku relay nodes","Connection state","Fri Feb 21 10:40:21 GMT 2025","passed","Fri Feb 21 10:40:21 GMT 2025","","","",""
"","0","should be able to encode the field with RELAY and FILTER protocols set to true","ENR waku2 codec","Fri Feb 21 10:38:56 GMT 2025","passed","Fri Feb 21 10:38:56 GMT 2025","","Encoding","",""
"","1","Passing page size 0 when there are 110 messages","Waku Store, page size","Fri Feb 21 10:44:48 GMT 2025","passed","Fri Feb 21 10:44:48 GMT 2025","","","",""
"","0","Subscribe and receive messages from 2 nwaku nodes each with different pubsubtopics","Waku Filter V2 (Autosharding): Multiple PubsubTopics","Fri Feb 21 10:40:32 GMT 2025","passed","Fri Feb 21 10:40:32 GMT 2025","","","",""
"","1","should be able to decode the field with ALL protocols set to false","ENR waku2 codec","Fri Feb 21 10:38:56 GMT 2025","passed","Fri Feb 21 10:38:56 GMT 2025","","Decoding","",""
"","1","Subscribe to topic containing Chinese and receive message","Waku Filter V2: Subscribe: Multiple Service Nodes: Strict Check mode: true","Fri Feb 21 10:44:57 GMT 2025","passed","Fri Feb 21 10:44:57 GMT 2025","","","",""
"","0","Encoder throws on undefined content topic","Ensures content topic is defined","Fri Feb 21 10:39:22 GMT 2025","passed","Fri Feb 21 10:39:22 GMT 2025","","","",""
"","1","Subscribe and receives messages on 20 topics","Waku Filter V2: Subscribe: Multiple Service Nodes: Strict Check mode: false","Fri Feb 21 10:44:57 GMT 2025","passed","Fri Feb 21 10:44:57 GMT 2025","","","",""
"","1","should hash """" with n=1 and maxValue=10000 correctly","hashN","Fri Feb 21 10:39:36 GMT 2025","passed","Fri Feb 21 10:39:36 GMT 2025","","","",""
"","9","should emit `peer:discovery:bootstrap` event when a peer is discovered","Events","Fri Feb 21 10:39:53 GMT 2025","passed","Fri Feb 21 10:39:53 GMT 2025","","peer:discovery","",""
"","1","Check received message containing escaped characters","Waku Filter V2: FilterPush","Fri Feb 21 10:41:33 GMT 2025","passed","Fri Feb 21 10:41:33 GMT 2025","","","",""
"","0","Ordered Callback - true","Waku Store, order","Fri Feb 21 10:44:36 GMT 2025","passed","Fri Feb 21 10:44:36 GMT 2025","","","",""
"","3","Subscribe to topic containing emoji and publish message","Waku Relay, Subscribe","Fri Feb 21 10:43:50 GMT 2025","passed","Fri Feb 21 10:43:50 GMT 2025","","","",""
"","1","Check received message containing numeric","Waku Filter V2: FilterPush","Fri Feb 21 10:41:33 GMT 2025","passed","Fri Feb 21 10:41:33 GMT 2025","","","",""
"","0","Nodes with multiple pubsub topic","Waku Relay, multiple pubsub topics","Fri Feb 21 10:43:40 GMT 2025","passed","Fri Feb 21 10:43:40 GMT 2025","","","",""
"","0","handles empty contentTopics array correctly","ensureShardingConfigured","Fri Feb 21 10:38:48 GMT 2025","passed","Fri Feb 21 10:38:48 GMT 2025","","","",""
"","1","Check publish message containing XML","Waku Relay, Publish","Fri Feb 21 10:43:50 GMT 2025","passed","Fri Feb 21 10:43:50 GMT 2025","","","",""
"","0","Unsubscribe 1 topic - node subscribed to 2 topics","Waku Filter V2: Unsubscribe: Multiple Nodes: Strict Checking: false","Fri Feb 21 10:41:45 GMT 2025","passed","Fri Feb 21 10:41:45 GMT 2025","","","",""
"","0","removeEventListener with correct event","Public methods","Fri Feb 21 10:40:33 GMT 2025","passed","Fri Feb 21 10:40:33 GMT 2025","","","",""
"","0","Fails to publish message with wrong content topic","Waku Relay, Publish","Fri Feb 21 10:43:50 GMT 2025","passed","Fri Feb 21 10:43:50 GMT 2025","","","",""
"","1","it tolerates circular branch references","DNS Node Discovery","Fri Feb 21 10:39:11 GMT 2025","passed","Fri Feb 21 10:39:11 GMT 2025","","","",""
"","0","Delete observer","Waku Relay","Fri Feb 21 10:43:31 GMT 2025","passed","Fri Feb 21 10:43:31 GMT 2025","","","",""
"","0","listenerCount","Public methods","Fri Feb 21 10:40:33 GMT 2025","passed","Fri Feb 21 10:40:33 GMT 2025","","","",""
"","0","Encoder throws on empty string content topic","Ensures content topic is defined","Fri Feb 21 10:39:22 GMT 2025","passed","Fri Feb 21 10:39:22 GMT 2025","","","",""
"","0","Subscribe to topic containing escaped characters and receive message","Waku Filter V2: Subscribe: Multiple Service Nodes: Strict Check mode: true","Fri Feb 21 10:44:57 GMT 2025","passed","Fri Feb 21 10:44:57 GMT 2025","","","",""
"","1","Waku message hash computation (meta size of 12 bytes)","RFC Test Vectors","Fri Feb 21 10:38:51 GMT 2025","passed","Fri Feb 21 10:38:51 GMT 2025","","","",""
"","1","Round trip binary encryption [symmetric, signature]","Symmetric Encryption","Fri Feb 21 10:39:21 GMT 2025","passed","Fri Feb 21 10:39:21 GMT 2025","","","",""
"","1","Check received message containing unicode special characters","Waku Filter V2: FilterPush: Multiple Nodes: Strict Checking: true","Fri Feb 21 10:43:35 GMT 2025","passed","Fri Feb 21 10:43:35 GMT 2025","","","",""
"","0","Unsubscribes all - node subscribed to 1 topic","Waku Filter V2: Unsubscribe: Multiple Nodes: Strict Checking: true","Fri Feb 21 10:41:45 GMT 2025","passed","Fri Feb 21 10:41:45 GMT 2025","","","",""
"","4","Nwaku publishes","Waku Relay, Interop","Fri Feb 21 10:43:46 GMT 2025","passed","Fri Feb 21 10:43:46 GMT 2025","","","",""
"","1","Check meta is set [ecies]","Ecies Encryption","Fri Feb 21 10:39:22 GMT 2025","passed","Fri Feb 21 10:39:22 GMT 2025","","","",""
"","0","peer:update - should do nothing if another protocol hit","StreamManager","Fri Feb 21 10:39:03 GMT 2025","passed","Fri Feb 21 10:39:03 GMT 2025","","","",""
"","0","should hash ""hello"" with n=5 and maxValue=100 correctly","hashN","Fri Feb 21 10:39:36 GMT 2025","passed","Fri Feb 21 10:39:36 GMT 2025","","","",""
"","1","should reject if WakuNode is not started","waitForRemotePeer","Fri Feb 21 10:39:29 GMT 2025","passed","Fri Feb 21 10:39:29 GMT 2025","","","",""
"","0","Add multiple subscription objects on single nwaku node","Waku Filter V2: Subscribe: Multiple Service Nodes: Strict Check mode: false","Fri Feb 21 10:44:57 GMT 2025","passed","Fri Feb 21 10:44:57 GMT 2025","","","",""
"","0","Check publish message containing long","Waku Relay, Publish","Fri Feb 21 10:43:50 GMT 2025","passed","Fri Feb 21 10:43:50 GMT 2025","","","",""
"","1","Check message with no pubsub topic is not received","Waku Filter V2: FilterPush","Fri Feb 21 10:41:33 GMT 2025","passed","Fri Feb 21 10:41:33 GMT 2025","","","",""
"","0","shard 0","Static Sharding: Running Nodes","Fri Feb 21 10:44:21 GMT 2025","passed","Fri Feb 21 10:44:21 GMT 2025","","Different clusters and shards","",""
"","0","random auto sharding 3 - Cluster ID: 10, Content Topic: /app18/3/topic404/json","Autosharding: Running Nodes","Fri Feb 21 10:44:15 GMT 2025","passed","Fri Feb 21 10:44:15 GMT 2025","","Different clusters and topics","",""
"","0","handles empty shards array correctly","ensureShardingConfigured","Fri Feb 21 10:38:48 GMT 2025","passed","Fri Feb 21 10:38:48 GMT 2025","","","",""
"","1","Check publish message containing numeric","Waku Relay, Publish","Fri Feb 21 10:43:50 GMT 2025","passed","Fri Feb 21 10:43:50 GMT 2025","","","",""
"","0","Check received message containing SQL Injection","Waku Filter V2: FilterPush: Multiple Nodes: Strict Checking: true","Fri Feb 21 10:43:35 GMT 2025","passed","Fri Feb 21 10:43:35 GMT 2025","","","",""
"","0","Round trip binary serialization","Waku Message version 0","Fri Feb 21 10:39:03 GMT 2025","passed","Fri Feb 21 10:39:03 GMT 2025","","","",""
"","1","Push message with content topic containing Basic HTML tag","Waku Light Push: Single Node","Fri Feb 21 10:43:29 GMT 2025","passed","Fri Feb 21 10:43:29 GMT 2025","","","",""
"","0","should transition to Unhealthy when no connections","HealthIndicator","Fri Feb 21 10:39:29 GMT 2025","passed","Fri Feb 21 10:39:29 GMT 2025","","","",""
"","1","Ping on peer without subscriptions","Waku Filter V2: Ping","Fri Feb 21 10:40:18 GMT 2025","passed","Fri Feb 21 10:40:18 GMT 2025","","","",""
"","1","should throw error - no id","ENR","Fri Feb 21 10:38:57 GMT 2025","passed","Fri Feb 21 10:38:57 GMT 2025","","Verify","",""
"","1","throws an error for improperly formatted content topics","contentTopicsByPubsubTopic","Fri Feb 21 10:38:48 GMT 2025","passed","Fri Feb 21 10:38:48 GMT 2025","","","",""
"","1","should emit a peer event after start","Local Storage Discovery","Fri Feb 21 10:39:15 GMT 2025","passed","Fri Feb 21 10:39:15 GMT 2025","interface-peer-discovery compliance tests","Compliance Tests","",""
"","0","Passing page size 19 when there are 20 messages","Waku Store, page size","Fri Feb 21 10:44:48 GMT 2025","passed","Fri Feb 21 10:44:48 GMT 2025","","","",""
"","1","should create a new stream if no existing for protocol found","StreamManager","Fri Feb 21 10:39:03 GMT 2025","passed","Fri Feb 21 10:39:03 GMT 2025","","","",""
"","1","should only return 1 node with store capability","DNS Node Discovery w/ capabilities","Fri Feb 21 10:39:11 GMT 2025","passed","Fri Feb 21 10:39:11 GMT 2025","","","",""
"","0","should hash ""test123"" with n=2 and maxValue=1000 correctly","hashN","Fri Feb 21 10:39:36 GMT 2025","passed","Fri Feb 21 10:39:36 GMT 2025","","","",""
"","0","Subscribe to topic containing SQL Injection and receive message","Waku Filter V2: Subscribe: Single Service Node","Fri Feb 21 10:42:03 GMT 2025","passed","Fri Feb 21 10:42:03 GMT 2025","","","",""
"","0","should correctly map /app/27/sometopic/someencoding to shard index 5","contentTopicToShardIndex","Fri Feb 21 10:38:48 GMT 2025","passed","Fri Feb 21 10:38:48 GMT 2025","","","",""
"","0","Push message with Chinese payload","Waku Light Push: Single Node","Fri Feb 21 10:43:29 GMT 2025","passed","Fri Feb 21 10:43:29 GMT 2025","","","",""
"","0","groups content topics by expected pubsub topic","contentTopicsByPubsubTopic","Fri Feb 21 10:38:48 GMT 2025","passed","Fri Feb 21 10:38:48 GMT 2025","","","",""
"","1","returns nothing if no connections present","selectOpenConnection","Fri Feb 21 10:39:02 GMT 2025","passed","Fri Feb 21 10:39:02 GMT 2025","","","",""
"","0","Check message on other pubsub topic is not received","Waku Filter V2: FilterPush: Multiple Nodes: Strict Checking: false","Fri Feb 21 10:43:35 GMT 2025","passed","Fri Feb 21 10:43:35 GMT 2025","","","",""
"","0","Throws when trying to push message with empty payload","Waku Light Push: Single Node","Fri Feb 21 10:43:29 GMT 2025","passed","Fri Feb 21 10:43:29 GMT 2025","","","",""
"","0","Check message received after jswaku node is restarted","Waku Filter V2: FilterPush","Fri Feb 21 10:41:33 GMT 2025","skipped","Fri Feb 21 10:41:33 GMT 2025","","","",""
"","1","Check publish message containing escaped characters","Waku Relay, Publish","Fri Feb 21 10:43:50 GMT 2025","passed","Fri Feb 21 10:43:50 GMT 2025","","","",""
"","0","should call waitForPeer on Relay","waitForRemotePeer","Fri Feb 21 10:39:29 GMT 2025","passed","Fri Feb 21 10:39:29 GMT 2025","","","",""
"","0","Push message with content topic containing special chars","Waku Light Push: Multiple Nodes: Strict Check: true","Fri Feb 21 10:43:39 GMT 2025","passed","Fri Feb 21 10:43:39 GMT 2025","","","",""
"","1","Push message on custom pubsubTopic","Waku Light Push : Multiple PubsubTopics","Fri Feb 21 10:42:17 GMT 2025","passed","Fri Feb 21 10:42:17 GMT 2025","","","",""
"","0","should fall back to default pubsub topic when pubsubTopicShardInfo is not provided","determinePubsubTopic","Fri Feb 21 10:38:48 GMT 2025","passed","Fri Feb 21 10:38:48 GMT 2025","","","",""
"","0","Push message with rate limit","Waku Light Push: Single Node","Fri Feb 21 10:43:29 GMT 2025","passed","Fri Feb 21 10:43:29 GMT 2025","","","",""
"","3","should be able to decode the field with ALL protocols set to true","ENR waku2 codec","Fri Feb 21 10:38:56 GMT 2025","passed","Fri Feb 21 10:38:56 GMT 2025","","Decoding","",""
"","1","should not fail to stop the service if it was not started","Local Storage Discovery","Fri Feb 21 10:39:15 GMT 2025","passed","Fri Feb 21 10:39:15 GMT 2025","interface-peer-discovery compliance tests","Compliance Tests","",""
"","1","LightPush","Wait for remote peer","Fri Feb 21 10:45:07 GMT 2025","passed","Fri Feb 21 10:45:07 GMT 2025","","","",""
"","1","should request renew when peer disconnects","PeerManager","Fri Feb 21 10:39:28 GMT 2025","passed","Fri Feb 21 10:39:28 GMT 2025","","","",""
"","0","Push message equal or less that 1MB","Waku Light Push: Single Node","Fri Feb 21 10:43:29 GMT 2025","passed","Fri Feb 21 10:43:29 GMT 2025","","","",""
"","1","does not throw on valid cases","ensureValidContentTopic","Fri Feb 21 10:38:48 GMT 2025","passed","Fri Feb 21 10:38:48 GMT 2025","","","",""
"","0","Check received message with timestamp: 1740134393044000000 ","Waku Filter V2: FilterPush","Fri Feb 21 10:41:33 GMT 2025","passed","Fri Feb 21 10:41:33 GMT 2025","","","",""
"","0","Unsubscribe 1 topic - node subscribed to 1 topic","Waku Filter V2: Unsubscribe: Multiple Nodes: Strict Checking: true","Fri Feb 21 10:41:45 GMT 2025","passed","Fri Feb 21 10:41:45 GMT 2025","","","",""
"","0","Query Generator, No message returned","Waku Store, error handling","Fri Feb 21 10:44:24 GMT 2025","passed","Fri Feb 21 10:44:24 GMT 2025","","","",""
"","1","Relay - dialed first","Wait for remote peer","Fri Feb 21 10:45:07 GMT 2025","passed","Fri Feb 21 10:45:07 GMT 2025","","","",""
"","0","Check received message with timestamp: 1949153314000 ","Waku Filter V2: FilterPush: Multiple Nodes: Strict Checking: false","Fri Feb 21 10:43:35 GMT 2025","passed","Fri Feb 21 10:43:35 GMT 2025","","","",""
"","0","should encode/decode to text encoding","ENR","Fri Feb 21 10:38:57 GMT 2025","passed","Fri Feb 21 10:38:57 GMT 2025","","Static tests","",""
"","1","should hash """" with n=2 and maxValue=1000 correctly","hashN","Fri Feb 21 10:39:36 GMT 2025","passed","Fri Feb 21 10:39:36 GMT 2025","","","",""
"","1","Push message on custom pubsubTopic","Waku Light Push (named sharding): Multiple PubsubTopics","Fri Feb 21 10:42:17 GMT 2025","passed","Fri Feb 21 10:42:17 GMT 2025","","","",""
"","1","1 Store, 2 relays, 2 fetches","Fetch nodes until capabilities are fulfilled","Fri Feb 21 10:39:10 GMT 2025","passed","Fri Feb 21 10:39:10 GMT 2025","","","",""
"","1","Push message with special chars payload","Waku Light Push: Multiple Nodes: Strict Check: true","Fri Feb 21 10:43:39 GMT 2025","passed","Fri Feb 21 10:43:39 GMT 2025","","","",""
"","0","Push message with content topic containing unicode special characters","Waku Light Push: Single Node","Fri Feb 21 10:43:29 GMT 2025","passed","Fri Feb 21 10:43:29 GMT 2025","","","",""
"","0","All","ENR Interop: ServiceNode","Fri Feb 21 10:40:01 GMT 2025","passed","Fri Feb 21 10:40:01 GMT 2025","","","",""
"","0","Push message with content topic containing JSON","Waku Light Push: Single Node","Fri Feb 21 10:43:29 GMT 2025","passed","Fri Feb 21 10:43:29 GMT 2025","","","",""
"","0","Unsubscribe topics the node is not subscribed to","Waku Filter V2: Unsubscribe: Multiple Nodes: Strict Checking: true","Fri Feb 21 10:41:45 GMT 2025","passed","Fri Feb 21 10:41:45 GMT 2025","","","",""
"","1","Decoder throws on empty string content topic","Ensures content topic is defined","Fri Feb 21 10:39:21 GMT 2025","passed","Fri Feb 21 10:39:21 GMT 2025","","","",""
"","0","Push message with XML payload","Waku Light Push: Multiple Nodes: Strict Check: true","Fri Feb 21 10:43:39 GMT 2025","passed","Fri Feb 21 10:43:39 GMT 2025","","","",""
"","1","all px service nodes subscribed to the shard topic should be dialed","Static Sharding: Peer Management","Fri Feb 21 10:46:13 GMT 2025","passed","Fri Feb 21 10:46:13 GMT 2025","","Peer Exchange","",""
"","1","Check received message with timestamp: 1649153314 ","Waku Filter V2: FilterPush: Multiple Nodes: Strict Checking: true","Fri Feb 21 10:43:35 GMT 2025","passed","Fri Feb 21 10:43:35 GMT 2025","","","",""
"","0","groups multiple content topics into the same pubsub topic when they share the same shard index","contentTopicsByPubsubTopic","Fri Feb 21 10:38:48 GMT 2025","passed","Fri Feb 21 10:38:48 GMT 2025","","","",""
"","0","less peers than existing","Peer Exchange Query","Fri Feb 21 10:43:29 GMT 2025","skipped","Fri Feb 21 10:43:29 GMT 2025","","","",""
"","0","msgTime: -19000 ms from now, startTime: -18999, endTime: -18996","Waku Store, time filter","Fri Feb 21 10:45:03 GMT 2025","passed","Fri Feb 21 10:45:03 GMT 2025","","","",""
"","0","Subscribe to topic containing numeric and receive message","Waku Filter V2: Subscribe: Single Service Node","Fri Feb 21 10:42:03 GMT 2025","passed","Fri Feb 21 10:42:03 GMT 2025","","","",""
"","1","configure the node with multiple pubsub topics","Static Sharding: Running Nodes","Fri Feb 21 10:44:21 GMT 2025","passed","Fri Feb 21 10:44:21 GMT 2025","","Others","",""
"","0","can dial TLS multiaddrs","multiaddr: dialing","Fri Feb 21 10:42:21 GMT 2025","passed","Fri Feb 21 10:42:21 GMT 2025","","","",""
"","0","should throw an error for insufficient data","Relay Shard codec","Fri Feb 21 10:38:48 GMT 2025","passed","Fri Feb 21 10:38:48 GMT 2025","","","",""
"","0","Subscribe and receive messages on 2 different pubsubtopics","Waku Filter V2 (Named sharding): Multiple PubsubTopics","Fri Feb 21 10:40:32 GMT 2025","passed","Fri Feb 21 10:40:32 GMT 2025","","","",""
"","0","pre and post cipher","Waku Encryption","Fri Feb 21 10:39:21 GMT 2025","passed","Fri Feb 21 10:39:21 GMT 2025","","","",""
"","1","Subscribe to topic containing Russian and receive message","Waku Filter V2: Subscribe: Multiple Service Nodes: Strict Check mode: true","Fri Feb 21 10:44:57 GMT 2025","passed","Fri Feb 21 10:44:57 GMT 2025","","","",""
"","0","should properly create location multiaddrs - udp4","ENR","Fri Feb 21 10:38:57 GMT 2025","passed","Fri Feb 21 10:38:57 GMT 2025","","Location multiaddr","",""
"","0","should hash ""!@#$%^&*()"" with n=0 and maxValue=100 correctly","hashN","Fri Feb 21 10:39:36 GMT 2025","passed","Fri Feb 21 10:39:36 GMT 2025","","","",""
"","0","Check publish message containing unicode special characters","Waku Relay, Publish","Fri Feb 21 10:43:50 GMT 2025","passed","Fri Feb 21 10:43:50 GMT 2025","","","",""
"","1","Publish message with custom timestamp: Sun Dec 17 1995 03:24:00 GMT+0000 (Coordinated Universal Time)","Waku Relay, Publish","Fri Feb 21 10:43:50 GMT 2025","passed","Fri Feb 21 10:43:50 GMT 2025","","","",""
"","0","Check received message containing Script","Waku Filter V2: FilterPush: Multiple Nodes: Strict Checking: false","Fri Feb 21 10:43:35 GMT 2025","passed","Fri Feb 21 10:43:35 GMT 2025","","","",""
"","0","Check publish message containing Russian","Waku Relay, Publish","Fri Feb 21 10:43:50 GMT 2025","passed","Fri Feb 21 10:43:50 GMT 2025","","","",""
"","0","Fails to publish message with size larger than 1 MB","Waku Relay, Publish","Fri Feb 21 10:43:50 GMT 2025","passed","Fri Feb 21 10:43:50 GMT 2025","","","",""
"","0","should hash ""!@#$%^&*()"" with n=0 and maxValue=10000 correctly","hashN","Fri Feb 21 10:39:36 GMT 2025","passed","Fri Feb 21 10:39:36 GMT 2025","","","",""
"","0","should throw an error for non-numeric clusterId: /waku/2/rs/ /1","pubsubTopicToSingleShardInfo with various invalid formats","Fri Feb 21 10:38:48 GMT 2025","passed","Fri Feb 21 10:38:48 GMT 2025","","","",""
"","0","should correctly map a content topic to a pubsub topic for different network shard sizes","contentTopicToPubsubTopic","Fri Feb 21 10:38:48 GMT 2025","passed","Fri Feb 21 10:38:48 GMT 2025","","","",""
"","1","Light push messages to 2 nwaku nodes each with different pubsubtopics","Waku Light Push (Autosharding): Multiple PubsubTopics","Fri Feb 21 10:42:17 GMT 2025","passed","Fri Feb 21 10:42:17 GMT 2025","","","",""
"","1","Check message with no content topic is not received","Waku Filter V2: FilterPush: Multiple Nodes: Strict Checking: false","Fri Feb 21 10:43:35 GMT 2025","passed","Fri Feb 21 10:43:35 GMT 2025","","","",""
"","0","Subscribe to topic containing short and receive message","Waku Filter V2: Subscribe: Multiple Service Nodes: Strict Check mode: false","Fri Feb 21 10:44:57 GMT 2025","passed","Fri Feb 21 10:44:57 GMT 2025","","","",""
"","1","random auto sharding 7 - Cluster ID: 10, Content Topic: /app19/6/topic386/json","Autosharding: Running Nodes","Fri Feb 21 10:44:15 GMT 2025","passed","Fri Feb 21 10:44:15 GMT 2025","","Different clusters and topics","",""
"","0","Reusing cursor across nodes","Waku Store, cursor","Fri Feb 21 10:44:13 GMT 2025","passed","Fri Feb 21 10:44:13 GMT 2025","","","",""
"","0","Check received message containing unicode special characters","Waku Filter V2: FilterPush","Fri Feb 21 10:41:33 GMT 2025","passed","Fri Feb 21 10:41:33 GMT 2025","","","",""
"","0","Push message with special chars payload","Waku Light Push: Single Node","Fri Feb 21 10:43:29 GMT 2025","passed","Fri Feb 21 10:43:29 GMT 2025","","","",""
"","2","Relay","ENR Interop: ServiceNode","Fri Feb 21 10:40:01 GMT 2025","passed","Fri Feb 21 10:40:01 GMT 2025","","","",""
"","0","Timestamp too far from node time: 40000 ms from now","Waku Store, time filter","Fri Feb 21 10:45:03 GMT 2025","passed","Fri Feb 21 10:45:03 GMT 2025","","","",""
"","0","should encode/decode to RLP encoding","ENR","Fri Feb 21 10:38:57 GMT 2025","passed","Fri Feb 21 10:38:57 GMT 2025","","Static tests","",""
"","1","ENRTree (branch): should parse and verify a single component DNS branch entry","ENRTree","Fri Feb 21 10:39:10 GMT 2025","passed","Fri Feb 21 10:39:10 GMT 2025","","","",""
"","0","isConnected should return true after first peer connects","Connection state","Fri Feb 21 10:40:21 GMT 2025","passed","Fri Feb 21 10:40:21 GMT 2025","","","",""
"","1","should not fail to stop the service if it was not started","Peer Exchange","Fri Feb 21 10:43:57 GMT 2025","passed","Fri Feb 21 10:43:57 GMT 2025","interface-peer-discovery compliance tests","Compliance Test","",""
"","1","Subscribe to topic containing escaped characters and publish message","Waku Relay, Subscribe","Fri Feb 21 10:43:50 GMT 2025","passed","Fri Feb 21 10:43:50 GMT 2025","","","",""
"","1","should be able to decode the field with only FILTER set to true","ENR waku2 codec","Fri Feb 21 10:38:56 GMT 2025","passed","Fri Feb 21 10:38:56 GMT 2025","","Decoding","",""
"","1","should not be called more than DEFAULT_MAX_BOOTSTRAP_PEERS_ALLOWED times for bootstrap peers","Dials","Fri Feb 21 10:40:00 GMT 2025","passed","Fri Feb 21 10:40:00 GMT 2025","For bootstrap peers","dialPeer method","",""
"","0","should encodeTxt and decodeTxt","ENR","Fri Feb 21 10:38:57 GMT 2025","passed","Fri Feb 21 10:38:57 GMT 2025","","Txt codec","",""
"","0","Overlapping topic subscription","Waku Filter V2: Subscribe: Multiple Service Nodes: Strict Check mode: true","Fri Feb 21 10:44:57 GMT 2025","passed","Fri Feb 21 10:44:57 GMT 2025","","","",""
"","0","Unsubscribes all - node subscribed to 10 topics","Waku Filter V2: Unsubscribe: Multiple Nodes: Strict Checking: true","Fri Feb 21 10:41:45 GMT 2025","passed","Fri Feb 21 10:41:45 GMT 2025","","","",""
"","0","random auto sharding 4 - Cluster ID: 10, Content Topic: /app45/8/topic597/xml","Autosharding: Running Nodes","Fri Feb 21 10:44:15 GMT 2025","passed","Fri Feb 21 10:44:15 GMT 2025","","Different clusters and topics","",""
"","0","should properly compute the node id","ENR","Fri Feb 21 10:38:57 GMT 2025","passed","Fri Feb 21 10:38:57 GMT 2025","","Static tests","",""
"","6","should emit `peer:connected:peer-exchange` event when a peer is connected","Events","Fri Feb 21 10:39:53 GMT 2025","passed","Fri Feb 21 10:39:53 GMT 2025","","peer:connect","",""
"","0","Push message with content topic containing short","Waku Light Push: Multiple Nodes: Strict Check: true","Fri Feb 21 10:43:39 GMT 2025","passed","Fri Feb 21 10:43:39 GMT 2025","","","",""
"","0","should hash ""test123"" with n=2 and maxValue=10000 correctly","hashN","Fri Feb 21 10:39:36 GMT 2025","passed","Fri Feb 21 10:39:36 GMT 2025","","","",""
"","0","Ephemeral messages are not stored","Waku Message Ephemeral field","Fri Feb 21 10:39:59 GMT 2025","passed","Fri Feb 21 10:39:59 GMT 2025","","","",""
"","0","Subscribe to topic containing XML and receive message","Waku Filter V2: Subscribe: Multiple Service Nodes: Strict Check mode: false","Fri Feb 21 10:44:57 GMT 2025","passed","Fri Feb 21 10:44:57 GMT 2025","","","",""
"","0","Push to array if already present","pushOrInitMapSet","Fri Feb 21 10:38:48 GMT 2025","passed","Fri Feb 21 10:38:48 GMT 2025","","","",""
"","0","should initialize bloom filter with correct parameters","BloomFilter","Fri Feb 21 10:39:38 GMT 2025","passed","Fri Feb 21 10:39:38 GMT 2025","","","",""
"","3","Generator, 2 nwaku nodes each with different pubsubtopics","Waku Store (Autosharding), custom pubsub topic","Fri Feb 21 10:44:42 GMT 2025","passed","Fri Feb 21 10:44:42 GMT 2025","","","",""
"","0","Subscribe and publish 10000 messages on the same topic","Waku Relay, Subscribe","Fri Feb 21 10:43:50 GMT 2025","passed","Fri Feb 21 10:43:50 GMT 2025","","","",""
"","0","should hash ""!@#$%^&*()"" with n=1 and maxValue=1000 correctly","hashN","Fri Feb 21 10:39:36 GMT 2025","passed","Fri Feb 21 10:39:36 GMT 2025","","","",""
"","0","random auto sharding 2 - Cluster ID: 10, Content Topic: /app47/9/topic678/test.js","Autosharding: Running Nodes","Fri Feb 21 10:44:15 GMT 2025","passed","Fri Feb 21 10:44:15 GMT 2025","","Different clusters and topics","",""
"","0","Relay - dialed after","Wait for remote peer","Fri Feb 21 10:45:07 GMT 2025","passed","Fri Feb 21 10:45:07 GMT 2025","","","",""
"","1","Check received message with timestamp: 1740134392649000000 ","Waku Filter V2: FilterPush: Multiple Nodes: Strict Checking: true","Fri Feb 21 10:43:35 GMT 2025","passed","Fri Feb 21 10:43:35 GMT 2025","","","",""
"","0","Check received message containing XML","Waku Filter V2: FilterPush: Multiple Nodes: Strict Checking: false","Fri Feb 21 10:43:35 GMT 2025","passed","Fri Feb 21 10:43:35 GMT 2025","","","",""
"","0","Subscribe and receive 2 messages on the same topic","Waku Filter V2: Subscribe: Multiple Service Nodes: Strict Check mode: true","Fri Feb 21 10:44:57 GMT 2025","passed","Fri Feb 21 10:44:57 GMT 2025","","","",""
"","0","Generator, 2 different pubsubtopics","Waku Store (Autosharding), custom pubsub topic","Fri Feb 21 10:44:42 GMT 2025","passed","Fri Feb 21 10:44:42 GMT 2025","","","",""
"","4","should be able to encode the field with ALL protocols set to true","ENR waku2 codec","Fri Feb 21 10:38:56 GMT 2025","passed","Fri Feb 21 10:38:56 GMT 2025","","Encoding","",""
"","0","Subscribe to topic containing short and receive message","Waku Filter V2: Subscribe: Single Service Node","Fri Feb 21 10:42:03 GMT 2025","passed","Fri Feb 21 10:42:03 GMT 2025","","","",""
"","5","getPeersByDiscovery","Public methods","Fri Feb 21 10:40:33 GMT 2025","passed","Fri Feb 21 10:40:33 GMT 2025","","","",""
"","0","should hash ""Lorem ipsum dolor sit amet"" with n=2 and maxValue=1000 correctly","hashN","Fri Feb 21 10:39:36 GMT 2025","passed","Fri Feb 21 10:39:36 GMT 2025","","","",""
"","0","should wait for Store peer to be connected","waitForRemotePeer","Fri Feb 21 10:39:29 GMT 2025","passed","Fri Feb 21 10:39:29 GMT 2025","","","",""
"","0","Subscribe and receive messages via lightPush","Waku Filter V2: Subscribe: Multiple Service Nodes: Strict Check mode: false","Fri Feb 21 10:44:57 GMT 2025","passed","Fri Feb 21 10:44:57 GMT 2025","","","",""
"","0","ignores unrecognized TXT record formats","DNS Node Discovery","Fri Feb 21 10:39:11 GMT 2025","passed","Fri Feb 21 10:39:11 GMT 2025","","","",""
"","0","Check message with no content topic is not received","Waku Filter V2: FilterPush","Fri Feb 21 10:41:33 GMT 2025","passed","Fri Feb 21 10:41:33 GMT 2025","","","",""
"","0","should hash """" with n=2 and maxValue=100 correctly","hashN","Fri Feb 21 10:39:36 GMT 2025","passed","Fri Feb 21 10:39:36 GMT 2025","","","",""
"","1","should aggregate SingleShardInfos into a ShardInfo","singleShardInfosToShardInfo","Fri Feb 21 10:38:48 GMT 2025","passed","Fri Feb 21 10:38:48 GMT 2025","","","",""
"","1","Init the array if not present","pushOrInitMapSet","Fri Feb 21 10:38:48 GMT 2025","passed","Fri Feb 21 10:38:48 GMT 2025","","","",""
"","1","should be called at least once on all `peer:discovery` events","Dials","Fri Feb 21 10:40:00 GMT 2025","passed","Fri Feb 21 10:40:00 GMT 2025","","attemptDial method","",""
"","1","Subscribe and receive messages from multiple nwaku nodes","Waku Filter V2: Subscribe: Single Service Node","Fri Feb 21 10:42:03 GMT 2025","passed","Fri Feb 21 10:42:03 GMT 2025","","","",""
"","0","ENRTree (tree): should error if DNS tree entry is mis-prefixed","ENRTree","Fri Feb 21 10:39:10 GMT 2025","passed","Fri Feb 21 10:39:10 GMT 2025","","","",""
"","0","should handle clusterId, application and version for autosharding with cluster iD 0","shardInfoToPubsubTopics","Fri Feb 21 10:38:48 GMT 2025","passed","Fri Feb 21 10:38:48 GMT 2025","","","",""
"","1","should not fail to stop the service if it was not started","DNS Discovery: Compliance Test","Fri Feb 21 10:40:08 GMT 2025","passed","Fri Feb 21 10:40:08 GMT 2025","","interface-peer-discovery compliance tests","",""
"","1","Check message with invalid timestamp is not received","Waku Filter V2: FilterPush: Multiple Nodes: Strict Checking: true","Fri Feb 21 10:43:35 GMT 2025","passed","Fri Feb 21 10:43:35 GMT 2025","","","",""
"","1","Query with Promise Callback, No Decoder","Waku Store, error handling","Fri Feb 21 10:44:24 GMT 2025","passed","Fri Feb 21 10:44:24 GMT 2025","","","",""
"","1","Check publish message containing JSON","Waku Relay, Publish","Fri Feb 21 10:43:50 GMT 2025","passed","Fri Feb 21 10:43:50 GMT 2025","","","",""
"","0","should throw an error if shards are undefined for static sharding","shardInfoToPubsubTopics","Fri Feb 21 10:38:48 GMT 2025","passed","Fri Feb 21 10:38:48 GMT 2025","","","",""
"","0","should throw an error for non-numeric shard: /waku/2/rs/1/ ","pubsubTopicToSingleShardInfo with various invalid formats","Fri Feb 21 10:38:48 GMT 2025","passed","Fri Feb 21 10:38:48 GMT 2025","","","",""
"","0","returns all values when wanted number is greater than available values","Discovery","Fri Feb 21 10:39:10 GMT 2025","passed","Fri Feb 21 10:39:10 GMT 2025","","","",""
"","0","should handle special patterns correctly","BloomFilter with special patterns","Fri Feb 21 10:39:38 GMT 2025","passed","Fri Feb 21 10:39:38 GMT 2025","","","",""
"","7","Subscribe to topic containing numeric and publish message","Waku Relay, Subscribe","Fri Feb 21 10:43:50 GMT 2025","passed","Fri Feb 21 10:43:50 GMT 2025","","","",""
"","2","isConnected should return false after all peers disconnect","Connection state","Fri Feb 21 10:40:21 GMT 2025","passed","Fri Feb 21 10:40:21 GMT 2025","","","",""
"","0","should correctly map /statusim/1/community/cbor to shard index 4","contentTopicToShardIndex","Fri Feb 21 10:38:48 GMT 2025","passed","Fri Feb 21 10:38:48 GMT 2025","","","",""
"","0","should retrieve 3 multiaddrs for test.waku.nodes.status.im","DNS Node Discovery [live data]","Fri Feb 21 10:39:11 GMT 2025","skipped","Fri Feb 21 10:39:11 GMT 2025","","","",""
"","1","should extract SingleShardInfo from a valid PubsubTopic","pubsubTopicToSingleShardInfo with various invalid formats","Fri Feb 21 10:38:48 GMT 2025","passed","Fri Feb 21 10:38:48 GMT 2025","","","",""
"","0","Store - dialed after - with timeout","Wait for remote peer","Fri Feb 21 10:45:07 GMT 2025","passed","Fri Feb 21 10:45:07 GMT 2025","","","",""
"","0","Push message with escaped characters payload","Waku Light Push: Multiple Nodes: Strict Check: true","Fri Feb 21 10:43:39 GMT 2025","passed","Fri Feb 21 10:43:39 GMT 2025","","","",""
"","1","Subscribe to topic containing Arabic and publish message","Waku Relay, Subscribe","Fri Feb 21 10:43:50 GMT 2025","passed","Fri Feb 21 10:43:50 GMT 2025","","","",""
"","1","Check received message containing JSON","Waku Filter V2: FilterPush: Multiple Nodes: Strict Checking: false","Fri Feb 21 10:43:35 GMT 2025","passed","Fri Feb 21 10:43:35 GMT 2025","","","",""
"","1","should correctly map /myapp/1/latest/proto to shard index 0","contentTopicToShardIndex","Fri Feb 21 10:38:48 GMT 2025","passed","Fri Feb 21 10:38:48 GMT 2025","","","",""
"","1","Check publish message containing SQL Injection","Waku Relay, Publish","Fri Feb 21 10:43:50 GMT 2025","passed","Fri Feb 21 10:43:50 GMT 2025","","","",""
"","0","Push message with custom timestamp: 1709376056466","Waku Light Push: Multiple Nodes: Strict Check: true","Fri Feb 21 10:43:39 GMT 2025","passed","Fri Feb 21 10:43:39 GMT 2025","","","",""
"","0","should hash ""hello"" with n=2 and maxValue=1000 correctly","hashN","Fri Feb 21 10:39:36 GMT 2025","passed","Fri Feb 21 10:39:36 GMT 2025","","","",""
"","1","tcp ip4 address","Multiaddr from fields","Fri Feb 21 10:38:56 GMT 2025","passed","Fri Feb 21 10:38:56 GMT 2025","","","",""
"","1","same cluster, same shard: nodes connect","Metadata Protocol","Fri Feb 21 10:42:26 GMT 2025","passed","Fri Feb 21 10:42:26 GMT 2025","","connections","",""
"","1","Passing a valid cursor at 110 index when there are 120 messages","Waku Store, cursor","Fri Feb 21 10:44:13 GMT 2025","passed","Fri Feb 21 10:44:13 GMT 2025","","","",""
"","1","Query generator for multiple messages with multiple decoders","Waku Store, general","Fri Feb 21 10:44:54 GMT 2025","passed","Fri Feb 21 10:44:54 GMT 2025","","","",""
"","0","Used by Waku Relay","Decryption Keys","Fri Feb 21 10:45:03 GMT 2025","passed","Fri Feb 21 10:45:03 GMT 2025","","","",""
"","1","Ping on peer without subscriptions","Waku Filter V2: Ping: Multiple Nodes: Strict Checking: true","Fri Feb 21 10:40:31 GMT 2025","passed","Fri Feb 21 10:40:31 GMT 2025","","","",""
"","0","throws on content topic with empty version field","ensureValidContentTopic","Fri Feb 21 10:38:48 GMT 2025","passed","Fri Feb 21 10:38:48 GMT 2025","","","",""
"","1","Overlapping topic subscription","Waku Relay, Subscribe","Fri Feb 21 10:43:50 GMT 2025","skipped","Fri Feb 21 10:43:50 GMT 2025","","","",""
"","0","A test","This","Fri Feb 21 10:42:03 GMT 2025","passed","Fri Feb 21 10:42:03 GMT 2025","","Is also","",""
"","0","should hash ""!@#$%^&*()"" with n=5 and maxValue=100 correctly","hashN","Fri Feb 21 10:39:36 GMT 2025","passed","Fri Feb 21 10:39:36 GMT 2025","","","",""
"","0","connects to nwaku","Waku Dial [node only]","Fri Feb 21 10:45:03 GMT 2025","passed","Fri Feb 21 10:45:03 GMT 2025","","Interop: ServiceNode","",""
"","1","Unsubscribes all - node subscribed to 1 topic","Waku Filter V2: Unsubscribe","Fri Feb 21 10:40:55 GMT 2025","passed","Fri Feb 21 10:40:55 GMT 2025","","","",""
"","0","Subscribe to topic containing emoji and receive message","Waku Filter V2: Subscribe: Multiple Service Nodes: Strict Check mode: true","Fri Feb 21 10:44:57 GMT 2025","passed","Fri Feb 21 10:44:57 GMT 2025","","","",""
"","1","Push message with content topic containing special chars","Waku Light Push: Single Node","Fri Feb 21 10:43:29 GMT 2025","passed","Fri Feb 21 10:43:29 GMT 2025","","","",""
"","0","creates an iterator","Util: toAsyncIterator: Filter","Fri Feb 21 10:44:53 GMT 2025","passed","Fri Feb 21 10:44:53 GMT 2025","","","",""
"","4","Publish without waiting for remote peer","Waku Relay, Subscribe","Fri Feb 21 10:43:50 GMT 2025","passed","Fri Feb 21 10:43:50 GMT 2025","","","",""
"","1","should return unique PubsubTopics for static sharding","shardInfoToPubsubTopics","Fri Feb 21 10:38:48 GMT 2025","passed","Fri Feb 21 10:38:48 GMT 2025","","","",""
"","0","Check received message containing emoji","Waku Filter V2: FilterPush: Multiple Nodes: Strict Checking: true","Fri Feb 21 10:43:35 GMT 2025","passed","Fri Feb 21 10:43:35 GMT 2025","","","",""
"","0","should never report false negatives","BloomFilter","Fri Feb 21 10:39:38 GMT 2025","passed","Fri Feb 21 10:39:38 GMT 2025","","","",""
"","0","Reopen subscription with peer with lost subscription","Waku Filter V2: Ping: Multiple Nodes: Strict Checking: false","Fri Feb 21 10:40:31 GMT 2025","passed","Fri Feb 21 10:40:31 GMT 2025","","","",""
"","0","should convert a SingleShardInfo object to the correct PubsubTopic","singleShardInfoToPubsubTopic","Fri Feb 21 10:38:48 GMT 2025","passed","Fri Feb 21 10:38:48 GMT 2025","","","",""
"","0","Ordered callback, aborts when callback returns true","Waku Store, general","Fri Feb 21 10:44:54 GMT 2025","passed","Fri Feb 21 10:44:54 GMT 2025","","","",""
"","0","should throw an error for non-numeric clusterId: /waku/2/rs/x/1","pubsubTopicToSingleShardInfo with various invalid formats","Fri Feb 21 10:38:48 GMT 2025","passed","Fri Feb 21 10:38:48 GMT 2025","","","",""
"","1","Generator, 2 nwaku nodes each with different pubsubtopics","Waku Store, custom pubsub topic","Fri Feb 21 10:44:42 GMT 2025","passed","Fri Feb 21 10:44:42 GMT 2025","","","",""
"","1","Check received message containing unicode special characters","Waku Filter V2: FilterPush: Multiple Nodes: Strict Checking: false","Fri Feb 21 10:43:35 GMT 2025","passed","Fri Feb 21 10:43:35 GMT 2025","","","",""
"","0","Subscribe to topic containing Chinese and receive message","Waku Filter V2: Subscribe: Single Service Node","Fri Feb 21 10:42:03 GMT 2025","passed","Fri Feb 21 10:42:03 GMT 2025","","","",""
"","1","Push message with content topic containing Script","Waku Light Push: Single Node","Fri Feb 21 10:43:29 GMT 2025","passed","Fri Feb 21 10:43:29 GMT 2025","","","",""
"","4","different cluster, different shard: nodes don't connect","Metadata Protocol","Fri Feb 21 10:42:26 GMT 2025","passed","Fri Feb 21 10:42:26 GMT 2025","","connections","",""
"","0","should reject if Filter is requested but not mounted","waitForRemotePeer","Fri Feb 21 10:39:29 GMT 2025","passed","Fri Feb 21 10:39:29 GMT 2025","","","",""
"","1","Waku message hash computation (meta attribute not present)","RFC Test Vectors","Fri Feb 21 10:38:51 GMT 2025","passed","Fri Feb 21 10:38:51 GMT 2025","","","",""
"","1","Fails to publish message with empty text","Waku Relay, Publish","Fri Feb 21 10:43:50 GMT 2025","passed","Fri Feb 21 10:43:50 GMT 2025","","","",""
"","1","Subscribe and receive messages via waku relay post","Waku Filter V2: Subscribe: Multiple Service Nodes: Strict Check mode: true","Fri Feb 21 10:44:57 GMT 2025","passed","Fri Feb 21 10:44:57 GMT 2025","","","",""
"","1","Check received message containing special chars","Waku Filter V2: FilterPush: Multiple Nodes: Strict Checking: true","Fri Feb 21 10:43:35 GMT 2025","passed","Fri Feb 21 10:43:35 GMT 2025","","","",""
"","0","Check received message containing numeric","Waku Filter V2: FilterPush: Multiple Nodes: Strict Checking: false","Fri Feb 21 10:43:35 GMT 2025","passed","Fri Feb 21 10:43:35 GMT 2025","","","",""
"","1","Subscribe to topic containing unicode special characters and publish message","Waku Relay, Subscribe","Fri Feb 21 10:43:50 GMT 2025","passed","Fri Feb 21 10:43:50 GMT 2025","","","",""
"","0","Passing page size 110 when there are 120 messages","Waku Store, page size","Fri Feb 21 10:44:48 GMT 2025","passed","Fri Feb 21 10:44:48 GMT 2025","","","",""
"","1","should hash ""Lorem ipsum dolor sit amet"" with n=5 and maxValue=10000 correctly","hashN","Fri Feb 21 10:39:36 GMT 2025","passed","Fri Feb 21 10:39:36 GMT 2025","","","",""
"","0","Waku message hash computation (meta size of 64 bytes)","RFC Test Vectors","Fri Feb 21 10:38:51 GMT 2025","passed","Fri Feb 21 10:38:51 GMT 2025","","","",""
"","1","should not receive a peer event before start","DNS Discovery: Compliance Test","Fri Feb 21 10:40:08 GMT 2025","passed","Fri Feb 21 10:40:08 GMT 2025","","interface-peer-discovery compliance tests","",""
"","0","should map different content topics to different pubsub topics based on shard index","contentTopicToPubsubTopic","Fri Feb 21 10:38:48 GMT 2025","passed","Fri Feb 21 10:38:48 GMT 2025","","","",""
"","0","Ping on subscribed peer","Waku Filter V2: Ping","Fri Feb 21 10:40:18 GMT 2025","passed","Fri Feb 21 10:40:18 GMT 2025","","","",""
"","0","should get locked peers","PeerManager","Fri Feb 21 10:39:28 GMT 2025","passed","Fri Feb 21 10:39:28 GMT 2025","","","",""
"","0","should initialize with Unhealthy status","HealthIndicator","Fri Feb 21 10:39:29 GMT 2025","passed","Fri Feb 21 10:39:29 GMT 2025","","","",""
"","0","Subscribe and receive symmetrically encrypted messages via lightPush","Waku Filter V2: Subscribe: Single Service Node","Fri Feb 21 10:42:03 GMT 2025","passed","Fri Feb 21 10:42:03 GMT 2025","","","",""
"","1","should emit `waku:offline` event only when all peers disconnect","Connection state","Fri Feb 21 10:40:21 GMT 2025","passed","Fri Feb 21 10:40:21 GMT 2025","","","",""
"","1","should emit `waku:online` event only when first peer is connected","Connection state","Fri Feb 21 10:40:21 GMT 2025","passed","Fri Feb 21 10:40:21 GMT 2025","","","",""
"","1","Push message with custom timestamp: 1740130856466","Waku Light Push: Multiple Nodes: Strict Check: true","Fri Feb 21 10:43:39 GMT 2025","passed","Fri Feb 21 10:43:39 GMT 2025","","","",""
"","1","should throw an error for SingleShardInfos with different clusterIds","singleShardInfosToShardInfo","Fri Feb 21 10:38:48 GMT 2025","passed","Fri Feb 21 10:38:48 GMT 2025","","","",""
"","1","can start the service","Peer Exchange","Fri Feb 21 10:43:57 GMT 2025","passed","Fri Feb 21 10:43:57 GMT 2025","interface-peer-discovery compliance tests","Compliance Test","",""
"","0","should hash ""Lorem ipsum dolor sit amet"" with n=1 and maxValue=100 correctly","hashN","Fri Feb 21 10:39:36 GMT 2025","passed","Fri Feb 21 10:39:36 GMT 2025","","","",""
"","1","should check false positive rate","BloomFilter with special patterns","Fri Feb 21 10:39:38 GMT 2025","passed","Fri Feb 21 10:39:38 GMT 2025","","","",""
"","0","throws on content topic with generation field greater than 0","ensureValidContentTopic","Fri Feb 21 10:38:48 GMT 2025","passed","Fri Feb 21 10:38:48 GMT 2025","","","",""
"","0","Query generator for multiple messages with different content topic format","Waku Store, general","Fri Feb 21 10:44:54 GMT 2025","passed","Fri Feb 21 10:44:54 GMT 2025","","","",""
"","0","Push message with Russian payload","Waku Light Push: Single Node","Fri Feb 21 10:43:29 GMT 2025","passed","Fri Feb 21 10:43:29 GMT 2025","","","",""
"","0","Subscribe to topic containing SQL Injection and receive message","Waku Filter V2: Subscribe: Multiple Service Nodes: Strict Check mode: false","Fri Feb 21 10:44:57 GMT 2025","passed","Fri Feb 21 10:44:57 GMT 2025","","","",""
"","0","Push message with unicode special characters payload","Waku Light Push: Single Node","Fri Feb 21 10:43:29 GMT 2025","passed","Fri Feb 21 10:43:29 GMT 2025","","","",""
"","1","should return the correct m/n for k = 2, targetError = 0.1","Probabilities","Fri Feb 21 10:39:36 GMT 2025","passed","Fri Feb 21 10:39:36 GMT 2025","","","",""
"","0","retrieves a single peer","DNS Node Discovery","Fri Feb 21 10:39:11 GMT 2025","passed","Fri Feb 21 10:39:11 GMT 2025","","","",""
"","0","Subscribe and receive messages on 2 different content topics","Waku Filter V2: Subscribe: Single Service Node","Fri Feb 21 10:42:03 GMT 2025","passed","Fri Feb 21 10:42:03 GMT 2025","","","",""
"","0","Relay - times out","Wait for remote peer","Fri Feb 21 10:45:07 GMT 2025","passed","Fri Feb 21 10:45:07 GMT 2025","","","",""
"","0","Check received message containing SQL Injection","Waku Filter V2: FilterPush","Fri Feb 21 10:41:33 GMT 2025","passed","Fri Feb 21 10:41:33 GMT 2025","","","",""
"","0","Subscribe to topic containing XML and receive message","Waku Filter V2: Subscribe: Single Service Node","Fri Feb 21 10:42:03 GMT 2025","passed","Fri Feb 21 10:42:03 GMT 2025","","","",""
"","1","should hash ""Lorem ipsum dolor sit amet"" with n=0 and maxValue=10000 correctly","hashN","Fri Feb 21 10:39:36 GMT 2025","passed","Fri Feb 21 10:39:36 GMT 2025","","","",""
"","0","Check received message containing SQL Injection","Waku Filter V2: FilterPush: Multiple Nodes: Strict Checking: false","Fri Feb 21 10:43:35 GMT 2025","passed","Fri Feb 21 10:43:35 GMT 2025","","","",""
"","1","A test","This","Fri Feb 21 10:42:03 GMT 2025","passed","Fri Feb 21 10:42:03 GMT 2025","","Is","",""
"","1","should hash ""Lorem ipsum dolor sit amet"" with n=0 and maxValue=100 correctly","hashN","Fri Feb 21 10:39:36 GMT 2025","passed","Fri Feb 21 10:39:36 GMT 2025","","","",""
"","1","Subscribe and receive ecies encrypted messages via lightPush","Waku Filter V2: Subscribe: Single Service Node","Fri Feb 21 10:42:03 GMT 2025","passed","Fri Feb 21 10:42:03 GMT 2025","","","",""
"","1","Push message with Basic HTML tag payload","Waku Light Push: Single Node","Fri Feb 21 10:43:29 GMT 2025","passed","Fri Feb 21 10:43:29 GMT 2025","","","",""
"","1","Push message with content topic containing emoji","Waku Light Push: Multiple Nodes: Strict Check: true","Fri Feb 21 10:43:39 GMT 2025","passed","Fri Feb 21 10:43:39 GMT 2025","","","",""
"","1","passes more than one ENR URLs and attempts connection","DNS Node Discovery [live data]","Fri Feb 21 10:40:08 GMT 2025","skipped","Fri Feb 21 10:40:08 GMT 2025","","","",""
"","0","Unsubscribe topics the node is not subscribed to","Waku Filter V2: Unsubscribe","Fri Feb 21 10:40:55 GMT 2025","passed","Fri Feb 21 10:40:55 GMT 2025","","","",""
"","1","should hash ""Lorem ipsum dolor sit amet"" with n=5 and maxValue=100 correctly","hashN","Fri Feb 21 10:39:36 GMT 2025","passed","Fri Feb 21 10:39:36 GMT 2025","","","",""
"","1","Symmetric encrypt & Decrypt","Waku Encryption","Fri Feb 21 10:39:21 GMT 2025","passed","Fri Feb 21 10:39:21 GMT 2025","","","",""
"","0","dispatchEvent via connectionManager","Public methods","Fri Feb 21 10:40:33 GMT 2025","passed","Fri Feb 21 10:40:33 GMT 2025","","","",""
"","0","Check message with no payload is not received","Waku Filter V2: FilterPush: Multiple Nodes: Strict Checking: false","Fri Feb 21 10:43:35 GMT 2025","passed","Fri Feb 21 10:43:35 GMT 2025","","","",""
"","0","Push message with content topic containing Basic HTML tag","Waku Light Push: Multiple Nodes: Strict Check: true","Fri Feb 21 10:43:39 GMT 2025","passed","Fri Feb 21 10:43:39 GMT 2025","","","",""
"","0","Sets default value correctly","User Agent","Fri Feb 21 10:45:03 GMT 2025","passed","Fri Feb 21 10:45:03 GMT 2025","","","",""
"","0","throws on content topic with empty encoding field","ensureValidContentTopic","Fri Feb 21 10:38:48 GMT 2025","passed","Fri Feb 21 10:38:48 GMT 2025","","","",""
"","0","should hash ""hello"" with n=2 and maxValue=10000 correctly","hashN","Fri Feb 21 10:39:36 GMT 2025","passed","Fri Feb 21 10:39:36 GMT 2025","","","",""
"","0","configure the node with multiple content topics","Autosharding: Running Nodes","Fri Feb 21 10:44:15 GMT 2025","passed","Fri Feb 21 10:44:15 GMT 2025","","Others","",""
"","0","Subscribe to topic containing Russian and receive message","Waku Filter V2: Subscribe: Single Service Node","Fri Feb 21 10:42:03 GMT 2025","passed","Fri Feb 21 10:42:03 GMT 2025","","","",""
"","0","should not receive a peer event before start","Local Storage Discovery","Fri Feb 21 10:39:15 GMT 2025","passed","Fri Feb 21 10:39:15 GMT 2025","interface-peer-discovery compliance tests","Compliance Tests","",""
"","0","Subscribe to topic containing escaped characters and receive message","Waku Filter V2: Subscribe: Multiple Service Nodes: Strict Check mode: false","Fri Feb 21 10:44:57 GMT 2025","passed","Fri Feb 21 10:44:57 GMT 2025","","","",""
"","0","Sign & Recover","Waku Encryption","Fri Feb 21 10:39:21 GMT 2025","passed","Fri Feb 21 10:39:21 GMT 2025","","","",""
"","0","Check received message containing Arabic","Waku Filter V2: FilterPush: Multiple Nodes: Strict Checking: true","Fri Feb 21 10:43:35 GMT 2025","passed","Fri Feb 21 10:43:35 GMT 2025","","","",""
"","0","should fail to send if no connected peers found","LightPush SDK","Fri Feb 21 10:39:29 GMT 2025","passed","Fri Feb 21 10:39:29 GMT 2025","","","",""
"","0","Subscribe and receive messages on autosharded pubsubtopic","Waku Filter V2 (Autosharding): Multiple PubsubTopics","Fri Feb 21 10:40:32 GMT 2025","passed","Fri Feb 21 10:40:32 GMT 2025","","","",""
"","0","Check meta is set [symmetric]","Symmetric Encryption","Fri Feb 21 10:39:21 GMT 2025","passed","Fri Feb 21 10:39:21 GMT 2025","","","",""
"","0","Query with Ordered Callback, No Decoder","Waku Store, error handling","Fri Feb 21 10:44:24 GMT 2025","passed","Fri Feb 21 10:44:24 GMT 2025","","","",""
"","0","should use DNS peer discovery with light client","DNS Node Discovery [live data]","Fri Feb 21 10:40:08 GMT 2025","skipped","Fri Feb 21 10:40:08 GMT 2025","","","",""
"","0","should decode valid enr with tcp successfully","ENR","Fri Feb 21 10:38:57 GMT 2025","passed","Fri Feb 21 10:38:57 GMT 2025","","Txt codec","",""
"","0","Passing page size 10 when there are 10 messages","Waku Store, page size","Fri Feb 21 10:44:48 GMT 2025","passed","Fri Feb 21 10:44:48 GMT 2025","","","",""
"","0","Check message with no content topic is not received","Waku Filter V2: FilterPush: Multiple Nodes: Strict Checking: true","Fri Feb 21 10:43:35 GMT 2025","passed","Fri Feb 21 10:43:35 GMT 2025","","","",""
"","0","should be able to encode the field with STORE and LIGHTPUSH protocols set to true","ENR waku2 codec","Fri Feb 21 10:38:56 GMT 2025","passed","Fri Feb 21 10:38:56 GMT 2025","","Encoding","",""
"","0","Subscribe to topic containing special chars and receive message","Waku Filter V2: Subscribe: Single Service Node","Fri Feb 21 10:42:03 GMT 2025","passed","Fri Feb 21 10:42:03 GMT 2025","","","",""
"","1","stop","Public methods","Fri Feb 21 10:40:33 GMT 2025","passed","Fri Feb 21 10:40:33 GMT 2025","","","",""
"","1","Push message with JSON payload","Waku Light Push: Multiple Nodes: Strict Check: true","Fri Feb 21 10:43:39 GMT 2025","passed","Fri Feb 21 10:43:39 GMT 2025","","","",""
"","0","random static sharding 5 - Cluster ID: 866, Shard ID: 385","Static Sharding: Running Nodes","Fri Feb 21 10:44:21 GMT 2025","passed","Fri Feb 21 10:44:21 GMT 2025","","Different clusters and shards","",""
"","0","Subscribe to topic containing numeric and receive message","Waku Filter V2: Subscribe: Multiple Service Nodes: Strict Check mode: false","Fri Feb 21 10:44:57 GMT 2025","passed","Fri Feb 21 10:44:57 GMT 2025","","","",""
"","0","1 Relay, 1 Filter, gives up","Fetch nodes until capabilities are fulfilled","Fri Feb 21 10:39:10 GMT 2025","passed","Fri Feb 21 10:39:10 GMT 2025","","","",""
"","0","should throw an error for non-numeric clusterId: /waku/2/rs/\/1","pubsubTopicToSingleShardInfo with various invalid formats","Fri Feb 21 10:38:48 GMT 2025","passed","Fri Feb 21 10:38:48 GMT 2025","","","",""
"","0","Subscribe to topic containing Script and publish message","Waku Relay, Subscribe","Fri Feb 21 10:43:50 GMT 2025","passed","Fri Feb 21 10:43:50 GMT 2025","","","",""
"","0","Ping on subscribed peer","Waku Filter V2: Ping: Multiple Nodes: Strict Checking: true","Fri Feb 21 10:40:31 GMT 2025","passed","Fri Feb 21 10:40:31 GMT 2025","","","",""
"","0","should hash ""test123"" with n=5 and maxValue=1000 correctly","hashN","Fri Feb 21 10:39:36 GMT 2025","passed","Fri Feb 21 10:39:36 GMT 2025","","","",""
"","0","should properly create location multiaddrs - tcp","ENR","Fri Feb 21 10:38:57 GMT 2025","passed","Fri Feb 21 10:38:57 GMT 2025","","Location multiaddr","",""
"","1","Subscribe to topic containing Chinese and receive message","Waku Filter V2: Subscribe: Multiple Service Nodes: Strict Check mode: false","Fri Feb 21 10:44:57 GMT 2025","passed","Fri Feb 21 10:44:57 GMT 2025","","","",""
"","0","px service nodes not subscribed to the shard should not be dialed","Autosharding: Peer Management","Fri Feb 21 10:46:13 GMT 2025","passed","Fri Feb 21 10:46:13 GMT 2025","","Peer Exchange","",""
"","1","should return valid sharding parameters for content topics autosharding","ensureShardingConfigured","Fri Feb 21 10:38:48 GMT 2025","passed","Fri Feb 21 10:38:48 GMT 2025","","","",""
"","2","Push message with content topic containing SQL Injection","Waku Light Push: Multiple Nodes: Strict Check: true","Fri Feb 21 10:43:39 GMT 2025","passed","Fri Feb 21 10:43:39 GMT 2025","","","",""
"","0","Fails to push message bigger that 1MB","Waku Light Push: Single Node","Fri Feb 21 10:43:29 GMT 2025","passed","Fri Feb 21 10:43:29 GMT 2025","","","",""
"","0","Check received message with timestamp: 1740134393044 ","Waku Filter V2: FilterPush","Fri Feb 21 10:41:33 GMT 2025","passed","Fri Feb 21 10:41:33 GMT 2025","","","",""
"","0","ignores domain fetching errors","DNS Node Discovery","Fri Feb 21 10:39:11 GMT 2025","passed","Fri Feb 21 10:39:11 GMT 2025","","","",""
"","0","Asymmetric encrypt & decrypt","Waku Encryption","Fri Feb 21 10:39:21 GMT 2025","passed","Fri Feb 21 10:39:21 GMT 2025","","","",""
"","1","Subscribe to topic containing short and receive message","Waku Filter V2: Subscribe: Multiple Service Nodes: Strict Check mode: true","Fri Feb 21 10:44:57 GMT 2025","passed","Fri Feb 21 10:44:57 GMT 2025","","","",""
"","0","should correctly map /app/20/sometopic/someencoding to shard index 0 with networkShards 1","contentTopicToShardIndex","Fri Feb 21 10:38:48 GMT 2025","passed","Fri Feb 21 10:38:48 GMT 2025","","","",""
"","0","should only return 1 node with relay and store capability","DNS Node Discovery w/ capabilities","Fri Feb 21 10:39:11 GMT 2025","passed","Fri Feb 21 10:39:11 GMT 2025","","","",""
"","0","Check message with invalid timestamp is not received","Waku Filter V2: FilterPush: Multiple Nodes: Strict Checking: false","Fri Feb 21 10:43:35 GMT 2025","passed","Fri Feb 21 10:43:35 GMT 2025","","","",""
"","1","Passing an array","Waku Dial [node only]","Fri Feb 21 10:45:03 GMT 2025","passed","Fri Feb 21 10:45:03 GMT 2025","","Bootstrap","",""
"","0","should be able to decode the field with STORE and LIGHTPUSH protocols set to true","ENR waku2 codec","Fri Feb 21 10:38:56 GMT 2025","passed","Fri Feb 21 10:38:56 GMT 2025","","Decoding","",""
"","0","retrieves all peers (3) when branch entries are composed of multiple strings","DNS Node Discovery w/ capabilities","Fri Feb 21 10:39:11 GMT 2025","passed","Fri Feb 21 10:39:11 GMT 2025","","","",""
"","0","Subscribe and receive symmetrically encrypted messages via lightPush","Waku Filter V2: Subscribe: Multiple Service Nodes: Strict Check mode: false","Fri Feb 21 10:44:57 GMT 2025","passed","Fri Feb 21 10:44:57 GMT 2025","","","",""
"","2","same cluster, different shard: nodes connect","Metadata Protocol","Fri Feb 21 10:42:26 GMT 2025","passed","Fri Feb 21 10:42:26 GMT 2025","","connections","",""
"","0","should hash ""Lorem ipsum dolor sit amet"" with n=2 and maxValue=10000 correctly","hashN","Fri Feb 21 10:39:36 GMT 2025","passed","Fri Feb 21 10:39:36 GMT 2025","","","",""
"","2","Decrypt messages","Waku Relay","Fri Feb 21 10:43:31 GMT 2025","passed","Fri Feb 21 10:43:31 GMT 2025","","","",""
"","0","should only return 1 node with relay capability","DNS Node Discovery w/ capabilities","Fri Feb 21 10:39:11 GMT 2025","passed","Fri Feb 21 10:39:11 GMT 2025","","","",""
"","1","random auto sharding 9 - Cluster ID: 10, Content Topic: /app51/4/topic140/xml","Autosharding: Running Nodes","Fri Feb 21 10:44:15 GMT 2025","passed","Fri Feb 21 10:44:15 GMT 2025","","Different clusters and topics","",""
"","0","Subscribe to topic containing JSON and publish message","Waku Relay, Subscribe","Fri Feb 21 10:43:50 GMT 2025","passed","Fri Feb 21 10:43:50 GMT 2025","","","",""
"","0","safeDispatchEvent","Public methods","Fri Feb 21 10:40:33 GMT 2025","passed","Fri Feb 21 10:40:33 GMT 2025","","","",""
"","0","Waku message hash computation (no timestamp)","RFC Test Vectors","Fri Feb 21 10:38:51 GMT 2025","passed","Fri Feb 21 10:38:51 GMT 2025","","","",""
"","0","msgTime: 19000 ms from now, startTime: 18990, endTime: 19010","Waku Store, time filter","Fri Feb 21 10:45:03 GMT 2025","passed","Fri Feb 21 10:45:03 GMT 2025","","","",""
"","1","Check received message containing short","Waku Filter V2: FilterPush","Fri Feb 21 10:41:33 GMT 2025","passed","Fri Feb 21 10:41:33 GMT 2025","","","",""
"","0","should insert elements correctly","BloomFilter","Fri Feb 21 10:39:38 GMT 2025","passed","Fri Feb 21 10:39:38 GMT 2025","","","",""
"","0","Subscribe to topic containing Basic HTML tag and receive message","Waku Filter V2: Subscribe: Multiple Service Nodes: Strict Check mode: false","Fri Feb 21 10:44:57 GMT 2025","passed","Fri Feb 21 10:44:57 GMT 2025","","","",""
"","0","Push message with Russian payload","Waku Light Push: Multiple Nodes: Strict Check: true","Fri Feb 21 10:43:39 GMT 2025","passed","Fri Feb 21 10:43:39 GMT 2025","","","",""
"","1","random static sharding 4 - Cluster ID: 610, Shard ID: 521","Static Sharding: Running Nodes","Fri Feb 21 10:44:21 GMT 2025","passed","Fri Feb 21 10:44:21 GMT 2025","","Different clusters and shards","",""
"","0","Check received message containing Arabic","Waku Filter V2: FilterPush: Multiple Nodes: Strict Checking: false","Fri Feb 21 10:43:35 GMT 2025","passed","Fri Feb 21 10:43:35 GMT 2025","","","",""
"","0","recovers when dns.resolve returns empty","DNS Node Discovery","Fri Feb 21 10:39:11 GMT 2025","passed","Fri Feb 21 10:39:11 GMT 2025","","","",""
"","2","1 Store, 2 fetches","Fetch nodes until capabilities are fulfilled","Fri Feb 21 10:39:10 GMT 2025","passed","Fri Feb 21 10:39:10 GMT 2025","","","",""
"","1","should transition to SufficientlyHealthy with multiple compatible peers","HealthIndicator","Fri Feb 21 10:39:29 GMT 2025","passed","Fri Feb 21 10:39:29 GMT 2025","","","",""
"","1","Check message with invalid timestamp is not received","Waku Filter V2: FilterPush","Fri Feb 21 10:41:33 GMT 2025","passed","Fri Feb 21 10:41:33 GMT 2025","","","",""
"","1","should send to specified number of peers of used peers","LightPush SDK","Fri Feb 21 10:39:29 GMT 2025","passed","Fri Feb 21 10:39:29 GMT 2025","","","",""
"","0","should return the correct m/n for k = 7, targetError = 0.01","Probabilities","Fri Feb 21 10:39:36 GMT 2025","passed","Fri Feb 21 10:39:36 GMT 2025","","","",""
"","0","Push message with content topic containing escaped characters","Waku Light Push: Multiple Nodes: Strict Check: true","Fri Feb 21 10:43:39 GMT 2025","passed","Fri Feb 21 10:43:39 GMT 2025","","","",""
"","1","Accepts a valid Waku Message","Message Validator","Fri Feb 21 10:39:32 GMT 2025","passed","Fri Feb 21 10:39:32 GMT 2025","","","",""
"","1","should be online or offline if network state changed","Events","Fri Feb 21 10:39:53 GMT 2025","passed","Fri Feb 21 10:39:53 GMT 2025","","waku:connection","",""
"","1","Subscribe to topic containing Basic HTML tag and receive message","Waku Filter V2: Subscribe: Single Service Node","Fri Feb 21 10:42:03 GMT 2025","passed","Fri Feb 21 10:42:03 GMT 2025","","","",""
"","1","should return no connections if no open connection provided","selectOpenConnection","Fri Feb 21 10:39:02 GMT 2025","passed","Fri Feb 21 10:39:02 GMT 2025","","","",""
"","1","Push message with unicode special characters payload","Waku Light Push: Multiple Nodes: Strict Check: true","Fri Feb 21 10:43:39 GMT 2025","passed","Fri Feb 21 10:43:39 GMT 2025","","","",""
"","0","should emit `peer:discovery:peer-exchange` event when a peer is discovered","Events","Fri Feb 21 10:39:53 GMT 2025","passed","Fri Feb 21 10:39:53 GMT 2025","","peer:discovery","",""
"","0","should set field with only STORE enabled","ENR","Fri Feb 21 10:38:57 GMT 2025","passed","Fri Feb 21 10:38:57 GMT 2025","","waku2 key round trip","",""
"","1","random static sharding 2 - Cluster ID: 542, Shard ID: 111","Static Sharding: Running Nodes","Fri Feb 21 10:44:21 GMT 2025","passed","Fri Feb 21 10:44:21 GMT 2025","","Different clusters and shards","",""
"","1","Publishes to nwaku","Waku Relay, Interop","Fri Feb 21 10:43:46 GMT 2025","passed","Fri Feb 21 10:43:46 GMT 2025","","","",""
"","4","should be able to decode the field with only RELAY set to true","ENR waku2 codec","Fri Feb 21 10:38:56 GMT 2025","passed","Fri Feb 21 10:38:56 GMT 2025","","Decoding","",""
"","0","should hash ""test123"" with n=1 and maxValue=1000 correctly","hashN","Fri Feb 21 10:39:36 GMT 2025","passed","Fri Feb 21 10:39:36 GMT 2025","","","",""
"","0","should return valid sharding parameters for static sharding","ensureShardingConfigured","Fri Feb 21 10:38:48 GMT 2025","passed","Fri Feb 21 10:38:48 GMT 2025","","","",""
"","0","can start and stop the service","DNS Discovery: Compliance Test","Fri Feb 21 10:40:08 GMT 2025","passed","Fri Feb 21 10:40:08 GMT 2025","","interface-peer-discovery compliance tests","",""
"","0","Relay + Store","ENR","Fri Feb 21 10:38:57 GMT 2025","passed","Fri Feb 21 10:38:57 GMT 2025","","Waku2 key: decode","",""
"","3","through manual discovery","multiaddr: dialing","Fri Feb 21 10:42:21 GMT 2025","passed","Fri Feb 21 10:42:21 GMT 2025","","does not attempt the same peer discovered multiple times more than once","",""
"","0","Subscribe to topic containing special chars and receive message","Waku Filter V2: Subscribe: Multiple Service Nodes: Strict Check mode: true","Fri Feb 21 10:44:57 GMT 2025","passed","Fri Feb 21 10:44:57 GMT 2025","","","",""
"","0","Unsubscribes all - node subscribed to 1 topic","Waku Filter V2: Unsubscribe: Multiple Nodes: Strict Checking: false","Fri Feb 21 10:41:45 GMT 2025","passed","Fri Feb 21 10:41:45 GMT 2025","","","",""
"","0","Query Generator, Wrong PubsubTopic","Waku Store, error handling","Fri Feb 21 10:44:24 GMT 2025","passed","Fri Feb 21 10:44:24 GMT 2025","","","",""
"","0","Push message equal or less that 1MB","Waku Light Push: Multiple Nodes: Strict Check: true","Fri Feb 21 10:43:39 GMT 2025","passed","Fri Feb 21 10:43:39 GMT 2025","","","",""
"","0","using a protocol with unconfigured pubsub topic should fail","Static Sharding: Running Nodes","Fri Feb 21 10:44:21 GMT 2025","passed","Fri Feb 21 10:44:21 GMT 2025","","Others","",""
"","0","should throw an error for non-numeric shard: /waku/2/rs/1/","pubsubTopicToSingleShardInfo with various invalid formats","Fri Feb 21 10:38:48 GMT 2025","passed","Fri Feb 21 10:38:48 GMT 2025","","","",""
"","0","Check received message containing shell command","Waku Filter V2: FilterPush: Multiple Nodes: Strict Checking: false","Fri Feb 21 10:43:35 GMT 2025","passed","Fri Feb 21 10:43:35 GMT 2025","","","",""
"","1","Check publish message containing short","Waku Relay, Publish","Fri Feb 21 10:43:50 GMT 2025","passed","Fri Feb 21 10:43:50 GMT 2025","","","",""
"","0","should throw an error for empty SingleShardInfos array","singleShardInfosToShardInfo","Fri Feb 21 10:38:48 GMT 2025","passed","Fri Feb 21 10:38:48 GMT 2025","","","",""
"","0","Should update multiaddrs","Peer Exchange Continuous Discovery","Fri Feb 21 10:42:26 GMT 2025","passed","Fri Feb 21 10:42:26 GMT 2025","","","",""
"","0","should handle clusterId, application and version for autosharding with cluster iD 1","shardInfoToPubsubTopics","Fri Feb 21 10:38:48 GMT 2025","passed","Fri Feb 21 10:38:48 GMT 2025","","","",""
"","0","uses static shard pubsub topic instead of autosharding when set","Sets sharding configuration correctly","Fri Feb 21 10:39:03 GMT 2025","passed","Fri Feb 21 10:39:03 GMT 2025","","","",""
"","1","Check message with no payload is not received","Waku Filter V2: FilterPush: Multiple Nodes: Strict Checking: true","Fri Feb 21 10:43:35 GMT 2025","passed","Fri Feb 21 10:43:35 GMT 2025","","","",""
"","0","Passing a valid cursor at 19 index when there are 20 messages","Waku Store, cursor","Fri Feb 21 10:44:13 GMT 2025","passed","Fri Feb 21 10:44:13 GMT 2025","","","",""
"","0","Renews subscription after lossing a connection","Waku Filter V2: Subscribe: Multiple Service Nodes: Strict Check mode: false","Fri Feb 21 10:44:57 GMT 2025","passed","Fri Feb 21 10:44:57 GMT 2025","","","",""
"","0","Check received message containing Script","Waku Filter V2: FilterPush","Fri Feb 21 10:41:33 GMT 2025","passed","Fri Feb 21 10:41:33 GMT 2025","","","",""
"","0","Push message with content topic containing JSON","Waku Light Push: Multiple Nodes: Strict Check: true","Fri Feb 21 10:43:39 GMT 2025","passed","Fri Feb 21 10:43:39 GMT 2025","","","",""
"","1","Check message received after nwaku node is restarted","Waku Filter V2: FilterPush","Fri Feb 21 10:41:33 GMT 2025","skipped","Fri Feb 21 10:41:33 GMT 2025","","","",""
"","0","Decoder throws on empty string content topic","Ensures content topic is defined","Fri Feb 21 10:39:22 GMT 2025","passed","Fri Feb 21 10:39:22 GMT 2025","","","",""
"","0","should return empty list for no shard","shardInfoToPubsubTopics","Fri Feb 21 10:38:48 GMT 2025","passed","Fri Feb 21 10:38:48 GMT 2025","","","",""
"","1","Passing a valid cursor at 10 index when there are 40 messages","Waku Store, cursor","Fri Feb 21 10:44:13 GMT 2025","passed","Fri Feb 21 10:44:13 GMT 2025","","","",""
"","0","should hash """" with n=1 and maxValue=1000 correctly","hashN","Fri Feb 21 10:39:36 GMT 2025","passed","Fri Feb 21 10:39:36 GMT 2025","","","",""
"","0","Push message with custom timestamp: 1740130893495","Waku Light Push: Single Node","Fri Feb 21 10:43:29 GMT 2025","passed","Fri Feb 21 10:43:29 GMT 2025","","","",""
"","0","Subscribe to topic containing emoji and receive message","Waku Filter V2: Subscribe: Single Service Node","Fri Feb 21 10:42:03 GMT 2025","passed","Fri Feb 21 10:42:03 GMT 2025","","","",""
"","0","should derive a pubsub topic using contentTopic when SingleShardInfo only contains clusterId","determinePubsubTopic","Fri Feb 21 10:38:48 GMT 2025","passed","Fri Feb 21 10:38:48 GMT 2025","","","",""
"","1","Subscribe and receive 2 messages on the same topic","Waku Filter V2: Subscribe: Single Service Node","Fri Feb 21 10:42:03 GMT 2025","passed","Fri Feb 21 10:42:03 GMT 2025","","","",""
"","0","ENRTree (branch): should error if DNS branch entry is mis-prefixed","ENRTree","Fri Feb 21 10:39:10 GMT 2025","passed","Fri Feb 21 10:39:10 GMT 2025","","","",""
"","0","should throw an error for non-numeric shard: /waku/2/rs/1/y","pubsubTopicToSingleShardInfo with various invalid formats","Fri Feb 21 10:38:48 GMT 2025","passed","Fri Feb 21 10:38:48 GMT 2025","","","",""
"","0","Check received message containing shell command","Waku Filter V2: FilterPush: Multiple Nodes: Strict Checking: true","Fri Feb 21 10:43:35 GMT 2025","passed","Fri Feb 21 10:43:35 GMT 2025","","","",""
"","1","should return the correct m/n for k = 7, targetError = 0.001","Probabilities","Fri Feb 21 10:39:36 GMT 2025","passed","Fri Feb 21 10:39:36 GMT 2025","","","",""
"","0","Generator, with asymmetric & symmetric encrypted messages","Waku Store, general","Fri Feb 21 10:44:54 GMT 2025","passed","Fri Feb 21 10:44:54 GMT 2025","","","",""
"","1","Fails to push message with large meta","Waku Light Push: Multiple Nodes: Strict Check: true","Fri Feb 21 10:43:39 GMT 2025","passed","Fri Feb 21 10:43:39 GMT 2025","","","",""
"","0","should wait for LightPush peer to be connected","waitForRemotePeer","Fri Feb 21 10:39:29 GMT 2025","passed","Fri Feb 21 10:39:29 GMT 2025","","","",""
"","0","Subscribe to topic containing JSON and receive message","Waku Filter V2: Subscribe: Multiple Service Nodes: Strict Check mode: false","Fri Feb 21 10:44:57 GMT 2025","passed","Fri Feb 21 10:44:57 GMT 2025","","","",""
"","1","Subscribe to topic containing JSON and receive message","Waku Filter V2: Subscribe: Multiple Service Nodes: Strict Check mode: true","Fri Feb 21 10:44:57 GMT 2025","passed","Fri Feb 21 10:44:57 GMT 2025","","","",""
"","0","Does not throw an exception when node disconnects","Waku Dial [node only]","Fri Feb 21 10:45:03 GMT 2025","passed","Fri Feb 21 10:45:03 GMT 2025","","Interop: ServiceNode","",""
"","1","start node with empty content topic","Autosharding: Running Nodes","Fri Feb 21 10:44:15 GMT 2025","passed","Fri Feb 21 10:44:15 GMT 2025","","Others","",""
"","0","should hash ""test123"" with n=5 and maxValue=10000 correctly","hashN","Fri Feb 21 10:39:36 GMT 2025","passed","Fri Feb 21 10:39:36 GMT 2025","","","",""
"","0","Light push messages to 2 nwaku nodes each with different pubsubtopics","Waku Light Push (named sharding): Multiple PubsubTopics","Fri Feb 21 10:42:17 GMT 2025","passed","Fri Feb 21 10:42:17 GMT 2025","","","",""
"","0","random auto sharding 6 - Cluster ID: 10, Content Topic: /app94/5/topic796/test.js","Autosharding: Running Nodes","Fri Feb 21 10:44:15 GMT 2025","passed","Fri Feb 21 10:44:15 GMT 2025","","Different clusters and topics","",""
"","0","Subscribe and receive messages via lightPush","Waku Filter V2: Subscribe: Single Service Node","Fri Feb 21 10:42:03 GMT 2025","passed","Fri Feb 21 10:42:03 GMT 2025","","","",""
"","0","msgTime: -19000 ms from now, startTime: -20000, endTime: -19000","Waku Store, time filter","Fri Feb 21 10:45:03 GMT 2025","passed","Fri Feb 21 10:45:03 GMT 2025","","","",""
"","0","Push message with custom timestamp: 1740138056466","Waku Light Push: Multiple Nodes: Strict Check: true","Fri Feb 21 10:43:39 GMT 2025","passed","Fri Feb 21 10:43:39 GMT 2025","","","",""
"","1","Query Generator sorting by timestamp while page direction is false","Waku Store, sorting","Fri Feb 21 10:44:45 GMT 2025","passed","Fri Feb 21 10:44:45 GMT 2025","","","",""
"","0","should hash ""Lorem ipsum dolor sit amet"" with n=5 and maxValue=1000 correctly","hashN","Fri Feb 21 10:39:36 GMT 2025","passed","Fri Feb 21 10:39:36 GMT 2025","","","",""
"","0","should handle clusterId, application and version for autosharding with cluster iD 6","shardInfoToPubsubTopics","Fri Feb 21 10:38:48 GMT 2025","passed","Fri Feb 21 10:38:48 GMT 2025","","","",""
"","0","should maintain desired error rate","BloomFilter","Fri Feb 21 10:39:38 GMT 2025","passed","Fri Feb 21 10:39:38 GMT 2025","","","",""
"","0","Encoder throws on empty string content topic","Ensures content topic is defined","Fri Feb 21 10:39:03 GMT 2025","passed","Fri Feb 21 10:39:03 GMT 2025","","","",""
"","1","Publish message with rate limit","Waku Relay, Publish","Fri Feb 21 10:43:50 GMT 2025","passed","Fri Feb 21 10:43:50 GMT 2025","","","",""
"","4","new peer added after a peer was already found","Peer Exchange","Fri Feb 21 10:43:47 GMT 2025","skipped","Fri Feb 21 10:43:47 GMT 2025","","","",""
"","0","should use the provided clusterId for the pubsub topic","contentTopicToPubsubTopic","Fri Feb 21 10:38:48 GMT 2025","passed","Fri Feb 21 10:38:48 GMT 2025","","","",""
"","1","Throws when trying to push message with empty payload","Waku Light Push: Multiple Nodes: Strict Check: true","Fri Feb 21 10:43:39 GMT 2025","passed","Fri Feb 21 10:43:39 GMT 2025","","","",""
"","0","Unsubscribe 2 topics - node subscribed to 2 topics","Waku Filter V2: Unsubscribe: Multiple Nodes: Strict Checking: false","Fri Feb 21 10:41:45 GMT 2025","passed","Fri Feb 21 10:41:45 GMT 2025","","","",""
"","1","Publish message with custom timestamp: Fri Feb 21 2025 09:43:40 GMT+0000 (Coordinated Universal Time)","Waku Relay, Publish","Fri Feb 21 10:43:50 GMT 2025","passed","Fri Feb 21 10:43:50 GMT 2025","","","",""
"","0","Passing page size 11 when there are 10 messages","Waku Store, page size","Fri Feb 21 10:44:48 GMT 2025","passed","Fri Feb 21 10:44:48 GMT 2025","","","",""
"","0","Check received message containing XML","Waku Filter V2: FilterPush: Multiple Nodes: Strict Checking: true","Fri Feb 21 10:43:35 GMT 2025","passed","Fri Feb 21 10:43:35 GMT 2025","","","",""
"","0","Subscribe and receive ecies encrypted messages via lightPush","Waku Filter V2: Subscribe: Multiple Service Nodes: Strict Check mode: true","Fri Feb 21 10:44:57 GMT 2025","passed","Fri Feb 21 10:44:57 GMT 2025","","","",""
"","0","Check message received after nwaku node is restarted","Waku Filter V2: FilterPush: Multiple Nodes: Strict Checking: false","Fri Feb 21 10:43:35 GMT 2025","skipped","Fri Feb 21 10:43:35 GMT 2025","","","",""
"","0","Subscribe to topic containing Arabic and receive message","Waku Filter V2: Subscribe: Multiple Service Nodes: Strict Check mode: true","Fri Feb 21 10:44:57 GMT 2025","passed","Fri Feb 21 10:44:57 GMT 2025","","","",""
"","0","Sample","ENR multiaddrs codec","Fri Feb 21 10:38:56 GMT 2025","passed","Fri Feb 21 10:38:56 GMT 2025","","","",""
"","0","Push message with custom timestamp: 1709376093495","Waku Light Push: Single Node","Fri Feb 21 10:43:29 GMT 2025","passed","Fri Feb 21 10:43:29 GMT 2025","","","",""
"","0","handles multiple messages","Util: toAsyncIterator: Filter","Fri Feb 21 10:44:53 GMT 2025","passed","Fri Feb 21 10:44:53 GMT 2025","","","",""
"","0","Unsubscribe 2 topics - node subscribed to 2 topics","Waku Filter V2: Unsubscribe: Multiple Nodes: Strict Checking: true","Fri Feb 21 10:41:45 GMT 2025","passed","Fri Feb 21 10:41:45 GMT 2025","","","",""
"","0","Fails to publish duplicate message","Waku Relay, Publish","Fri Feb 21 10:43:50 GMT 2025","passed","Fri Feb 21 10:43:50 GMT 2025","","","",""
"","3","Query with Promise Callback, Multiple PubsubTopics","Waku Store, error handling","Fri Feb 21 10:44:24 GMT 2025","passed","Fri Feb 21 10:44:24 GMT 2025","","","",""
"","0","start node with empty shard should fail","Static Sharding: Running Nodes","Fri Feb 21 10:44:21 GMT 2025","passed","Fri Feb 21 10:44:21 GMT 2025","","Others","",""
"","1","Query Generator  - true","Waku Store, order","Fri Feb 21 10:44:36 GMT 2025","passed","Fri Feb 21 10:44:36 GMT 2025","","","",""
"","5","should hash ""!@#$%^&*()"" with n=0 and maxValue=1000 correctly","hashN","Fri Feb 21 10:39:36 GMT 2025","passed","Fri Feb 21 10:39:36 GMT 2025","","","",""
"","0","Push message with numeric payload","Waku Light Push: Multiple Nodes: Strict Check: true","Fri Feb 21 10:43:39 GMT 2025","passed","Fri Feb 21 10:43:39 GMT 2025","","","",""
"","4","should emit a peer event after start","DNS Discovery: Compliance Test","Fri Feb 21 10:40:08 GMT 2025","passed","Fri Feb 21 10:40:08 GMT 2025","","interface-peer-discovery compliance tests","",""
"","1","handles different clusterIds correctly","contentTopicsByPubsubTopic","Fri Feb 21 10:38:48 GMT 2025","passed","Fri Feb 21 10:38:48 GMT 2025","","","",""
"","1","addEventListener with wrong event","Public methods","Fri Feb 21 10:40:33 GMT 2025","passed","Fri Feb 21 10:40:33 GMT 2025","","","",""
"","1","Query Generator sorting by timestamp while page direction is true","Waku Store, sorting","Fri Feb 21 10:44:45 GMT 2025","passed","Fri Feb 21 10:44:45 GMT 2025","","","",""
"","0","should check connected peers if present and suitable","waitForRemotePeer","Fri Feb 21 10:39:29 GMT 2025","passed","Fri Feb 21 10:39:29 GMT 2025","","","",""
"","1","Push message with long payload","Waku Light Push: Multiple Nodes: Strict Check: true","Fri Feb 21 10:43:39 GMT 2025","passed","Fri Feb 21 10:43:39 GMT 2025","","","",""
"","1","Generator, custom pubsub topic","Waku Store, custom pubsub topic","Fri Feb 21 10:44:42 GMT 2025","passed","Fri Feb 21 10:44:42 GMT 2025","","","",""
"","0","random auto sharding 10 - Cluster ID: 10, Content Topic: /app13/5/topic543/utf8","Autosharding: Running Nodes","Fri Feb 21 10:44:15 GMT 2025","passed","Fri Feb 21 10:44:15 GMT 2025","","Different clusters and topics","",""
"","0","Refresh subscription","Waku Filter V2: Subscribe: Single Service Node","Fri Feb 21 10:42:03 GMT 2025","passed","Fri Feb 21 10:42:03 GMT 2025","","","",""
"","1","Check received message containing escaped characters","Waku Filter V2: FilterPush: Multiple Nodes: Strict Checking: true","Fri Feb 21 10:43:35 GMT 2025","passed","Fri Feb 21 10:43:35 GMT 2025","","","",""
"","3","Passing a valid cursor at 2 index when there are 4 messages","Waku Store, cursor","Fri Feb 21 10:44:13 GMT 2025","passed","Fri Feb 21 10:44:13 GMT 2025","","","",""
"","0","Generator, 2 different pubsubtopics","Waku Store, custom pubsub topic","Fri Feb 21 10:44:42 GMT 2025","passed","Fri Feb 21 10:44:42 GMT 2025","","","",""
"","0","Subscribe to topic containing Arabic and receive message","Waku Filter V2: Subscribe: Single Service Node","Fri Feb 21 10:42:03 GMT 2025","passed","Fri Feb 21 10:42:03 GMT 2025","","","",""
"","0","should fail to send if pubsub topics are misconfigured","LightPush SDK","Fri Feb 21 10:39:29 GMT 2025","passed","Fri Feb 21 10:39:29 GMT 2025","","","",""
"","1","should get / set UDP multiaddr","ENR","Fri Feb 21 10:38:57 GMT 2025","passed","Fri Feb 21 10:38:57 GMT 2025","","Multiaddr getters and setters","",""
"","0","Cluster ID 0 - Default/Global Cluster","Autosharding: Running Nodes","Fri Feb 21 10:44:15 GMT 2025","passed","Fri Feb 21 10:44:15 GMT 2025","","Different clusters and topics","",""
"","0","Subscribe to topic containing JSON and receive message","Waku Filter V2: Subscribe: Single Service Node","Fri Feb 21 10:42:03 GMT 2025","passed","Fri Feb 21 10:42:03 GMT 2025","","","",""
"","0","Check received message containing emoji","Waku Filter V2: FilterPush: Multiple Nodes: Strict Checking: false","Fri Feb 21 10:43:35 GMT 2025","passed","Fri Feb 21 10:43:35 GMT 2025","","","",""
"","1","should wait for Filter peer to be connected","waitForRemotePeer","Fri Feb 21 10:39:29 GMT 2025","passed","Fri Feb 21 10:39:29 GMT 2025","","","",""
"","0","Check received message containing JSON","Waku Filter V2: FilterPush","Fri Feb 21 10:41:33 GMT 2025","passed","Fri Feb 21 10:41:33 GMT 2025","","","",""
"","1","should be called for bootstrap peers","Dials","Fri Feb 21 10:40:00 GMT 2025","passed","Fri Feb 21 10:40:00 GMT 2025","For bootstrap peers","dialPeer method","",""
"","0","Subscribe to topic containing Russian and publish message","Waku Relay, Subscribe","Fri Feb 21 10:43:50 GMT 2025","passed","Fri Feb 21 10:43:50 GMT 2025","","","",""
"","0","Push message with content topic containing Arabic","Waku Light Push: Single Node","Fri Feb 21 10:43:29 GMT 2025","passed","Fri Feb 21 10:43:29 GMT 2025","","","",""
"","2","Round trip binary encryption [symmetric, no signature]","Symmetric Encryption","Fri Feb 21 10:39:21 GMT 2025","passed","Fri Feb 21 10:39:21 GMT 2025","","","",""
"","1","Subscribe and receive messages via waku relay post","Waku Filter V2: Subscribe: Multiple Service Nodes: Strict Check mode: false","Fri Feb 21 10:44:57 GMT 2025","passed","Fri Feb 21 10:44:57 GMT 2025","","","",""
"","0","Refresh subscription","Waku Filter V2: Subscribe: Multiple Service Nodes: Strict Check mode: false","Fri Feb 21 10:44:57 GMT 2025","passed","Fri Feb 21 10:44:57 GMT 2025","","","",""
"","1","should hash ""hello"" with n=1 and maxValue=1000 correctly","hashN","Fri Feb 21 10:39:36 GMT 2025","passed","Fri Feb 21 10:39:36 GMT 2025","","","",""
"","0","should be able to decode the field with only LIGHTPUSH set to true","ENR waku2 codec","Fri Feb 21 10:38:56 GMT 2025","passed","Fri Feb 21 10:38:56 GMT 2025","","Decoding","",""
"","1","should return usable stream attached to connection","StreamManager","Fri Feb 21 10:39:03 GMT 2025","passed","Fri Feb 21 10:39:03 GMT 2025","","","",""
"","0","Decoder throws on undefined content topic","Ensures content topic is defined","Fri Feb 21 10:39:03 GMT 2025","passed","Fri Feb 21 10:39:03 GMT 2025","","","",""
"","0","should hash """" with n=0 and maxValue=1000 correctly","hashN","Fri Feb 21 10:39:36 GMT 2025","passed","Fri Feb 21 10:39:36 GMT 2025","","","",""
"","0","should not receive a peer event before start","Peer Exchange","Fri Feb 21 10:43:57 GMT 2025","passed","Fri Feb 21 10:43:57 GMT 2025","interface-peer-discovery compliance tests","Compliance Test","",""
"","3","Check message with non string payload is not received","Waku Filter V2: FilterPush","Fri Feb 21 10:41:33 GMT 2025","passed","Fri Feb 21 10:41:33 GMT 2025","","","",""
"","0","should retry on failure if specified","LightPush SDK","Fri Feb 21 10:39:29 GMT 2025","passed","Fri Feb 21 10:39:29 GMT 2025","","","",""
"","0","Check publish message containing shell command","Waku Relay, Publish","Fri Feb 21 10:43:50 GMT 2025","passed","Fri Feb 21 10:43:50 GMT 2025","","","",""
"","0","Query with Promise Callback, No message returned","Waku Store, error handling","Fri Feb 21 10:44:24 GMT 2025","passed","Fri Feb 21 10:44:24 GMT 2025","","","",""
"","0","throws on empty content topic","ensureValidContentTopic","Fri Feb 21 10:38:48 GMT 2025","passed","Fri Feb 21 10:38:48 GMT 2025","","","",""
"","2","Push message on custom pubsubTopic","Waku Light Push (Autosharding): Multiple PubsubTopics","Fri Feb 21 10:42:17 GMT 2025","passed","Fri Feb 21 10:42:17 GMT 2025","","","",""
"","1","Promise Callback  - false","Waku Store, order","Fri Feb 21 10:44:36 GMT 2025","passed","Fri Feb 21 10:44:36 GMT 2025","","","",""
"","0","should hash ""hello"" with n=5 and maxValue=10000 correctly","hashN","Fri Feb 21 10:39:36 GMT 2025","passed","Fri Feb 21 10:39:36 GMT 2025","","","",""
"","0","Push message with content topic containing Chinese","Waku Light Push: Multiple Nodes: Strict Check: true","Fri Feb 21 10:43:39 GMT 2025","passed","Fri Feb 21 10:43:39 GMT 2025","","","",""
"","0","Check received message with timestamp: 1649153314 ","Waku Filter V2: FilterPush","Fri Feb 21 10:41:33 GMT 2025","passed","Fri Feb 21 10:41:33 GMT 2025","","","",""
"","0","random static sharding 7 - Cluster ID: 887, Shard ID: 49","Static Sharding: Running Nodes","Fri Feb 21 10:44:21 GMT 2025","passed","Fri Feb 21 10:44:21 GMT 2025","","Different clusters and shards","",""
"","0","px service nodes not subscribed to the shard should not be dialed","Static Sharding: Peer Management","Fri Feb 21 10:46:13 GMT 2025","passed","Fri Feb 21 10:46:13 GMT 2025","","Peer Exchange","",""
"","0","ENRTree (tree): should parse a DNS tree entry","ENRTree","Fri Feb 21 10:39:10 GMT 2025","passed","Fri Feb 21 10:39:10 GMT 2025","","","",""
"","0","Unsubscribe 1 topic - node subscribed to 2 topics","Waku Filter V2: Unsubscribe: Multiple Nodes: Strict Checking: true","Fri Feb 21 10:41:45 GMT 2025","passed","Fri Feb 21 10:41:45 GMT 2025","","","",""
"","0","Unsubscribe 1 topic - node subscribed to 1 topic","Waku Filter V2: Unsubscribe: Multiple Nodes: Strict Checking: false","Fri Feb 21 10:41:45 GMT 2025","passed","Fri Feb 21 10:41:45 GMT 2025","","","",""
"","1","Unsubscribe topics the node is not subscribed to","Waku Filter V2: Unsubscribe: Multiple Nodes: Strict Checking: false","Fri Feb 21 10:41:45 GMT 2025","passed","Fri Feb 21 10:41:45 GMT 2025","","","",""
"","1","should be able to encode the field with only FILTER set to true","ENR waku2 codec","Fri Feb 21 10:38:56 GMT 2025","passed","Fri Feb 21 10:38:56 GMT 2025","","Encoding","",""
"","1","should be able to encode the field with ALL protocols set to false","ENR waku2 codec","Fri Feb 21 10:38:56 GMT 2025","passed","Fri Feb 21 10:38:56 GMT 2025","","Encoding","",""
"","1","Push message with content topic containing escaped characters","Waku Light Push: Single Node","Fri Feb 21 10:43:29 GMT 2025","passed","Fri Feb 21 10:43:29 GMT 2025","","","",""
"","0","wrong wakuPeerExchangeDiscovery pubsub topic","Peer Exchange","Fri Feb 21 10:43:47 GMT 2025","skipped","Fri Feb 21 10:43:47 GMT 2025","","","",""
"","0","should hash ""test123"" with n=0 and maxValue=10000 correctly","hashN","Fri Feb 21 10:39:36 GMT 2025","passed","Fri Feb 21 10:39:36 GMT 2025","","","",""
"","1","should be able to decode the field with RELAY and FILTER protocols set to true","ENR waku2 codec","Fri Feb 21 10:38:56 GMT 2025","passed","Fri Feb 21 10:38:56 GMT 2025","","Decoding","",""
"","0","Subscribe and receive messages on 2 different pubsubtopics","Waku Light Push (named sharding): Multiple PubsubTopics","Fri Feb 21 10:42:17 GMT 2025","passed","Fri Feb 21 10:42:17 GMT 2025","","","",""
"","0","should hash ""hello"" with n=1 and maxValue=100 correctly","hashN","Fri Feb 21 10:39:36 GMT 2025","passed","Fri Feb 21 10:39:36 GMT 2025","","","",""
"","1","should emit events and trasition isConnected state when has peers or no peers","Events","Fri Feb 21 10:39:53 GMT 2025","passed","Fri Feb 21 10:39:53 GMT 2025","","waku:connection","",""
"","1","should throw error - no id","ENR","Fri Feb 21 10:38:57 GMT 2025","passed","Fri Feb 21 10:38:57 GMT 2025","","Txt codec","",""
"","18","receiving a ping from a peer does not overwrite shard info","Metadata Protocol","Fri Feb 21 10:42:26 GMT 2025","passed","Fri Feb 21 10:42:26 GMT 2025","","","",""
"","0","should not allow unachievable error rate","Probabilities","Fri Feb 21 10:39:36 GMT 2025","passed","Fri Feb 21 10:39:36 GMT 2025","","","",""
"","0","should reject if Store is requested but not mounted","waitForRemotePeer","Fri Feb 21 10:39:29 GMT 2025","passed","Fri Feb 21 10:39:29 GMT 2025","","","",""
"","0","Check message with non string payload is not received","Waku Filter V2: FilterPush: Multiple Nodes: Strict Checking: true","Fri Feb 21 10:43:35 GMT 2025","passed","Fri Feb 21 10:43:35 GMT 2025","","","",""
"","0","Subscribe to topic containing short and publish message","Waku Relay, Subscribe","Fri Feb 21 10:43:50 GMT 2025","passed","Fri Feb 21 10:43:50 GMT 2025","","","",""
"","0","should set field with all protocols disabled","ENR","Fri Feb 21 10:38:57 GMT 2025","passed","Fri Feb 21 10:38:57 GMT 2025","","waku2 key round trip","",""
"","0","Check publish message containing Chinese","Waku Relay, Publish","Fri Feb 21 10:43:50 GMT 2025","passed","Fri Feb 21 10:43:50 GMT 2025","","","",""
"","1","should hash """" with n=5 and maxValue=100 correctly","hashN","Fri Feb 21 10:39:36 GMT 2025","passed","Fri Feb 21 10:39:36 GMT 2025","","","",""
"","0","Check publish message containing Arabic","Waku Relay, Publish","Fri Feb 21 10:43:50 GMT 2025","passed","Fri Feb 21 10:43:50 GMT 2025","","","",""
"","0","Push message with meta","Waku Light Push: Multiple Nodes: Strict Check: true","Fri Feb 21 10:43:39 GMT 2025","passed","Fri Feb 21 10:43:39 GMT 2025","","","",""
"","0","should hash ""Lorem ipsum dolor sit amet"" with n=0 and maxValue=1000 correctly","hashN","Fri Feb 21 10:39:36 GMT 2025","passed","Fri Feb 21 10:39:36 GMT 2025","","","",""
"","0","Encoder throws on undefined content topic","Ensures content topic is defined","Fri Feb 21 10:39:21 GMT 2025","passed","Fri Feb 21 10:39:21 GMT 2025","","","",""
"","1","should throw an error for an unconfigured topic","ensurePubsubTopicIsConfigured","Fri Feb 21 10:38:48 GMT 2025","passed","Fri Feb 21 10:38:48 GMT 2025","","","",""
"","0","Check message received after jswaku node is restarted","Waku Filter V2: FilterPush: Multiple Nodes: Strict Checking: true","Fri Feb 21 10:43:35 GMT 2025","skipped","Fri Feb 21 10:43:35 GMT 2025","","","",""
"","0","Check received message containing short","Waku Filter V2: FilterPush: Multiple Nodes: Strict Checking: false","Fri Feb 21 10:43:35 GMT 2025","passed","Fri Feb 21 10:43:35 GMT 2025","","","",""
"","0","3 nodes on /waku/2/rs/3/1 topic","Waku Relay, multiple pubsub topics","Fri Feb 21 10:43:40 GMT 2025","passed","Fri Feb 21 10:43:40 GMT 2025","","","",""
"","1","should not receive a peer event after stop","Local Storage Discovery","Fri Feb 21 10:39:15 GMT 2025","passed","Fri Feb 21 10:39:15 GMT 2025","interface-peer-discovery compliance tests","Compliance Tests","",""
"","0","should hash ""test123"" with n=1 and maxValue=100 correctly","hashN","Fri Feb 21 10:39:36 GMT 2025","passed","Fri Feb 21 10:39:36 GMT 2025","","","",""
"","0","Error when try to subscribe to more than 101 topics (new limit)","Waku Filter V2: Subscribe: Single Service Node","Fri Feb 21 10:42:03 GMT 2025","passed","Fri Feb 21 10:42:03 GMT 2025","","","",""
"","0","3 nodes on /waku/2/rs/7/0 topic","Waku Relay (Autosharding), multiple pubsub topics","Fri Feb 21 10:43:40 GMT 2025","passed","Fri Feb 21 10:43:40 GMT 2025","","","",""
"","0","Publish message with large meta","Waku Relay, Publish","Fri Feb 21 10:43:50 GMT 2025","passed","Fri Feb 21 10:43:50 GMT 2025","","","",""
"","1","isConnected between 2 js-waku relay nodes","Connection state","Fri Feb 21 10:40:21 GMT 2025","passed","Fri Feb 21 10:40:21 GMT 2025","","","",""
"","2","Relay + Store","ENR Interop: ServiceNode","Fri Feb 21 10:40:01 GMT 2025","passed","Fri Feb 21 10:40:01 GMT 2025","","","",""
"","0","Renews subscription after lossing a connection","Waku Filter V2: Subscribe: Multiple Service Nodes: Strict Check mode: true","Fri Feb 21 10:44:57 GMT 2025","passed","Fri Feb 21 10:44:57 GMT 2025","","","",""
"","0","should throw an error for non-numeric shard: /waku/2/rs/1/\","pubsubTopicToSingleShardInfo with various invalid formats","Fri Feb 21 10:38:48 GMT 2025","passed","Fri Feb 21 10:38:48 GMT 2025","","","",""
"","2","Fields are not dropped","to proto message","Fri Feb 21 10:39:02 GMT 2025","passed","Fri Feb 21 10:39:02 GMT 2025","","","",""
"","0","Push message with SQL Injection payload","Waku Light Push: Single Node","Fri Feb 21 10:43:29 GMT 2025","passed","Fri Feb 21 10:43:29 GMT 2025","","","",""
"","0","Query with Ordered Callback, Wrong PubsubTopic","Waku Store, error handling","Fri Feb 21 10:44:24 GMT 2025","passed","Fri Feb 21 10:44:24 GMT 2025","","","",""
"","1","should add and remove event listeners correctly","Local Storage Discovery","Fri Feb 21 10:39:15 GMT 2025","passed","Fri Feb 21 10:39:15 GMT 2025","","Unit Tests","",""
"","0","Push message with content topic containing XML","Waku Light Push: Single Node","Fri Feb 21 10:43:29 GMT 2025","passed","Fri Feb 21 10:43:29 GMT 2025","","","",""
"","0","Should fail to subscribe with decoder with wrong pubsubTopic","Waku Filter V2 (Autosharding): Multiple PubsubTopics","Fri Feb 21 10:40:32 GMT 2025","passed","Fri Feb 21 10:40:32 GMT 2025","","","",""
"","1","Push message with long payload","Waku Light Push: Single Node","Fri Feb 21 10:43:29 GMT 2025","passed","Fri Feb 21 10:43:29 GMT 2025","","","",""
"","0","Check received message containing Chinese","Waku Filter V2: FilterPush: Multiple Nodes: Strict Checking: false","Fri Feb 21 10:43:35 GMT 2025","passed","Fri Feb 21 10:43:35 GMT 2025","","","",""
"","1","should set field with only FILTER enabled","ENR","Fri Feb 21 10:38:57 GMT 2025","passed","Fri Feb 21 10:38:57 GMT 2025","","waku2 key round trip","",""
"","0","can start the service","Local Storage Discovery","Fri Feb 21 10:39:15 GMT 2025","passed","Fri Feb 21 10:39:15 GMT 2025","interface-peer-discovery compliance tests","Compliance Tests","",""
"","0","connected peers and dial","Peer Exchange Query","Fri Feb 21 10:43:29 GMT 2025","skipped","Fri Feb 21 10:43:29 GMT 2025","","","",""
"","0","should not throw an error for a single configured topic","ensurePubsubTopicIsConfigured","Fri Feb 21 10:38:48 GMT 2025","passed","Fri Feb 21 10:38:48 GMT 2025","","","",""
"","1","should transition to MinimallyHealthy with one compatible peer","HealthIndicator","Fri Feb 21 10:39:29 GMT 2025","passed","Fri Feb 21 10:39:29 GMT 2025","","","",""
"","0","ENRTree (root): should error if DNS root entry signature is invalid","ENRTree","Fri Feb 21 10:39:10 GMT 2025","passed","Fri Feb 21 10:39:10 GMT 2025","","","",""
"","0","handles different networkShards values correctly","contentTopicsByPubsubTopic","Fri Feb 21 10:38:48 GMT 2025","passed","Fri Feb 21 10:38:48 GMT 2025","","","",""
"","1","Fails to publish message with wrong pubsubtopic","Waku Relay, Publish","Fri Feb 21 10:43:50 GMT 2025","passed","Fri Feb 21 10:43:50 GMT 2025","","","",""
"","0","should throw an error for invalid PubsubTopic format: /incorrect/format","pubsubTopicToSingleShardInfo with various invalid formats","Fri Feb 21 10:38:48 GMT 2025","passed","Fri Feb 21 10:38:48 GMT 2025","","","",""
"","0","Passing a valid cursor at 19 index when there are 50 messages","Waku Store, cursor","Fri Feb 21 10:44:13 GMT 2025","passed","Fri Feb 21 10:44:13 GMT 2025","","","",""
"","1","Push message with Script payload","Waku Light Push: Single Node","Fri Feb 21 10:43:29 GMT 2025","passed","Fri Feb 21 10:43:29 GMT 2025","","","",""
"","0","should hash ""hello"" with n=0 and maxValue=1000 correctly","hashN","Fri Feb 21 10:39:36 GMT 2025","passed","Fri Feb 21 10:39:36 GMT 2025","","","",""
"","1","should throw an error for non-numeric clusterId: /waku/2/rs/!/1","pubsubTopicToSingleShardInfo with various invalid formats","Fri Feb 21 10:38:48 GMT 2025","passed","Fri Feb 21 10:38:48 GMT 2025","","","",""
"","0","should hash ""Lorem ipsum dolor sit amet"" with n=2 and maxValue=100 correctly","hashN","Fri Feb 21 10:39:36 GMT 2025","passed","Fri Feb 21 10:39:36 GMT 2025","","","",""
"","0","should hash ""test123"" with n=0 and maxValue=1000 correctly","hashN","Fri Feb 21 10:39:36 GMT 2025","passed","Fri Feb 21 10:39:36 GMT 2025","","","",""
"","1","should not allow k > 12","Probabilities","Fri Feb 21 10:39:36 GMT 2025","passed","Fri Feb 21 10:39:36 GMT 2025","","","",""
"","0","should throw an error for non-numeric shard: /waku/2/rs/1/$","pubsubTopicToSingleShardInfo with various invalid formats","Fri Feb 21 10:38:48 GMT 2025","passed","Fri Feb 21 10:38:48 GMT 2025","","","",""
"","0","should hash ""!@#$%^&*()"" with n=2 and maxValue=1000 correctly","hashN","Fri Feb 21 10:39:36 GMT 2025","passed","Fri Feb 21 10:39:36 GMT 2025","","","",""
"","1","Ordered Callback - false","Waku Store, order","Fri Feb 21 10:44:36 GMT 2025","passed","Fri Feb 21 10:44:36 GMT 2025","","","",""
"","1","throws on content topic with empty topic name field","ensureValidContentTopic","Fri Feb 21 10:38:48 GMT 2025","passed","Fri Feb 21 10:38:48 GMT 2025","","","",""
"","1","Fails to push message with empty content topic","Waku Light Push: Multiple Nodes: Strict Check: true","Fri Feb 21 10:43:39 GMT 2025","passed","Fri Feb 21 10:43:39 GMT 2025","","","",""
"","0","Store - dialed first","Wait for remote peer","Fri Feb 21 10:45:07 GMT 2025","passed","Fri Feb 21 10:45:07 GMT 2025","","","",""
"","0","Subscribe to topic containing unicode special characters and receive message","Waku Filter V2: Subscribe: Multiple Service Nodes: Strict Check mode: false","Fri Feb 21 10:44:57 GMT 2025","passed","Fri Feb 21 10:44:57 GMT 2025","","","",""
"","0","Push message with meta","Waku Light Push: Single Node","Fri Feb 21 10:43:29 GMT 2025","passed","Fri Feb 21 10:43:29 GMT 2025","","","",""
"","1","Unsubscribes all - node subscribed to 10 topics","Waku Filter V2: Unsubscribe","Fri Feb 21 10:40:55 GMT 2025","passed","Fri Feb 21 10:40:55 GMT 2025","","","",""
"","1","Passing invalid cursor","Waku Store, cursor","Fri Feb 21 10:44:13 GMT 2025","passed","Fri Feb 21 10:44:13 GMT 2025","","","",""
"","0","should hash """" with n=5 and maxValue=10000 correctly","hashN","Fri Feb 21 10:39:36 GMT 2025","passed","Fri Feb 21 10:39:36 GMT 2025","","","",""
"","1","getPeersByDiscovery","Peer Exchange","Fri Feb 21 10:43:47 GMT 2025","passed","Fri Feb 21 10:43:47 GMT 2025","","","",""
"","0","msgTime: -19000 ms from now, startTime: -19000, endTime: -18000","Waku Store, time filter","Fri Feb 21 10:45:03 GMT 2025","passed","Fri Feb 21 10:45:03 GMT 2025","","","",""
"","1","should be able to decode the field with only STORE set to true","ENR waku2 codec","Fri Feb 21 10:38:56 GMT 2025","passed","Fri Feb 21 10:38:56 GMT 2025","","Decoding","",""
"","0","should reject on timeout if it was set","waitForRemotePeer","Fri Feb 21 10:39:29 GMT 2025","passed","Fri Feb 21 10:39:29 GMT 2025","","","",""
"","0","should get / set TCP multiaddr","ENR","Fri Feb 21 10:38:57 GMT 2025","passed","Fri Feb 21 10:38:57 GMT 2025","","Multiaddr getters and setters","",""
"","0","Subscribe to topic containing long and receive message","Waku Filter V2: Subscribe: Multiple Service Nodes: Strict Check mode: true","Fri Feb 21 10:44:57 GMT 2025","passed","Fri Feb 21 10:44:57 GMT 2025","","","",""
"","1","should set field with all protocols enabled","ENR","Fri Feb 21 10:38:57 GMT 2025","passed","Fri Feb 21 10:38:57 GMT 2025","","waku2 key round trip","",""
"","0","Check message on other pubsub topic is not received","Waku Filter V2: FilterPush","Fri Feb 21 10:41:33 GMT 2025","passed","Fri Feb 21 10:41:33 GMT 2025","","","",""
"","1","should not fail to start the service if it is already started","DNS Discovery: Compliance Test","Fri Feb 21 10:40:08 GMT 2025","passed","Fri Feb 21 10:40:08 GMT 2025","","interface-peer-discovery compliance tests","",""
"","3","Subscribe and receive messages on 2 different pubsubtopics","Waku Light Push : Multiple PubsubTopics","Fri Feb 21 10:42:17 GMT 2025","passed","Fri Feb 21 10:42:17 GMT 2025","","","",""
"","0","Push message with shell command payload","Waku Light Push: Multiple Nodes: Strict Check: true","Fri Feb 21 10:43:39 GMT 2025","passed","Fri Feb 21 10:43:39 GMT 2025","","","",""
"","2","Reopen subscription with peer with lost subscription","Waku Filter V2: Ping: Multiple Nodes: Strict Checking: true","Fri Feb 21 10:40:31 GMT 2025","passed","Fri Feb 21 10:40:31 GMT 2025","","","",""
"","0","udp ip6 address","Multiaddr from fields","Fri Feb 21 10:38:56 GMT 2025","passed","Fri Feb 21 10:38:56 GMT 2025","","","",""
"","0","should not throw an error when the topic is within a list of configured topics","ensurePubsubTopicIsConfigured","Fri Feb 21 10:38:48 GMT 2025","passed","Fri Feb 21 10:38:48 GMT 2025","","","",""
"","0","Check received message containing long","Waku Filter V2: FilterPush: Multiple Nodes: Strict Checking: false","Fri Feb 21 10:43:35 GMT 2025","passed","Fri Feb 21 10:43:35 GMT 2025","","","",""
"","0","Push message with Arabic payload","Waku Light Push: Multiple Nodes: Strict Check: true","Fri Feb 21 10:43:39 GMT 2025","passed","Fri Feb 21 10:43:39 GMT 2025","","","",""
"","0","should throw an error for non-numeric clusterId: /waku/2/rs/-/1","pubsubTopicToSingleShardInfo with various invalid formats","Fri Feb 21 10:38:48 GMT 2025","passed","Fri Feb 21 10:38:48 GMT 2025","","","",""
"","0","should throw an error for invalid PubsubTopic format: /waku/2/rs/1/2/extra","pubsubTopicToSingleShardInfo with various invalid formats","Fri Feb 21 10:38:48 GMT 2025","passed","Fri Feb 21 10:38:48 GMT 2025","","","",""
"","1","should emit a peer event after start","Peer Exchange","Fri Feb 21 10:43:57 GMT 2025","passed","Fri Feb 21 10:43:57 GMT 2025","interface-peer-discovery compliance tests","Compliance Test","",""
"","0","Query Generator, No Decoder","Waku Store, error handling","Fri Feb 21 10:44:24 GMT 2025","passed","Fri Feb 21 10:44:24 GMT 2025","","","",""
"","0","Passing a valid cursor at 0 index when there are 20 messages","Waku Store, cursor","Fri Feb 21 10:44:13 GMT 2025","passed","Fri Feb 21 10:44:13 GMT 2025","","","",""
"","0","Fails to push message with empty content topic","Waku Light Push: Single Node","Fri Feb 21 10:43:29 GMT 2025","passed","Fri Feb 21 10:43:29 GMT 2025","","","",""
"","1","Should update shard info","Peer Exchange Continuous Discovery","Fri Feb 21 10:42:26 GMT 2025","passed","Fri Feb 21 10:42:26 GMT 2025","","","",""
"","4","Subscribe to topic containing XML and publish message","Waku Relay, Subscribe","Fri Feb 21 10:43:50 GMT 2025","passed","Fri Feb 21 10:43:50 GMT 2025","","","",""
"","0","should hash ""test123"" with n=5 and maxValue=100 correctly","hashN","Fri Feb 21 10:39:36 GMT 2025","passed","Fri Feb 21 10:39:36 GMT 2025","","","",""
"","0","Push message with content topic containing long","Waku Light Push: Single Node","Fri Feb 21 10:43:29 GMT 2025","passed","Fri Feb 21 10:43:29 GMT 2025","","","",""
"","1","should hash """" with n=0 and maxValue=100 correctly","hashN","Fri Feb 21 10:39:36 GMT 2025","passed","Fri Feb 21 10:39:36 GMT 2025","","","",""
"","1","Callback on promise, aborts when callback returns true","Waku Store, general","Fri Feb 21 10:44:54 GMT 2025","passed","Fri Feb 21 10:44:54 GMT 2025","","","",""
"","0","should properly create location multiaddrs - tcp6","ENR","Fri Feb 21 10:38:57 GMT 2025","passed","Fri Feb 21 10:38:57 GMT 2025","","Location multiaddr","",""
"","0","Push message with Basic HTML tag payload","Waku Light Push: Multiple Nodes: Strict Check: true","Fri Feb 21 10:43:39 GMT 2025","passed","Fri Feb 21 10:43:39 GMT 2025","","","",""
"","1","ENRTree (root): should error if DNS root entry is malformed","ENRTree","Fri Feb 21 10:39:10 GMT 2025","passed","Fri Feb 21 10:39:10 GMT 2025","","","",""
"","0","should hash ""Lorem ipsum dolor sit amet"" with n=1 and maxValue=10000 correctly","hashN","Fri Feb 21 10:39:36 GMT 2025","passed","Fri Feb 21 10:39:36 GMT 2025","","","",""
"","1","should throw an error for non-numeric clusterId: /waku/2/rs/y/1","pubsubTopicToSingleShardInfo with various invalid formats","Fri Feb 21 10:38:48 GMT 2025","passed","Fri Feb 21 10:38:48 GMT 2025","","","",""
"","0","Subscribe to topic containing SQL Injection and publish message","Waku Relay, Subscribe","Fri Feb 21 10:43:50 GMT 2025","passed","Fri Feb 21 10:43:50 GMT 2025","","","",""
"","1","Generator, 2 nwaku nodes each with different pubsubtopics","Waku Store (named sharding), custom pubsub topic","Fri Feb 21 10:44:42 GMT 2025","passed","Fri Feb 21 10:44:42 GMT 2025","","","",""
"","0","peer:update - should not schedule stream creation IF protocol hit AND stream found on connection","StreamManager","Fri Feb 21 10:39:03 GMT 2025","passed","Fri Feb 21 10:39:03 GMT 2025","","","",""
"","0","Check publish message after client node is restarted","Waku Relay, Publish","Fri Feb 21 10:43:50 GMT 2025","skipped","Fri Feb 21 10:43:50 GMT 2025","","","",""
"","0","Check publish message containing emoji","Waku Relay, Publish","Fri Feb 21 10:43:50 GMT 2025","passed","Fri Feb 21 10:43:50 GMT 2025","","","",""
"","0","Subscribe and receive messages on 2 different content topics","Waku Filter V2: Subscribe: Multiple Service Nodes: Strict Check mode: false","Fri Feb 21 10:44:57 GMT 2025","passed","Fri Feb 21 10:44:57 GMT 2025","","","",""
"","0","Waku message hash computation (message is IDecodedMessage)","RFC Test Vectors","Fri Feb 21 10:38:51 GMT 2025","passed","Fri Feb 21 10:38:51 GMT 2025","","","",""
"","0","should throw an error for non-numeric shard: /waku/2/rs/1/!","pubsubTopicToSingleShardInfo with various invalid formats","Fri Feb 21 10:38:48 GMT 2025","passed","Fri Feb 21 10:38:48 GMT 2025","","","",""
"","0","isConnected return false after peer stops","Connection state","Fri Feb 21 10:40:21 GMT 2025","passed","Fri Feb 21 10:40:21 GMT 2025","","","",""
"","0","caches peers it previously fetched","DNS Node Discovery","Fri Feb 21 10:39:11 GMT 2025","passed","Fri Feb 21 10:39:11 GMT 2025","","","",""
"","0","Decoder throws on empty string content topic","Ensures content topic is defined","Fri Feb 21 10:39:03 GMT 2025","passed","Fri Feb 21 10:39:03 GMT 2025","","","",""
"","0","Subscribe and receive messages on 2 different pubsubtopics","Waku Filter V2: Multiple PubsubTopics","Fri Feb 21 10:40:32 GMT 2025","passed","Fri Feb 21 10:40:32 GMT 2025","","","",""
"","0","Filter","Wait for remote peer","Fri Feb 21 10:45:07 GMT 2025","passed","Fri Feb 21 10:45:07 GMT 2025","","","",""
"","0","random auto sharding 8 - Cluster ID: 10, Content Topic: /app82/10/topic492/utf8","Autosharding: Running Nodes","Fri Feb 21 10:44:15 GMT 2025","passed","Fri Feb 21 10:44:15 GMT 2025","","Different clusters and topics","",""
"","0","should set field with only LIGHTPUSH enabled","ENR","Fri Feb 21 10:38:57 GMT 2025","passed","Fri Feb 21 10:38:57 GMT 2025","","waku2 key round trip","",""
"","0","random auto sharding 1 - Cluster ID: 10, Content Topic: /app53/2/topic545/test.js","Autosharding: Running Nodes","Fri Feb 21 10:44:15 GMT 2025","passed","Fri Feb 21 10:44:15 GMT 2025","","Different clusters and topics","",""
"","1","all px service nodes subscribed to the shard topic should be dialed","Autosharding: Peer Management","Fri Feb 21 10:46:13 GMT 2025","passed","Fri Feb 21 10:46:13 GMT 2025","","Peer Exchange","",""
"","0","Push message with SQL Injection payload","Waku Light Push: Multiple Nodes: Strict Check: true","Fri Feb 21 10:43:39 GMT 2025","passed","Fri Feb 21 10:43:39 GMT 2025","","","",""
"","0","Check received message containing short","Waku Filter V2: FilterPush: Multiple Nodes: Strict Checking: true","Fri Feb 21 10:43:35 GMT 2025","passed","Fri Feb 21 10:43:35 GMT 2025","","","",""
"","0","should retrieve 3 multiaddrs for test.waku.nodes.status.im","DNS Node Discovery [live data]","Fri Feb 21 10:40:08 GMT 2025","skipped","Fri Feb 21 10:40:08 GMT 2025","","","",""
"","0","Check received message containing Basic HTML tag","Waku Filter V2: FilterPush","Fri Feb 21 10:41:33 GMT 2025","passed","Fri Feb 21 10:41:33 GMT 2025","","","",""
"","1","Check received message containing special chars","Waku Filter V2: FilterPush","Fri Feb 21 10:41:33 GMT 2025","passed","Fri Feb 21 10:41:33 GMT 2025","","","",""
"","0","Should fail to subscribe with decoder with wrong pubsubTopic","Waku Filter V2 (Named sharding): Multiple PubsubTopics","Fri Feb 21 10:40:32 GMT 2025","passed","Fri Feb 21 10:40:32 GMT 2025","","","",""
"","0","should set field with only RELAY enabled","ENR","Fri Feb 21 10:38:57 GMT 2025","passed","Fri Feb 21 10:38:57 GMT 2025","","waku2 key round trip","",""
"","1","should be called for peers with PEER_EXCHANGE tags","Dials","Fri Feb 21 10:40:00 GMT 2025","passed","Fri Feb 21 10:40:00 GMT 2025","For peer-exchange peers","dialPeer method","",""
"","1","Ordered Callback sorting by timestamp while page direction is false","Waku Store, sorting","Fri Feb 21 10:44:45 GMT 2025","passed","Fri Feb 21 10:44:45 GMT 2025","","","",""
"","0","Refresh subscription","Waku Filter V2: Subscribe: Multiple Service Nodes: Strict Check mode: true","Fri Feb 21 10:44:57 GMT 2025","passed","Fri Feb 21 10:44:57 GMT 2025","","","",""
"","0","Subscribe to topic containing SQL Injection and receive message","Waku Filter V2: Subscribe: Multiple Service Nodes: Strict Check mode: true","Fri Feb 21 10:44:57 GMT 2025","passed","Fri Feb 21 10:44:57 GMT 2025","","","",""
"","0","Check received message containing Chinese","Waku Filter V2: FilterPush","Fri Feb 21 10:41:33 GMT 2025","passed","Fri Feb 21 10:41:33 GMT 2025","","","",""
"","0","Subscribe and receive messages on 2 different content topics","Waku Filter V2: Subscribe: Multiple Service Nodes: Strict Check mode: true","Fri Feb 21 10:44:57 GMT 2025","passed","Fri Feb 21 10:44:57 GMT 2025","","","",""
"","0","should not fail to start the service if it is already started","Local Storage Discovery","Fri Feb 21 10:39:15 GMT 2025","passed","Fri Feb 21 10:39:15 GMT 2025","interface-peer-discovery compliance tests","Compliance Tests","",""
"","0","PeerStore has remote peer's shard info after successful connection","Metadata Protocol","Fri Feb 21 10:42:26 GMT 2025","passed","Fri Feb 21 10:42:26 GMT 2025","","","",""
"","1","Subscribe and receives messages on 20 topics","Waku Filter V2: Subscribe: Single Service Node","Fri Feb 21 10:42:03 GMT 2025","passed","Fri Feb 21 10:42:03 GMT 2025","","","",""
"","0","Callback on promise","Waku Store, general","Fri Feb 21 10:44:54 GMT 2025","passed","Fri Feb 21 10:44:54 GMT 2025","","","",""
"","0","should properly create location multiaddrs - udp6","ENR","Fri Feb 21 10:38:57 GMT 2025","passed","Fri Feb 21 10:38:57 GMT 2025","","Location multiaddr","",""
"","0","should handle general insertion and lookup correctly","BloomFilter with special patterns","Fri Feb 21 10:39:38 GMT 2025","passed","Fri Feb 21 10:39:38 GMT 2025","","","",""
"","1","Wrong topic","Autosharding: Running Nodes","Fri Feb 21 10:44:15 GMT 2025","passed","Fri Feb 21 10:44:15 GMT 2025","","Different clusters and topics","",""
"","0","Mutual subscription","Waku Relay, Subscribe","Fri Feb 21 10:43:50 GMT 2025","passed","Fri Feb 21 10:43:50 GMT 2025","","","",""
"","0","Check message received after jswaku node is restarted","Waku Filter V2: FilterPush: Multiple Nodes: Strict Checking: false","Fri Feb 21 10:43:35 GMT 2025","skipped","Fri Feb 21 10:43:35 GMT 2025","","","",""
"","0","Query with Ordered Callback, Multiple PubsubTopics","Waku Store, error handling","Fri Feb 21 10:44:24 GMT 2025","passed","Fri Feb 21 10:44:24 GMT 2025","","","",""
"","0","Fails to push message with large meta","Waku Light Push: Single Node","Fri Feb 21 10:43:29 GMT 2025","passed","Fri Feb 21 10:43:29 GMT 2025","","","",""
"","0","Check received message with timestamp: 1740134392649 ","Waku Filter V2: FilterPush: Multiple Nodes: Strict Checking: true","Fri Feb 21 10:43:35 GMT 2025","passed","Fri Feb 21 10:43:35 GMT 2025","","","",""
"","0","should throw if no connection provided","StreamManager","Fri Feb 21 10:39:03 GMT 2025","passed","Fri Feb 21 10:39:03 GMT 2025","","","",""
"","0","unsubscribes","Util: toAsyncIterator: Filter","Fri Feb 21 10:44:53 GMT 2025","passed","Fri Feb 21 10:44:53 GMT 2025","","","",""
"","0","Push message with content topic containing Russian","Waku Light Push: Single Node","Fri Feb 21 10:43:29 GMT 2025","passed","Fri Feb 21 10:43:29 GMT 2025","","","",""
"","1","Subscribe and receive messages on custom pubsubtopic","Waku Filter V2: Multiple PubsubTopics","Fri Feb 21 10:40:32 GMT 2025","passed","Fri Feb 21 10:40:32 GMT 2025","","","",""
"","1","should correctly map /toychat/2/huilong/proto to shard index 3","contentTopicToShardIndex","Fri Feb 21 10:38:48 GMT 2025","passed","Fri Feb 21 10:38:48 GMT 2025","","","",""
"","1","peerDiscovery without wakuPeerExchangeDiscovery","Peer Exchange","Fri Feb 21 10:43:47 GMT 2025","passed","Fri Feb 21 10:43:47 GMT 2025","","","",""
"","0","Subscribe and receive messages via lightPush","Waku Filter V2: Subscribe: Multiple Service Nodes: Strict Check mode: true","Fri Feb 21 10:44:57 GMT 2025","passed","Fri Feb 21 10:44:57 GMT 2025","","","",""
"","0","should return the pubsub topic directly if a string is provided","determinePubsubTopic","Fri Feb 21 10:38:48 GMT 2025","passed","Fri Feb 21 10:38:48 GMT 2025","","","",""
"","1","should initialize with custom number of peers","PeerManager","Fri Feb 21 10:39:28 GMT 2025","passed","Fri Feb 21 10:39:28 GMT 2025","","","",""
"","0","Push message with Chinese payload","Waku Light Push: Multiple Nodes: Strict Check: true","Fri Feb 21 10:43:39 GMT 2025","passed","Fri Feb 21 10:43:39 GMT 2025","","","",""
"","0","Push message with shell command payload","Waku Light Push: Single Node","Fri Feb 21 10:43:29 GMT 2025","passed","Fri Feb 21 10:43:29 GMT 2025","","","",""
"","0","should return false","ENR","Fri Feb 21 10:38:57 GMT 2025","passed","Fri Feb 21 10:38:57 GMT 2025","","Verify","",""
"","0","more peers than existing","Peer Exchange Query","Fri Feb 21 10:43:29 GMT 2025","skipped","Fri Feb 21 10:43:29 GMT 2025","","","",""
"","0","msgTime: -19000 ms from now, startTime: -18990, endTime: -19010","Waku Store, time filter","Fri Feb 21 10:45:03 GMT 2025","passed","Fri Feb 21 10:45:03 GMT 2025","","","",""
"","1","Push message with rate limit","Waku Light Push: Multiple Nodes: Strict Check: true","Fri Feb 21 10:43:39 GMT 2025","passed","Fri Feb 21 10:43:39 GMT 2025","","","",""
"","4","n1 and n2 uses a custom pubsub, n3 uses the default pubsub","Waku Relay (Autosharding), multiple pubsub topics","Fri Feb 21 10:43:40 GMT 2025","passed","Fri Feb 21 10:43:40 GMT 2025","","","",""
"","1","Push message with content topic containing unicode special characters","Waku Light Push: Multiple Nodes: Strict Check: true","Fri Feb 21 10:43:39 GMT 2025","passed","Fri Feb 21 10:43:39 GMT 2025","","","",""
"","0","Push message with JSON payload","Waku Light Push: Single Node","Fri Feb 21 10:43:29 GMT 2025","passed","Fri Feb 21 10:43:29 GMT 2025","","","",""
"","0","Fails to push message bigger that 1MB","Waku Light Push: Multiple Nodes: Strict Check: true","Fri Feb 21 10:43:39 GMT 2025","passed","Fri Feb 21 10:43:39 GMT 2025","","","",""
"","0","should emit `peer:connected:bootstrap` event when a peer is connected","Events","Fri Feb 21 10:39:53 GMT 2025","passed","Fri Feb 21 10:39:53 GMT 2025","","peer:connect","",""
"","1","Ping on unsubscribed peer","Waku Filter V2: Ping: Multiple Nodes: Strict Checking: false","Fri Feb 21 10:40:31 GMT 2025","passed","Fri Feb 21 10:40:31 GMT 2025","","","",""
"","11","Check message on other pubsub topic is not received","Waku Filter V2: FilterPush: Multiple Nodes: Strict Checking: true","Fri Feb 21 10:43:35 GMT 2025","passed","Fri Feb 21 10:43:35 GMT 2025","","","",""
"","1","Decoder throws on undefined content topic","Ensures content topic is defined","Fri Feb 21 10:39:22 GMT 2025","passed","Fri Feb 21 10:39:22 GMT 2025","","","",""
"","0","Promise Callback  - true","Waku Store, order","Fri Feb 21 10:44:36 GMT 2025","passed","Fri Feb 21 10:44:36 GMT 2025","","","",""
