"DESCRIPTION","DURATION IN MS","NAME","PARENT SUITE","START TIME","STATUS","STOP TIME","SUB SUITE","SUITE","TEST CLASS","TEST METHOD"
"","0","should handle errors when getting connections","NetworkMonitor","Tue Dec 02 19:28:26 UTC 2025","passed","Tue Dec 02 19:28:26 UTC 2025","","error handling","",""
"","1","should skip peer when failed to dial recently","Dialer","Tue Dec 02 19:28:27 UTC 2025","passed","Tue Dec 02 19:28:27 UTC 2025","","dial","",""
"","1","should return exactly numPeersToUse peers when enough are available","PeerManager","Tue Dec 02 19:29:16 UTC 2025","passed","Tue Dec 02 19:29:16 UTC 2025","","","",""
"","0","should encodeTxt and decodeTxt","ENR","Tue Dec 02 19:28:19 UTC 2025","passed","Tue Dec 02 19:28:19 UTC 2025","","Txt codec","",""
"","0","should start connection monitor interval and dial on waku:connection if enableAutoRecovery is true","ConnectionLimiter","Tue Dec 02 19:28:27 UTC 2025","passed","Tue Dec 02 19:28:27 UTC 2025","","autoRecovery flag","",""
"","1","Sync message is not sent if another sync message was just received","Reliable Channel: Sync","Tue Dec 02 19:29:23 UTC 2025","passed","Tue Dec 02 19:29:23 UTC 2025","","","",""
"","0","Fails to push message with large meta","Waku Light Push (legacy=v3): Multiple Nodes: Strict Check: true","Tue Dec 02 19:47:15 UTC 2025","passed","Tue Dec 02 19:47:15 UTC 2025","","","",""
"","4","Passing page size 10 when there are 10 messages","Waku Store, page size","Tue Dec 02 19:34:28 UTC 2025","passed","Tue Dec 02 19:34:28 UTC 2025","","","",""
"","0","Check received message containing Basic HTML tag","Waku Filter: FilterPush: Multiple Nodes: Strict Checking: false","Tue Dec 02 19:37:06 UTC 2025","passed","Tue Dec 02 19:37:06 UTC 2025","","","",""
"","0","Push message with rate limit","Waku Light Push (legacy=v2): Multiple Nodes: Strict Check: true","Tue Dec 02 19:47:15 UTC 2025","passed","Tue Dec 02 19:47:15 UTC 2025","","","",""
"","3","should handle dial errors gracefully","Dialer","Tue Dec 02 19:28:27 UTC 2025","passed","Tue Dec 02 19:28:27 UTC 2025","","dial","",""
"","0","should merge provided config with defaults","ConnectionManager","Tue Dec 02 19:28:28 UTC 2025","passed","Tue Dec 02 19:28:28 UTC 2025","","constructor","",""
"","0","should start peer exchange discovery","PeerExchangeDiscovery","Tue Dec 02 19:28:36 UTC 2025","passed","Tue Dec 02 19:28:36 UTC 2025","","start","",""
"","0","Emits 'synced' when message flagged as lost","Sync Status","Tue Dec 02 19:29:18 UTC 2025","passed","Tue Dec 02 19:29:18 UTC 2025","","","",""
"","0","Subscribe and publish messages on 2 different content topics","Waku Relay, Subscribe","Tue Dec 02 19:32:36 UTC 2025","passed","Tue Dec 02 19:32:36 UTC 2025","","","",""
"","0","should return false for different channelId","Reliable Channel","Tue Dec 02 19:29:21 UTC 2025","passed","Tue Dec 02 19:29:21 UTC 2025","","isChannelMessageWithCausalHistory predicate","",""
"","0","should dial peers from store when no connections remain","ConnectionLimiter","Tue Dec 02 19:28:27 UTC 2025","passed","Tue Dec 02 19:28:27 UTC 2025","","onDisconnectedEvent","",""
"","1","should throw an error for non-numeric shard: /waku/2/rs/1/","pubsubTopicToSingleShardInfo with various invalid formats","Tue Dec 02 19:28:13 UTC 2025","passed","Tue Dec 02 19:28:13 UTC 2025","","","",""
"","0","PeerStore has remote peer's shard info after successful connection","Metadata Protocol","Tue Dec 02 19:31:13 UTC 2025","passed","Tue Dec 02 19:31:13 UTC 2025","","static sharding","",""
"","1","should dispatch network event when browser goes offline","NetworkMonitor","Tue Dec 02 19:28:26 UTC 2025","passed","Tue Dec 02 19:28:26 UTC 2025","","browser online/offline events","",""
"","0","Push message with Basic HTML tag payload","Waku Light Push (legacy=v3): Multiple Nodes: Strict Check: false","Tue Dec 02 19:47:15 UTC 2025","passed","Tue Dec 02 19:47:15 UTC 2025","","","",""
"","2","should add event listeners to globalThis","NetworkMonitor","Tue Dec 02 19:28:26 UTC 2025","passed","Tue Dec 02 19:28:26 UTC 2025","","start","",""
"","0","should merge peer addresses if peer exists with different addresses","DiscoveryDialer","Tue Dec 02 19:28:27 UTC 2025","passed","Tue Dec 02 19:28:27 UTC 2025","","updatePeerStore","",""
"","0","should initialize with custom TTL","PeerExchangeDiscovery","Tue Dec 02 19:28:36 UTC 2025","passed","Tue Dec 02 19:28:36 UTC 2025","","constructor","",""
"","0","should hash ""Lorem ipsum dolor sit amet"" with n=1 and maxValue=1000 correctly","hashN","Tue Dec 02 19:29:03 UTC 2025","passed","Tue Dec 02 19:29:03 UTC 2025","","","",""
"","0","should properly clean up resources when disposed","TTLSet","Tue Dec 02 19:29:15 UTC 2025","passed","Tue Dec 02 19:29:15 UTC 2025","","","",""
"","0","should not return locked peers if enough unlocked are available","PeerManager","Tue Dec 02 19:29:16 UTC 2025","passed","Tue Dec 02 19:29:16 UTC 2025","","","",""
"","0","n1 and n2 uses relay shard 1, n3 uses relay shard 2","Waku Relay, static sharding, multiple pubsub topics","Tue Dec 02 19:32:22 UTC 2025","passed","Tue Dec 02 19:32:22 UTC 2025","","","",""
"","0","Push message with custom timestamp: 1764700206752","Waku Light Push (legacy=v2): Multiple Nodes: Strict Check: true","Tue Dec 02 19:47:15 UTC 2025","passed","Tue Dec 02 19:47:15 UTC 2025","","","",""
"","0","should emit message when store reconnect event occurs and last query was over max time threshold","QueryOnConnect","Tue Dec 02 19:29:17 UTC 2025","passed","Tue Dec 02 19:29:17 UTC 2025","","end-to-end message emission tests","",""
"","0","messageHash returns a Uint8Array","messageHash and messageHashStr","Tue Dec 02 19:28:27 UTC 2025","passed","Tue Dec 02 19:28:27 UTC 2025","","","",""
"","1","Check message received after jswaku node is restarted","Waku Filter: FilterPush: Multiple Nodes: Strict Checking: false","Tue Dec 02 19:37:06 UTC 2025","passed","Tue Dec 02 19:37:06 UTC 2025","","","",""
"","1","Push message with shell command payload","Waku Light Push (legacy=v2): Multiple Nodes: Strict Check: false","Tue Dec 02 19:47:15 UTC 2025","passed","Tue Dec 02 19:47:15 UTC 2025","","","",""
"","0","should handle peer store errors gracefully","DiscoveryDialer","Tue Dec 02 19:28:27 UTC 2025","passed","Tue Dec 02 19:28:27 UTC 2025","","peer discovery handling","",""
"","0","should wait for Filter peer to be connected","waitForRemotePeer","Tue Dec 02 19:29:18 UTC 2025","passed","Tue Dec 02 19:29:18 UTC 2025","","","",""
"","0","Check publish message containing Chinese","Waku Relay, Publish","Tue Dec 02 19:32:28 UTC 2025","passed","Tue Dec 02 19:32:28 UTC 2025","","","",""
"","0","Subscribe to topic containing XML and receive message","Waku Filter: Subscribe: Multiple Service Nodes: Strict Check mode: false","Tue Dec 02 19:37:28 UTC 2025","passed","Tue Dec 02 19:37:28 UTC 2025","","","",""
"","1","should return peer for existing peer","ConnectionLimiter","Tue Dec 02 19:28:27 UTC 2025","passed","Tue Dec 02 19:28:27 UTC 2025","","getPeer","",""
"","1","Push message with custom timestamp: 1764707406752","Waku Light Push (legacy=v3): Multiple Nodes: Strict Check: true","Tue Dec 02 19:47:15 UTC 2025","passed","Tue Dec 02 19:47:15 UTC 2025","","","",""
"","0","should correctly encode and decode relay shards using rs format (Index List)","Relay Shard codec","Tue Dec 02 19:28:13 UTC 2025","passed","Tue Dec 02 19:28:13 UTC 2025","","","",""
"","0","should return start time to last successful query since last query is less than max range","calculateTimeRange","Tue Dec 02 19:29:17 UTC 2025","passed","Tue Dec 02 19:29:17 UTC 2025","","","",""
"","0","Push message with Script payload","Waku Light Push (legacy=v2): Multiple Nodes: Strict Check: true","Tue Dec 02 19:47:15 UTC 2025","passed","Tue Dec 02 19:47:15 UTC 2025","","","",""
"","1","msgTime: 0 ms from now, startTime: 1764444864120, endTime: 1764704064120","Waku Store, time filter","Tue Dec 02 19:34:38 UTC 2025","passed","Tue Dec 02 19:34:38 UTC 2025","","","",""
"","0","should return DECODE_FAILED when ENR decoding fails","PeerExchange","Tue Dec 02 19:28:36 UTC 2025","passed","Tue Dec 02 19:28:36 UTC 2025","","query","",""
"","0","Subscribe and receive messages on 2 different content topics","Waku Filter: Subscribe: Multiple Service Nodes: Strict Check mode: true","Tue Dec 02 19:37:28 UTC 2025","passed","Tue Dec 02 19:37:28 UTC 2025","","","",""
"","1","should throw an error for invalid PubsubTopic format: /waku/2/rs","pubsubTopicToSingleShardInfo with various invalid formats","Tue Dec 02 19:28:13 UTC 2025","passed","Tue Dec 02 19:28:13 UTC 2025","","","",""
"","1","handles different networkShards values correctly","contentTopicsByPubsubTopic","Tue Dec 02 19:28:13 UTC 2025","passed","Tue Dec 02 19:28:13 UTC 2025","","","",""
"","0","should hash ""!@#$%^&*()"" with n=1 and maxValue=100 correctly","hashN","Tue Dec 02 19:29:03 UTC 2025","passed","Tue Dec 02 19:29:03 UTC 2025","","","",""
"","1","should hash ""test123"" with n=5 and maxValue=10000 correctly","hashN","Tue Dec 02 19:29:03 UTC 2025","passed","Tue Dec 02 19:29:03 UTC 2025","","","",""
"","2","should return true when peer is on the same cluster","ShardReader","Tue Dec 02 19:28:27 UTC 2025","passed","Tue Dec 02 19:28:27 UTC 2025","","isPeerOnNetwork","",""
"","1","random static sharding 9 - Cluster ID: 651, Shard ID: 322","Static Sharding: Running Nodes","Tue Dec 02 19:34:33 UTC 2025","passed","Tue Dec 02 19:34:33 UTC 2025","","","",""
"","1","Subscribe one by one to 100 topics and publish messages","Waku Relay, Subscribe","Tue Dec 02 19:32:36 UTC 2025","passed","Tue Dec 02 19:32:36 UTC 2025","","","",""
"","0","should return false when peer is on different cluster","ShardReader","Tue Dec 02 19:28:27 UTC 2025","passed","Tue Dec 02 19:28:27 UTC 2025","","isPeerOnNetwork","",""
"","1","Unsubscribe topics the node is not subscribed to","Waku Filter: Unsubscribe: Multiple Nodes: Strict Checking: false","Tue Dec 02 19:32:05 UTC 2025","passed","Tue Dec 02 19:32:05 UTC 2025","","","",""
"","0","should start all internal components","ConnectionManager","Tue Dec 02 19:28:28 UTC 2025","passed","Tue Dec 02 19:28:28 UTC 2025","","start","",""
"","0","should hash ""hello"" with n=2 and maxValue=1000 correctly","hashN","Tue Dec 02 19:29:03 UTC 2025","passed","Tue Dec 02 19:29:03 UTC 2025","","","",""
"","0","should not create relay timers when relayKeepAlive = 0","KeepAliveManager","Tue Dec 02 19:28:28 UTC 2025","passed","Tue Dec 02 19:28:28 UTC 2025","","relay timer management","",""
"","0","should handle general insertion and lookup correctly","BloomFilter with special patterns","Tue Dec 02 19:29:03 UTC 2025","passed","Tue Dec 02 19:29:03 UTC 2025","","","",""
"","0","should not allow k > 12","Probabilities","Tue Dec 02 19:29:03 UTC 2025","passed","Tue Dec 02 19:29:03 UTC 2025","","","",""
"","1","should stop and cleanup resources","Filter Subscription","Tue Dec 02 19:29:17 UTC 2025","passed","Tue Dec 02 19:29:17 UTC 2025","","","",""
"","0","Push message with long payload","Waku Light Push (legacy=v2): Multiple Nodes: Strict Check: false","Tue Dec 02 19:47:15 UTC 2025","passed","Tue Dec 02 19:47:15 UTC 2025","","","",""
"","0","Nodes with multiple pubsub topic","Waku Relay auto-sharding, multiple pubsub topics","Tue Dec 02 19:32:22 UTC 2025","passed","Tue Dec 02 19:32:22 UTC 2025","","","",""
"","0","Check publish message containing SQL Injection","Waku Relay, Publish","Tue Dec 02 19:32:28 UTC 2025","passed","Tue Dec 02 19:32:28 UTC 2025","","","",""
"","1","should accept empty decoders array","QueryOnConnect","Tue Dec 02 19:29:17 UTC 2025","passed","Tue Dec 02 19:29:17 UTC 2025","","constructor","",""
"","0","Subscribe to topic containing Script and receive message","Waku Filter: Subscribe: Multiple Service Nodes: Strict Check mode: false","Tue Dec 02 19:37:28 UTC 2025","passed","Tue Dec 02 19:37:28 UTC 2025","","","",""
"","0","Unsubscribe from 100 topics (new limit) at once and receives messages","Waku Filter: Unsubscribe: Multiple Nodes: Strict Checking: false","Tue Dec 02 19:32:05 UTC 2025","passed","Tue Dec 02 19:32:05 UTC 2025","","","",""
"","0","should create ConnectionManager with required options","ConnectionManager","Tue Dec 02 19:28:28 UTC 2025","passed","Tue Dec 02 19:28:28 UTC 2025","","constructor","",""
"","0","Query with Ordered Callback, No message returned","Waku Store, error handling","Tue Dec 02 19:33:36 UTC 2025","passed","Tue Dec 02 19:33:36 UTC 2025","","","",""
"","1","returns only open connection if one present","selectOpenConnection","Tue Dec 02 19:28:27 UTC 2025","passed","Tue Dec 02 19:28:27 UTC 2025","","","",""
"","0","Push message with shell command payload","Waku Light Push (legacy=v3): Multiple Nodes: Strict Check: true","Tue Dec 02 19:47:15 UTC 2025","passed","Tue Dec 02 19:47:15 UTC 2025","","","",""
"","7","should hash ""Lorem ipsum dolor sit amet"" with n=5 and maxValue=100 correctly","hashN","Tue Dec 02 19:29:03 UTC 2025","passed","Tue Dec 02 19:29:03 UTC 2025","","","",""
"","1","A test","This","Tue Dec 02 19:30:57 UTC 2025","passed","Tue Dec 02 19:30:57 UTC 2025","","Is also","",""
"","4","should return false when peer is not on the pubsub topic shard","ShardReader","Tue Dec 02 19:28:27 UTC 2025","passed","Tue Dec 02 19:28:27 UTC 2025","","isPeerOnTopic","",""
"","1","should emit message when we just started and store connect event occurs","QueryOnConnect","Tue Dec 02 19:29:17 UTC 2025","passed","Tue Dec 02 19:29:17 UTC 2025","","end-to-end message emission tests","",""
"","0","handles different clusterIds correctly","contentTopicsByPubsubTopic","Tue Dec 02 19:28:13 UTC 2025","passed","Tue Dec 02 19:28:13 UTC 2025","","","",""
"","1","Check publish message containing Script","Waku Relay, Publish","Tue Dec 02 19:32:28 UTC 2025","passed","Tue Dec 02 19:32:28 UTC 2025","","","",""
"","0","Outgoing message is retried until acknowledged","Reliable Channel","Tue Dec 02 19:29:21 UTC 2025","passed","Tue Dec 02 19:29:21 UTC 2025","","Retries","",""
"","1","should hash ""test123"" with n=2 and maxValue=1000 correctly","hashN","Tue Dec 02 19:29:03 UTC 2025","passed","Tue Dec 02 19:29:03 UTC 2025","","","",""
"","1","should hash """" with n=1 and maxValue=1000 correctly","hashN","Tue Dec 02 19:29:03 UTC 2025","passed","Tue Dec 02 19:29:03 UTC 2025","","","",""
"","0","Round trip binary encryption [ecies, signature]","Ecies Encryption","Tue Dec 02 19:28:47 UTC 2025","passed","Tue Dec 02 19:28:47 UTC 2025","","","",""
"","0","Outgoing message is acknowledged","Reliable Channel","Tue Dec 02 19:29:21 UTC 2025","passed","Tue Dec 02 19:29:21 UTC 2025","","","",""
"","0","Subscribe to 100 topics (new limit) at once and receives messages","Waku Filter: Subscribe: Multiple Service Nodes: Strict Check mode: true","Tue Dec 02 19:37:28 UTC 2025","passed","Tue Dec 02 19:37:28 UTC 2025","","","",""
"","1","Check message with no pubsub topic is not received","Waku Filter: FilterPush: Multiple Nodes: Strict Checking: true","Tue Dec 02 19:37:06 UTC 2025","passed","Tue Dec 02 19:37:06 UTC 2025","","","",""
"","0","Subscribe to topic containing emoji and receive message","Waku Filter: Subscribe: Multiple Service Nodes: Strict Check mode: false","Tue Dec 02 19:37:28 UTC 2025","passed","Tue Dec 02 19:37:28 UTC 2025","","","",""
"","0","should not create timers for topics where peer is not in mesh","KeepAliveManager","Tue Dec 02 19:28:28 UTC 2025","passed","Tue Dec 02 19:28:28 UTC 2025","","relay timer management","",""
"","0","should delegate to shardReader.isPeerOnTopic()","ConnectionManager","Tue Dec 02 19:28:28 UTC 2025","passed","Tue Dec 02 19:28:28 UTC 2025","","isPeerOnTopic","",""
"","1","Decrypt messages","Waku Relay","Tue Dec 02 19:32:07 UTC 2025","passed","Tue Dec 02 19:32:07 UTC 2025","","","",""
"","0","Outgoing message is acknowledged","Reliable Channel: Acks","Tue Dec 02 19:29:18 UTC 2025","passed","Tue Dec 02 19:29:18 UTC 2025","","","",""
"","1","should reject if Relay is requested but not mounted","waitForRemotePeer","Tue Dec 02 19:29:18 UTC 2025","passed","Tue Dec 02 19:29:18 UTC 2025","","","",""
"","0","random static sharding 7 - Cluster ID: 816, Shard ID: 828","Static Sharding: Running Nodes","Tue Dec 02 19:34:33 UTC 2025","passed","Tue Dec 02 19:34:33 UTC 2025","","","",""
"","0","should hash ""test123"" with n=0 and maxValue=100 correctly","hashN","Tue Dec 02 19:29:03 UTC 2025","passed","Tue Dec 02 19:29:03 UTC 2025","","","",""
"","0","Using a function","Waku Dial [node only]","Tue Dec 02 19:34:40 UTC 2025","passed","Tue Dec 02 19:34:40 UTC 2025","","Bootstrap","",""
"","1","should create ping timers when pingKeepAlive > 0","KeepAliveManager","Tue Dec 02 19:28:28 UTC 2025","passed","Tue Dec 02 19:28:28 UTC 2025","","ping timer management","",""
"","1","should handle case when globalThis is not available","NetworkMonitor","Tue Dec 02 19:28:26 UTC 2025","passed","Tue Dec 02 19:28:26 UTC 2025","","isConnected","",""
"","0","should be able to encode the field with only FILTER set to true","ENR waku2 codec","Tue Dec 02 19:28:18 UTC 2025","passed","Tue Dec 02 19:28:18 UTC 2025","","Encoding","",""
"","1","Check received message with timestamp: 1764703781157 ","Waku Filter: FilterPush: Multiple Nodes: Strict Checking: true","Tue Dec 02 19:37:06 UTC 2025","passed","Tue Dec 02 19:37:06 UTC 2025","","","",""
"","0","Push message with special chars payload","Waku Light Push (legacy=v3): Multiple Nodes: Strict Check: true","Tue Dec 02 19:47:15 UTC 2025","passed","Tue Dec 02 19:47:15 UTC 2025","","","",""
"","0","should handle dial errors","ConnectionManager","Tue Dec 02 19:28:28 UTC 2025","passed","Tue Dec 02 19:28:28 UTC 2025","","dial","",""
"","1","should handle empty peer infos gracefully","PeerExchange","Tue Dec 02 19:28:36 UTC 2025","passed","Tue Dec 02 19:28:36 UTC 2025","","query","",""
"","0","Push message with content topic containing escaped characters","Waku Light Push (legacy=v3): Multiple Nodes: Strict Check: true","Tue Dec 02 19:47:15 UTC 2025","passed","Tue Dec 02 19:47:15 UTC 2025","","","",""
"","1","random auto sharding 10 - Cluster ID: 10, Content Topic: /app63/2/topic26/test.js","Autosharding: Running Nodes","Tue Dec 02 19:34:16 UTC 2025","passed","Tue Dec 02 19:34:16 UTC 2025","","","",""
"","4","should be safe to call multiple times","KeepAliveManager","Tue Dec 02 19:28:27 UTC 2025","passed","Tue Dec 02 19:28:27 UTC 2025","","start","",""
"","0","should return the correct m/n for k = 7, targetError = 0.001","Probabilities","Tue Dec 02 19:29:03 UTC 2025","passed","Tue Dec 02 19:29:03 UTC 2025","","","",""
"","0","Repair Request","Message serialization","Tue Dec 02 19:29:07 UTC 2025","passed","Tue Dec 02 19:29:07 UTC 2025","","","",""
"","1","messageHashStr returns the same value as bytesToHex(messageHash)","messageHash and messageHashStr","Tue Dec 02 19:28:27 UTC 2025","passed","Tue Dec 02 19:28:27 UTC 2025","","","",""
"","1","Push message with Russian payload","Waku Light Push (legacy=v2): Multiple Nodes: Strict Check: false","Tue Dec 02 19:47:15 UTC 2025","passed","Tue Dec 02 19:47:15 UTC 2025","","","",""
"","0","does not validate decoders for hash queries","StoreCore","Tue Dec 02 19:28:28 UTC 2025","passed","Tue Dec 02 19:28:28 UTC 2025","","queryPerPage","",""
"","6","Ephemeral field is preserved - symmetric encryption","Waku Message Ephemeral field","Tue Dec 02 19:29:49 UTC 2025","passed","Tue Dec 02 19:29:49 UTC 2025","","","",""
"","1","Push message with content topic containing escaped characters","Waku Light Push (legacy=v3): Multiple Nodes: Strict Check: false","Tue Dec 02 19:47:15 UTC 2025","passed","Tue Dec 02 19:47:15 UTC 2025","","","",""
"","0","should return false for malformed SDS messages","Reliable Channel","Tue Dec 02 19:29:21 UTC 2025","passed","Tue Dec 02 19:29:21 UTC 2025","","isChannelMessageWithCausalHistory predicate","",""
"","1","should filter peers by codec","ConnectionManager","Tue Dec 02 19:28:28 UTC 2025","passed","Tue Dec 02 19:28:28 UTC 2025","","getConnectedPeers","",""
"","0","Fails to push message bigger that 1MB","Waku Light Push (legacy=v2): Multiple Nodes: Strict Check: true","Tue Dec 02 19:47:15 UTC 2025","passed","Tue Dec 02 19:47:15 UTC 2025","","","",""
"","0","random static sharding 8 - Cluster ID: 852, Shard ID: 481","Static Sharding: Running Nodes","Tue Dec 02 19:34:33 UTC 2025","passed","Tue Dec 02 19:34:33 UTC 2025","","","",""
"","1","Push message with content topic containing unicode special characters","Waku Light Push (legacy=v3): Multiple Nodes: Strict Check: true","Tue Dec 02 19:47:15 UTC 2025","passed","Tue Dec 02 19:47:15 UTC 2025","","","",""
"","4","Non TWN Cluster","Autosharding: Running Nodes","Tue Dec 02 19:34:16 UTC 2025","passed","Tue Dec 02 19:34:16 UTC 2025","","","",""
"","1","should work with async generator that yields promises","QueryOnConnect","Tue Dec 02 19:29:17 UTC 2025","passed","Tue Dec 02 19:29:17 UTC 2025","","async generator retrieve function mock","",""
"","0","Subscribe and receive messages via waku relay post","Waku Filter: Subscribe: Multiple Service Nodes: Strict Check mode: false","Tue Dec 02 19:37:28 UTC 2025","passed","Tue Dec 02 19:37:28 UTC 2025","","","",""
"","0","Decoder throws on undefined content topic","Ensures content topic is defined","Tue Dec 02 19:28:45 UTC 2025","passed","Tue Dec 02 19:28:45 UTC 2025","","","",""
"","1","should encode/decode to text encoding","ENR","Tue Dec 02 19:28:19 UTC 2025","passed","Tue Dec 02 19:28:19 UTC 2025","","Static tests","",""
"","0","Callback on promise","Waku Store, general","Tue Dec 02 19:34:07 UTC 2025","passed","Tue Dec 02 19:34:07 UTC 2025","","","",""
"","0","isConnected should return true after first peer connects","Connection state","Tue Dec 02 19:30:02 UTC 2025","passed","Tue Dec 02 19:30:02 UTC 2025","","","",""
"","0","random static sharding 10 - Cluster ID: 304, Shard ID: 174","Static Sharding: Running Nodes","Tue Dec 02 19:34:33 UTC 2025","passed","Tue Dec 02 19:34:33 UTC 2025","","","",""
"","0","Subscribe and receive symmetrically encrypted messages via lightPush","Waku Filter: Subscribe: Multiple Service Nodes: Strict Check mode: true","Tue Dec 02 19:37:28 UTC 2025","passed","Tue Dec 02 19:37:28 UTC 2025","","","",""
"","0","should hash ""!@#$%^&*()"" with n=2 and maxValue=10000 correctly","hashN","Tue Dec 02 19:29:03 UTC 2025","passed","Tue Dec 02 19:29:03 UTC 2025","","","",""
"","3","throws if decoders don't match content topics","StoreCore","Tue Dec 02 19:28:28 UTC 2025","passed","Tue Dec 02 19:28:28 UTC 2025","","queryPerPage","",""
"","1","should set field with only STORE enabled","ENR","Tue Dec 02 19:28:19 UTC 2025","passed","Tue Dec 02 19:28:19 UTC 2025","","waku2 key round trip","",""
"","0","Push message with content topic containing SQL Injection","Waku Light Push (legacy=v3): Multiple Nodes: Strict Check: false","Tue Dec 02 19:47:15 UTC 2025","passed","Tue Dec 02 19:47:15 UTC 2025","","","",""
"","0","Check publish message containing XML","Waku Relay, Publish","Tue Dec 02 19:32:28 UTC 2025","passed","Tue Dec 02 19:32:28 UTC 2025","","","",""
"","0","Push message with content topic containing Chinese","Waku Light Push (legacy=v3): Multiple Nodes: Strict Check: false","Tue Dec 02 19:47:15 UTC 2025","passed","Tue Dec 02 19:47:15 UTC 2025","","","",""
"","1","should hash ""test123"" with n=5 and maxValue=100 correctly","hashN","Tue Dec 02 19:29:03 UTC 2025","passed","Tue Dec 02 19:29:03 UTC 2025","","","",""
"","0","Subscribe to topic containing Arabic and receive message","Waku Filter: Subscribe: Multiple Service Nodes: Strict Check mode: true","Tue Dec 02 19:37:28 UTC 2025","passed","Tue Dec 02 19:37:28 UTC 2025","","","",""
"","1","Publish message with custom timestamp: Sun Dec 17 1995 03:24:00 GMT+0000 (Coordinated Universal Time)","Waku Relay, Publish","Tue Dec 02 19:32:28 UTC 2025","passed","Tue Dec 02 19:32:28 UTC 2025","","","",""
"","0","should correctly map /app/20/sometopic/someencoding to shard index 1 with networkShards 2","contentTopicToShardIndex","Tue Dec 02 19:28:13 UTC 2025","passed","Tue Dec 02 19:28:13 UTC 2025","","","",""
"","0","Push message with JSON payload","Waku Light Push (legacy=v3): Multiple Nodes: Strict Check: true","Tue Dec 02 19:47:15 UTC 2025","passed","Tue Dec 02 19:47:15 UTC 2025","","","",""
"","0","Timestamp too far from node time: -20000 ms from now","Waku Store, time filter","Tue Dec 02 19:34:38 UTC 2025","passed","Tue Dec 02 19:34:38 UTC 2025","","","",""
"","0","should throw an error for non-numeric clusterId: /waku/2/rs/\/1","pubsubTopicToSingleShardInfo with various invalid formats","Tue Dec 02 19:28:13 UTC 2025","passed","Tue Dec 02 19:28:13 UTC 2025","","","",""
"","7","should handle peer disconnect event when no connections remain","NetworkMonitor","Tue Dec 02 19:28:26 UTC 2025","passed","Tue Dec 02 19:28:26 UTC 2025","","peer connection events","",""
"","0","Push message with XML payload","Waku Light Push (legacy=v2): Multiple Nodes: Strict Check: true","Tue Dec 02 19:47:15 UTC 2025","passed","Tue Dec 02 19:47:15 UTC 2025","","","",""
"","1","Subscribe to topic containing Basic HTML tag and receive message","Waku Filter: Subscribe: Multiple Service Nodes: Strict Check mode: false","Tue Dec 02 19:37:28 UTC 2025","passed","Tue Dec 02 19:37:28 UTC 2025","","","",""
"","0","should enable only dns and localPeerCache when peerExchange is disabled","Default Peer Discoveries","Tue Dec 02 19:29:15 UTC 2025","passed","Tue Dec 02 19:29:15 UTC 2025","","","",""
"","0","Retrieval Hint","Message serialization","Tue Dec 02 19:29:07 UTC 2025","passed","Tue Dec 02 19:29:07 UTC 2025","","","",""
"","1","should throw an error for non-numeric clusterId: /waku/2/rs/y/1","pubsubTopicToSingleShardInfo with various invalid formats","Tue Dec 02 19:28:13 UTC 2025","passed","Tue Dec 02 19:28:13 UTC 2025","","","",""
"","0","Automatically retrieves missing message","Reliable Channel","Tue Dec 02 19:29:21 UTC 2025","passed","Tue Dec 02 19:29:21 UTC 2025","","Missing Message Retrieval","",""
"","1","Check received message containing emoji","Waku Filter: FilterPush: Multiple Nodes: Strict Checking: false","Tue Dec 02 19:37:06 UTC 2025","passed","Tue Dec 02 19:37:06 UTC 2025","","","",""
"","2","should dial peers from store on start","ConnectionLimiter","Tue Dec 02 19:28:27 UTC 2025","passed","Tue Dec 02 19:28:27 UTC 2025","","start","",""
"","0","should properly create location multiaddrs - udp4","ENR","Tue Dec 02 19:28:19 UTC 2025","passed","Tue Dec 02 19:28:19 UTC 2025","","Location multiaddr","",""
"","1","should increment timestamp by 1 when current time is not greater","lamportTimestampIncrement","Tue Dec 02 19:29:07 UTC 2025","passed","Tue Dec 02 19:29:07 UTC 2025","","","",""
"","1","Push message with XML payload","Waku Light Push (legacy=v2): Multiple Nodes: Strict Check: false","Tue Dec 02 19:47:15 UTC 2025","passed","Tue Dec 02 19:47:15 UTC 2025","","","",""
"","0","Cluster id 0, shard 0","Static Sharding: Running Nodes","Tue Dec 02 19:34:33 UTC 2025","passed","Tue Dec 02 19:34:33 UTC 2025","","","",""
"","0","should process all pages when stopIfTrue never returns true","QueryOnConnect","Tue Dec 02 19:29:17 UTC 2025","passed","Tue Dec 02 19:29:17 UTC 2025","","stopIfTrue predicate","",""
"","0","should correctly map /waku/2/content/test.js to shard index 1","contentTopicToShardIndex","Tue Dec 02 19:28:13 UTC 2025","passed","Tue Dec 02 19:28:13 UTC 2025","","","",""
"","0","Push message with Arabic payload","Waku Light Push (legacy=v3): Multiple Nodes: Strict Check: true","Tue Dec 02 19:47:15 UTC 2025","passed","Tue Dec 02 19:47:15 UTC 2025","","","",""
"","0","should retry failed tasks","RetryManager","Tue Dec 02 19:29:15 UTC 2025","passed","Tue Dec 02 19:29:15 UTC 2025","","","",""
"","0","should hash ""Lorem ipsum dolor sit amet"" with n=2 and maxValue=10000 correctly","hashN","Tue Dec 02 19:29:03 UTC 2025","passed","Tue Dec 02 19:29:03 UTC 2025","","","",""
"","0","should set field with only LIGHTPUSH enabled","ENR","Tue Dec 02 19:28:19 UTC 2025","passed","Tue Dec 02 19:28:19 UTC 2025","","waku2 key round trip","",""
"","0","should correctly map /app/29/sometopic/someencoding to shard index 6","contentTopicToShardIndex","Tue Dec 02 19:28:13 UTC 2025","passed","Tue Dec 02 19:28:13 UTC 2025","","","",""
"","5","should initialize with isNetworkConnected as false","NetworkMonitor","Tue Dec 02 19:28:26 UTC 2025","passed","Tue Dec 02 19:28:26 UTC 2025","","constructor","",""
"","0","should handle messages with same timestamp ordered by messageId","MessageChannel","Tue Dec 02 19:29:07 UTC 2025","passed","Tue Dec 02 19:29:07 UTC 2025","","receiving a message","",""
"","1","Subscribe to topic containing escaped characters and receive message","Waku Filter: Subscribe: Multiple Service Nodes: Strict Check mode: true","Tue Dec 02 19:37:28 UTC 2025","passed","Tue Dec 02 19:37:28 UTC 2025","","","",""
"","0","Subscribe to 30 topics in separate streams (30 streams for Filter is limit) at once and receives messages","Waku Filter: Subscribe: Multiple Service Nodes: Strict Check mode: true","Tue Dec 02 19:37:28 UTC 2025","skipped","Tue Dec 02 19:37:28 UTC 2025","","","",""
"","0","Subscribe to topic containing JSON and receive message","Waku Filter: Subscribe: Multiple Service Nodes: Strict Check mode: false","Tue Dec 02 19:37:28 UTC 2025","passed","Tue Dec 02 19:37:28 UTC 2025","","","",""
"","2","should clear dial history on start","Dialer","Tue Dec 02 19:28:27 UTC 2025","passed","Tue Dec 02 19:28:27 UTC 2025","","start","",""
"","0","should only return 1 node with relay and store capability","DNS Node Discovery w/ capabilities","Tue Dec 02 19:28:36 UTC 2025","passed","Tue Dec 02 19:28:36 UTC 2025","","","",""
"","0","Check publish message after client node is restarted","Waku Relay, Publish","Tue Dec 02 19:32:28 UTC 2025","skipped","Tue Dec 02 19:32:28 UTC 2025","","","",""
"","1","Check publish message containing unicode special characters","Waku Relay, Publish","Tue Dec 02 19:32:28 UTC 2025","passed","Tue Dec 02 19:32:28 UTC 2025","","","",""
"","0","Check received message containing escaped characters","Waku Filter: FilterPush: Multiple Nodes: Strict Checking: false","Tue Dec 02 19:37:06 UTC 2025","passed","Tue Dec 02 19:37:06 UTC 2025","","","",""
"","1","should dial all peers on dial","Dialing","Tue Dec 02 19:31:10 UTC 2025","passed","Tue Dec 02 19:31:10 UTC 2025","","","",""
"","0","Check publish message containing Arabic","Waku Relay, Publish","Tue Dec 02 19:32:28 UTC 2025","passed","Tue Dec 02 19:32:28 UTC 2025","","","",""
"","0","Check received message containing special chars","Waku Filter: FilterPush: Multiple Nodes: Strict Checking: true","Tue Dec 02 19:37:06 UTC 2025","passed","Tue Dec 02 19:37:06 UTC 2025","","","",""
"","9","should not process empty queue","Dialer","Tue Dec 02 19:28:27 UTC 2025","passed","Tue Dec 02 19:28:27 UTC 2025","","queue processing","",""
"","1","Subscribe to topic containing JSON and publish message","Waku Relay, Subscribe","Tue Dec 02 19:32:36 UTC 2025","passed","Tue Dec 02 19:32:36 UTC 2025","","","",""
"","0","should handle query errors gracefully","PeerExchangeDiscovery","Tue Dec 02 19:28:36 UTC 2025","passed","Tue Dec 02 19:28:36 UTC 2025","","runQuery","",""
"","0","Sync message is not sent if another sync message was just sent","Reliable Channel: Sync","Tue Dec 02 19:29:23 UTC 2025","passed","Tue Dec 02 19:29:23 UTC 2025","","","",""
"","0","Query with Ordered Callback, No Decoder","Waku Store, error handling","Tue Dec 02 19:33:36 UTC 2025","passed","Tue Dec 02 19:33:36 UTC 2025","","","",""
"","1","should not be empty after adding a subscription","Filter Subscription","Tue Dec 02 19:29:17 UTC 2025","passed","Tue Dec 02 19:29:17 UTC 2025","","","",""
"","4","should hash ""hello"" with n=5 and maxValue=10000 correctly","hashN","Tue Dec 02 19:29:03 UTC 2025","passed","Tue Dec 02 19:29:03 UTC 2025","","","",""
"","0","Ordered Callback - false","Waku Store, order","Tue Dec 02 19:34:17 UTC 2025","passed","Tue Dec 02 19:34:17 UTC 2025","","","",""
"","0","Outgoing message is possibly acknowledged","Reliable Channel: Encryption","Tue Dec 02 19:29:19 UTC 2025","skipped","Tue Dec 02 19:29:19 UTC 2025","","","",""
"","2","should return different streams if requested simultaniously","StreamManager","Tue Dec 02 19:28:28 UTC 2025","passed","Tue Dec 02 19:28:28 UTC 2025","","","",""
"","0","should handle retrieve errors gracefully without emitting messages","QueryOnConnect","Tue Dec 02 19:29:17 UTC 2025","passed","Tue Dec 02 19:29:17 UTC 2025","","end-to-end message emission tests","",""
"","0","Check received message containing Basic HTML tag","Waku Filter: FilterPush: Multiple Nodes: Strict Checking: true","Tue Dec 02 19:37:06 UTC 2025","passed","Tue Dec 02 19:37:06 UTC 2025","","","",""
"","0","Subscribe and receive messages on 2 different content topics","Waku Filter: Subscribe: Multiple Service Nodes: Strict Check mode: false","Tue Dec 02 19:37:28 UTC 2025","passed","Tue Dec 02 19:37:28 UTC 2025","","","",""
"","0","Outgoing message is possibly acknowledged","Reliable Channel","Tue Dec 02 19:29:21 UTC 2025","skipped","Tue Dec 02 19:29:21 UTC 2025","","","",""
"","1","Subscribe to topic containing short and receive message","Waku Filter: Subscribe: Multiple Service Nodes: Strict Check mode: false","Tue Dec 02 19:37:28 UTC 2025","passed","Tue Dec 02 19:37:28 UTC 2025","","","",""
"","4","should work with stubbed retrieve function","QueryOnConnect","Tue Dec 02 19:29:17 UTC 2025","passed","Tue Dec 02 19:29:17 UTC 2025","","mock validation","",""
"","0","Query Generator  - false","Waku Store, order","Tue Dec 02 19:34:17 UTC 2025","passed","Tue Dec 02 19:34:17 UTC 2025","","","",""
"","0","should monitor connected peers and store them into cache","Peer Cache Discovery","Tue Dec 02 19:31:16 UTC 2025","passed","Tue Dec 02 19:31:16 UTC 2025","","","",""
"","0","Push message with meta","Waku Light Push (legacy=v2): Multiple Nodes: Strict Check: false","Tue Dec 02 19:47:15 UTC 2025","passed","Tue Dec 02 19:47:15 UTC 2025","","","",""
"","1","Bloom filter","Message serialization","Tue Dec 02 19:29:07 UTC 2025","passed","Tue Dec 02 19:29:07 UTC 2025","","","",""
"","0","throws on content topic with non-number generation field","ensureValidContentTopic","Tue Dec 02 19:28:13 UTC 2025","passed","Tue Dec 02 19:28:13 UTC 2025","","","",""
"","0","msgTime: -19000 ms from now, startTime: -19002, endTime: -19001","Waku Store, time filter","Tue Dec 02 19:34:38 UTC 2025","passed","Tue Dec 02 19:34:38 UTC 2025","","","",""
"","0","Push message with content topic containing Arabic","Waku Light Push (legacy=v3): Multiple Nodes: Strict Check: false","Tue Dec 02 19:47:15 UTC 2025","passed","Tue Dec 02 19:47:15 UTC 2025","","","",""
"","1","Passing a valid cursor at 2 index when there are 4 messages","Waku Store, cursor","Tue Dec 02 19:33:21 UTC 2025","passed","Tue Dec 02 19:33:21 UTC 2025","","","",""
"","1","should hash ""Lorem ipsum dolor sit amet"" with n=5 and maxValue=10000 correctly","hashN","Tue Dec 02 19:29:03 UTC 2025","passed","Tue Dec 02 19:29:03 UTC 2025","","","",""
"","0","Check received message containing unicode special characters","Waku Filter: FilterPush: Multiple Nodes: Strict Checking: false","Tue Dec 02 19:37:06 UTC 2025","passed","Tue Dec 02 19:37:06 UTC 2025","","","",""
"","0","should handle multiple query options for time ranges","Store","Tue Dec 02 19:29:18 UTC 2025","passed","Tue Dec 02 19:29:18 UTC 2025","","queryGenerator","",""
"","1","should start and setup intervals and event listeners","Filter Subscription","Tue Dec 02 19:29:17 UTC 2025","passed","Tue Dec 02 19:29:17 UTC 2025","","","",""
"","1","should work with stubbed waku event emitter","QueryOnConnect","Tue Dec 02 19:29:17 UTC 2025","passed","Tue Dec 02 19:29:17 UTC 2025","","mock validation","",""
"","0","should create all internal components","ConnectionManager","Tue Dec 02 19:28:28 UTC 2025","passed","Tue Dec 02 19:28:28 UTC 2025","","constructor","",""
"","1","Subscribe to topic containing numeric and publish message","Waku Relay, Subscribe","Tue Dec 02 19:32:36 UTC 2025","passed","Tue Dec 02 19:32:36 UTC 2025","","","",""
"","0","should emit InMessageMissing event with retrievalHint","MessageChannel","Tue Dec 02 19:29:07 UTC 2025","passed","Tue Dec 02 19:29:07 UTC 2025","","Sweeping incoming buffer","",""
"","0","should successfully query store with valid decoders and options","Store","Tue Dec 02 19:29:18 UTC 2025","passed","Tue Dec 02 19:29:18 UTC 2025","","queryGenerator","",""
"","0","Subscribe to topic containing shell command and receive message","Waku Filter: Subscribe: Multiple Service Nodes: Strict Check mode: true","Tue Dec 02 19:37:28 UTC 2025","passed","Tue Dec 02 19:37:28 UTC 2025","","","",""
"","2","should handle dial errors gracefully","DiscoveryDialer","Tue Dec 02 19:28:27 UTC 2025","passed","Tue Dec 02 19:28:27 UTC 2025","","peer discovery handling","",""
"","1","should do nothing when connections still exist","ConnectionLimiter","Tue Dec 02 19:28:27 UTC 2025","passed","Tue Dec 02 19:28:27 UTC 2025","","onDisconnectedEvent","",""
"","1","should return false for sync message without causal history","Reliable Channel","Tue Dec 02 19:29:21 UTC 2025","passed","Tue Dec 02 19:29:21 UTC 2025","","isChannelMessageWithCausalHistory predicate","",""
"","3","should handle ping failures gracefully","KeepAliveManager","Tue Dec 02 19:28:28 UTC 2025","passed","Tue Dec 02 19:28:28 UTC 2025","","ping timer management","",""
"","0","3 nodes on /waku/2/rs/7/0 topic","Waku Relay auto-sharding, multiple pubsub topics","Tue Dec 02 19:32:22 UTC 2025","passed","Tue Dec 02 19:32:22 UTC 2025","","","",""
"","0","should handle incoming messages","Filter SDK","Tue Dec 02 19:29:16 UTC 2025","passed","Tue Dec 02 19:29:16 UTC 2025","","","",""
"","0","yields undefined for messages without content topic","StoreCore","Tue Dec 02 19:28:28 UTC 2025","passed","Tue Dec 02 19:28:28 UTC 2025","","queryPerPage","",""
"","1","should trigger query when time since last query exceeds threshold","QueryOnConnect","Tue Dec 02 19:29:17 UTC 2025","passed","Tue Dec 02 19:29:17 UTC 2025","","message retrieval event emission conditions","",""
"","1","should return available peers with correct protocol and pubsub topic","PeerManager","Tue Dec 02 19:29:16 UTC 2025","passed","Tue Dec 02 19:29:16 UTC 2025","","","",""
"","0","Subscribe to topic containing emoji and publish message","Waku Relay, Subscribe","Tue Dec 02 19:32:36 UTC 2025","passed","Tue Dec 02 19:32:36 UTC 2025","","","",""
"","0","random auto sharding 1 - Cluster ID: 10, Content Topic: /app64/1/topic50/utf8","Autosharding: Running Nodes","Tue Dec 02 19:34:16 UTC 2025","passed","Tue Dec 02 19:34:16 UTC 2025","","","",""
"","1","should lock peers when selected","PeerManager","Tue Dec 02 19:29:16 UTC 2025","passed","Tue Dec 02 19:29:16 UTC 2025","","","",""
"","1","Waku message hash computation (no timestamp)","Message Hash: RFC Test Vectors","Tue Dec 02 19:28:27 UTC 2025","passed","Tue Dec 02 19:28:27 UTC 2025","","","",""
"","1","msgTime: -19000 ms from now, startTime: -20000, endTime: -19000","Waku Store, time filter","Tue Dec 02 19:34:38 UTC 2025","passed","Tue Dec 02 19:34:38 UTC 2025","","","",""
"","1","Relay - times out","Wait for remote peer","Tue Dec 02 19:34:43 UTC 2025","passed","Tue Dec 02 19:34:43 UTC 2025","","","",""
"","0","should clear timers for specific peer on disconnect","KeepAliveManager","Tue Dec 02 19:28:28 UTC 2025","passed","Tue Dec 02 19:28:28 UTC 2025","","timer cleanup","",""
"","0","Push message with content topic containing JSON","Waku Light Push (legacy=v2): Multiple Nodes: Strict Check: false","Tue Dec 02 19:47:15 UTC 2025","passed","Tue Dec 02 19:47:15 UTC 2025","","","",""
"","0","Ephemeral field set to true","Waku Message version 0","Tue Dec 02 19:28:28 UTC 2025","passed","Tue Dec 02 19:28:28 UTC 2025","","","",""
"","1","should return HistoryEntry with retrievalHint from sweepIncomingBuffer","MessageChannel","Tue Dec 02 19:29:07 UTC 2025","passed","Tue Dec 02 19:29:07 UTC 2025","","Sweeping incoming buffer","",""
"","0","Push message with Chinese payload","Waku Light Push (legacy=v3): Multiple Nodes: Strict Check: true","Tue Dec 02 19:47:15 UTC 2025","passed","Tue Dec 02 19:47:15 UTC 2025","","","",""
"","0","Decoder throws on empty string content topic","Ensures content topic is defined","Tue Dec 02 19:28:28 UTC 2025","passed","Tue Dec 02 19:28:28 UTC 2025","","","",""
"","0","caches peers it previously fetched","DNS Node Discovery","Tue Dec 02 19:28:36 UTC 2025","passed","Tue Dec 02 19:28:36 UTC 2025","","","",""
"","0","Own sync message does not acknowledge own messages","Reliable Channel: Sync","Tue Dec 02 19:29:23 UTC 2025","passed","Tue Dec 02 19:29:23 UTC 2025","","","",""
"","0","random auto sharding 6 - Cluster ID: 10, Content Topic: /app66/1/topic226/test.js","Autosharding: Running Nodes","Tue Dec 02 19:34:16 UTC 2025","passed","Tue Dec 02 19:34:16 UTC 2025","","","",""
"","1","Round trip binary encryption [symmetric, no signature]","Symmetric Encryption","Tue Dec 02 19:28:45 UTC 2025","passed","Tue Dec 02 19:28:45 UTC 2025","","","",""
"","0","should get and remove ready entries","IncomingRepairBuffer","Tue Dec 02 19:29:03 UTC 2025","passed","Tue Dec 02 19:29:03 UTC 2025","","","",""
"","0","should hash ""test123"" with n=1 and maxValue=10000 correctly","hashN","Tue Dec 02 19:29:03 UTC 2025","passed","Tue Dec 02 19:29:03 UTC 2025","","","",""
"","1","ENRTree (root): should error if DNS root entry signature is invalid","ENRTree","Tue Dec 02 19:28:36 UTC 2025","passed","Tue Dec 02 19:28:36 UTC 2025","","","",""
"","0","Check message with non string payload is not received","Waku Filter: FilterPush: Multiple Nodes: Strict Checking: false","Tue Dec 02 19:37:06 UTC 2025","passed","Tue Dec 02 19:37:06 UTC 2025","","","",""
"","0","should handle query errors","PeerExchangeDiscovery","Tue Dec 02 19:28:36 UTC 2025","passed","Tue Dec 02 19:28:36 UTC 2025","","query","",""
"","1","Mutual subscription","Waku Relay, Subscribe","Tue Dec 02 19:32:36 UTC 2025","passed","Tue Dec 02 19:32:36 UTC 2025","","","",""
"","0","Push message with Script payload","Waku Light Push (legacy=v3): Multiple Nodes: Strict Check: true","Tue Dec 02 19:47:15 UTC 2025","passed","Tue Dec 02 19:47:15 UTC 2025","","","",""
"","0","Check received message containing Script","Waku Filter: FilterPush: Multiple Nodes: Strict Checking: true","Tue Dec 02 19:37:06 UTC 2025","passed","Tue Dec 02 19:37:06 UTC 2025","","","",""
"","0","Push message with SQL Injection payload","Waku Light Push (legacy=v2): Multiple Nodes: Strict Check: true","Tue Dec 02 19:47:15 UTC 2025","passed","Tue Dec 02 19:47:15 UTC 2025","","","",""
"","1","ENRTree (root): should error if DNS root entry is malformed","ENRTree","Tue Dec 02 19:28:36 UTC 2025","passed","Tue Dec 02 19:28:36 UTC 2025","","","",""
"","0","should set default options when no config provided","ConnectionManager","Tue Dec 02 19:28:28 UTC 2025","passed","Tue Dec 02 19:28:28 UTC 2025","","constructor","",""
"","1","should use configured peers when available","Store","Tue Dec 02 19:29:18 UTC 2025","passed","Tue Dec 02 19:29:18 UTC 2025","","queryGenerator","",""
"","1","should successfully subscribe to supported pubsub topic","Filter SDK","Tue Dec 02 19:29:16 UTC 2025","passed","Tue Dec 02 19:29:16 UTC 2025","","","",""
"","1","should trigger query when it went offline since the last successful query","QueryOnConnect","Tue Dec 02 19:29:17 UTC 2025","passed","Tue Dec 02 19:29:17 UTC 2025","","message retrieval event emission conditions","",""
"","2","should not modify tags of connections for different peers","PeerManager","Tue Dec 02 19:29:16 UTC 2025","passed","Tue Dec 02 19:29:16 UTC 2025","","","",""
"","1","can start the service","DNS Discovery: Compliance Test","Tue Dec 02 19:29:46 UTC 2025","passed","Tue Dec 02 19:29:46 UTC 2025","","interface-peer-discovery compliance tests","",""
"","0","should stop query on content message from same channel","Reliable Channel","Tue Dec 02 19:29:21 UTC 2025","passed","Tue Dec 02 19:29:21 UTC 2025","","stopIfTrue Integration with QueryOnConnect","",""
"","0","should dispatch network event when browser goes online","NetworkMonitor","Tue Dec 02 19:28:26 UTC 2025","passed","Tue Dec 02 19:28:26 UTC 2025","","browser online/offline events","",""
"","0","throws on content topic with empty encoding field","ensureValidContentTopic","Tue Dec 02 19:28:13 UTC 2025","passed","Tue Dec 02 19:28:13 UTC 2025","","","",""
"","2","should handle different types of entries","TTLSet","Tue Dec 02 19:29:15 UTC 2025","passed","Tue Dec 02 19:29:15 UTC 2025","","","",""
"","0","should decode valid ENR with multiaddrs successfully [shared test vector]","ENR","Tue Dec 02 19:28:19 UTC 2025","passed","Tue Dec 02 19:28:19 UTC 2025","","Txt codec","",""
"","0","Encoder throws on empty string content topic","Ensures content topic is defined","Tue Dec 02 19:28:45 UTC 2025","passed","Tue Dec 02 19:28:45 UTC 2025","","","",""
"","0","should transition to SufficientlyHealthy with multiple compatible peers","HealthIndicator","Tue Dec 02 19:29:17 UTC 2025","passed","Tue Dec 02 19:29:17 UTC 2025","","","",""
"","0","Push message with custom timestamp: 1733945406752","Waku Light Push (legacy=v2): Multiple Nodes: Strict Check: true","Tue Dec 02 19:47:15 UTC 2025","passed","Tue Dec 02 19:47:15 UTC 2025","","","",""
"","0","Ordered callback, aborts when callback returns true","Waku Store, general","Tue Dec 02 19:34:07 UTC 2025","passed","Tue Dec 02 19:34:07 UTC 2025","","","",""
"","1","should remove CONNECTION_LOCKED_TAG from peer connections when unlocking","PeerManager","Tue Dec 02 19:29:16 UTC 2025","passed","Tue Dec 02 19:29:16 UTC 2025","","","",""
"","1","should unlock peer and allow reuse after renewPeer","PeerManager","Tue Dec 02 19:29:16 UTC 2025","passed","Tue Dec 02 19:29:16 UTC 2025","","","",""
"","3","should not trigger query if health event is healthy since last successful query","QueryOnConnect","Tue Dec 02 19:29:17 UTC 2025","passed","Tue Dec 02 19:29:17 UTC 2025","","message retrieval event emission conditions","",""
"","0","should add received message to localHistory with retrievalHint","MessageChannel","Tue Dec 02 19:29:07 UTC 2025","passed","Tue Dec 02 19:29:07 UTC 2025","","receiving a message","",""
"","0","should delegate to networkMonitor.isConnected()","ConnectionManager","Tue Dec 02 19:28:28 UTC 2025","passed","Tue Dec 02 19:28:28 UTC 2025","","isConnected","",""
"","1","Outgoing message is acknowledged","Reliable Channel: Encryption","Tue Dec 02 19:29:19 UTC 2025","passed","Tue Dec 02 19:29:19 UTC 2025","","","",""
"","1","Push message with short payload","Waku Light Push (legacy=v2): Multiple Nodes: Strict Check: false","Tue Dec 02 19:47:15 UTC 2025","passed","Tue Dec 02 19:47:15 UTC 2025","","","",""
"","0","Push message with content topic containing short","Waku Light Push (legacy=v3): Multiple Nodes: Strict Check: true","Tue Dec 02 19:47:15 UTC 2025","passed","Tue Dec 02 19:47:15 UTC 2025","","","",""
"","1","should hash ""hello"" with n=2 and maxValue=10000 correctly","hashN","Tue Dec 02 19:29:03 UTC 2025","passed","Tue Dec 02 19:29:03 UTC 2025","","","",""
"","0","should hang up with multiaddr and return true on success","ConnectionManager","Tue Dec 02 19:28:28 UTC 2025","passed","Tue Dec 02 19:28:28 UTC 2025","","hangUp","",""
"","1","should be able to encode the field with ALL protocols set to true","ENR waku2 codec","Tue Dec 02 19:28:18 UTC 2025","passed","Tue Dec 02 19:28:18 UTC 2025","","Encoding","",""
"","1","should insert message id into causal history","MessageChannel","Tue Dec 02 19:29:07 UTC 2025","passed","Tue Dec 02 19:29:07 UTC 2025","","sending a message ","",""
"","1","Check received message containing short","Waku Filter: FilterPush: Multiple Nodes: Strict Checking: true","Tue Dec 02 19:37:06 UTC 2025","passed","Tue Dec 02 19:37:06 UTC 2025","","","",""
"","0","should return false when peer has no shard info","ShardReader","Tue Dec 02 19:28:27 UTC 2025","passed","Tue Dec 02 19:28:27 UTC 2025","","isPeerOnNetwork","",""
"","0","should hash ""!@#$%^&*()"" with n=1 and maxValue=1000 correctly","hashN","Tue Dec 02 19:29:03 UTC 2025","passed","Tue Dec 02 19:29:03 UTC 2025","","","",""
"","1","Ephemeral field is preserved - encoder v0","Waku Message Ephemeral field","Tue Dec 02 19:29:49 UTC 2025","passed","Tue Dec 02 19:29:49 UTC 2025","","","",""
"","0","Push message with numeric payload","Waku Light Push (legacy=v2): Multiple Nodes: Strict Check: true","Tue Dec 02 19:47:15 UTC 2025","passed","Tue Dec 02 19:47:15 UTC 2025","","","",""
"","0","should add to incoming buffer if dependencies are not met","MessageChannel","Tue Dec 02 19:29:07 UTC 2025","passed","Tue Dec 02 19:29:07 UTC 2025","","receiving a message","",""
"","0","should dial peer when no shard info available","Dialer","Tue Dec 02 19:28:27 UTC 2025","passed","Tue Dec 02 19:28:27 UTC 2025","","dial","",""
"","0","Round trip binary encryption [symmetric, signature]","Symmetric Encryption","Tue Dec 02 19:28:45 UTC 2025","passed","Tue Dec 02 19:28:45 UTC 2025","","","",""
"","1","should return the correct m/n for k = 7, targetError = 0.01","Probabilities","Tue Dec 02 19:29:03 UTC 2025","passed","Tue Dec 02 19:29:03 UTC 2025","","","",""
"","2","Get Nodes","Fetch nodes","Tue Dec 02 19:28:35 UTC 2025","passed","Tue Dec 02 19:28:35 UTC 2025","","","",""
"","0","Check received message containing long","Waku Filter: FilterPush: Multiple Nodes: Strict Checking: false","Tue Dec 02 19:37:06 UTC 2025","passed","Tue Dec 02 19:37:06 UTC 2025","","","",""
"","0","Subscribe and receive messages via lightPush","Waku Filter: Subscribe: Multiple Service Nodes: Strict Check mode: true","Tue Dec 02 19:37:28 UTC 2025","passed","Tue Dec 02 19:37:28 UTC 2025","","","",""
"","0","should correctly map /0/toychat/2/huilong/proto to shard index 3","contentTopicToShardIndex","Tue Dec 02 19:28:13 UTC 2025","passed","Tue Dec 02 19:28:13 UTC 2025","","","",""
"","1","should throw an error for non-numeric shard: /waku/2/rs/1/ ","pubsubTopicToSingleShardInfo with various invalid formats","Tue Dec 02 19:28:13 UTC 2025","passed","Tue Dec 02 19:28:13 UTC 2025","","","",""
"","0","Push message with content topic containing Chinese","Waku Light Push (legacy=v2): Multiple Nodes: Strict Check: true","Tue Dec 02 19:47:15 UTC 2025","passed","Tue Dec 02 19:47:15 UTC 2025","","","",""
"","0","Check message on other pubsub topic is not received","Waku Filter: FilterPush: Multiple Nodes: Strict Checking: true","Tue Dec 02 19:37:06 UTC 2025","passed","Tue Dec 02 19:37:06 UTC 2025","","","",""
"","0","should handle errors gracefully when getting peer info","ShardReader","Tue Dec 02 19:28:27 UTC 2025","passed","Tue Dec 02 19:28:27 UTC 2025","","error handling","",""
"","1","should create an instance with libp2p and dialer","DiscoveryDialer","Tue Dec 02 19:28:27 UTC 2025","passed","Tue Dec 02 19:28:27 UTC 2025","","constructor","",""
"","0","Sync message are not sent excessively within sync frequency","Reliable Channel: Sync","Tue Dec 02 19:29:23 UTC 2025","passed","Tue Dec 02 19:29:23 UTC 2025","","","",""
"","1","should emit `waku:online` event only when first peer is connected","Connection state","Tue Dec 02 19:30:02 UTC 2025","passed","Tue Dec 02 19:30:02 UTC 2025","","","",""
"","0","should start and stop interval correctly","RetryManager","Tue Dec 02 19:29:15 UTC 2025","skipped","Tue Dec 02 19:29:15 UTC 2025","","","",""
"","1","should throw error - no id","ENR","Tue Dec 02 19:28:19 UTC 2025","passed","Tue Dec 02 19:28:19 UTC 2025","","Txt codec","",""
"","0","Wrong topic","Autosharding: Running Nodes","Tue Dec 02 19:34:16 UTC 2025","passed","Tue Dec 02 19:34:16 UTC 2025","","","",""
"","1","should initialize with default options","PeerExchangeDiscovery","Tue Dec 02 19:28:36 UTC 2025","passed","Tue Dec 02 19:28:36 UTC 2025","","constructor","",""
"","0","should not fail to stop the service if it was not started","Peer Cache Discovery","Tue Dec 02 19:28:40 UTC 2025","passed","Tue Dec 02 19:28:40 UTC 2025","interface-peer-discovery compliance tests","Compliance Tests","",""
"","0","Subscribe to topic containing Basic HTML tag and publish message","Waku Relay, Subscribe","Tue Dec 02 19:32:36 UTC 2025","passed","Tue Dec 02 19:32:36 UTC 2025","","","",""
"","0","should properly setup health event callback","QueryOnConnect","Tue Dec 02 19:29:17 UTC 2025","passed","Tue Dec 02 19:29:17 UTC 2025","","event handling simulation","",""
"","0","should return false when peer is not on topic","ConnectionManager","Tue Dec 02 19:28:28 UTC 2025","passed","Tue Dec 02 19:28:28 UTC 2025","","isPeerOnTopic","",""
"","0","should hash ""Lorem ipsum dolor sit amet"" with n=1 and maxValue=100 correctly","hashN","Tue Dec 02 19:29:03 UTC 2025","passed","Tue Dec 02 19:29:03 UTC 2025","","","",""
"","1","should not change state when connections remain after disconnect","NetworkMonitor","Tue Dec 02 19:28:26 UTC 2025","passed","Tue Dec 02 19:28:26 UTC 2025","","peer connection events","",""
"","0","should handle peer store update failures gracefully","KeepAliveManager","Tue Dec 02 19:28:28 UTC 2025","passed","Tue Dec 02 19:28:28 UTC 2025","","ping timer management","",""
"","1","should dial peers from store when browser is connected","ConnectionLimiter","Tue Dec 02 19:28:27 UTC 2025","passed","Tue Dec 02 19:28:27 UTC 2025","","onWakuConnectionEvent","",""
"","1","should be safe to call multiple times","KeepAliveManager","Tue Dec 02 19:28:28 UTC 2025","passed","Tue Dec 02 19:28:28 UTC 2025","","stop","",""
"","0","should retry on complete failure if specified","LightPush SDK","Tue Dec 02 19:29:16 UTC 2025","passed","Tue Dec 02 19:29:16 UTC 2025","","","",""
"","1","should hash """" with n=5 and maxValue=1000 correctly","hashN","Tue Dec 02 19:29:03 UTC 2025","passed","Tue Dec 02 19:29:03 UTC 2025","","","",""
"","0","Check received message containing Arabic","Waku Filter: FilterPush: Multiple Nodes: Strict Checking: true","Tue Dec 02 19:37:06 UTC 2025","passed","Tue Dec 02 19:37:06 UTC 2025","","","",""
"","0","Subscribe and receive messages from 2 nwaku nodes each with different static shards","Waku Filter: Subscribe: Multiple Service Nodes on Static Shard: Strict Check mode: true","Tue Dec 02 19:30:06 UTC 2025","passed","Tue Dec 02 19:30:06 UTC 2025","","","",""
"","1","Check received message containing emoji","Waku Filter: FilterPush: Multiple Nodes: Strict Checking: true","Tue Dec 02 19:37:06 UTC 2025","passed","Tue Dec 02 19:37:06 UTC 2025","","","",""
"","0","should return true when peer is on the specified shard","ShardReader","Tue Dec 02 19:28:27 UTC 2025","passed","Tue Dec 02 19:28:27 UTC 2025","","isPeerOnShard","",""
"","0","ENRTree (tree): should error if DNS tree entry is misformatted","ENRTree","Tue Dec 02 19:28:36 UTC 2025","passed","Tue Dec 02 19:28:36 UTC 2025","","","",""
"","2","Unsubscribe 1 topic - node subscribed to 2 topics","Waku Filter: Unsubscribe: Multiple Nodes: Strict Checking: false","Tue Dec 02 19:32:05 UTC 2025","passed","Tue Dec 02 19:32:05 UTC 2025","","","",""
"","1","Passing a valid cursor at 19 index when there are 20 messages","Waku Store, cursor","Tue Dec 02 19:33:21 UTC 2025","passed","Tue Dec 02 19:33:21 UTC 2025","","","",""
"","0","should hash ""test123"" with n=0 and maxValue=10000 correctly","hashN","Tue Dec 02 19:29:03 UTC 2025","passed","Tue Dec 02 19:29:03 UTC 2025","","","",""
"","1","Unsubscribe 2 topics - node subscribed to 2 topics","Waku Filter: Unsubscribe: Multiple Nodes: Strict Checking: false","Tue Dec 02 19:32:05 UTC 2025","passed","Tue Dec 02 19:32:05 UTC 2025","","","",""
"","0","receiving a ping from a peer does not overwrite shard info","Metadata Protocol","Tue Dec 02 19:31:13 UTC 2025","passed","Tue Dec 02 19:31:13 UTC 2025","","static sharding","",""
"","0","msgTime: 0 ms from now, startTime: 1764617664120, endTime: 1764704064120","Waku Store, time filter","Tue Dec 02 19:34:38 UTC 2025","passed","Tue Dec 02 19:34:38 UTC 2025","","","",""
"","1","should hang up with PeerId and return true on success","ConnectionManager","Tue Dec 02 19:28:28 UTC 2025","passed","Tue Dec 02 19:28:28 UTC 2025","","hangUp","",""
"","0","should not discard bootstrap peers if under the limit","Connection Limiter","Tue Dec 02 19:30:24 UTC 2025","passed","Tue Dec 02 19:30:24 UTC 2025","","","",""
"","0","should return no connections if no open connection provided","selectOpenConnection","Tue Dec 02 19:28:27 UTC 2025","passed","Tue Dec 02 19:28:27 UTC 2025","","","",""
"","6","should dial one peer on dial","Dialing","Tue Dec 02 19:31:10 UTC 2025","passed","Tue Dec 02 19:31:10 UTC 2025","","","",""
"","4","should dial peer when on same shard","Dialer","Tue Dec 02 19:28:27 UTC 2025","passed","Tue Dec 02 19:28:27 UTC 2025","","dial","",""
"","1","should create PeerExchange instance with components","PeerExchange","Tue Dec 02 19:28:36 UTC 2025","passed","Tue Dec 02 19:28:36 UTC 2025","","query","",""
"","0","should hash ""!@#$%^&*()"" with n=0 and maxValue=100 correctly","hashN","Tue Dec 02 19:29:03 UTC 2025","passed","Tue Dec 02 19:29:03 UTC 2025","","","",""
"","0","should work with mixed v2 and v3 peers","LightPush SDK","Tue Dec 02 19:29:16 UTC 2025","passed","Tue Dec 02 19:29:16 UTC 2025","","v3 protocol support","",""
"","0","should not fail to start the service if it is already started","Peer Cache Discovery","Tue Dec 02 19:28:40 UTC 2025","passed","Tue Dec 02 19:28:40 UTC 2025","interface-peer-discovery compliance tests","Compliance Tests","",""
"","0","should return false","ENR","Tue Dec 02 19:28:19 UTC 2025","passed","Tue Dec 02 19:28:19 UTC 2025","","Verify","",""
"","0","Light push messages to 2 nwaku nodes each with different pubsubtopics","Waku Light Push (Autosharding): Multiple Shards","Tue Dec 02 19:30:48 UTC 2025","passed","Tue Dec 02 19:30:48 UTC 2025","","","",""
"","1","Query generator for multiple messages","Waku Store, general","Tue Dec 02 19:34:07 UTC 2025","passed","Tue Dec 02 19:34:07 UTC 2025","","","",""
"","1","should handle timestamp equal to current time","lamportTimestampIncrement","Tue Dec 02 19:29:07 UTC 2025","passed","Tue Dec 02 19:29:07 UTC 2025","","","",""
"","0","should throw an error for invalid PubsubTopic format: /incorrect/format","pubsubTopicToSingleShardInfo with various invalid formats","Tue Dec 02 19:28:13 UTC 2025","passed","Tue Dec 02 19:28:13 UTC 2025","","","",""
"","1","udp ip6 address","Multiaddr from fields","Tue Dec 02 19:28:18 UTC 2025","passed","Tue Dec 02 19:28:18 UTC 2025","","","",""
"","0","should handle hash queries without validation","Store","Tue Dec 02 19:29:18 UTC 2025","passed","Tue Dec 02 19:29:18 UTC 2025","","queryGenerator","",""
"","1","should handle peer connect event","NetworkMonitor","Tue Dec 02 19:28:26 UTC 2025","passed","Tue Dec 02 19:28:26 UTC 2025","","peer connection events","",""
"","1","should handle all zero keep alive options","KeepAliveManager","Tue Dec 02 19:28:28 UTC 2025","passed","Tue Dec 02 19:28:28 UTC 2025","","edge cases","",""
"","0","should return true even if peer has no overlapping shards","ShardReader","Tue Dec 02 19:28:27 UTC 2025","passed","Tue Dec 02 19:28:27 UTC 2025","","isPeerOnNetwork","",""
"","1","Subscribe to topic containing unicode special characters and publish message","Waku Relay, Subscribe","Tue Dec 02 19:32:36 UTC 2025","passed","Tue Dec 02 19:32:36 UTC 2025","","","",""
"","0","should handle missing messages with undefined retrievalHint","MessageChannel","Tue Dec 02 19:29:07 UTC 2025","passed","Tue Dec 02 19:29:07 UTC 2025","","Sweeping incoming buffer","",""
"","0","should correctly encode and decode relay shards using rsv format (Bit Vector)","Relay Shard codec","Tue Dec 02 19:28:13 UTC 2025","passed","Tue Dec 02 19:28:13 UTC 2025","","","",""
"","0","should skip peers without peer exchange protocol","PeerExchangeDiscovery","Tue Dec 02 19:28:36 UTC 2025","passed","Tue Dec 02 19:28:36 UTC 2025","","runQuery","",""
"","0","ENRTree (branch): should parse and verify a single component DNS branch entry","ENRTree","Tue Dec 02 19:28:36 UTC 2025","passed","Tue Dec 02 19:28:36 UTC 2025","","","",""
"","0","should not receive a peer event after stop","DNS Discovery: Compliance Test","Tue Dec 02 19:29:46 UTC 2025","passed","Tue Dec 02 19:29:46 UTC 2025","","interface-peer-discovery compliance tests","",""
"","0","should be able to decode the field with ALL protocols set to true","ENR waku2 codec","Tue Dec 02 19:28:18 UTC 2025","passed","Tue Dec 02 19:28:18 UTC 2025","","Decoding","",""
"","0","peer:update - should not schedule stream creation IF protocol hit AND stream found on connection","StreamManager","Tue Dec 02 19:28:28 UTC 2025","passed","Tue Dec 02 19:28:28 UTC 2025","","","",""
"","0","Check received message with timestamp: 1764703781157000000 ","Waku Filter: FilterPush: Multiple Nodes: Strict Checking: true","Tue Dec 02 19:37:06 UTC 2025","passed","Tue Dec 02 19:37:06 UTC 2025","","","",""
"","0","Fails to push message bigger that 1MB","Waku Light Push (legacy=v2): Multiple Nodes: Strict Check: false","Tue Dec 02 19:47:15 UTC 2025","passed","Tue Dec 02 19:47:15 UTC 2025","","","",""
"","0","Synced status is emitted when a missing message is marked as lost","Sync Status","Tue Dec 02 19:29:20 UTC 2025","passed","Tue Dec 02 19:29:20 UTC 2025","","","",""
"","5","should handle errors when accessing navigator","NetworkMonitor","Tue Dec 02 19:28:26 UTC 2025","passed","Tue Dec 02 19:28:26 UTC 2025","","error handling","",""
"","0","Push message with content topic containing long","Waku Light Push (legacy=v3): Multiple Nodes: Strict Check: false","Tue Dec 02 19:47:15 UTC 2025","passed","Tue Dec 02 19:47:15 UTC 2025","","","",""
"","0","Push message with SQL Injection payload","Waku Light Push (legacy=v3): Multiple Nodes: Strict Check: true","Tue Dec 02 19:47:15 UTC 2025","passed","Tue Dec 02 19:47:15 UTC 2025","","","",""
"","0","Store - dialed first","Wait for remote peer","Tue Dec 02 19:34:43 UTC 2025","passed","Tue Dec 02 19:34:43 UTC 2025","","","",""
"","1","returns all values when wanted number is greater than available values","Discovery","Tue Dec 02 19:28:35 UTC 2025","passed","Tue Dec 02 19:28:35 UTC 2025","","","",""
"","0","should start ping timers on peer connect","KeepAliveManager","Tue Dec 02 19:28:28 UTC 2025","passed","Tue Dec 02 19:28:28 UTC 2025","","peer connect event handling","",""
"","1","should handle disconnect when peer has no timers","KeepAliveManager","Tue Dec 02 19:28:28 UTC 2025","passed","Tue Dec 02 19:28:28 UTC 2025","","timer cleanup","",""
"","0","Add multiple subscription objects on single nwaku node","Waku Filter: Subscribe: Multiple Service Nodes: Strict Check mode: true","Tue Dec 02 19:37:28 UTC 2025","passed","Tue Dec 02 19:37:28 UTC 2025","","","",""
"","0","accepts valid content-filtered query","StoreQueryRequest validation","Tue Dec 02 19:28:27 UTC 2025","passed","Tue Dec 02 19:28:27 UTC 2025","","","",""
"","1","Subscribe and receive ecies encrypted messages via lightPush","Waku Filter: Subscribe: Multiple Service Nodes: Strict Check mode: false","Tue Dec 02 19:37:28 UTC 2025","passed","Tue Dec 02 19:37:28 UTC 2025","","","",""
"","0","random auto sharding 9 - Cluster ID: 10, Content Topic: /app71/4/topic44/utf8","Autosharding: Running Nodes","Tue Dec 02 19:34:16 UTC 2025","passed","Tue Dec 02 19:34:16 UTC 2025","","","",""
"","0","should send relay ping messages on timer","KeepAliveManager","Tue Dec 02 19:28:28 UTC 2025","passed","Tue Dec 02 19:28:28 UTC 2025","","relay timer management","",""
"","0","Push message with numeric payload","Waku Light Push (legacy=v3): Multiple Nodes: Strict Check: false","Tue Dec 02 19:47:15 UTC 2025","passed","Tue Dec 02 19:47:15 UTC 2025","","","",""
"","0","Subscribe and receives messages on 20 topics","Waku Filter: Subscribe: Multiple Service Nodes: Strict Check mode: false","Tue Dec 02 19:37:28 UTC 2025","passed","Tue Dec 02 19:37:28 UTC 2025","","","",""
"","0","should reject on timeout if it was set","waitForRemotePeer","Tue Dec 02 19:29:18 UTC 2025","passed","Tue Dec 02 19:29:18 UTC 2025","","","",""
"","3","should handle errors when globalThis is not available","NetworkMonitor","Tue Dec 02 19:28:26 UTC 2025","passed","Tue Dec 02 19:28:26 UTC 2025","","start","",""
"","1","Push message with emoji payload","Waku Light Push (legacy=v2): Multiple Nodes: Strict Check: false","Tue Dec 02 19:47:15 UTC 2025","passed","Tue Dec 02 19:47:15 UTC 2025","","","",""
"","1","Relay Node - default protocol","Wait for remote peer","Tue Dec 02 19:34:43 UTC 2025","passed","Tue Dec 02 19:34:44 UTC 2025","","","",""
"","0","Check message received after old nwaku nodes are not available and new are created","Waku Filter: FilterPush: Multiple Nodes: Strict Checking: true","Tue Dec 02 19:37:06 UTC 2025","passed","Tue Dec 02 19:37:06 UTC 2025","","","",""
"","1","Ordered Callback sorting by timestamp while page direction is true","Waku Store, sorting","Tue Dec 02 19:34:24 UTC 2025","passed","Tue Dec 02 19:34:24 UTC 2025","","","",""
"","0","Publish message with custom timestamp: Tue Dec 02 2025 20:32:22 GMT+0000 (Coordinated Universal Time)","Waku Relay, Publish","Tue Dec 02 19:32:28 UTC 2025","passed","Tue Dec 02 19:32:28 UTC 2025","","","",""
"","1","should handle case with all peers already connected","ConnectionLimiter","Tue Dec 02 19:28:27 UTC 2025","passed","Tue Dec 02 19:28:27 UTC 2025","","dialPeersFromStore","",""
"","0","yields undefined for messages without decoder","StoreCore","Tue Dec 02 19:28:28 UTC 2025","passed","Tue Dec 02 19:28:28 UTC 2025","","queryPerPage","",""
"","0","Query generator for multiple messages with multiple decoders","Waku Store, general","Tue Dec 02 19:34:07 UTC 2025","passed","Tue Dec 02 19:34:07 UTC 2025","","","",""
"","0","Check received message containing unicode special characters","Waku Filter: FilterPush: Multiple Nodes: Strict Checking: true","Tue Dec 02 19:37:06 UTC 2025","passed","Tue Dec 02 19:37:06 UTC 2025","","","",""
"","1","Generator, one shard","Waku Store, different static shards","Tue Dec 02 19:33:26 UTC 2025","passed","Tue Dec 02 19:33:26 UTC 2025","","","",""
"","1","Push messages througth V2 and V3 from 2 js-waku and receives","Waku Light Push V2 and V3 interop","Tue Dec 02 19:30:57 UTC 2025","passed","Tue Dec 02 19:30:57 UTC 2025","","","",""
"","0","should hash ""Lorem ipsum dolor sit amet"" with n=5 and maxValue=1000 correctly","hashN","Tue Dec 02 19:29:03 UTC 2025","passed","Tue Dec 02 19:29:03 UTC 2025","","","",""
"","0","Check publish message containing escaped characters","Waku Relay, Publish","Tue Dec 02 19:32:28 UTC 2025","passed","Tue Dec 02 19:32:28 UTC 2025","","","",""
"","0","Generator, 2 different shards","Waku Store, different static shards","Tue Dec 02 19:33:26 UTC 2025","passed","Tue Dec 02 19:33:26 UTC 2025","","","",""
"","0","should sort by messageId when timestamps are equal","ContentMessage comparison with < operator","Tue Dec 02 19:29:07 UTC 2025","passed","Tue Dec 02 19:29:07 UTC 2025","","","",""
"","0","should emit a peer event after start","DNS Discovery: Compliance Test","Tue Dec 02 19:29:46 UTC 2025","passed","Tue Dec 02 19:29:46 UTC 2025","","interface-peer-discovery compliance tests","",""
"","0","peer exchange sets tag","Peer Exchange","Tue Dec 02 19:32:39 UTC 2025","passed","Tue Dec 02 19:32:39 UTC 2025","","","",""
"","0","should transition to MinimallyHealthy with one compatible peer","HealthIndicator","Tue Dec 02 19:29:17 UTC 2025","passed","Tue Dec 02 19:29:17 UTC 2025","","","",""
"","1","Check message with no content topic is not received","Waku Filter: FilterPush: Multiple Nodes: Strict Checking: false","Tue Dec 02 19:37:06 UTC 2025","passed","Tue Dec 02 19:37:06 UTC 2025","","","",""
"","0","Check received message containing long","Waku Filter: FilterPush: Multiple Nodes: Strict Checking: true","Tue Dec 02 19:37:06 UTC 2025","passed","Tue Dec 02 19:37:06 UTC 2025","","","",""
"","1","should handle onConnected and onDisconnected","PeerManager","Tue Dec 02 19:29:16 UTC 2025","passed","Tue Dec 02 19:29:16 UTC 2025","","","",""
"","0","Round trip binary serialization","Waku Message version 0","Tue Dec 02 19:28:28 UTC 2025","passed","Tue Dec 02 19:28:28 UTC 2025","","","",""
"","1","peerDiscovery without wakuPeerExchangeDiscovery","Peer Exchange","Tue Dec 02 19:32:39 UTC 2025","passed","Tue Dec 02 19:32:39 UTC 2025","","","",""
"","1","should stop on first message of a page if stopIfTrue matches","QueryOnConnect","Tue Dec 02 19:29:17 UTC 2025","passed","Tue Dec 02 19:29:17 UTC 2025","","stopIfTrue predicate","",""
"","1","should reject if Filter is requested but not mounted","waitForRemotePeer","Tue Dec 02 19:29:18 UTC 2025","passed","Tue Dec 02 19:29:18 UTC 2025","","","",""
"","0","Passing a valid cursor at 110 index when there are 120 messages","Waku Store, cursor","Tue Dec 02 19:33:21 UTC 2025","passed","Tue Dec 02 19:33:21 UTC 2025","","","",""
"","0","ignores domain fetching errors","DNS Node Discovery","Tue Dec 02 19:28:36 UTC 2025","passed","Tue Dec 02 19:28:36 UTC 2025","","","",""
"","0","random auto sharding 7 - Cluster ID: 10, Content Topic: /app84/2/topic972/proto","Autosharding: Running Nodes","Tue Dec 02 19:34:16 UTC 2025","passed","Tue Dec 02 19:34:16 UTC 2025","","","",""
"","0","should correctly map /app/20/sometopic/someencoding to shard index 7","contentTopicToShardIndex","Tue Dec 02 19:28:13 UTC 2025","passed","Tue Dec 02 19:28:13 UTC 2025","","","",""
"","0","Refresh subscription","Waku Filter: Subscribe: Multiple Service Nodes: Strict Check mode: true","Tue Dec 02 19:37:28 UTC 2025","passed","Tue Dec 02 19:37:28 UTC 2025","","","",""
"","0","Push message with content topic containing unicode special characters","Waku Light Push (legacy=v2): Multiple Nodes: Strict Check: false","Tue Dec 02 19:47:15 UTC 2025","passed","Tue Dec 02 19:47:15 UTC 2025","","","",""
"","0","should handle complete peer lifecycle","KeepAliveManager","Tue Dec 02 19:28:28 UTC 2025","passed","Tue Dec 02 19:28:28 UTC 2025","","integration","",""
"","1","Push message with content topic containing escaped characters","Waku Light Push (legacy=v2): Multiple Nodes: Strict Check: true","Tue Dec 02 19:47:15 UTC 2025","passed","Tue Dec 02 19:47:15 UTC 2025","","","",""
"","0","Push message with custom timestamp: 1764700206752","Waku Light Push (legacy=v3): Multiple Nodes: Strict Check: true","Tue Dec 02 19:47:15 UTC 2025","passed","Tue Dec 02 19:47:15 UTC 2025","","","",""
"","0","should return PeerId when PeerId is provided","mapToPeerId","Tue Dec 02 19:28:27 UTC 2025","passed","Tue Dec 02 19:28:27 UTC 2025","","","",""
"","0","rejects content-filtered query with only pubsubTopic","StoreQueryRequest validation","Tue Dec 02 19:28:27 UTC 2025","passed","Tue Dec 02 19:28:27 UTC 2025","","","",""
"","0","should handle dial errors gracefully","ConnectionLimiter","Tue Dec 02 19:28:27 UTC 2025","passed","Tue Dec 02 19:28:27 UTC 2025","","dialPeersFromStore","",""
"","0","Subscribe to topic containing emoji and receive message","Waku Filter: Subscribe: Multiple Service Nodes: Strict Check mode: true","Tue Dec 02 19:37:28 UTC 2025","passed","Tue Dec 02 19:37:28 UTC 2025","","","",""
"","0","Query Generator sorting by timestamp while page direction is true","Waku Store, sorting","Tue Dec 02 19:34:24 UTC 2025","passed","Tue Dec 02 19:34:24 UTC 2025","","","",""
"","0","same cluster: nodes connect","Metadata Protocol","Tue Dec 02 19:31:13 UTC 2025","passed","Tue Dec 02 19:31:13 UTC 2025","","auto sharding","",""
"","0","Push message with custom timestamp: 1764707406752","Waku Light Push (legacy=v2): Multiple Nodes: Strict Check: true","Tue Dec 02 19:47:15 UTC 2025","passed","Tue Dec 02 19:47:15 UTC 2025","","","",""
"","0","Push message with content topic containing numeric","Waku Light Push (legacy=v2): Multiple Nodes: Strict Check: false","Tue Dec 02 19:47:15 UTC 2025","passed","Tue Dec 02 19:47:15 UTC 2025","","","",""
"","0","should throw an error for invalid PubsubTopic format: /waku/1/rs/1/2","pubsubTopicToSingleShardInfo with various invalid formats","Tue Dec 02 19:28:13 UTC 2025","passed","Tue Dec 02 19:28:13 UTC 2025","","","",""
"","0","should reject if Store is requested but not mounted","waitForRemotePeer","Tue Dec 02 19:29:18 UTC 2025","passed","Tue Dec 02 19:29:18 UTC 2025","","","",""
"","0","Subscribe to topic containing special chars and receive message","Waku Filter: Subscribe: Multiple Service Nodes: Strict Check mode: false","Tue Dec 02 19:37:28 UTC 2025","passed","Tue Dec 02 19:37:28 UTC 2025","","","",""
"","0","Overlapping topic subscription","Waku Filter: Subscribe: Multiple Service Nodes: Strict Check mode: false","Tue Dec 02 19:37:28 UTC 2025","passed","Tue Dec 02 19:37:28 UTC 2025","","","",""
"","1","Subscribe to topic containing Chinese and publish message","Waku Relay, Subscribe","Tue Dec 02 19:32:36 UTC 2025","passed","Tue Dec 02 19:32:36 UTC 2025","","","",""
"","0","All","ENR Interop: ServiceNode","Tue Dec 02 19:29:47 UTC 2025","passed","Tue Dec 02 19:29:47 UTC 2025","","","",""
"","0","should successfully unsubscribe from an existing subscription","Filter SDK","Tue Dec 02 19:29:16 UTC 2025","passed","Tue Dec 02 19:29:16 UTC 2025","","","",""
"","0","should return all connected peers without codec filter","ConnectionManager","Tue Dec 02 19:28:28 UTC 2025","passed","Tue Dec 02 19:28:28 UTC 2025","","getConnectedPeers","",""
"","0","should stop query iteration when stopIfTrue returns true","QueryOnConnect","Tue Dec 02 19:29:17 UTC 2025","passed","Tue Dec 02 19:29:17 UTC 2025","","stopIfTrue predicate","",""
"","0","Subscribe to topic containing JSON and receive message","Waku Filter: Subscribe: Multiple Service Nodes: Strict Check mode: true","Tue Dec 02 19:37:28 UTC 2025","passed","Tue Dec 02 19:37:28 UTC 2025","","","",""
"","0","should get all peers from store","ConnectionLimiter","Tue Dec 02 19:28:27 UTC 2025","passed","Tue Dec 02 19:28:27 UTC 2025","","dialPeersFromStore","",""
"","0","Push message with content topic containing numeric","Waku Light Push (legacy=v3): Multiple Nodes: Strict Check: false","Tue Dec 02 19:47:15 UTC 2025","passed","Tue Dec 02 19:47:15 UTC 2025","","","",""
"","0","should properly create location multiaddrs - udp","ENR","Tue Dec 02 19:28:19 UTC 2025","passed","Tue Dec 02 19:28:19 UTC 2025","","Location multiaddr","",""
"","0","Cap max size when a pushed array is exceeding the cap","MemLocalHistory","Tue Dec 02 19:29:06 UTC 2025","passed","Tue Dec 02 19:29:06 UTC 2025","","","",""
"","0","should drop only non-locked connections when over maxConnections","ConnectionLimiter","Tue Dec 02 19:28:27 UTC 2025","passed","Tue Dec 02 19:28:27 UTC 2025","","maintainConnectionsCount","",""
"","1","Unsubscribe topics the node is not subscribed to","Waku Filter: Unsubscribe: Multiple Nodes: Strict Checking: true","Tue Dec 02 19:32:05 UTC 2025","passed","Tue Dec 02 19:32:05 UTC 2025","","","",""
"","1","Check meta is set [ecies]","Ecies Encryption","Tue Dec 02 19:28:47 UTC 2025","passed","Tue Dec 02 19:28:47 UTC 2025","","","",""
"","0","should clear existing timers before creating new ones","KeepAliveManager","Tue Dec 02 19:28:28 UTC 2025","passed","Tue Dec 02 19:28:28 UTC 2025","","timer cleanup","",""
"","0","throws if store query response has error status","StoreCore","Tue Dec 02 19:28:28 UTC 2025","passed","Tue Dec 02 19:28:28 UTC 2025","","queryPerPage","",""
"","1","Symmetric encrypt & Decrypt","Waku Encryption","Tue Dec 02 19:28:46 UTC 2025","passed","Tue Dec 02 19:28:46 UTC 2025","","","",""
"","1","Push message with content topic containing numeric","Waku Light Push (legacy=v3): Multiple Nodes: Strict Check: true","Tue Dec 02 19:47:15 UTC 2025","passed","Tue Dec 02 19:47:15 UTC 2025","","","",""
"","0","Encoder throws on undefined content topic","Ensures content topic is defined","Tue Dec 02 19:28:47 UTC 2025","passed","Tue Dec 02 19:28:47 UTC 2025","","","",""
"","0","Subscribe to topic containing Arabic and receive message","Waku Filter: Subscribe: Multiple Service Nodes: Strict Check mode: false","Tue Dec 02 19:37:28 UTC 2025","passed","Tue Dec 02 19:37:28 UTC 2025","","","",""
"","0","Check received message containing XML","Waku Filter: FilterPush: Multiple Nodes: Strict Checking: false","Tue Dec 02 19:37:06 UTC 2025","passed","Tue Dec 02 19:37:06 UTC 2025","","","",""
"","0","should hash ""!@#$%^&*()"" with n=2 and maxValue=100 correctly","hashN","Tue Dec 02 19:29:03 UTC 2025","passed","Tue Dec 02 19:29:03 UTC 2025","","","",""
"","1","ENRTree (tree): should error if DNS tree entry is mis-prefixed","ENRTree","Tue Dec 02 19:28:36 UTC 2025","passed","Tue Dec 02 19:28:36 UTC 2025","","","",""
"","0","Push message with custom timestamp: 1733945406752","Waku Light Push (legacy=v3): Multiple Nodes: Strict Check: true","Tue Dec 02 19:47:15 UTC 2025","passed","Tue Dec 02 19:47:15 UTC 2025","","","",""
"","1","should process up to 3 peers at once","Dialer","Tue Dec 02 19:28:27 UTC 2025","passed","Tue Dec 02 19:28:27 UTC 2025","","queue processing","",""
"","0","should handle peer not in mesh for all topics","KeepAliveManager","Tue Dec 02 19:28:28 UTC 2025","passed","Tue Dec 02 19:28:28 UTC 2025","","edge cases","",""
"","4","should never report false negatives","BloomFilter","Tue Dec 02 19:29:03 UTC 2025","passed","Tue Dec 02 19:29:03 UTC 2025","","","",""
"","0","should be able to decode the field with only STORE set to true","ENR waku2 codec","Tue Dec 02 19:28:18 UTC 2025","passed","Tue Dec 02 19:28:18 UTC 2025","","Decoding","",""
"","0","Push message with content topic containing emoji","Waku Light Push (legacy=v2): Multiple Nodes: Strict Check: false","Tue Dec 02 19:47:15 UTC 2025","passed","Tue Dec 02 19:47:15 UTC 2025","","","",""
"","1","should create QueryOnConnect instance without options","QueryOnConnect","Tue Dec 02 19:29:17 UTC 2025","passed","Tue Dec 02 19:29:17 UTC 2025","","constructor","",""
"","3","should not receive a peer event after stop","Peer Exchange","Tue Dec 02 19:33:09 UTC 2025","passed","Tue Dec 02 19:33:09 UTC 2025","interface-peer-discovery compliance tests","Compliance Test","",""
"","7","should be able to dial TLS multiaddrs","Dialing","Tue Dec 02 19:31:10 UTC 2025","passed","Tue Dec 02 19:31:10 UTC 2025","","","",""
"","0","should not receive a peer event before start","DNS Discovery: Compliance Test","Tue Dec 02 19:29:46 UTC 2025","passed","Tue Dec 02 19:29:46 UTC 2025","","interface-peer-discovery compliance tests","",""
"","0","should emit a peer event after start","Peer Exchange","Tue Dec 02 19:33:09 UTC 2025","passed","Tue Dec 02 19:33:09 UTC 2025","interface-peer-discovery compliance tests","Compliance Test","",""
"","0","Subscribe to topic containing SQL Injection and publish message","Waku Relay, Subscribe","Tue Dec 02 19:32:36 UTC 2025","passed","Tue Dec 02 19:32:36 UTC 2025","","","",""
"","0","should ensure monotonic increase","lamportTimestampIncrement","Tue Dec 02 19:29:07 UTC 2025","passed","Tue Dec 02 19:29:07 UTC 2025","","","",""
"","0","should set field with only RELAY enabled","ENR","Tue Dec 02 19:28:19 UTC 2025","passed","Tue Dec 02 19:28:19 UTC 2025","","waku2 key round trip","",""
"","0","should perform initial health assessment on start","HealthIndicator","Tue Dec 02 19:29:17 UTC 2025","passed","Tue Dec 02 19:29:17 UTC 2025","","","",""
"","0","Fails to publish duplicate message","Waku Relay, Publish","Tue Dec 02 19:32:28 UTC 2025","passed","Tue Dec 02 19:32:28 UTC 2025","","","",""
"","0","should correctly map /myapp/1/latest/proto to shard index 0","contentTopicToShardIndex","Tue Dec 02 19:28:13 UTC 2025","passed","Tue Dec 02 19:28:13 UTC 2025","","","",""
"","4","should hash ""test123"" with n=2 and maxValue=100 correctly","hashN","Tue Dec 02 19:29:03 UTC 2025","passed","Tue Dec 02 19:29:03 UTC 2025","","","",""
"","1","Throws when trying to push message with empty payload","Waku Light Push (legacy=v2): Multiple Nodes: Strict Check: true","Tue Dec 02 19:47:15 UTC 2025","passed","Tue Dec 02 19:47:15 UTC 2025","","","",""
"","0","should maintain desired error rate","BloomFilter","Tue Dec 02 19:29:03 UTC 2025","passed","Tue Dec 02 19:29:03 UTC 2025","","","",""
"","0","should throw error - no public key","ENR","Tue Dec 02 19:28:19 UTC 2025","passed","Tue Dec 02 19:28:19 UTC 2025","","Txt codec","",""
"","0","Fails to publish message with size larger than 1 MB","Waku Relay, Publish","Tue Dec 02 19:32:28 UTC 2025","passed","Tue Dec 02 19:32:28 UTC 2025","","","",""
"","0","Push message with content topic containing long","Waku Light Push (legacy=v2): Multiple Nodes: Strict Check: false","Tue Dec 02 19:47:15 UTC 2025","passed","Tue Dec 02 19:47:15 UTC 2025","","","",""
"","1","should return PeerId when Multiaddr input is provided","mapToPeerId","Tue Dec 02 19:28:27 UTC 2025","passed","Tue Dec 02 19:28:27 UTC 2025","","","",""
"","0","Push message with content topic containing JSON","Waku Light Push (legacy=v3): Multiple Nodes: Strict Check: false","Tue Dec 02 19:47:15 UTC 2025","passed","Tue Dec 02 19:47:15 UTC 2025","","","",""
"","0","throws on content topic with too few or too many fields","ensureValidContentTopic","Tue Dec 02 19:28:13 UTC 2025","passed","Tue Dec 02 19:28:13 UTC 2025","","","",""
"","1","should throw an error for non-numeric shard: /waku/2/rs/1/!","pubsubTopicToSingleShardInfo with various invalid formats","Tue Dec 02 19:28:13 UTC 2025","passed","Tue Dec 02 19:28:13 UTC 2025","","","",""
"","1","should be safe to call multiple times","ConnectionLimiter","Tue Dec 02 19:28:27 UTC 2025","passed","Tue Dec 02 19:28:27 UTC 2025","","stop","",""
"","1","should process tasks in queue","RetryManager","Tue Dec 02 19:29:15 UTC 2025","passed","Tue Dec 02 19:29:15 UTC 2025","","","",""
"","1","Query generator for multiple messages with different content topic format","Waku Store, general","Tue Dec 02 19:34:07 UTC 2025","passed","Tue Dec 02 19:34:07 UTC 2025","","","",""
"","1","should hash ""hello"" with n=2 and maxValue=100 correctly","hashN","Tue Dec 02 19:29:03 UTC 2025","passed","Tue Dec 02 19:29:03 UTC 2025","","","",""
"","0","random static sharding 3 - Cluster ID: 271, Shard ID: 211","Static Sharding: Running Nodes","Tue Dec 02 19:34:33 UTC 2025","passed","Tue Dec 02 19:34:33 UTC 2025","","","",""
"","2","should continually clean up expired entries at intervals","TTLSet","Tue Dec 02 19:29:15 UTC 2025","passed","Tue Dec 02 19:29:15 UTC 2025","","","",""
"","0","Push message with long payload","Waku Light Push (legacy=v3): Multiple Nodes: Strict Check: true","Tue Dec 02 19:47:15 UTC 2025","passed","Tue Dec 02 19:47:15 UTC 2025","","","",""
"","0","should hash ""test123"" with n=0 and maxValue=1000 correctly","hashN","Tue Dec 02 19:29:03 UTC 2025","passed","Tue Dec 02 19:29:03 UTC 2025","","","",""
"","0","should drop connection via multiaddr with hangUp","Dialing","Tue Dec 02 19:31:10 UTC 2025","passed","Tue Dec 02 19:31:10 UTC 2025","","","",""
"","1","should not fail to stop the service if it was not started","DNS Discovery: Compliance Test","Tue Dec 02 19:29:46 UTC 2025","passed","Tue Dec 02 19:29:46 UTC 2025","","interface-peer-discovery compliance tests","",""
"","0","Refresh subscription","Waku Filter: Subscribe: Multiple Service Nodes: Strict Check mode: false","Tue Dec 02 19:37:28 UTC 2025","passed","Tue Dec 02 19:37:28 UTC 2025","","","",""
"","1","should serialize and deserialize correctly","BloomFilter","Tue Dec 02 19:29:03 UTC 2025","passed","Tue Dec 02 19:29:03 UTC 2025","","","",""
"","1","Error when try to subscribe to more than 101 topics (new limit)","Waku Filter: Subscribe: Multiple Service Nodes: Strict Check mode: true","Tue Dec 02 19:37:28 UTC 2025","passed","Tue Dec 02 19:37:28 UTC 2025","","","",""
"","2","Waku message hash computation (payload length 0)","Message Hash: RFC Test Vectors","Tue Dec 02 19:28:27 UTC 2025","passed","Tue Dec 02 19:28:27 UTC 2025","","","",""
"","1","should throw an error for non-numeric shard: /waku/2/rs/1/\","pubsubTopicToSingleShardInfo with various invalid formats","Tue Dec 02 19:28:13 UTC 2025","passed","Tue Dec 02 19:28:13 UTC 2025","","","",""
"","0","Push message with content topic containing special chars","Waku Light Push (legacy=v2): Multiple Nodes: Strict Check: true","Tue Dec 02 19:47:15 UTC 2025","passed","Tue Dec 02 19:47:15 UTC 2025","","","",""
"","0","messageHashStr works with IProtoMessage","messageHash and messageHashStr","Tue Dec 02 19:28:27 UTC 2025","passed","Tue Dec 02 19:28:27 UTC 2025","","","",""
"","0","Push message with content topic containing unicode special characters","Waku Light Push (legacy=v3): Multiple Nodes: Strict Check: false","Tue Dec 02 19:47:15 UTC 2025","passed","Tue Dec 02 19:47:15 UTC 2025","","","",""
"","0","can start the service","Peer Cache Discovery","Tue Dec 02 19:28:40 UTC 2025","passed","Tue Dec 02 19:28:40 UTC 2025","interface-peer-discovery compliance tests","Compliance Tests","",""
"","0","should not receive a peer event before start","Peer Cache Discovery","Tue Dec 02 19:28:40 UTC 2025","passed","Tue Dec 02 19:28:40 UTC 2025","interface-peer-discovery compliance tests","Compliance Tests","",""
"","0","Subscribe at once to 10000 topics and publish messages","Waku Relay, Subscribe","Tue Dec 02 19:32:36 UTC 2025","passed","Tue Dec 02 19:32:36 UTC 2025","","","",""
"","0","should be empty when created","Filter Subscription","Tue Dec 02 19:29:17 UTC 2025","passed","Tue Dec 02 19:29:17 UTC 2025","","","",""
"","1","Correctly serialized arguments","nwaku","Tue Dec 02 19:31:10 UTC 2025","passed","Tue Dec 02 19:31:10 UTC 2025","","","",""
"","0","Encoder error raises irrecoverable error","Reliable Channel: Encryption","Tue Dec 02 19:29:19 UTC 2025","passed","Tue Dec 02 19:29:19 UTC 2025","","","",""
"","3","can start the service","Peer Exchange","Tue Dec 02 19:33:09 UTC 2025","passed","Tue Dec 02 19:33:09 UTC 2025","interface-peer-discovery compliance tests","Compliance Test","",""
"","1","Push message with content topic containing special chars","Waku Light Push (legacy=v2): Multiple Nodes: Strict Check: false","Tue Dec 02 19:47:15 UTC 2025","passed","Tue Dec 02 19:47:15 UTC 2025","","","",""
"","0","should track probabilistic acknowledgements of messages received in bloom filter","MessageChannel","Tue Dec 02 19:29:07 UTC 2025","passed","Tue Dec 02 19:29:07 UTC 2025","","reviewing ack status","",""
"","0","Encoder throws on empty string content topic","Ensures content topic is defined","Tue Dec 02 19:28:47 UTC 2025","passed","Tue Dec 02 19:28:47 UTC 2025","","","",""
"","1","should handle zero peers request","PeerExchange","Tue Dec 02 19:28:36 UTC 2025","passed","Tue Dec 02 19:28:36 UTC 2025","","query","",""
"","1","Retries within given interval","Retry Manager","Tue Dec 02 19:29:18 UTC 2025","passed","Tue Dec 02 19:29:18 UTC 2025","","","",""
"","0","should not dispatch event when already connected","NetworkMonitor","Tue Dec 02 19:28:26 UTC 2025","passed","Tue Dec 02 19:28:26 UTC 2025","","peer connection events","",""
"","0","should clear all timers","KeepAliveManager","Tue Dec 02 19:28:28 UTC 2025","passed","Tue Dec 02 19:28:28 UTC 2025","","stop","",""
"","1","should not fail to start the service if it is already started","DNS Discovery: Compliance Test","Tue Dec 02 19:29:46 UTC 2025","passed","Tue Dec 02 19:29:46 UTC 2025","","interface-peer-discovery compliance tests","",""
"","1","Emits 'syncing' then 'synced' when message flagged as missing and then received","Sync Status","Tue Dec 02 19:29:18 UTC 2025","passed","Tue Dec 02 19:29:18 UTC 2025","","","",""
"","0","should skip peer when already connected","Dialer","Tue Dec 02 19:28:27 UTC 2025","passed","Tue Dec 02 19:28:27 UTC 2025","","dial","",""
"","0","Push message with content topic containing Arabic","Waku Light Push (legacy=v2): Multiple Nodes: Strict Check: false","Tue Dec 02 19:47:15 UTC 2025","passed","Tue Dec 02 19:47:15 UTC 2025","","","",""
"","0","Rejects garbage","Message Validator","Tue Dec 02 19:29:27 UTC 2025","passed","Tue Dec 02 19:29:27 UTC 2025","","","",""
"","0","Subscribe to topic containing short and receive message","Waku Filter: Subscribe: Multiple Service Nodes: Strict Check mode: true","Tue Dec 02 19:37:28 UTC 2025","passed","Tue Dec 02 19:37:28 UTC 2025","","","",""
"","0","Fails to publish message with wrong pubsubtopic","Waku Relay, Publish","Tue Dec 02 19:32:28 UTC 2025","passed","Tue Dec 02 19:32:28 UTC 2025","","","",""
"","0","throws on content topic with empty version field","ensureValidContentTopic","Tue Dec 02 19:28:13 UTC 2025","passed","Tue Dec 02 19:28:13 UTC 2025","","","",""
"","1","should be safe to call multiple times","ConnectionManager","Tue Dec 02 19:28:28 UTC 2025","passed","Tue Dec 02 19:28:28 UTC 2025","","start","",""
"","2","Init the array if not present","pushOrInitMapSet","Tue Dec 02 19:28:13 UTC 2025","passed","Tue Dec 02 19:28:13 UTC 2025","","","",""
"","0","should wait for Store peer to be connected","waitForRemotePeer","Tue Dec 02 19:29:18 UTC 2025","passed","Tue Dec 02 19:29:18 UTC 2025","","","",""
"","0","Push message with Script payload","Waku Light Push (legacy=v3): Multiple Nodes: Strict Check: false","Tue Dec 02 19:47:15 UTC 2025","passed","Tue Dec 02 19:47:15 UTC 2025","","","",""
"","0","should hash ""!@#$%^&*()"" with n=5 and maxValue=10000 correctly","hashN","Tue Dec 02 19:29:03 UTC 2025","passed","Tue Dec 02 19:29:03 UTC 2025","","","",""
"","0","Push message with Basic HTML tag payload","Waku Light Push (legacy=v2): Multiple Nodes: Strict Check: true","Tue Dec 02 19:47:15 UTC 2025","passed","Tue Dec 02 19:47:15 UTC 2025","","","",""
"","0","3 nodes on /waku/2/rs/3/2 topic","Waku Relay, static sharding, multiple pubsub topics","Tue Dec 02 19:32:22 UTC 2025","passed","Tue Dec 02 19:32:22 UTC 2025","","","",""
"","1","should create ShardReader with auto sharding network config","ShardReader","Tue Dec 02 19:28:27 UTC 2025","passed","Tue Dec 02 19:28:27 UTC 2025","","constructor","",""
"","1","Subscribe to topic containing long and publish message","Waku Relay, Subscribe","Tue Dec 02 19:32:36 UTC 2025","passed","Tue Dec 02 19:32:36 UTC 2025","","","",""
"","1","can start and stop the service","DNS Discovery: Compliance Test","Tue Dec 02 19:29:46 UTC 2025","passed","Tue Dec 02 19:29:46 UTC 2025","","interface-peer-discovery compliance tests","",""
"","0","should return NO_PEER_AVAILABLE when peer is not in peer store","PeerExchange","Tue Dec 02 19:28:36 UTC 2025","passed","Tue Dec 02 19:28:36 UTC 2025","","query","",""
"","0","should work with stubbed peer manager event emitter","QueryOnConnect","Tue Dec 02 19:29:17 UTC 2025","passed","Tue Dec 02 19:29:17 UTC 2025","","mock validation","",""
"","1","Push to array if already present","pushOrInitMapSet","Tue Dec 02 19:28:13 UTC 2025","passed","Tue Dec 02 19:28:13 UTC 2025","","","",""
"","1","Passing page size 3 when there are 20 messages","Waku Store, page size","Tue Dec 02 19:34:28 UTC 2025","passed","Tue Dec 02 19:34:28 UTC 2025","","","",""
"","1","should hash ""hello"" with n=1 and maxValue=1000 correctly","hashN","Tue Dec 02 19:29:03 UTC 2025","passed","Tue Dec 02 19:29:03 UTC 2025","","","",""
"","0","Push message with content topic containing long","Waku Light Push (legacy=v2): Multiple Nodes: Strict Check: true","Tue Dec 02 19:47:15 UTC 2025","passed","Tue Dec 02 19:47:15 UTC 2025","","","",""
"","0","should set field with all protocols disabled","ENR","Tue Dec 02 19:28:19 UTC 2025","passed","Tue Dec 02 19:28:19 UTC 2025","","waku2 key round trip","",""
"","0","should return true for sync message with causal history","Reliable Channel","Tue Dec 02 19:29:21 UTC 2025","passed","Tue Dec 02 19:29:21 UTC 2025","","isChannelMessageWithCausalHistory predicate","",""
"","0","Push message with JSON payload","Waku Light Push (legacy=v2): Multiple Nodes: Strict Check: false","Tue Dec 02 19:47:15 UTC 2025","passed","Tue Dec 02 19:47:15 UTC 2025","","","",""
"","0","should return DECODE_FAILED when RPC decode fails","PeerExchange","Tue Dec 02 19:28:36 UTC 2025","passed","Tue Dec 02 19:28:36 UTC 2025","","query","",""
"","0","Publishes to nwaku","Waku Relay, Interop","Tue Dec 02 19:32:18 UTC 2025","passed","Tue Dec 02 19:32:18 UTC 2025","","","",""
"","1","Add multiple subscription objects on single nwaku node","Waku Filter: Subscribe: Multiple Service Nodes: Strict Check mode: false","Tue Dec 02 19:37:28 UTC 2025","passed","Tue Dec 02 19:37:28 UTC 2025","","","",""
"","1","topics with same application and version share the same shard","contentTopicToShardIndex","Tue Dec 02 19:28:13 UTC 2025","passed","Tue Dec 02 19:28:13 UTC 2025","","","",""
"","1","should handle ENR without shardInfo","PeerExchangeDiscovery","Tue Dec 02 19:28:36 UTC 2025","passed","Tue Dec 02 19:28:36 UTC 2025","","query","",""
"","1","Push message with content topic containing numeric","Waku Light Push (legacy=v2): Multiple Nodes: Strict Check: true","Tue Dec 02 19:47:15 UTC 2025","passed","Tue Dec 02 19:47:15 UTC 2025","","","",""
"","0","should not fail to stop the service if it was not started","Peer Exchange","Tue Dec 02 19:33:09 UTC 2025","passed","Tue Dec 02 19:33:09 UTC 2025","interface-peer-discovery compliance tests","Compliance Test","",""
"","0","Push message with content topic containing JSON","Waku Light Push (legacy=v2): Multiple Nodes: Strict Check: true","Tue Dec 02 19:47:15 UTC 2025","passed","Tue Dec 02 19:47:15 UTC 2025","","","",""
"","1","should hash ""!@#$%^&*()"" with n=0 and maxValue=1000 correctly","hashN","Tue Dec 02 19:29:03 UTC 2025","passed","Tue Dec 02 19:29:03 UTC 2025","","","",""
"","1","should return EMPTY_PAYLOAD when response field is missing","PeerExchange","Tue Dec 02 19:28:36 UTC 2025","passed","Tue Dec 02 19:28:36 UTC 2025","","query","",""
"","9","should clear all entries","IncomingRepairBuffer","Tue Dec 02 19:29:03 UTC 2025","passed","Tue Dec 02 19:29:03 UTC 2025","","","",""
"","2","should discover peers from provided peer cache","Peer Cache Discovery","Tue Dec 02 19:31:16 UTC 2025","passed","Tue Dec 02 19:31:16 UTC 2025","","","",""
"","0","Check received message containing SQL Injection","Waku Filter: FilterPush: Multiple Nodes: Strict Checking: false","Tue Dec 02 19:37:06 UTC 2025","passed","Tue Dec 02 19:37:06 UTC 2025","","","",""
"","0","recovers when dns.resolve returns empty","DNS Node Discovery","Tue Dec 02 19:28:36 UTC 2025","passed","Tue Dec 02 19:28:36 UTC 2025","","","",""
"","0","Check received message containing Script","Waku Filter: FilterPush: Multiple Nodes: Strict Checking: false","Tue Dec 02 19:37:06 UTC 2025","passed","Tue Dec 02 19:37:06 UTC 2025","","","",""
"","1","Waku message hash computation (message is IProtoMessage with version)","Message Hash: RFC Test Vectors","Tue Dec 02 19:28:27 UTC 2025","passed","Tue Dec 02 19:28:27 UTC 2025","","","",""
"","1","messageHashStr produces different results for different inputs","messageHash and messageHashStr","Tue Dec 02 19:28:27 UTC 2025","passed","Tue Dec 02 19:28:27 UTC 2025","","","",""
"","1","should stop query when sync message from same channel is found","Reliable Channel","Tue Dec 02 19:29:21 UTC 2025","passed","Tue Dec 02 19:29:21 UTC 2025","","stopIfTrue Integration with QueryOnConnect","",""
"","0","should be able to decode the field with RELAY and FILTER protocols set to true","ENR waku2 codec","Tue Dec 02 19:28:18 UTC 2025","passed","Tue Dec 02 19:28:18 UTC 2025","","Decoding","",""
"","0","should use current time when it's greater than incremented timestamp","lamportTimestampIncrement","Tue Dec 02 19:29:07 UTC 2025","passed","Tue Dec 02 19:29:07 UTC 2025","","","",""
"","1","Check publish message containing JSON","Waku Relay, Publish","Tue Dec 02 19:32:28 UTC 2025","passed","Tue Dec 02 19:32:28 UTC 2025","","","",""
"","1","should handle peer store errors gracefully","HealthIndicator","Tue Dec 02 19:29:17 UTC 2025","passed","Tue Dec 02 19:29:17 UTC 2025","","","",""
"","0","should dial peer when peer is discovered","DiscoveryDialer","Tue Dec 02 19:28:27 UTC 2025","passed","Tue Dec 02 19:28:27 UTC 2025","","peer discovery handling","",""
"","0","should dial all remaining peers","ConnectionLimiter","Tue Dec 02 19:28:27 UTC 2025","passed","Tue Dec 02 19:28:27 UTC 2025","","dialPeersFromStore","",""
"","0","Sets default value correctly","User Agent","Tue Dec 02 19:34:40 UTC 2025","passed","Tue Dec 02 19:34:40 UTC 2025","","","",""
"","0","should dial all known peers when reached zero connections","Connection Limiter","Tue Dec 02 19:30:24 UTC 2025","passed","Tue Dec 02 19:30:24 UTC 2025","","","",""
"","0","Default pageSize","Waku Store, page size","Tue Dec 02 19:34:28 UTC 2025","passed","Tue Dec 02 19:34:28 UTC 2025","","","",""
"","0","should allow a peer to be returned again after renewPeer is called","PeerManager","Tue Dec 02 19:29:16 UTC 2025","passed","Tue Dec 02 19:29:16 UTC 2025","","","",""
"","0","should set field with only FILTER enabled","ENR","Tue Dec 02 19:28:19 UTC 2025","passed","Tue Dec 02 19:28:19 UTC 2025","","waku2 key round trip","",""
"","0","Subscribe to topic containing special chars and receive message","Waku Filter: Subscribe: Multiple Service Nodes: Strict Check mode: true","Tue Dec 02 19:37:28 UTC 2025","passed","Tue Dec 02 19:37:28 UTC 2025","","","",""
"","1","Passing page size 0 when there are 110 messages","Waku Store, page size","Tue Dec 02 19:34:28 UTC 2025","passed","Tue Dec 02 19:34:28 UTC 2025","","","",""
"","0","Check received message containing numeric","Waku Filter: FilterPush: Multiple Nodes: Strict Checking: false","Tue Dec 02 19:37:06 UTC 2025","passed","Tue Dec 02 19:37:06 UTC 2025","","","",""
"","0","should throw an error for non-numeric shard: /waku/2/rs/1/x","pubsubTopicToSingleShardInfo with various invalid formats","Tue Dec 02 19:28:13 UTC 2025","passed","Tue Dec 02 19:28:13 UTC 2025","","","",""
"","0","should properly create location multiaddrs - udp6","ENR","Tue Dec 02 19:28:19 UTC 2025","passed","Tue Dec 02 19:28:19 UTC 2025","","Location multiaddr","",""
"","1","should dial with multiaddr and return stream","ConnectionManager","Tue Dec 02 19:28:28 UTC 2025","passed","Tue Dec 02 19:28:28 UTC 2025","","dial","",""
"","0","should reject if LightPush is requested but not mounted","waitForRemotePeer","Tue Dec 02 19:29:18 UTC 2025","passed","Tue Dec 02 19:29:18 UTC 2025","","","",""
"","1","should handle renewPeer for a non-existent or disconnected peer gracefully","PeerManager","Tue Dec 02 19:29:16 UTC 2025","passed","Tue Dec 02 19:29:16 UTC 2025","","","",""
"","0","should remove messages without delivering if timeout is exceeded","MessageChannel","Tue Dec 02 19:29:07 UTC 2025","passed","Tue Dec 02 19:29:07 UTC 2025","","Sweeping incoming buffer","",""
"","0","should retry if all attempts fail","RetryManager","Tue Dec 02 19:29:15 UTC 2025","passed","Tue Dec 02 19:29:15 UTC 2025","","","",""
"","1","should handle relay send failures gracefully","KeepAliveManager","Tue Dec 02 19:28:28 UTC 2025","passed","Tue Dec 02 19:28:28 UTC 2025","","relay timer management","",""
"","0","should handle complete dial lifecycle","Dialer","Tue Dec 02 19:28:27 UTC 2025","passed","Tue Dec 02 19:28:27 UTC 2025","","integration","",""
"","0","should throw an error for invalid PubsubTopic format: /waku/2/rs/1/2/extra","pubsubTopicToSingleShardInfo with various invalid formats","Tue Dec 02 19:28:13 UTC 2025","passed","Tue Dec 02 19:28:13 UTC 2025","","","",""
"","0","should hash ""!@#$%^&*()"" with n=5 and maxValue=100 correctly","hashN","Tue Dec 02 19:29:03 UTC 2025","passed","Tue Dec 02 19:29:03 UTC 2025","","","",""
"","1","should drop excess bootstrap peers if over maxBootstrapPeers","ConnectionLimiter","Tue Dec 02 19:28:27 UTC 2025","passed","Tue Dec 02 19:28:27 UTC 2025","","maintainBootstrapConnections","",""
"","0","should extract SingleShardInfo from a valid PubsubTopic","pubsubTopicToSingleShardInfo with various invalid formats","Tue Dec 02 19:28:13 UTC 2025","passed","Tue Dec 02 19:28:13 UTC 2025","","","",""
"","0","should handle empty pubsub topics","KeepAliveManager","Tue Dec 02 19:28:28 UTC 2025","passed","Tue Dec 02 19:28:28 UTC 2025","","edge cases","",""
"","1","Subscribe and publish 10000 messages on the same topic","Waku Relay, Subscribe","Tue Dec 02 19:32:36 UTC 2025","passed","Tue Dec 02 19:32:36 UTC 2025","","","",""
"","1","should check false positive rate","BloomFilter with special patterns","Tue Dec 02 19:29:03 UTC 2025","passed","Tue Dec 02 19:29:03 UTC 2025","","","",""
"","1","ENRTree (root): should parse and verify and DNS root entry","ENRTree","Tue Dec 02 19:28:36 UTC 2025","passed","Tue Dec 02 19:28:36 UTC 2025","","","",""
"","0","should not create multiple intervals when called multiple times","Dialer","Tue Dec 02 19:28:27 UTC 2025","passed","Tue Dec 02 19:28:27 UTC 2025","","start","",""
"","2","returns all values when wanted number matches available values","Discovery","Tue Dec 02 19:28:35 UTC 2025","passed","Tue Dec 02 19:28:35 UTC 2025","","","",""
"","1","First message is missed, then re-sent, should be ack'd","MessageChannel","Tue Dec 02 19:29:07 UTC 2025","passed","Tue Dec 02 19:29:07 UTC 2025","","reviewing ack status","",""
"","0","should add CONNECTION_LOCKED_TAG to peer connections when locking","PeerManager","Tue Dec 02 19:29:16 UTC 2025","passed","Tue Dec 02 19:29:16 UTC 2025","","","",""
"","1","should throw an error for non-numeric clusterId: /waku/2/rs/x/1","pubsubTopicToSingleShardInfo with various invalid formats","Tue Dec 02 19:28:13 UTC 2025","passed","Tue Dec 02 19:28:13 UTC 2025","","","",""
"","0","Push message with XML payload","Waku Light Push (legacy=v3): Multiple Nodes: Strict Check: true","Tue Dec 02 19:47:15 UTC 2025","passed","Tue Dec 02 19:47:15 UTC 2025","","","",""
"","0","Check received message with timestamp: 1764703781157000000 ","Waku Filter: FilterPush: Multiple Nodes: Strict Checking: false","Tue Dec 02 19:37:06 UTC 2025","passed","Tue Dec 02 19:37:06 UTC 2025","","","",""
"","0","should get / set UDP multiaddr","ENR","Tue Dec 02 19:28:19 UTC 2025","passed","Tue Dec 02 19:28:19 UTC 2025","","Multiaddr getters and setters","",""
"","1","Push message equal or less that 1MB","Waku Light Push (legacy=v3): Multiple Nodes: Strict Check: false","Tue Dec 02 19:47:15 UTC 2025","passed","Tue Dec 02 19:47:15 UTC 2025","","","",""
"","1","Push message with unicode special characters payload","Waku Light Push (legacy=v3): Multiple Nodes: Strict Check: true","Tue Dec 02 19:47:15 UTC 2025","passed","Tue Dec 02 19:47:15 UTC 2025","","","",""
"","0","Push message with content topic containing Arabic","Waku Light Push (legacy=v2): Multiple Nodes: Strict Check: true","Tue Dec 02 19:47:15 UTC 2025","passed","Tue Dec 02 19:47:15 UTC 2025","","","",""
"","1","should stop ping timers on peer disconnect","KeepAliveManager","Tue Dec 02 19:28:28 UTC 2025","passed","Tue Dec 02 19:28:28 UTC 2025","","peer disconnect event handling","",""
"","1","should not be added to outgoing buffer, bloom filter, or local log","MessageChannel","Tue Dec 02 19:29:07 UTC 2025","passed","Tue Dec 02 19:29:07 UTC 2025","","Sync messages","",""
"","1","should initialize with Unhealthy status","HealthIndicator","Tue Dec 02 19:29:17 UTC 2025","passed","Tue Dec 02 19:29:17 UTC 2025","","","",""
"","0","should not receive a peer event after stop","Peer Cache Discovery","Tue Dec 02 19:28:40 UTC 2025","passed","Tue Dec 02 19:28:40 UTC 2025","interface-peer-discovery compliance tests","Compliance Tests","",""
"","0","should update peers in cache on 'peer:identify' event","Peer Cache Discovery","Tue Dec 02 19:28:40 UTC 2025","passed","Tue Dec 02 19:28:40 UTC 2025","","Unit Tests","",""
"","0","Overlapping topic subscription","Waku Filter: Subscribe: Multiple Service Nodes: Strict Check mode: true","Tue Dec 02 19:37:28 UTC 2025","passed","Tue Dec 02 19:37:28 UTC 2025","","","",""
"","0","throws on content topic with generation field greater than 0","ensureValidContentTopic","Tue Dec 02 19:28:13 UTC 2025","passed","Tue Dec 02 19:28:13 UTC 2025","","","",""
"","0","should continue query when messages are from different channels","Reliable Channel","Tue Dec 02 19:29:21 UTC 2025","passed","Tue Dec 02 19:29:21 UTC 2025","","stopIfTrue Integration with QueryOnConnect","",""
"","0","Push message with emoji payload","Waku Light Push (legacy=v2): Multiple Nodes: Strict Check: true","Tue Dec 02 19:47:15 UTC 2025","passed","Tue Dec 02 19:47:15 UTC 2025","","","",""
"","1","should throw error - invalid id","ENR","Tue Dec 02 19:28:19 UTC 2025","passed","Tue Dec 02 19:28:19 UTC 2025","","Verify","",""
"","0","should return usable stream attached to connection","StreamManager","Tue Dec 02 19:28:28 UTC 2025","passed","Tue Dec 02 19:28:28 UTC 2025","","","",""
"","0","same cluster, static sharding: nodes connect","Metadata Protocol","Tue Dec 02 19:31:13 UTC 2025","passed","Tue Dec 02 19:31:13 UTC 2025","","static sharding","",""
"","4","should handle queue processing errors gracefully","Dialer","Tue Dec 02 19:28:27 UTC 2025","passed","Tue Dec 02 19:28:27 UTC 2025","","queue processing","",""
"","1","different cluster: nodes don't connect","Metadata Protocol","Tue Dec 02 19:31:13 UTC 2025","passed","Tue Dec 02 19:31:13 UTC 2025","","auto sharding","",""
"","0","Publish message with rate limit","Waku Relay, Publish","Tue Dec 02 19:32:28 UTC 2025","passed","Tue Dec 02 19:32:28 UTC 2025","","","",""
"","0","Subscribe to topic containing long and receive message","Waku Filter: Subscribe: Multiple Service Nodes: Strict Check mode: false","Tue Dec 02 19:37:28 UTC 2025","passed","Tue Dec 02 19:37:28 UTC 2025","","","",""
"","1","should correctly map /toychat/2/huilong/proto to shard index 3","contentTopicToShardIndex","Tue Dec 02 19:28:13 UTC 2025","passed","Tue Dec 02 19:28:13 UTC 2025","","","",""
"","0","should remove event listeners","KeepAliveManager","Tue Dec 02 19:28:28 UTC 2025","passed","Tue Dec 02 19:28:28 UTC 2025","","stop","",""
"","0","should retrieve 3 multiaddrs for sandbox.waku.nodes.status.im","DNS Node Discovery [live data]","Tue Dec 02 19:29:46 UTC 2025","skipped","Tue Dec 02 19:29:46 UTC 2025","","","",""
"","3","should hash """" with n=2 and maxValue=1000 correctly","hashN","Tue Dec 02 19:29:03 UTC 2025","passed","Tue Dec 02 19:29:03 UTC 2025","","","",""
"","1","Check received message containing shell command","Waku Filter: FilterPush: Multiple Nodes: Strict Checking: true","Tue Dec 02 19:37:06 UTC 2025","passed","Tue Dec 02 19:37:06 UTC 2025","","","",""
"","0","should be safe to call multiple times","ConnectionLimiter","Tue Dec 02 19:28:27 UTC 2025","passed","Tue Dec 02 19:28:27 UTC 2025","","start","",""
"","0","should evict furthest entry when buffer is full","IncomingRepairBuffer","Tue Dec 02 19:29:03 UTC 2025","passed","Tue Dec 02 19:29:03 UTC 2025","","","",""
"","0","should skip peers that were recently queried","PeerExchangeDiscovery","Tue Dec 02 19:28:36 UTC 2025","passed","Tue Dec 02 19:28:36 UTC 2025","","handlePeriodicDiscovery","",""
"","0","should invoke callbacks only when newly receiving message is given","Filter Subscription","Tue Dec 02 19:29:17 UTC 2025","passed","Tue Dec 02 19:29:17 UTC 2025","","","",""
"","0","random static sharding 5 - Cluster ID: 187, Shard ID: 674","Static Sharding: Running Nodes","Tue Dec 02 19:34:33 UTC 2025","passed","Tue Dec 02 19:34:33 UTC 2025","","","",""
"","1","Check received message containing XML","Waku Filter: FilterPush: Multiple Nodes: Strict Checking: true","Tue Dec 02 19:37:06 UTC 2025","passed","Tue Dec 02 19:37:06 UTC 2025","","","",""
"","0","isConnected return false after peer stops","Connection state","Tue Dec 02 19:30:02 UTC 2025","passed","Tue Dec 02 19:30:02 UTC 2025","","","",""
"","0","Passing a valid cursor at 19 index when there are 50 messages","Waku Store, cursor","Tue Dec 02 19:33:21 UTC 2025","passed","Tue Dec 02 19:33:21 UTC 2025","","","",""
"","0","should evict furthest entry when buffer is full","OutgoingRepairBuffer","Tue Dec 02 19:29:03 UTC 2025","passed","Tue Dec 02 19:29:03 UTC 2025","","","",""
"","0","should return false for content message without causal history","Reliable Channel","Tue Dec 02 19:29:21 UTC 2025","passed","Tue Dec 02 19:29:21 UTC 2025","","isChannelMessageWithCausalHistory predicate","",""
"","1","Push message with custom timestamp: 1733945406753","Waku Light Push (legacy=v3): Multiple Nodes: Strict Check: false","Tue Dec 02 19:47:15 UTC 2025","passed","Tue Dec 02 19:47:15 UTC 2025","","","",""
"","0","ends after yielding if response size indicates end","StoreCore","Tue Dec 02 19:28:28 UTC 2025","passed","Tue Dec 02 19:28:28 UTC 2025","","queryPerPage","",""
"","6","should send to specified number of peers of used peers","LightPush SDK","Tue Dec 02 19:29:16 UTC 2025","passed","Tue Dec 02 19:29:16 UTC 2025","","","",""
"","0","rejects hash query with time filter","StoreQueryRequest validation","Tue Dec 02 19:28:27 UTC 2025","passed","Tue Dec 02 19:28:27 UTC 2025","","","",""
"","1","should hash """" with n=5 and maxValue=100 correctly","hashN","Tue Dec 02 19:29:03 UTC 2025","passed","Tue Dec 02 19:29:03 UTC 2025","","","",""
"","1","should clear interval on stop","PeerExchangeDiscovery","Tue Dec 02 19:28:36 UTC 2025","passed","Tue Dec 02 19:28:36 UTC 2025","","continuous discovery interval","",""
"","1","Nwaku publishes","Waku Relay, Interop","Tue Dec 02 19:32:18 UTC 2025","passed","Tue Dec 02 19:32:18 UTC 2025","","","",""
"","1","Synced status is emitted when a missing message is received","Sync Status","Tue Dec 02 19:29:20 UTC 2025","passed","Tue Dec 02 19:29:20 UTC 2025","","","",""
"","0","should hash """" with n=5 and maxValue=10000 correctly","hashN","Tue Dec 02 19:29:03 UTC 2025","passed","Tue Dec 02 19:29:03 UTC 2025","","","",""
"","0","should hash """" with n=2 and maxValue=10000 correctly","hashN","Tue Dec 02 19:29:03 UTC 2025","passed","Tue Dec 02 19:29:03 UTC 2025","","","",""
"","1","Generator, 2 nwaku nodes each with different shards","Waku Store, different static shards","Tue Dec 02 19:33:26 UTC 2025","passed","Tue Dec 02 19:33:26 UTC 2025","","","",""
"","0","Subscribe to topic containing Script and publish message","Waku Relay, Subscribe","Tue Dec 02 19:32:36 UTC 2025","passed","Tue Dec 02 19:32:36 UTC 2025","","","",""
"","0","should return true for message with causal history","Reliable Channel","Tue Dec 02 19:29:21 UTC 2025","passed","Tue Dec 02 19:29:21 UTC 2025","","isChannelMessageWithCausalHistory predicate","",""
"","0","should process queue every 500ms","Dialer","Tue Dec 02 19:28:27 UTC 2025","passed","Tue Dec 02 19:28:27 UTC 2025","","queue processing","",""
"","2","should enable all discoveries when explicitly set","Default Peer Discoveries","Tue Dec 02 19:29:15 UTC 2025","passed","Tue Dec 02 19:29:15 UTC 2025","","","",""
"","1","should successfully stop","Filter SDK","Tue Dec 02 19:29:16 UTC 2025","passed","Tue Dec 02 19:29:16 UTC 2025","","","",""
"","0","px service nodes in same cluster, no matter the shard, should be dialed","Static Sharding: Peer Management","Tue Dec 02 19:33:00 UTC 2025","passed","Tue Dec 02 19:33:00 UTC 2025","","Peer Exchange","",""
"","0","Stops search when maxGet is reached","Fetch nodes","Tue Dec 02 19:28:35 UTC 2025","passed","Tue Dec 02 19:28:35 UTC 2025","","","",""
"","0","random auto sharding 3 - Cluster ID: 10, Content Topic: /app16/7/topic280/proto","Autosharding: Running Nodes","Tue Dec 02 19:34:16 UTC 2025","passed","Tue Dec 02 19:34:16 UTC 2025","","","",""
"","1","should hash """" with n=1 and maxValue=10000 correctly","hashN","Tue Dec 02 19:29:03 UTC 2025","passed","Tue Dec 02 19:29:03 UTC 2025","","","",""
"","0","msgTime: 19000 ms from now, startTime: 18990, endTime: 19010","Waku Store, time filter","Tue Dec 02 19:34:38 UTC 2025","passed","Tue Dec 02 19:34:38 UTC 2025","","","",""
"","0","should jump to current time when timestamp is far in the past","lamportTimestampIncrement","Tue Dec 02 19:29:07 UTC 2025","passed","Tue Dec 02 19:29:07 UTC 2025","","","",""
"","0","Register correct protocols","Waku Relay, Subscribe","Tue Dec 02 19:32:36 UTC 2025","passed","Tue Dec 02 19:32:36 UTC 2025","","","",""
"","1","throws on content topic with empty application field","ensureValidContentTopic","Tue Dec 02 19:28:13 UTC 2025","passed","Tue Dec 02 19:28:13 UTC 2025","","","",""
"","0","should add event listeners to libp2p","NetworkMonitor","Tue Dec 02 19:28:26 UTC 2025","passed","Tue Dec 02 19:28:26 UTC 2025","","start","",""
"","0","should create QueryOnConnect instance with all required parameters","QueryOnConnect","Tue Dec 02 19:29:17 UTC 2025","passed","Tue Dec 02 19:29:17 UTC 2025","","constructor","",""
"","1","Passing page size 11 when there are 10 messages","Waku Store, page size","Tue Dec 02 19:34:28 UTC 2025","passed","Tue Dec 02 19:34:28 UTC 2025","","","",""
"","0","Push message with content topic containing Russian","Waku Light Push (legacy=v3): Multiple Nodes: Strict Check: true","Tue Dec 02 19:47:15 UTC 2025","passed","Tue Dec 02 19:47:15 UTC 2025","","","",""
"","1","3 nodes on /waku/2/rs/7/1 topic","Waku Relay auto-sharding, multiple pubsub topics","Tue Dec 02 19:32:22 UTC 2025","passed","Tue Dec 02 19:32:22 UTC 2025","","","",""
"","1","should filter out undefined ENRs","PeerExchange","Tue Dec 02 19:28:36 UTC 2025","passed","Tue Dec 02 19:28:36 UTC 2025","","query","",""
"","0","should return PeerId when PeerId is provided","mapToPeerIdOrMultiaddr","Tue Dec 02 19:28:27 UTC 2025","passed","Tue Dec 02 19:28:27 UTC 2025","","","",""
"","0","Push message with content topic containing JSON","Waku Light Push (legacy=v3): Multiple Nodes: Strict Check: true","Tue Dec 02 19:47:15 UTC 2025","passed","Tue Dec 02 19:47:15 UTC 2025","","","",""
"","1","should be able to decode the field with only LIGHTPUSH set to true","ENR waku2 codec","Tue Dec 02 19:28:18 UTC 2025","passed","Tue Dec 02 19:28:18 UTC 2025","","Decoding","",""
"","0","should remove event listeners when stopped","QueryOnConnect","Tue Dec 02 19:29:17 UTC 2025","passed","Tue Dec 02 19:29:17 UTC 2025","","start and stop","",""
"","2","should successfully query peers and return peer infos","PeerExchange","Tue Dec 02 19:28:36 UTC 2025","passed","Tue Dec 02 19:28:36 UTC 2025","","query","",""
"","9","should return false when peer is not found","ShardReader","Tue Dec 02 19:28:27 UTC 2025","passed","Tue Dec 02 19:28:27 UTC 2025","","isPeerOnNetwork","",""
"","1","should have no discoveries enabled by default","Default Peer Discoveries","Tue Dec 02 19:29:15 UTC 2025","passed","Tue Dec 02 19:29:15 UTC 2025","","","",""
"","0","should create KeepAliveManager with relay","KeepAliveManager","Tue Dec 02 19:28:27 UTC 2025","passed","Tue Dec 02 19:28:27 UTC 2025","","constructor","",""
"","1","should create dialer with libp2p and shardReader","Dialer","Tue Dec 02 19:28:27 UTC 2025","passed","Tue Dec 02 19:28:27 UTC 2025","","constructor","",""
"","0","should handle special patterns correctly","BloomFilter with special patterns","Tue Dec 02 19:29:03 UTC 2025","passed","Tue Dec 02 19:29:03 UTC 2025","","","",""
"","1","should not dispatch event when already disconnected","NetworkMonitor","Tue Dec 02 19:28:26 UTC 2025","passed","Tue Dec 02 19:28:26 UTC 2025","","peer connection events","",""
"","0","PeerStore has remote peer's shard info after successful connection","Metadata Protocol","Tue Dec 02 19:31:13 UTC 2025","passed","Tue Dec 02 19:31:13 UTC 2025","","auto sharding","",""
"","1","should be safe to call multiple times","ConnectionManager","Tue Dec 02 19:28:28 UTC 2025","passed","Tue Dec 02 19:28:28 UTC 2025","","stop","",""
"","0","Passing page size 19 when there are 20 messages","Waku Store, page size","Tue Dec 02 19:34:28 UTC 2025","passed","Tue Dec 02 19:34:28 UTC 2025","","","",""
"","1","should not receive a peer event before start","Peer Exchange","Tue Dec 02 19:33:09 UTC 2025","passed","Tue Dec 02 19:33:09 UTC 2025","interface-peer-discovery compliance tests","Compliance Test","",""
"","0","should wait for LightPush peer to be connected","waitForRemotePeer","Tue Dec 02 19:29:18 UTC 2025","passed","Tue Dec 02 19:29:18 UTC 2025","","","",""
"","1","should handle multiple peer connections","KeepAliveManager","Tue Dec 02 19:28:28 UTC 2025","passed","Tue Dec 02 19:28:28 UTC 2025","","peer connect event handling","",""
"","0","Passing page size 1 when there are 4 messages","Waku Store, page size","Tue Dec 02 19:34:28 UTC 2025","passed","Tue Dec 02 19:34:28 UTC 2025","","","",""
"","1","should discard bootstrap peers when has more than set limit","Connection Limiter","Tue Dec 02 19:30:24 UTC 2025","passed","Tue Dec 02 19:30:24 UTC 2025","","","",""
"","0","should properly start and stop event listening","HealthIndicator","Tue Dec 02 19:29:17 UTC 2025","passed","Tue Dec 02 19:29:17 UTC 2025","","","",""
"","1","should create PeerExchangeDiscovery with default options","PeerExchangeDiscovery","Tue Dec 02 19:28:36 UTC 2025","passed","Tue Dec 02 19:28:36 UTC 2025","","wakuPeerExchangeDiscovery factory","",""
"","0","should remove event listeners from globalThis","NetworkMonitor","Tue Dec 02 19:28:26 UTC 2025","passed","Tue Dec 02 19:28:26 UTC 2025","","stop","",""
"","0","Push message with rate limit","Waku Light Push (legacy=v2): Multiple Nodes: Strict Check: false","Tue Dec 02 19:47:15 UTC 2025","passed","Tue Dec 02 19:47:15 UTC 2025","","","",""
"","0","should handle queue overflow by adding peers to queue","Dialer","Tue Dec 02 19:28:27 UTC 2025","passed","Tue Dec 02 19:28:27 UTC 2025","","dial","",""
"","6","should handle case when navigator is not available","NetworkMonitor","Tue Dec 02 19:28:26 UTC 2025","passed","Tue Dec 02 19:28:26 UTC 2025","","isConnected","",""
"","1","Push message with XML payload","Waku Light Push (legacy=v3): Multiple Nodes: Strict Check: false","Tue Dec 02 19:47:15 UTC 2025","passed","Tue Dec 02 19:47:15 UTC 2025","","","",""
"","1","should skip already querying peers","PeerExchangeDiscovery","Tue Dec 02 19:28:36 UTC 2025","passed","Tue Dec 02 19:28:36 UTC 2025","","runQuery","",""
"","0","should be able to encode the field with only STORE set to true","ENR waku2 codec","Tue Dec 02 19:28:18 UTC 2025","passed","Tue Dec 02 19:28:18 UTC 2025","","Encoding","",""
"","0","should emit InMessageLost event with retrievalHint when timeout is exceeded","MessageChannel","Tue Dec 02 19:29:07 UTC 2025","passed","Tue Dec 02 19:29:07 UTC 2025","","Sweeping incoming buffer","",""
"","0","Push message with escaped characters payload","Waku Light Push (legacy=v2): Multiple Nodes: Strict Check: true","Tue Dec 02 19:47:15 UTC 2025","passed","Tue Dec 02 19:47:15 UTC 2025","","","",""
"","0","yields decoded messages","StoreCore","Tue Dec 02 19:28:28 UTC 2025","passed","Tue Dec 02 19:28:28 UTC 2025","","queryPerPage","",""
"","0","Check message on other pubsub topic is not received","Waku Filter: FilterPush: Multiple Nodes: Strict Checking: false","Tue Dec 02 19:37:06 UTC 2025","passed","Tue Dec 02 19:37:06 UTC 2025","","","",""
"","1","should hash ""Lorem ipsum dolor sit amet"" with n=2 and maxValue=1000 correctly","hashN","Tue Dec 02 19:29:03 UTC 2025","passed","Tue Dec 02 19:29:03 UTC 2025","","","",""
"","1","should create a new stream if no existing for protocol found","StreamManager","Tue Dec 02 19:28:28 UTC 2025","passed","Tue Dec 02 19:28:28 UTC 2025","","","",""
"","1","should sort by lamportTimestamp when timestamps differ","ContentMessage comparison with < operator","Tue Dec 02 19:29:07 UTC 2025","passed","Tue Dec 02 19:29:07 UTC 2025","","","",""
"","0","Check received message containing Arabic","Waku Filter: FilterPush: Multiple Nodes: Strict Checking: false","Tue Dec 02 19:37:06 UTC 2025","passed","Tue Dec 02 19:37:06 UTC 2025","","","",""
"","0","should check connected peers if present and suitable","waitForRemotePeer","Tue Dec 02 19:29:18 UTC 2025","passed","Tue Dec 02 19:29:18 UTC 2025","","","",""
"","0","Push message with rate limit","Waku Light Push (legacy=v3): Multiple Nodes: Strict Check: false","Tue Dec 02 19:47:15 UTC 2025","passed","Tue Dec 02 19:47:15 UTC 2025","","","",""
"","0","should hash """" with n=1 and maxValue=100 correctly","hashN","Tue Dec 02 19:29:03 UTC 2025","passed","Tue Dec 02 19:29:03 UTC 2025","","","",""
"","0","Outgoing message is emitted as sent","Reliable Channel","Tue Dec 02 19:29:21 UTC 2025","passed","Tue Dec 02 19:29:21 UTC 2025","","","",""
"","1","should increase lamport timestamp","MessageChannel","Tue Dec 02 19:29:07 UTC 2025","passed","Tue Dec 02 19:29:07 UTC 2025","","receiving a message","",""
"","1","should throw an error for insufficient data","Relay Shard codec","Tue Dec 02 19:28:13 UTC 2025","passed","Tue Dec 02 19:28:13 UTC 2025","","","",""
"","0","should create ConnectionManager with relay","ConnectionManager","Tue Dec 02 19:28:28 UTC 2025","passed","Tue Dec 02 19:28:28 UTC 2025","","constructor","",""
"","0","peer:update - should schedule stream creation IF protocol hit AND no stream found on connection","StreamManager","Tue Dec 02 19:28:28 UTC 2025","passed","Tue Dec 02 19:28:28 UTC 2025","","","",""
"","0","should emit message when we went offline since last successful query and store reconnect event occurs","QueryOnConnect","Tue Dec 02 19:29:17 UTC 2025","passed","Tue Dec 02 19:29:17 UTC 2025","","end-to-end message emission tests","",""
"","1","Push message with Russian payload","Waku Light Push (legacy=v3): Multiple Nodes: Strict Check: false","Tue Dec 02 19:47:15 UTC 2025","passed","Tue Dec 02 19:47:15 UTC 2025","","","",""
"","0","Subscribe to topic containing shell command and publish message","Waku Relay, Subscribe","Tue Dec 02 19:32:36 UTC 2025","passed","Tue Dec 02 19:32:36 UTC 2025","","","",""
"","0","Js publishes, other Js receives","Waku Relay, Interop","Tue Dec 02 19:32:18 UTC 2025","passed","Tue Dec 02 19:32:18 UTC 2025","","","",""
"","1","should return false when peer is not on the specified shard","ShardReader","Tue Dec 02 19:28:27 UTC 2025","passed","Tue Dec 02 19:28:27 UTC 2025","","isPeerOnShard","",""
"","0","Push message with escaped characters payload","Waku Light Push (legacy=v3): Multiple Nodes: Strict Check: true","Tue Dec 02 19:47:15 UTC 2025","passed","Tue Dec 02 19:47:15 UTC 2025","","","",""
"","1","should not create relay timers when relay is not provided","KeepAliveManager","Tue Dec 02 19:28:28 UTC 2025","passed","Tue Dec 02 19:28:28 UTC 2025","","relay timer management","",""
"","0","should be delivered immediately if received","MessageChannel","Tue Dec 02 19:29:07 UTC 2025","passed","Tue Dec 02 19:29:07 UTC 2025","","Ephemeral messages","",""
"","2","Query generator for 2000 messages","Waku Store, general","Tue Dec 02 19:34:07 UTC 2025","passed","Tue Dec 02 19:34:07 UTC 2025","","","",""
"","0","Sync message is not sent if another non-ephemeral message was just received","Reliable Channel: Sync","Tue Dec 02 19:29:23 UTC 2025","passed","Tue Dec 02 19:29:23 UTC 2025","","","",""
"","0","does not throw on valid cases","ensureValidContentTopic","Tue Dec 02 19:28:13 UTC 2025","passed","Tue Dec 02 19:28:13 UTC 2025","","","",""
"","0","Push message with content topic containing SQL Injection","Waku Light Push (legacy=v2): Multiple Nodes: Strict Check: true","Tue Dec 02 19:47:15 UTC 2025","passed","Tue Dec 02 19:47:15 UTC 2025","","","",""
"","1","should correctly map /statusim/1/community/cbor to shard index 4","contentTopicToShardIndex","Tue Dec 02 19:28:13 UTC 2025","passed","Tue Dec 02 19:28:13 UTC 2025","","","",""
"","0","Subscribe to topic containing unicode special characters and receive message","Waku Filter: Subscribe: Multiple Service Nodes: Strict Check mode: true","Tue Dec 02 19:37:28 UTC 2025","passed","Tue Dec 02 19:37:28 UTC 2025","","","",""
"","0","should handle browser offline state overriding peer connections","NetworkMonitor","Tue Dec 02 19:28:26 UTC 2025","passed","Tue Dec 02 19:28:26 UTC 2025","","integration","",""
"","0","Synced status is emitted when a message is received","Sync Status","Tue Dec 02 19:29:20 UTC 2025","passed","Tue Dec 02 19:29:20 UTC 2025","","","",""
"","1","nwaku subscribes","Waku Relay, Interop","Tue Dec 02 19:32:18 UTC 2025","passed","Tue Dec 02 19:32:18 UTC 2025","","","",""
"","0","Used by Waku Relay","Decryption Keys","Tue Dec 02 19:34:40 UTC 2025","passed","Tue Dec 02 19:34:40 UTC 2025","","","",""
"","0","can query messages by message hash","Waku Store, message hash query","Tue Dec 02 19:34:10 UTC 2025","passed","Tue Dec 02 19:34:10 UTC 2025","","","",""
"","1","can query messages normally","Waku Store, message hash query","Tue Dec 02 19:34:10 UTC 2025","passed","Tue Dec 02 19:34:10 UTC 2025","","","",""
"","0","should handle zero lastSuccessfulQuery (never queried before)","calculateTimeRange","Tue Dec 02 19:29:17 UTC 2025","passed","Tue Dec 02 19:29:17 UTC 2025","","","",""
"","1","should support chaining for add method","TTLSet","Tue Dec 02 19:29:15 UTC 2025","passed","Tue Dec 02 19:29:15 UTC 2025","","","",""
"","0","Subscribe and receive 2 messages on the same topic","Waku Filter: Subscribe: Multiple Service Nodes: Strict Check mode: false","Tue Dec 02 19:37:28 UTC 2025","passed","Tue Dec 02 19:37:28 UTC 2025","","","",""
"","1","Check received message with timestamp: 1764703781157 ","Waku Filter: FilterPush: Multiple Nodes: Strict Checking: false","Tue Dec 02 19:37:06 UTC 2025","passed","Tue Dec 02 19:37:06 UTC 2025","","","",""
"","1","should update ack status of messages in outgoing buffer","MessageChannel","Tue Dec 02 19:29:07 UTC 2025","passed","Tue Dec 02 19:29:07 UTC 2025","","Sync messages","",""
"","0","should add entries and maintain sorted order","IncomingRepairBuffer","Tue Dec 02 19:29:03 UTC 2025","passed","Tue Dec 02 19:29:03 UTC 2025","","","",""
"","2","all px service nodes subscribed to the shard topic should be dialed","Autosharding: Peer Management","Tue Dec 02 19:33:00 UTC 2025","passed","Tue Dec 02 19:33:00 UTC 2025","","Peer Exchange","",""
"","0","should reject if WakuNode is not started","waitForRemotePeer","Tue Dec 02 19:29:18 UTC 2025","passed","Tue Dec 02 19:29:18 UTC 2025","","","",""
"","1","should dispatch connect and disconnect events","PeerManager","Tue Dec 02 19:29:16 UTC 2025","passed","Tue Dec 02 19:29:16 UTC 2025","","","",""
"","0","Push message with custom timestamp: 1764707406753","Waku Light Push (legacy=v3): Multiple Nodes: Strict Check: false","Tue Dec 02 19:47:15 UTC 2025","passed","Tue Dec 02 19:47:15 UTC 2025","","","",""
"","2","should work with mock decoders","QueryOnConnect","Tue Dec 02 19:29:17 UTC 2025","passed","Tue Dec 02 19:29:17 UTC 2025","","mock validation","",""
"","0","random auto sharding 4 - Cluster ID: 10, Content Topic: /app42/6/topic915/proto","Autosharding: Running Nodes","Tue Dec 02 19:34:16 UTC 2025","passed","Tue Dec 02 19:34:16 UTC 2025","","","",""
"","0","should initialize with libp2p components","PeerExchange","Tue Dec 02 19:28:36 UTC 2025","passed","Tue Dec 02 19:28:36 UTC 2025","","constructor","",""
"","0","Push message with Chinese payload","Waku Light Push (legacy=v3): Multiple Nodes: Strict Check: false","Tue Dec 02 19:47:15 UTC 2025","passed","Tue Dec 02 19:47:15 UTC 2025","","","",""
"","0","Push message with numeric payload","Waku Light Push (legacy=v3): Multiple Nodes: Strict Check: true","Tue Dec 02 19:47:15 UTC 2025","passed","Tue Dec 02 19:47:15 UTC 2025","","","",""
"","1","configure the node with multiple content topics","Autosharding: Running Nodes","Tue Dec 02 19:34:16 UTC 2025","passed","Tue Dec 02 19:34:16 UTC 2025","","","",""
"","1","random auto sharding 2 - Cluster ID: 10, Content Topic: /app35/2/topic827/json","Autosharding: Running Nodes","Tue Dec 02 19:34:16 UTC 2025","passed","Tue Dec 02 19:34:16 UTC 2025","","","",""
"","0","Throws when trying to push message with empty payload","Waku Light Push (legacy=v3): Multiple Nodes: Strict Check: false","Tue Dec 02 19:47:15 UTC 2025","passed","Tue Dec 02 19:47:15 UTC 2025","","","",""
"","1","should invoke callbacks when receiving a message","Filter Subscription","Tue Dec 02 19:29:17 UTC 2025","passed","Tue Dec 02 19:29:17 UTC 2025","","","",""
"","0","Check message received after old nwaku nodes are not available and new are created","Waku Filter: FilterPush: Multiple Nodes: Strict Checking: false","Tue Dec 02 19:37:06 UTC 2025","passed","Tue Dec 02 19:37:06 UTC 2025","","","",""
"","0","should enable only dns and peerExchange when peerCache is disabled","Default Peer Discoveries","Tue Dec 02 19:29:15 UTC 2025","passed","Tue Dec 02 19:29:15 UTC 2025","","","",""
"","0","should not be delivered","MessageChannel","Tue Dec 02 19:29:07 UTC 2025","passed","Tue Dec 02 19:29:07 UTC 2025","","Sync messages","",""
"","0","Push message with custom timestamp: 1764700206753","Waku Light Push (legacy=v2): Multiple Nodes: Strict Check: false","Tue Dec 02 19:47:15 UTC 2025","passed","Tue Dec 02 19:47:15 UTC 2025","","","",""
"","1","should add peer to queue when queue is not empty","Dialer","Tue Dec 02 19:28:27 UTC 2025","passed","Tue Dec 02 19:28:27 UTC 2025","","dial","",""
"","1","should handle peer store errors gracefully","PeerExchangeDiscovery","Tue Dec 02 19:28:36 UTC 2025","passed","Tue Dec 02 19:28:36 UTC 2025","","handlePeriodicDiscovery","",""
"","6","should not retry if at least one success","RetryManager","Tue Dec 02 19:29:15 UTC 2025","passed","Tue Dec 02 19:29:15 UTC 2025","","","",""
"","0","should stop peer exchange discovery","PeerExchangeDiscovery","Tue Dec 02 19:28:36 UTC 2025","passed","Tue Dec 02 19:28:36 UTC 2025","","stop","",""
"","1","should ignore duplicate entries","IncomingRepairBuffer","Tue Dec 02 19:29:03 UTC 2025","passed","Tue Dec 02 19:29:03 UTC 2025","","","",""
"","0","Check publish message containing Basic HTML tag","Waku Relay, Publish","Tue Dec 02 19:32:28 UTC 2025","passed","Tue Dec 02 19:32:28 UTC 2025","","","",""
"","0","should request peer renewal on specific errors","RetryManager","Tue Dec 02 19:29:15 UTC 2025","passed","Tue Dec 02 19:29:15 UTC 2025","","","",""
"","0","should emit events and transition isConnected state when has peers or no peers","waku:connection","Tue Dec 02 19:30:02 UTC 2025","passed","Tue Dec 02 19:30:02 UTC 2025","","","",""
"","0","throws an error for improperly formatted content topics","contentTopicsByPubsubTopic","Tue Dec 02 19:28:13 UTC 2025","passed","Tue Dec 02 19:28:13 UTC 2025","","","",""
"","0","should compute hash only when first accessed","DecodedMessage lazy hash initialization","Tue Dec 02 19:28:28 UTC 2025","passed","Tue Dec 02 19:28:28 UTC 2025","","","",""
"","1","Query Generator, Multiple PubsubTopics","Waku Store, error handling","Tue Dec 02 19:33:36 UTC 2025","passed","Tue Dec 02 19:33:36 UTC 2025","","","",""
"","0","rejects hash query with content filter parameters","StoreQueryRequest validation","Tue Dec 02 19:28:27 UTC 2025","passed","Tue Dec 02 19:28:27 UTC 2025","","","",""
"","1","should handle errors when removing globalThis listeners","NetworkMonitor","Tue Dec 02 19:28:26 UTC 2025","passed","Tue Dec 02 19:28:26 UTC 2025","","stop","",""
"","0","Push message with content topic containing short","Waku Light Push (legacy=v2): Multiple Nodes: Strict Check: true","Tue Dec 02 19:47:15 UTC 2025","passed","Tue Dec 02 19:47:15 UTC 2025","","","",""
"","0","Push message with unicode special characters payload","Waku Light Push (legacy=v2): Multiple Nodes: Strict Check: false","Tue Dec 02 19:47:15 UTC 2025","passed","Tue Dec 02 19:47:15 UTC 2025","","","",""
"","1","should be online or offline if network state changed","waku:connection","Tue Dec 02 19:30:02 UTC 2025","passed","Tue Dec 02 19:30:02 UTC 2025","","","",""
"","1","should add entries and maintain sorted order","OutgoingRepairBuffer","Tue Dec 02 19:29:03 UTC 2025","passed","Tue Dec 02 19:29:03 UTC 2025","","","",""
"","1","should handle complete discovery-to-dial flow","DiscoveryDialer","Tue Dec 02 19:28:27 UTC 2025","passed","Tue Dec 02 19:28:27 UTC 2025","","integration","",""
"","0","Subscribe and receive 2 messages on the same topic","Waku Filter: Subscribe: Multiple Service Nodes: Strict Check mode: true","Tue Dec 02 19:37:28 UTC 2025","passed","Tue Dec 02 19:37:28 UTC 2025","","","",""
"","0","Push message with short payload","Waku Light Push (legacy=v2): Multiple Nodes: Strict Check: true","Tue Dec 02 19:47:15 UTC 2025","passed","Tue Dec 02 19:47:15 UTC 2025","","","",""
"","0","Callback on promise, aborts when callback returns true","Waku Store, general","Tue Dec 02 19:34:07 UTC 2025","passed","Tue Dec 02 19:34:07 UTC 2025","","","",""
"","1","should throw an error for invalid PubsubTopic format: /waku/2/r/1/2","pubsubTopicToSingleShardInfo with various invalid formats","Tue Dec 02 19:28:13 UTC 2025","passed","Tue Dec 02 19:28:13 UTC 2025","","","",""
"","1","can start and stop the service","Peer Exchange","Tue Dec 02 19:33:09 UTC 2025","passed","Tue Dec 02 19:33:09 UTC 2025","interface-peer-discovery compliance tests","Compliance Test","",""
"","0","should emit multiple messages when query returns multiple messages","QueryOnConnect","Tue Dec 02 19:29:17 UTC 2025","passed","Tue Dec 02 19:29:17 UTC 2025","","end-to-end message emission tests","",""
"","0","Push message with Basic HTML tag payload","Waku Light Push (legacy=v3): Multiple Nodes: Strict Check: true","Tue Dec 02 19:47:15 UTC 2025","passed","Tue Dec 02 19:47:15 UTC 2025","","","",""
"","1","Promise Callback  - true","Waku Store, order","Tue Dec 02 19:34:17 UTC 2025","passed","Tue Dec 02 19:34:17 UTC 2025","","","",""
"","0","Subscribe to topic containing Chinese and receive message","Waku Filter: Subscribe: Multiple Service Nodes: Strict Check mode: true","Tue Dec 02 19:37:28 UTC 2025","passed","Tue Dec 02 19:37:28 UTC 2025","","","",""
"","1","should be able to decode the field with STORE and LIGHTPUSH protocols set to true","ENR waku2 codec","Tue Dec 02 19:28:18 UTC 2025","passed","Tue Dec 02 19:28:18 UTC 2025","","Decoding","",""
"","0","should create KeepAliveManager with required options","KeepAliveManager","Tue Dec 02 19:28:27 UTC 2025","passed","Tue Dec 02 19:28:27 UTC 2025","","constructor","",""
"","1","Nodes with multiple pubsub topic","Waku Relay, static sharding, multiple pubsub topics","Tue Dec 02 19:32:22 UTC 2025","passed","Tue Dec 02 19:32:22 UTC 2025","","","",""
"","0","Does not throw an exception when node disconnects","Waku Dial [node only]","Tue Dec 02 19:34:40 UTC 2025","passed","Tue Dec 02 19:34:40 UTC 2025","","Interop: ServiceNode","",""
"","0","Query with Promise Callback, No message returned","Waku Store, error handling","Tue Dec 02 19:33:36 UTC 2025","passed","Tue Dec 02 19:33:36 UTC 2025","","","",""
"","0","Re-sent message is acknowledged once other parties join.","Reliable Channel: Acks","Tue Dec 02 19:29:18 UTC 2025","passed","Tue Dec 02 19:29:18 UTC 2025","","","",""
"","1","Publish message with custom timestamp: Tue Dec 02 2025 18:32:22 GMT+0000 (Coordinated Universal Time)","Waku Relay, Publish","Tue Dec 02 19:32:28 UTC 2025","passed","Tue Dec 02 19:32:28 UTC 2025","","","",""
"","0","should insert message into bloom filter","MessageChannel","Tue Dec 02 19:29:07 UTC 2025","passed","Tue Dec 02 19:29:07 UTC 2025","","sending a message ","",""
"","0","Subscribe to topic containing XML and receive message","Waku Filter: Subscribe: Multiple Service Nodes: Strict Check mode: true","Tue Dec 02 19:37:28 UTC 2025","passed","Tue Dec 02 19:37:28 UTC 2025","","","",""
"","0","should handle very large timestamps","lamportTimestampIncrement","Tue Dec 02 19:29:07 UTC 2025","passed","Tue Dec 02 19:29:07 UTC 2025","","","",""
"","0","should not retry if at least one success","LightPush SDK","Tue Dec 02 19:29:16 UTC 2025","passed","Tue Dec 02 19:29:16 UTC 2025","","","",""
"","0","Sample","ENR multiaddrs codec","Tue Dec 02 19:28:18 UTC 2025","passed","Tue Dec 02 19:28:18 UTC 2025","","","",""
"","0","Push message equal or less that 1MB","Waku Light Push (legacy=v2): Multiple Nodes: Strict Check: false","Tue Dec 02 19:47:15 UTC 2025","passed","Tue Dec 02 19:47:15 UTC 2025","","","",""
"","2","should dial more peers if under maxConnections","ConnectionLimiter","Tue Dec 02 19:28:27 UTC 2025","passed","Tue Dec 02 19:28:27 UTC 2025","","maintainConnectionsCount","",""
"","1","should return start time to match max range","calculateTimeRange","Tue Dec 02 19:29:17 UTC 2025","passed","Tue Dec 02 19:29:17 UTC 2025","","","",""
"","0","should reassess health immediately when peer disconnects","HealthIndicator","Tue Dec 02 19:29:17 UTC 2025","passed","Tue Dec 02 19:29:17 UTC 2025","","","",""
"","0","should load peers from local storage and dispatch events","Peer Cache Discovery","Tue Dec 02 19:28:40 UTC 2025","passed","Tue Dec 02 19:28:40 UTC 2025","","Unit Tests","",""
"","0","should sort peers by ping value","ConnectionManager","Tue Dec 02 19:28:28 UTC 2025","passed","Tue Dec 02 19:28:28 UTC 2025","","getConnectedPeers","",""
"","0","should throw an error for non-numeric clusterId: /waku/2/rs/ /1","pubsubTopicToSingleShardInfo with various invalid formats","Tue Dec 02 19:28:13 UTC 2025","passed","Tue Dec 02 19:28:13 UTC 2025","","","",""
"","0","Push message with meta","Waku Light Push (legacy=v3): Multiple Nodes: Strict Check: true","Tue Dec 02 19:47:15 UTC 2025","passed","Tue Dec 02 19:47:15 UTC 2025","","","",""
"","0","Subscribe and receive messages from 2 nwaku nodes each with different static shards","Waku Filter: Subscribe: Multiple Service Nodes on Static Shard: Strict Check mode: false","Tue Dec 02 19:30:06 UTC 2025","passed","Tue Dec 02 19:30:06 UTC 2025","","","",""
"","1","should hash ""Lorem ipsum dolor sit amet"" with n=0 and maxValue=1000 correctly","hashN","Tue Dec 02 19:29:03 UTC 2025","passed","Tue Dec 02 19:29:03 UTC 2025","","","",""
"","0","should update lamport timestamp if greater than current timestamp and dependencies are met","MessageChannel","Tue Dec 02 19:29:07 UTC 2025","skipped","Tue Dec 02 19:29:07 UTC 2025","","receiving a message","",""
"","0","Subscribe and receive messages on 2 different pubsubtopics with v2 protocol","Waku Light Push (Autosharding): Multiple Shards","Tue Dec 02 19:30:48 UTC 2025","passed","Tue Dec 02 19:30:48 UTC 2025","","","",""
"","1","should hash ""!@#$%^&*()"" with n=2 and maxValue=1000 correctly","hashN","Tue Dec 02 19:29:03 UTC 2025","passed","Tue Dec 02 19:29:03 UTC 2025","","","",""
"","5","should fail to send if no connected peers found","LightPush SDK","Tue Dec 02 19:29:16 UTC 2025","passed","Tue Dec 02 19:29:16 UTC 2025","","","",""
"","0","Throws when trying to push message with empty payload","Waku Light Push (legacy=v2): Multiple Nodes: Strict Check: false","Tue Dec 02 19:47:15 UTC 2025","passed","Tue Dec 02 19:47:15 UTC 2025","","","",""
"","0","msgTime: -19000 ms from now, startTime: -19010, endTime: -18990","Waku Store, time filter","Tue Dec 02 19:34:38 UTC 2025","passed","Tue Dec 02 19:34:38 UTC 2025","","","",""
"","1","should be able to decode the field with only FILTER set to true","ENR waku2 codec","Tue Dec 02 19:28:18 UTC 2025","passed","Tue Dec 02 19:28:18 UTC 2025","","Decoding","",""
"","1","should decode valid enr successfully","ENR","Tue Dec 02 19:28:19 UTC 2025","passed","Tue Dec 02 19:28:19 UTC 2025","","Txt codec","",""
"","0","should not start if already started","PeerExchangeDiscovery","Tue Dec 02 19:28:36 UTC 2025","passed","Tue Dec 02 19:28:36 UTC 2025","","start","",""
"","0","Push message with emoji payload","Waku Light Push (legacy=v3): Multiple Nodes: Strict Check: true","Tue Dec 02 19:47:15 UTC 2025","passed","Tue Dec 02 19:47:15 UTC 2025","","","",""
"","1","Unsubscribe 1 topic - node subscribed to 1 topic","Waku Filter: Unsubscribe: Multiple Nodes: Strict Checking: true","Tue Dec 02 19:32:05 UTC 2025","passed","Tue Dec 02 19:32:05 UTC 2025","","","",""
"","0","should hash ""Lorem ipsum dolor sit amet"" with n=1 and maxValue=10000 correctly","hashN","Tue Dec 02 19:29:03 UTC 2025","passed","Tue Dec 02 19:29:03 UTC 2025","","","",""
"","1","should remove entries","IncomingRepairBuffer","Tue Dec 02 19:29:03 UTC 2025","passed","Tue Dec 02 19:29:03 UTC 2025","","","",""
"","0","Renews subscription after lossing a connection","Waku Filter: Subscribe: Multiple Service Nodes: Strict Check mode: true","Tue Dec 02 19:37:28 UTC 2025","passed","Tue Dec 02 19:37:28 UTC 2025","","","",""
"","0","Outgoing message is not emitted as acknowledged from own outgoing messages","Reliable Channel: Encryption","Tue Dec 02 19:29:19 UTC 2025","passed","Tue Dec 02 19:29:19 UTC 2025","","","",""
"","2","Accepts a valid Waku Message","Message Validator","Tue Dec 02 19:29:27 UTC 2025","passed","Tue Dec 02 19:29:27 UTC 2025","","","",""
"","0","Check message received after jswaku node is restarted","Waku Filter: FilterPush: Multiple Nodes: Strict Checking: true","Tue Dec 02 19:37:06 UTC 2025","passed","Tue Dec 02 19:37:06 UTC 2025","","","",""
"","1","Query Generator, No message returned","Waku Store, error handling","Tue Dec 02 19:33:36 UTC 2025","passed","Tue Dec 02 19:33:36 UTC 2025","","","",""
"","0","should get / set TCP multiaddr","ENR","Tue Dec 02 19:28:19 UTC 2025","passed","Tue Dec 02 19:28:19 UTC 2025","","Multiaddr getters and setters","",""
"","0","should handle shardReader errors","ConnectionManager","Tue Dec 02 19:28:28 UTC 2025","passed","Tue Dec 02 19:28:28 UTC 2025","","isPeerOnTopic","",""
"","1","should increase lamport timestamp","MessageChannel","Tue Dec 02 19:29:07 UTC 2025","passed","Tue Dec 02 19:29:07 UTC 2025","","sending a message ","",""
"","0","should register libp2p event listeners when start is called","PeerManager","Tue Dec 02 19:29:16 UTC 2025","passed","Tue Dec 02 19:29:16 UTC 2025","","","",""
"","0","Query with Ordered Callback, Multiple PubsubTopics","Waku Store, error handling","Tue Dec 02 19:33:36 UTC 2025","passed","Tue Dec 02 19:33:36 UTC 2025","","","",""
"","0","returns nothing if no connections present","selectOpenConnection","Tue Dec 02 19:28:27 UTC 2025","passed","Tue Dec 02 19:28:27 UTC 2025","","","",""
"","0","should dial peer immediately when queue is empty","Dialer","Tue Dec 02 19:28:27 UTC 2025","passed","Tue Dec 02 19:28:27 UTC 2025","","dial","",""
"","0","Check message with no payload is not received","Waku Filter: FilterPush: Multiple Nodes: Strict Checking: false","Tue Dec 02 19:37:06 UTC 2025","passed","Tue Dec 02 19:37:06 UTC 2025","","","",""
"","1","n1 and n2 uses first shard, n3 uses the second shard","Waku Relay auto-sharding, multiple pubsub topics","Tue Dec 02 19:32:22 UTC 2025","passed","Tue Dec 02 19:32:22 UTC 2025","","","",""
"","0","should skip peers that don't support peer exchange","PeerExchangeDiscovery","Tue Dec 02 19:28:36 UTC 2025","passed","Tue Dec 02 19:28:36 UTC 2025","","handlePeriodicDiscovery","",""
"","0","Encoder error raises irrecoverable error","Reliable Channel","Tue Dec 02 19:29:21 UTC 2025","passed","Tue Dec 02 19:29:21 UTC 2025","","","",""
"","1","should hash ""hello"" with n=1 and maxValue=100 correctly","hashN","Tue Dec 02 19:29:03 UTC 2025","passed","Tue Dec 02 19:29:03 UTC 2025","","","",""
"","0","random static sharding 1 - Cluster ID: 610, Shard ID: 55","Static Sharding: Running Nodes","Tue Dec 02 19:34:33 UTC 2025","passed","Tue Dec 02 19:34:33 UTC 2025","","","",""
"","1","should not dial on waku:connection if enableAutoRecovery is false, but should dial on start","ConnectionLimiter","Tue Dec 02 19:28:27 UTC 2025","passed","Tue Dec 02 19:28:27 UTC 2025","","autoRecovery flag","",""
"","0","Push message with content topic containing unicode special characters","Waku Light Push (legacy=v2): Multiple Nodes: Strict Check: true","Tue Dec 02 19:47:15 UTC 2025","passed","Tue Dec 02 19:47:15 UTC 2025","","","",""
"","1","ENRTree (root): should error if DNS root entry is mis-prefixed","ENRTree","Tue Dec 02 19:28:36 UTC 2025","passed","Tue Dec 02 19:28:36 UTC 2025","","","",""
"","0","should return only peers supporting the requested protocol and pubsub topic","PeerManager","Tue Dec 02 19:29:16 UTC 2025","passed","Tue Dec 02 19:29:16 UTC 2025","","","",""
"","1","should get eligible entries based on current time","OutgoingRepairBuffer","Tue Dec 02 19:29:03 UTC 2025","passed","Tue Dec 02 19:29:03 UTC 2025","","","",""
"","0","should add and remove event listeners correctly","Peer Cache Discovery","Tue Dec 02 19:28:40 UTC 2025","passed","Tue Dec 02 19:28:40 UTC 2025","","Unit Tests","",""
"","0","Incoming message is emitted as received","Reliable Channel: Encryption","Tue Dec 02 19:29:19 UTC 2025","passed","Tue Dec 02 19:29:19 UTC 2025","","","",""
"","0","should properly create location multiaddrs - tcp4","ENR","Tue Dec 02 19:28:19 UTC 2025","passed","Tue Dec 02 19:28:19 UTC 2025","","Location multiaddr","",""
"","0","should remove event listener for peer:discovery","DiscoveryDialer","Tue Dec 02 19:28:27 UTC 2025","passed","Tue Dec 02 19:28:27 UTC 2025","","stop","",""
"","7","should hash ""hello"" with n=0 and maxValue=1000 correctly","hashN","Tue Dec 02 19:29:03 UTC 2025","passed","Tue Dec 02 19:29:03 UTC 2025","","","",""
"","0","Push message with rate limit","Waku Light Push (legacy=v3): Multiple Nodes: Strict Check: true","Tue Dec 02 19:47:15 UTC 2025","passed","Tue Dec 02 19:47:15 UTC 2025","","","",""
"","1","Subscribe to topic containing Russian and receive message","Waku Filter: Subscribe: Multiple Service Nodes: Strict Check mode: true","Tue Dec 02 19:37:28 UTC 2025","passed","Tue Dec 02 19:37:28 UTC 2025","","","",""
"","0","should not execute task if max attempts is 0","RetryManager","Tue Dec 02 19:29:15 UTC 2025","passed","Tue Dec 02 19:29:15 UTC 2025","","","",""
"","0","Push message with SQL Injection payload","Waku Light Push (legacy=v3): Multiple Nodes: Strict Check: false","Tue Dec 02 19:47:15 UTC 2025","passed","Tue Dec 02 19:47:15 UTC 2025","","","",""
"","1","Push message with Chinese payload","Waku Light Push (legacy=v2): Multiple Nodes: Strict Check: true","Tue Dec 02 19:47:15 UTC 2025","passed","Tue Dec 02 19:47:15 UTC 2025","","","",""
"","0","Fails to push message bigger that 1MB","Waku Light Push (legacy=v3): Multiple Nodes: Strict Check: false","Tue Dec 02 19:47:15 UTC 2025","passed","Tue Dec 02 19:47:15 UTC 2025","","","",""
"","4","should correctly map /app/20/sometopic/someencoding to shard index 0 with networkShards 1","contentTopicToShardIndex","Tue Dec 02 19:28:13 UTC 2025","passed","Tue Dec 02 19:28:13 UTC 2025","","","",""
"","1","should unregister libp2p event listeners when stop is called","PeerManager","Tue Dec 02 19:29:16 UTC 2025","passed","Tue Dec 02 19:29:16 UTC 2025","","","",""
"","0","should create RPC request with correct parameters","PeerExchange","Tue Dec 02 19:28:36 UTC 2025","passed","Tue Dec 02 19:28:36 UTC 2025","","query","",""
"","0","groups content topics by expected pubsub topic","contentTopicsByPubsubTopic","Tue Dec 02 19:28:13 UTC 2025","passed","Tue Dec 02 19:28:13 UTC 2025","","","",""
"","0","should not stop if not started","PeerExchangeDiscovery","Tue Dec 02 19:28:36 UTC 2025","passed","Tue Dec 02 19:28:36 UTC 2025","","stop","",""
"","0","should handle large number of peers request","PeerExchange","Tue Dec 02 19:28:36 UTC 2025","passed","Tue Dec 02 19:28:36 UTC 2025","","query","",""
"","6","should hash ""hello"" with n=0 and maxValue=100 correctly","hashN","Tue Dec 02 19:29:03 UTC 2025","passed","Tue Dec 02 19:29:03 UTC 2025","","","",""
"","0","Fails to publish message with empty text","Waku Relay, Publish","Tue Dec 02 19:32:28 UTC 2025","passed","Tue Dec 02 19:32:28 UTC 2025","","","",""
"","1","should not trigger query when a recent query happened under threshold","QueryOnConnect","Tue Dec 02 19:29:17 UTC 2025","passed","Tue Dec 02 19:29:17 UTC 2025","","message retrieval event emission conditions","",""
"","1","Check publish message containing Russian","Waku Relay, Publish","Tue Dec 02 19:32:28 UTC 2025","passed","Tue Dec 02 19:32:28 UTC 2025","","","",""
"","1","should partition messages based on acknowledgement status","MessageChannel","Tue Dec 02 19:29:07 UTC 2025","passed","Tue Dec 02 19:29:07 UTC 2025","","Sweeping outgoing buffer","",""
"","0","should throw an error for non-numeric clusterId: /waku/2/rs/-/1","pubsubTopicToSingleShardInfo with various invalid formats","Tue Dec 02 19:28:13 UTC 2025","passed","Tue Dec 02 19:28:13 UTC 2025","","","",""
"","1","Sign & Recover","Waku Encryption","Tue Dec 02 19:28:46 UTC 2025","passed","Tue Dec 02 19:28:46 UTC 2025","","","",""
"","1","should emit a peer event after start","Peer Cache Discovery","Tue Dec 02 19:28:40 UTC 2025","passed","Tue Dec 02 19:28:40 UTC 2025","interface-peer-discovery compliance tests","Compliance Tests","",""
"","0","should drop connection to one peer on hangUp","Dialing","Tue Dec 02 19:31:10 UTC 2025","passed","Tue Dec 02 19:31:10 UTC 2025","","","",""
"","0","Push message with content topic containing emoji","Waku Light Push (legacy=v3): Multiple Nodes: Strict Check: false","Tue Dec 02 19:47:15 UTC 2025","passed","Tue Dec 02 19:47:15 UTC 2025","","","",""
"","0","should throw an error for non-numeric clusterId: /waku/2/rs/!/1","pubsubTopicToSingleShardInfo with various invalid formats","Tue Dec 02 19:28:13 UTC 2025","passed","Tue Dec 02 19:28:13 UTC 2025","","","",""
"","0","should not create ping timers when pingKeepAlive = 0","KeepAliveManager","Tue Dec 02 19:28:28 UTC 2025","passed","Tue Dec 02 19:28:28 UTC 2025","","ping timer management","",""
"","0","Retries within maximum given attempts","Retry Manager","Tue Dec 02 19:29:18 UTC 2025","passed","Tue Dec 02 19:29:18 UTC 2025","","","",""
"","12","Passing page size 110 when there are 120 messages","Waku Store, page size","Tue Dec 02 19:34:28 UTC 2025","passed","Tue Dec 02 19:34:28 UTC 2025","","","",""
"","1","Push message with emoji payload","Waku Light Push (legacy=v3): Multiple Nodes: Strict Check: false","Tue Dec 02 19:47:15 UTC 2025","passed","Tue Dec 02 19:47:15 UTC 2025","","","",""
"","0","Push message with content topic containing emoji","Waku Light Push (legacy=v2): Multiple Nodes: Strict Check: true","Tue Dec 02 19:47:15 UTC 2025","passed","Tue Dec 02 19:47:15 UTC 2025","","","",""
"","1","throws if time range exceeds MAX_TIME_RANGE","StoreCore","Tue Dec 02 19:28:28 UTC 2025","passed","Tue Dec 02 19:28:28 UTC 2025","","queryPerPage","",""
"","1","Check received message containing short","Waku Filter: FilterPush: Multiple Nodes: Strict Checking: false","Tue Dec 02 19:37:06 UTC 2025","passed","Tue Dec 02 19:37:06 UTC 2025","","","",""
"","0","should handle mixed protocol support correctly","HealthIndicator","Tue Dec 02 19:29:17 UTC 2025","passed","Tue Dec 02 19:29:17 UTC 2025","","","",""
"","0","should return false when navigator.onLine is true but network is not connected","NetworkMonitor","Tue Dec 02 19:28:26 UTC 2025","passed","Tue Dec 02 19:28:26 UTC 2025","","isConnected","",""
"","0","Push message with long payload","Waku Light Push (legacy=v3): Multiple Nodes: Strict Check: false","Tue Dec 02 19:47:15 UTC 2025","passed","Tue Dec 02 19:47:15 UTC 2025","","","",""
"","1","Store - dialed after - with timeout","Wait for remote peer","Tue Dec 02 19:34:43 UTC 2025","passed","Tue Dec 02 19:34:43 UTC 2025","","","",""
"","1","should hash ""hello"" with n=0 and maxValue=10000 correctly","hashN","Tue Dec 02 19:29:03 UTC 2025","passed","Tue Dec 02 19:29:03 UTC 2025","","","",""
"","1","Check message with non string payload is not received","Waku Filter: FilterPush: Multiple Nodes: Strict Checking: true","Tue Dec 02 19:37:06 UTC 2025","passed","Tue Dec 02 19:37:06 UTC 2025","","","",""
"","0","Push message with content topic containing Chinese","Waku Light Push (legacy=v3): Multiple Nodes: Strict Check: true","Tue Dec 02 19:47:15 UTC 2025","passed","Tue Dec 02 19:47:15 UTC 2025","","","",""
"","0","should dispatch CustomEvent with correct type and detail","NetworkMonitor","Tue Dec 02 19:28:26 UTC 2025","passed","Tue Dec 02 19:28:26 UTC 2025","","dispatchNetworkEvent","",""
"","0","should not track probabilistic acknowledgements of messages received in bloom filter of own messages","MessageChannel","Tue Dec 02 19:29:07 UTC 2025","passed","Tue Dec 02 19:29:07 UTC 2025","","reviewing ack status","",""
"","0","should hash ""Lorem ipsum dolor sit amet"" with n=0 and maxValue=10000 correctly","hashN","Tue Dec 02 19:29:03 UTC 2025","passed","Tue Dec 02 19:29:03 UTC 2025","","","",""
"","0","should hash """" with n=2 and maxValue=100 correctly","hashN","Tue Dec 02 19:29:03 UTC 2025","passed","Tue Dec 02 19:29:03 UTC 2025","","","",""
"","0","should enable only peerExchange and peerCache when dns is disabled","Default Peer Discoveries","Tue Dec 02 19:29:15 UTC 2025","passed","Tue Dec 02 19:29:15 UTC 2025","","","",""
"","0","should skip peers without peer exchange protocol","PeerExchangeDiscovery","Tue Dec 02 19:28:36 UTC 2025","passed","Tue Dec 02 19:28:36 UTC 2025","","handleDiscoveredPeer","",""
"","1","Push message with shell command payload","Waku Light Push (legacy=v3): Multiple Nodes: Strict Check: false","Tue Dec 02 19:47:15 UTC 2025","passed","Tue Dec 02 19:47:15 UTC 2025","","","",""
"","0","Cluster ID 0, shard 1","Static Sharding: Running Nodes","Tue Dec 02 19:34:33 UTC 2025","passed","Tue Dec 02 19:34:33 UTC 2025","","","",""
"","1","should add event listeners for waku:connection and peer:disconnect","ConnectionLimiter","Tue Dec 02 19:28:27 UTC 2025","passed","Tue Dec 02 19:28:27 UTC 2025","","start","",""
"","0","should properly compute the node id","ENR","Tue Dec 02 19:28:19 UTC 2025","passed","Tue Dec 02 19:28:19 UTC 2025","","Static tests","",""
"","1","Reusing cursor across nodes","Waku Store, cursor","Tue Dec 02 19:33:21 UTC 2025","passed","Tue Dec 02 19:33:21 UTC 2025","","","",""
"","0","should handle network check errors gracefully","Dialer","Tue Dec 02 19:28:27 UTC 2025","passed","Tue Dec 02 19:28:27 UTC 2025","","shard reader integration","",""
"","0","Decoder throws on undefined content topic","Ensures content topic is defined","Tue Dec 02 19:28:47 UTC 2025","passed","Tue Dec 02 19:28:47 UTC 2025","","","",""
"","0","Subscribe and receive messages via waku relay post","Waku Filter: Subscribe: Multiple Service Nodes: Strict Check mode: true","Tue Dec 02 19:37:28 UTC 2025","passed","Tue Dec 02 19:37:28 UTC 2025","","","",""
"","1","Sync message is not sent if another non-ephemeral message was just sent","Reliable Channel: Sync","Tue Dec 02 19:29:23 UTC 2025","passed","Tue Dec 02 19:29:23 UTC 2025","","","",""
"","0","Incoming message is emitted as received","Reliable Channel","Tue Dec 02 19:29:21 UTC 2025","passed","Tue Dec 02 19:29:21 UTC 2025","","","",""
"","1","should remove expired entries after TTL has passed","TTLSet","Tue Dec 02 19:29:15 UTC 2025","passed","Tue Dec 02 19:29:15 UTC 2025","","","",""
"","1","should call waitForPeer on Relay","waitForRemotePeer","Tue Dec 02 19:29:18 UTC 2025","passed","Tue Dec 02 19:29:18 UTC 2025","","","",""
"","2","Passing a valid cursor at 10 index when there are 40 messages","Waku Store, cursor","Tue Dec 02 19:33:21 UTC 2025","passed","Tue Dec 02 19:33:21 UTC 2025","","","",""
"","1","should maintain chronological order of messages in localHistory","MessageChannel","Tue Dec 02 19:29:07 UTC 2025","passed","Tue Dec 02 19:29:07 UTC 2025","","receiving a message","",""
"","1","should handle multiple peers with different shard configurations","Dialer","Tue Dec 02 19:28:27 UTC 2025","passed","Tue Dec 02 19:28:27 UTC 2025","","integration","",""
"","0","should handle peerStore errors gracefully","ConnectionManager","Tue Dec 02 19:28:28 UTC 2025","passed","Tue Dec 02 19:28:28 UTC 2025","","getConnectedPeers","",""
"","0","should hash ""Lorem ipsum dolor sit amet"" with n=0 and maxValue=100 correctly","hashN","Tue Dec 02 19:29:03 UTC 2025","passed","Tue Dec 02 19:29:03 UTC 2025","","","",""
"","1","Ephemeral field is preserved - asymmetric encryption","Waku Message Ephemeral field","Tue Dec 02 19:29:49 UTC 2025","passed","Tue Dec 02 19:29:49 UTC 2025","","","",""
"","0","should throw error - no public key","ENR","Tue Dec 02 19:28:19 UTC 2025","passed","Tue Dec 02 19:28:19 UTC 2025","","Verify","",""
"","0","Push message with Arabic payload","Waku Light Push (legacy=v3): Multiple Nodes: Strict Check: false","Tue Dec 02 19:47:15 UTC 2025","passed","Tue Dec 02 19:47:15 UTC 2025","","","",""
"","1","should be safe to call multiple times","DiscoveryDialer","Tue Dec 02 19:28:27 UTC 2025","passed","Tue Dec 02 19:28:27 UTC 2025","","start","",""
"","0","Check received message containing JSON","Waku Filter: FilterPush: Multiple Nodes: Strict Checking: false","Tue Dec 02 19:37:06 UTC 2025","passed","Tue Dec 02 19:37:06 UTC 2025","","","",""
"","0","should hash ""test123"" with n=2 and maxValue=10000 correctly","hashN","Tue Dec 02 19:29:03 UTC 2025","passed","Tue Dec 02 19:29:03 UTC 2025","","","",""
"","0","should properly create location multiaddrs - tcp6","ENR","Tue Dec 02 19:28:19 UTC 2025","passed","Tue Dec 02 19:28:19 UTC 2025","","Location multiaddr","",""
"","1","passes more than one ENR URLs and attempts connection","DNS Node Discovery [live data]","Tue Dec 02 19:29:46 UTC 2025","skipped","Tue Dec 02 19:29:46 UTC 2025","","","",""
"","0","Subscribe to topic containing shell command and receive message","Waku Filter: Subscribe: Multiple Service Nodes: Strict Check mode: false","Tue Dec 02 19:37:28 UTC 2025","passed","Tue Dec 02 19:37:28 UTC 2025","","","",""
"","0","Encoder throws on empty string content topic","Ensures content topic is defined","Tue Dec 02 19:28:28 UTC 2025","passed","Tue Dec 02 19:28:28 UTC 2025","","","",""
"","1","should not mark messages in causal history as acknowledged if it's our own message","MessageChannel","Tue Dec 02 19:29:07 UTC 2025","passed","Tue Dec 02 19:29:07 UTC 2025","","reviewing ack status","",""
"","0","Push message with shell command payload","Waku Light Push (legacy=v2): Multiple Nodes: Strict Check: true","Tue Dec 02 19:47:15 UTC 2025","passed","Tue Dec 02 19:47:15 UTC 2025","","","",""
"","1","Check received message containing special chars","Waku Filter: FilterPush: Multiple Nodes: Strict Checking: false","Tue Dec 02 19:37:06 UTC 2025","passed","Tue Dec 02 19:37:06 UTC 2025","","","",""
"","0","Check received message containing Chinese","Waku Filter: FilterPush: Multiple Nodes: Strict Checking: true","Tue Dec 02 19:37:06 UTC 2025","passed","Tue Dec 02 19:37:06 UTC 2025","","","",""
"","0","Subscribe to topic containing long and receive message","Waku Filter: Subscribe: Multiple Service Nodes: Strict Check mode: true","Tue Dec 02 19:37:28 UTC 2025","passed","Tue Dec 02 19:37:28 UTC 2025","","","",""
"","0","Subscribe and publish message","Waku Relay, Subscribe","Tue Dec 02 19:32:36 UTC 2025","passed","Tue Dec 02 19:32:36 UTC 2025","","","",""
"","1","should trigger QueryOnConnect when going offline and store peer reconnects","Query On Connect Integration E2E Tests","Tue Dec 02 19:29:21 UTC 2025","passed","Tue Dec 02 19:29:21 UTC 2025","","","",""
"","0","should encode/decode to RLP encoding","ENR","Tue Dec 02 19:28:19 UTC 2025","passed","Tue Dec 02 19:28:19 UTC 2025","","Static tests","",""
"","0","Check received message containing escaped characters","Waku Filter: FilterPush: Multiple Nodes: Strict Checking: true","Tue Dec 02 19:37:06 UTC 2025","passed","Tue Dec 02 19:37:06 UTC 2025","","","",""
"","1","should capture event listeners for testing","QueryOnConnect","Tue Dec 02 19:29:17 UTC 2025","passed","Tue Dec 02 19:29:17 UTC 2025","","event handling simulation","",""
"","0","Push message with numeric payload","Waku Light Push (legacy=v2): Multiple Nodes: Strict Check: false","Tue Dec 02 19:47:15 UTC 2025","passed","Tue Dec 02 19:47:15 UTC 2025","","","",""
"","1","should respect custom numPeersToUse configuration","PeerManager","Tue Dec 02 19:29:16 UTC 2025","passed","Tue Dec 02 19:29:16 UTC 2025","","","",""
"","0","should not emit message when conditions are not met (recent query, no offline)","QueryOnConnect","Tue Dec 02 19:29:17 UTC 2025","passed","Tue Dec 02 19:29:17 UTC 2025","","end-to-end message emission tests","",""
"","0","Check message with no payload is not received","Waku Filter: FilterPush: Multiple Nodes: Strict Checking: true","Tue Dec 02 19:37:06 UTC 2025","passed","Tue Dec 02 19:37:06 UTC 2025","","","",""
"","0","accepts time-filtered query with content filter","StoreQueryRequest validation","Tue Dec 02 19:28:27 UTC 2025","passed","Tue Dec 02 19:28:27 UTC 2025","","","",""
"","0","should hash """" with n=0 and maxValue=1000 correctly","hashN","Tue Dec 02 19:29:03 UTC 2025","passed","Tue Dec 02 19:29:03 UTC 2025","","","",""
"","0","should skip peers without peerInfo in ENR","PeerExchangeDiscovery","Tue Dec 02 19:28:36 UTC 2025","passed","Tue Dec 02 19:28:36 UTC 2025","","query","",""
"","0","Push message with Script payload","Waku Light Push (legacy=v2): Multiple Nodes: Strict Check: false","Tue Dec 02 19:47:15 UTC 2025","passed","Tue Dec 02 19:47:15 UTC 2025","","","",""
"","1","random static sharding 4 - Cluster ID: 124, Shard ID: 87","Static Sharding: Running Nodes","Tue Dec 02 19:34:33 UTC 2025","passed","Tue Dec 02 19:34:33 UTC 2025","","","",""
"","0","should requeue task if no peer is available","RetryManager","Tue Dec 02 19:29:15 UTC 2025","passed","Tue Dec 02 19:29:15 UTC 2025","","","",""
"","0","should retrieve 3 multiaddrs for test.waku.nodes.status.im","DNS Node Discovery [live data]","Tue Dec 02 19:28:36 UTC 2025","skipped","Tue Dec 02 19:28:36 UTC 2025","","","",""
"","0","Subscribe to topic containing escaped characters and publish message","Waku Relay, Subscribe","Tue Dec 02 19:32:36 UTC 2025","passed","Tue Dec 02 19:32:36 UTC 2025","","","",""
"","1","Meta field set when metaSetter is specified","Waku Message version 0","Tue Dec 02 19:28:28 UTC 2025","passed","Tue Dec 02 19:28:28 UTC 2025","","","",""
"","0","should add sent message to localHistory with retrievalHint","MessageChannel","Tue Dec 02 19:29:07 UTC 2025","passed","Tue Dec 02 19:29:07 UTC 2025","","sending a message ","",""
"","1","Subscribe to topic containing SQL Injection and receive message","Waku Filter: Subscribe: Multiple Service Nodes: Strict Check mode: false","Tue Dec 02 19:37:28 UTC 2025","passed","Tue Dec 02 19:37:28 UTC 2025","","","",""
"","0","Fails to push message with large meta","Waku Light Push (legacy=v2): Multiple Nodes: Strict Check: false","Tue Dec 02 19:47:15 UTC 2025","passed","Tue Dec 02 19:47:15 UTC 2025","","","",""
"","0","Check message with no pubsub topic is not received","Waku Filter: FilterPush: Multiple Nodes: Strict Checking: false","Tue Dec 02 19:37:06 UTC 2025","passed","Tue Dec 02 19:37:06 UTC 2025","","","",""
"","1","should be able to encode the field with RELAY and FILTER protocols set to true","ENR waku2 codec","Tue Dec 02 19:28:18 UTC 2025","passed","Tue Dec 02 19:28:18 UTC 2025","","Encoding","",""
"","1","should set field with all protocols enabled","ENR","Tue Dec 02 19:28:19 UTC 2025","passed","Tue Dec 02 19:28:19 UTC 2025","","waku2 key round trip","",""
"","1","ENRTree (tree): should parse a DNS tree entry","ENRTree","Tue Dec 02 19:28:36 UTC 2025","passed","Tue Dec 02 19:28:36 UTC 2025","","","",""
"","1","should not update T_req if message already exists","OutgoingRepairBuffer","Tue Dec 02 19:29:03 UTC 2025","passed","Tue Dec 02 19:29:03 UTC 2025","","","",""
"","0","Stops search when 2 null results are returned","Fetch nodes","Tue Dec 02 19:28:35 UTC 2025","passed","Tue Dec 02 19:28:35 UTC 2025","","","",""
"","0","Check received message with timestamp: 1649153314 ","Waku Filter: FilterPush: Multiple Nodes: Strict Checking: true","Tue Dec 02 19:37:06 UTC 2025","passed","Tue Dec 02 19:37:06 UTC 2025","","","",""
"","3","should dial second nwaku node that was discovered","DiscoveryDialer","Tue Dec 02 19:29:41 UTC 2025","skipped","Tue Dec 02 19:29:41 UTC 2025","","","",""
"","1","Waku message hash computation (meta size of 12 bytes)","Message Hash: RFC Test Vectors","Tue Dec 02 19:28:27 UTC 2025","passed","Tue Dec 02 19:28:27 UTC 2025","","","",""
"","1","Push message with short payload","Waku Light Push (legacy=v3): Multiple Nodes: Strict Check: true","Tue Dec 02 19:47:15 UTC 2025","passed","Tue Dec 02 19:47:15 UTC 2025","","","",""
"","1","accepts valid message hash query","StoreQueryRequest validation","Tue Dec 02 19:28:27 UTC 2025","passed","Tue Dec 02 19:28:27 UTC 2025","","","",""
"","0","Emits 'syncing' then 'synced' when message flagged as missing and then lost","Sync Status","Tue Dec 02 19:29:18 UTC 2025","passed","Tue Dec 02 19:29:18 UTC 2025","","","",""
"","2","tcp ip4 address","Multiaddr from fields","Tue Dec 02 19:28:18 UTC 2025","passed","Tue Dec 02 19:28:18 UTC 2025","","","",""
"","0","Filter","Wait for remote peer","Tue Dec 02 19:34:43 UTC 2025","passed","Tue Dec 02 19:34:43 UTC 2025","","","",""
"","0","Decoder throws on empty string content topic","Ensures content topic is defined","Tue Dec 02 19:28:45 UTC 2025","passed","Tue Dec 02 19:28:45 UTC 2025","","","",""
"","1","should be safe to call multiple times","Dialer","Tue Dec 02 19:28:27 UTC 2025","passed","Tue Dec 02 19:28:27 UTC 2025","","stop","",""
"","0","ends if stream creation fails","StoreCore","Tue Dec 02 19:28:28 UTC 2025","passed","Tue Dec 02 19:28:28 UTC 2025","","queryPerPage","",""
"","0","should set up event listeners when started","QueryOnConnect","Tue Dec 02 19:29:17 UTC 2025","passed","Tue Dec 02 19:29:17 UTC 2025","","start and stop","",""
"","0","should create relay timers when relay exists and relayKeepAlive > 0","KeepAliveManager","Tue Dec 02 19:28:28 UTC 2025","passed","Tue Dec 02 19:28:28 UTC 2025","","relay timer management","",""
"","1","Encoder throws on undefined content topic","Ensures content topic is defined","Tue Dec 02 19:28:45 UTC 2025","passed","Tue Dec 02 19:28:45 UTC 2025","","","",""
"","0","Asymmetric encrypt & decrypt","Waku Encryption","Tue Dec 02 19:28:46 UTC 2025","passed","Tue Dec 02 19:28:46 UTC 2025","","","",""
"","0","Promise Callback  - false","Waku Store, order","Tue Dec 02 19:34:17 UTC 2025","passed","Tue Dec 02 19:34:17 UTC 2025","","","",""
"","1","should return false when network is not connected","ConnectionManager","Tue Dec 02 19:28:28 UTC 2025","passed","Tue Dec 02 19:28:28 UTC 2025","","isConnected","",""
"","3","should not dial peers from store when browser is not connected","ConnectionLimiter","Tue Dec 02 19:28:27 UTC 2025","passed","Tue Dec 02 19:28:27 UTC 2025","","onWakuConnectionEvent","",""
"","0","should trigger QueryOnConnect when time threshold is exceeded","Query On Connect Integration E2E Tests","Tue Dec 02 19:29:21 UTC 2025","passed","Tue Dec 02 19:29:21 UTC 2025","","","",""
"","0","Push message with content topic containing Russian","Waku Light Push (legacy=v2): Multiple Nodes: Strict Check: true","Tue Dec 02 19:47:15 UTC 2025","passed","Tue Dec 02 19:47:15 UTC 2025","","","",""
"","0","Push message with content topic containing long","Waku Light Push (legacy=v3): Multiple Nodes: Strict Check: true","Tue Dec 02 19:47:15 UTC 2025","passed","Tue Dec 02 19:47:15 UTC 2025","","","",""
"","1","should hash ""test123"" with n=1 and maxValue=1000 correctly","hashN","Tue Dec 02 19:29:03 UTC 2025","passed","Tue Dec 02 19:29:03 UTC 2025","","","",""
"","0","Push message with content topic containing special chars","Waku Light Push (legacy=v3): Multiple Nodes: Strict Check: true","Tue Dec 02 19:47:15 UTC 2025","passed","Tue Dec 02 19:47:15 UTC 2025","","","",""
"","1","Push message with content topic containing SQL Injection","Waku Light Push (legacy=v3): Multiple Nodes: Strict Check: true","Tue Dec 02 19:47:15 UTC 2025","passed","Tue Dec 02 19:47:15 UTC 2025","","","",""
"","0","should throw an error for non-numeric clusterId: /waku/2/rs//1","pubsubTopicToSingleShardInfo with various invalid formats","Tue Dec 02 19:28:13 UTC 2025","passed","Tue Dec 02 19:28:13 UTC 2025","","","",""
"","0","A test","This","Tue Dec 02 19:30:57 UTC 2025","passed","Tue Dec 02 19:30:57 UTC 2025","","Is","",""
"","0","Subscribe to topic containing numeric and receive message","Waku Filter: Subscribe: Multiple Service Nodes: Strict Check mode: true","Tue Dec 02 19:37:28 UTC 2025","passed","Tue Dec 02 19:37:28 UTC 2025","","","",""
"","0","Push message with escaped characters payload","Waku Light Push (legacy=v3): Multiple Nodes: Strict Check: false","Tue Dec 02 19:47:15 UTC 2025","passed","Tue Dec 02 19:47:15 UTC 2025","","","",""
"","0","should return cached hash on subsequent access","DecodedMessage lazy hash initialization","Tue Dec 02 19:28:28 UTC 2025","passed","Tue Dec 02 19:28:28 UTC 2025","","","",""
"","0","should dial with PeerId and return stream","ConnectionManager","Tue Dec 02 19:28:28 UTC 2025","passed","Tue Dec 02 19:28:28 UTC 2025","","dial","",""
"","0","Waku message hash computation (meta size of 64 bytes)","Message Hash: RFC Test Vectors","Tue Dec 02 19:28:27 UTC 2025","passed","Tue Dec 02 19:28:27 UTC 2025","","","",""
"","0","should not be sent when there is no history","MessageChannel","Tue Dec 02 19:29:07 UTC 2025","passed","Tue Dec 02 19:29:07 UTC 2025","","Sync messages","",""
"","0","should return false when pubsub topic parsing fails","ShardReader","Tue Dec 02 19:28:27 UTC 2025","passed","Tue Dec 02 19:28:27 UTC 2025","","isPeerOnTopic","",""
"","1","Relay + Store","ENR","Tue Dec 02 19:28:19 UTC 2025","passed","Tue Dec 02 19:28:19 UTC 2025","","Waku2 key: decode","",""
"","0","rejects content-filtered query with only contentTopics","StoreQueryRequest validation","Tue Dec 02 19:28:27 UTC 2025","passed","Tue Dec 02 19:28:27 UTC 2025","","","",""
"","0","Check publish message containing long","Waku Relay, Publish","Tue Dec 02 19:32:28 UTC 2025","passed","Tue Dec 02 19:32:28 UTC 2025","","","",""
"","0","Push message with content topic containing Russian","Waku Light Push (legacy=v2): Multiple Nodes: Strict Check: false","Tue Dec 02 19:47:15 UTC 2025","passed","Tue Dec 02 19:47:15 UTC 2025","","","",""
"","6","should create NetworkMonitor with libp2p and events","NetworkMonitor","Tue Dec 02 19:28:26 UTC 2025","passed","Tue Dec 02 19:28:26 UTC 2025","","constructor","",""
"","2","should prioritize bootstrap, then peer exchange, then local peers","ConnectionLimiter","Tue Dec 02 19:28:27 UTC 2025","passed","Tue Dec 02 19:28:27 UTC 2025","","dialPeersFromStore prioritization","",""
"","1","should enable only peerCache when dns and peerExchange are disabled","Default Peer Discoveries","Tue Dec 02 19:29:15 UTC 2025","passed","Tue Dec 02 19:29:15 UTC 2025","","","",""
"","1","should handle corrupted shard info gracefully","ShardReader","Tue Dec 02 19:28:27 UTC 2025","passed","Tue Dec 02 19:28:27 UTC 2025","","error handling","",""
"","1","should not requeue if maxAttempts is exhausted and no peer is available","RetryManager","Tue Dec 02 19:29:15 UTC 2025","passed","Tue Dec 02 19:29:15 UTC 2025","","","",""
"","0","Check received message with timestamp: 1949153314000 ","Waku Filter: FilterPush: Multiple Nodes: Strict Checking: false","Tue Dec 02 19:37:06 UTC 2025","passed","Tue Dec 02 19:37:06 UTC 2025","","","",""
"","1","Publish message with custom timestamp: Wed Dec 11 2024 19:32:22 GMT+0000 (Coordinated Universal Time)","Waku Relay, Publish","Tue Dec 02 19:32:28 UTC 2025","passed","Tue Dec 02 19:32:28 UTC 2025","","","",""
"","0","should be sent with empty content","MessageChannel","Tue Dec 02 19:29:07 UTC 2025","passed","Tue Dec 02 19:29:07 UTC 2025","","Sync messages","",""
"","0","should create timers for each pubsub topic where peer is in mesh","KeepAliveManager","Tue Dec 02 19:28:28 UTC 2025","passed","Tue Dec 02 19:28:28 UTC 2025","","relay timer management","",""
"","0","Query Generator sorting by timestamp while page direction is false","Waku Store, sorting","Tue Dec 02 19:34:24 UTC 2025","passed","Tue Dec 02 19:34:24 UTC 2025","","","",""
"","1","should do nothing if at or below maxBootstrapPeers","ConnectionLimiter","Tue Dec 02 19:28:27 UTC 2025","passed","Tue Dec 02 19:28:27 UTC 2025","","maintainBootstrapConnections","",""
"","1","Push message with content topic containing special chars","Waku Light Push (legacy=v3): Multiple Nodes: Strict Check: false","Tue Dec 02 19:47:15 UTC 2025","passed","Tue Dec 02 19:47:15 UTC 2025","","","",""
"","0","Fails to push message bigger that 1MB","Waku Light Push (legacy=v3): Multiple Nodes: Strict Check: true","Tue Dec 02 19:47:15 UTC 2025","passed","Tue Dec 02 19:47:15 UTC 2025","","","",""
"","1","Passing a valid cursor at 0 index when there are 20 messages","Waku Store, cursor","Tue Dec 02 19:33:21 UTC 2025","passed","Tue Dec 02 19:33:21 UTC 2025","","","",""
"","0","different cluster:  nodes don't connect","Metadata Protocol","Tue Dec 02 19:31:13 UTC 2025","passed","Tue Dec 02 19:31:13 UTC 2025","","static sharding","",""
"","1","Subscribe to topic containing XML and publish message","Waku Relay, Subscribe","Tue Dec 02 19:32:36 UTC 2025","passed","Tue Dec 02 19:32:36 UTC 2025","","","",""
"","1","should be able to decode the field with ALL protocols set to false","ENR waku2 codec","Tue Dec 02 19:28:18 UTC 2025","passed","Tue Dec 02 19:28:18 UTC 2025","","Decoding","",""
"","0","Encoder throws on undefined content topic","Ensures content topic is defined","Tue Dec 02 19:28:28 UTC 2025","passed","Tue Dec 02 19:28:28 UTC 2025","","","",""
"","0","should hash """" with n=0 and maxValue=10000 correctly","hashN","Tue Dec 02 19:29:03 UTC 2025","passed","Tue Dec 02 19:29:03 UTC 2025","","","",""
"","1","should throw error when no peers are available","Store","Tue Dec 02 19:29:18 UTC 2025","passed","Tue Dec 02 19:29:18 UTC 2025","","queryGenerator","",""
"","0","Push message with custom timestamp: 1733945406753","Waku Light Push (legacy=v2): Multiple Nodes: Strict Check: false","Tue Dec 02 19:47:15 UTC 2025","passed","Tue Dec 02 19:47:15 UTC 2025","","","",""
"","0","should create PeerExchangeDiscovery instance","PeerExchangeDiscovery","Tue Dec 02 19:28:36 UTC 2025","passed","Tue Dec 02 19:28:36 UTC 2025","","wakuPeerExchangeDiscovery factory","",""
"","0","Push message with content topic containing short","Waku Light Push (legacy=v2): Multiple Nodes: Strict Check: false","Tue Dec 02 19:47:15 UTC 2025","passed","Tue Dec 02 19:47:15 UTC 2025","","","",""
"","0","should skip peer when not on same cluster","Dialer","Tue Dec 02 19:28:27 UTC 2025","passed","Tue Dec 02 19:28:27 UTC 2025","","dial","",""
"","1","Unsubscribe 1 topic - node subscribed to 1 topic","Waku Filter: Unsubscribe: Multiple Nodes: Strict Checking: false","Tue Dec 02 19:32:05 UTC 2025","passed","Tue Dec 02 19:32:05 UTC 2025","","","",""
"","1","should add received messages to bloom filter","MessageChannel","Tue Dec 02 19:29:07 UTC 2025","passed","Tue Dec 02 19:29:07 UTC 2025","","receiving a message","",""
"","1","should use DNS peer discovery with light client","DNS Node Discovery [live data]","Tue Dec 02 19:29:46 UTC 2025","skipped","Tue Dec 02 19:29:46 UTC 2025","","","",""
"","0","random static sharding 2 - Cluster ID: 80, Shard ID: 689","Static Sharding: Running Nodes","Tue Dec 02 19:34:33 UTC 2025","passed","Tue Dec 02 19:34:33 UTC 2025","","","",""
"","0","should throw an error for non-numeric shard: /waku/2/rs/1/$","pubsubTopicToSingleShardInfo with various invalid formats","Tue Dec 02 19:28:13 UTC 2025","passed","Tue Dec 02 19:28:13 UTC 2025","","","",""
"","0","should correctly map /app/20/sometopic/someencoding to shard index 15 with networkShards 16","contentTopicToShardIndex","Tue Dec 02 19:28:13 UTC 2025","passed","Tue Dec 02 19:28:13 UTC 2025","","","",""
"","1","Cluster ID 0 - Default/Global Cluster","Autosharding: Running Nodes","Tue Dec 02 19:34:16 UTC 2025","passed","Tue Dec 02 19:34:16 UTC 2025","","","",""
"","0","Emits 'synced' then 'synced' when message flagged as lost and then received","Sync Status","Tue Dec 02 19:29:18 UTC 2025","passed","Tue Dec 02 19:29:18 UTC 2025","","","",""
"","2","should return null for non-existent peer","ConnectionLimiter","Tue Dec 02 19:28:27 UTC 2025","passed","Tue Dec 02 19:28:27 UTC 2025","","getPeer","",""
"","0","ends if response has no messages","StoreCore","Tue Dec 02 19:28:28 UTC 2025","passed","Tue Dec 02 19:28:28 UTC 2025","","queryPerPage","",""
"","0","should handle retrieve function with query parameters","QueryOnConnect","Tue Dec 02 19:29:17 UTC 2025","passed","Tue Dec 02 19:29:17 UTC 2025","","async generator retrieve function mock","",""
"","0","return first retrieved peers without further DNS queries","DNS Node Discovery w/ capabilities","Tue Dec 02 19:28:36 UTC 2025","passed","Tue Dec 02 19:28:36 UTC 2025","","","",""
"","0","Subscribe to topic containing Basic HTML tag and receive message","Waku Filter: Subscribe: Multiple Service Nodes: Strict Check mode: true","Tue Dec 02 19:37:28 UTC 2025","passed","Tue Dec 02 19:37:28 UTC 2025","","","",""
"","0","msgTime: -19000 ms from now, startTime: -18990, endTime: -19010","Waku Store, time filter","Tue Dec 02 19:34:38 UTC 2025","passed","Tue Dec 02 19:34:38 UTC 2025","","","",""
"","0","Push message with Arabic payload","Waku Light Push (legacy=v2): Multiple Nodes: Strict Check: false","Tue Dec 02 19:47:15 UTC 2025","passed","Tue Dec 02 19:47:15 UTC 2025","","","",""
"","0","Subscribe to topic containing numeric and receive message","Waku Filter: Subscribe: Multiple Service Nodes: Strict Check mode: false","Tue Dec 02 19:37:28 UTC 2025","passed","Tue Dec 02 19:37:28 UTC 2025","","","",""
"","1","Unsubscribe 1 topic - node subscribed to 2 topics","Waku Filter: Unsubscribe: Multiple Nodes: Strict Checking: true","Tue Dec 02 19:32:05 UTC 2025","passed","Tue Dec 02 19:32:05 UTC 2025","","","",""
"","1","Push message with content topic containing Russian","Waku Light Push (legacy=v3): Multiple Nodes: Strict Check: false","Tue Dec 02 19:47:15 UTC 2025","passed","Tue Dec 02 19:47:15 UTC 2025","","","",""
"","0","Subscribe to topic containing SQL Injection and receive message","Waku Filter: Subscribe: Multiple Service Nodes: Strict Check mode: true","Tue Dec 02 19:37:28 UTC 2025","passed","Tue Dec 02 19:37:28 UTC 2025","","","",""
"","3","should save new peer to store","DiscoveryDialer","Tue Dec 02 19:28:27 UTC 2025","passed","Tue Dec 02 19:28:27 UTC 2025","","updatePeerStore","",""
"","0","Check publish message containing shell command","Waku Relay, Publish","Tue Dec 02 19:32:28 UTC 2025","passed","Tue Dec 02 19:32:28 UTC 2025","","","",""
"","1","should skip peer when dialed recently","Dialer","Tue Dec 02 19:28:27 UTC 2025","passed","Tue Dec 02 19:28:27 UTC 2025","","dial","",""
"","0","returns a subset of values when wanted number is lesser than available values","Discovery","Tue Dec 02 19:28:35 UTC 2025","passed","Tue Dec 02 19:28:35 UTC 2025","","","",""
"","0","should only return 1 node with relay capability","DNS Node Discovery w/ capabilities","Tue Dec 02 19:28:36 UTC 2025","passed","Tue Dec 02 19:28:36 UTC 2025","","","",""
"","0","Push message with special chars payload","Waku Light Push (legacy=v2): Multiple Nodes: Strict Check: true","Tue Dec 02 19:47:15 UTC 2025","passed","Tue Dec 02 19:47:15 UTC 2025","","","",""
"","1","should allow redial after failed dial cooldown expires","Dialer","Tue Dec 02 19:28:27 UTC 2025","passed","Tue Dec 02 19:28:27 UTC 2025","","dial","",""
"","0","Subscribe to 30 topics in separate streams (30 streams for Filter is limit) at once and receives messages","Waku Filter: Subscribe: Multiple Service Nodes: Strict Check mode: false","Tue Dec 02 19:37:28 UTC 2025","skipped","Tue Dec 02 19:37:28 UTC 2025","","","",""
"","0","should hash ""hello"" with n=1 and maxValue=10000 correctly","hashN","Tue Dec 02 19:29:03 UTC 2025","passed","Tue Dec 02 19:29:03 UTC 2025","","","",""
"","1","random static sharding 6 - Cluster ID: 459, Shard ID: 362","Static Sharding: Running Nodes","Tue Dec 02 19:34:33 UTC 2025","passed","Tue Dec 02 19:34:33 UTC 2025","","","",""
"","1","should correctly map /app/27/sometopic/someencoding to shard index 5","contentTopicToShardIndex","Tue Dec 02 19:28:13 UTC 2025","passed","Tue Dec 02 19:28:13 UTC 2025","","","",""
"","1","should hash ""hello"" with n=5 and maxValue=100 correctly","hashN","Tue Dec 02 19:29:03 UTC 2025","passed","Tue Dec 02 19:29:03 UTC 2025","","","",""
"","1","should hash ""test123"" with n=1 and maxValue=100 correctly","hashN","Tue Dec 02 19:29:03 UTC 2025","passed","Tue Dec 02 19:29:03 UTC 2025","","","",""
"","0","Fields are not dropped","to proto message","Tue Dec 02 19:28:28 UTC 2025","passed","Tue Dec 02 19:28:28 UTC 2025","","","",""
"","0","Relay + Store","ENR Interop: ServiceNode","Tue Dec 02 19:29:47 UTC 2025","passed","Tue Dec 02 19:29:47 UTC 2025","","","",""
"","0","Subscribe to topic containing escaped characters and receive message","Waku Filter: Subscribe: Multiple Service Nodes: Strict Check mode: false","Tue Dec 02 19:37:28 UTC 2025","passed","Tue Dec 02 19:37:28 UTC 2025","","","",""
"","2","Ordered Callback sorting by timestamp while page direction is false","Waku Store, sorting","Tue Dec 02 19:34:24 UTC 2025","passed","Tue Dec 02 19:34:24 UTC 2025","","","",""
"","1","should hash ""!@#$%^&*()"" with n=1 and maxValue=10000 correctly","hashN","Tue Dec 02 19:29:03 UTC 2025","passed","Tue Dec 02 19:29:03 UTC 2025","","","",""
"","0","Refresh subscription","Waku Relay, Subscribe","Tue Dec 02 19:32:36 UTC 2025","skipped","Tue Dec 02 19:32:36 UTC 2025","","","",""
"","0","Push message with unicode special characters payload","Waku Light Push (legacy=v2): Multiple Nodes: Strict Check: true","Tue Dec 02 19:47:15 UTC 2025","passed","Tue Dec 02 19:47:15 UTC 2025","","","",""
"","0","should start the dialing interval","Dialer","Tue Dec 02 19:28:27 UTC 2025","passed","Tue Dec 02 19:28:27 UTC 2025","","start","",""
"","1","should skip peers without ENR","PeerExchangeDiscovery","Tue Dec 02 19:28:36 UTC 2025","passed","Tue Dec 02 19:28:36 UTC 2025","","query","",""
"","0","should correctly map /app/22/sometopic/someencoding to shard index 2","contentTopicToShardIndex","Tue Dec 02 19:28:13 UTC 2025","passed","Tue Dec 02 19:28:13 UTC 2025","","","",""
"","0","should not fail to start the service if it is already started","Peer Exchange","Tue Dec 02 19:33:09 UTC 2025","passed","Tue Dec 02 19:33:09 UTC 2025","interface-peer-discovery compliance tests","Compliance Test","",""
"","0","should emit `waku:offline` event only when all peers disconnect","Connection state","Tue Dec 02 19:30:02 UTC 2025","passed","Tue Dec 02 19:30:02 UTC 2025","","","",""
"","0","Check received message containing JSON","Waku Filter: FilterPush: Multiple Nodes: Strict Checking: true","Tue Dec 02 19:37:06 UTC 2025","passed","Tue Dec 02 19:37:06 UTC 2025","","","",""
"","1","should return false when navigator.onLine is false","NetworkMonitor","Tue Dec 02 19:28:26 UTC 2025","passed","Tue Dec 02 19:28:26 UTC 2025","","isConnected","",""
"","0","Push message equal or less that 1MB","Waku Light Push (legacy=v2): Multiple Nodes: Strict Check: true","Tue Dec 02 19:47:15 UTC 2025","passed","Tue Dec 02 19:47:15 UTC 2025","","","",""
"","3","should not return the same peer twice in consecutive getPeers calls without renew","PeerManager","Tue Dec 02 19:29:16 UTC 2025","passed","Tue Dec 02 19:29:16 UTC 2025","","","",""
"","0","Push message with custom timestamp: 1764700206753","Waku Light Push (legacy=v3): Multiple Nodes: Strict Check: false","Tue Dec 02 19:47:15 UTC 2025","passed","Tue Dec 02 19:47:15 UTC 2025","","","",""
"","3","should hash ""test123"" with n=5 and maxValue=1000 correctly","hashN","Tue Dec 02 19:29:03 UTC 2025","passed","Tue Dec 02 19:29:03 UTC 2025","","","",""
"","0","Subscribe to topic containing Chinese and receive message","Waku Filter: Subscribe: Multiple Service Nodes: Strict Check mode: false","Tue Dec 02 19:37:28 UTC 2025","passed","Tue Dec 02 19:37:28 UTC 2025","","","",""
"","0","should throw an error for non-numeric shard: /waku/2/rs/1/y","pubsubTopicToSingleShardInfo with various invalid formats","Tue Dec 02 19:28:13 UTC 2025","passed","Tue Dec 02 19:28:13 UTC 2025","","","",""
"","1","Query Generator  - true","Waku Store, order","Tue Dec 02 19:34:17 UTC 2025","passed","Tue Dec 02 19:34:17 UTC 2025","","","",""
"","0","random auto sharding 5 - Cluster ID: 10, Content Topic: /app15/7/topic154/test.js","Autosharding: Running Nodes","Tue Dec 02 19:34:16 UTC 2025","passed","Tue Dec 02 19:34:16 UTC 2025","","","",""
"","0","Check received message with timestamp: 1949153314000 ","Waku Filter: FilterPush: Multiple Nodes: Strict Checking: true","Tue Dec 02 19:37:06 UTC 2025","passed","Tue Dec 02 19:37:06 UTC 2025","","","",""
"","0","Unsubscribe 2 topics - node subscribed to 2 topics","Waku Filter: Unsubscribe: Multiple Nodes: Strict Checking: true","Tue Dec 02 19:32:05 UTC 2025","passed","Tue Dec 02 19:32:05 UTC 2025","","","",""
"","2","new peer added after a peer was already found","Peer Exchange","Tue Dec 02 19:32:39 UTC 2025","passed","Tue Dec 02 19:32:39 UTC 2025","","","",""
"","0","Push message with Chinese payload","Waku Light Push (legacy=v2): Multiple Nodes: Strict Check: false","Tue Dec 02 19:47:15 UTC 2025","passed","Tue Dec 02 19:47:15 UTC 2025","","","",""
"","0","should be able to encode the field with ALL protocols set to false","ENR waku2 codec","Tue Dec 02 19:28:18 UTC 2025","passed","Tue Dec 02 19:28:18 UTC 2025","","Encoding","",""
"","0","should deliver messages after dependencies are met","MessageChannel","Tue Dec 02 19:29:07 UTC 2025","passed","Tue Dec 02 19:29:07 UTC 2025","","Sweeping incoming buffer","",""
"","0","should throw an error for non-numeric clusterId: /waku/2/rs/$/1","pubsubTopicToSingleShardInfo with various invalid formats","Tue Dec 02 19:28:13 UTC 2025","passed","Tue Dec 02 19:28:13 UTC 2025","","","",""
"","0","Generator, with asymmetric & symmetric encrypted messages","Waku Store, general","Tue Dec 02 19:34:07 UTC 2025","passed","Tue Dec 02 19:34:07 UTC 2025","","","",""
"","0","Push message with JSON payload","Waku Light Push (legacy=v3): Multiple Nodes: Strict Check: false","Tue Dec 02 19:47:15 UTC 2025","passed","Tue Dec 02 19:47:15 UTC 2025","","","",""
"","1","can start and stop the service","Peer Cache Discovery","Tue Dec 02 19:28:40 UTC 2025","passed","Tue Dec 02 19:28:40 UTC 2025","interface-peer-discovery compliance tests","Compliance Tests","",""
"","1","should hash ""!@#$%^&*()"" with n=5 and maxValue=1000 correctly","hashN","Tue Dec 02 19:29:03 UTC 2025","passed","Tue Dec 02 19:29:03 UTC 2025","","","",""
"","1","Check publish message after service node is restarted","Waku Relay, Publish","Tue Dec 02 19:32:28 UTC 2025","skipped","Tue Dec 02 19:32:28 UTC 2025","","","",""
"","0","should return false and handle errors gracefully","ConnectionManager","Tue Dec 02 19:28:28 UTC 2025","passed","Tue Dec 02 19:28:28 UTC 2025","","hangUp","",""
"","0","Push message with unicode special characters payload","Waku Light Push (legacy=v3): Multiple Nodes: Strict Check: false","Tue Dec 02 19:47:15 UTC 2025","passed","Tue Dec 02 19:47:15 UTC 2025","","","",""
"","0","ENRTree (branch): should error if DNS branch entry is mis-prefixed","ENRTree","Tue Dec 02 19:28:36 UTC 2025","passed","Tue Dec 02 19:28:36 UTC 2025","","","",""
"","0","Push message with Arabic payload","Waku Light Push (legacy=v2): Multiple Nodes: Strict Check: true","Tue Dec 02 19:47:15 UTC 2025","passed","Tue Dec 02 19:47:15 UTC 2025","","","",""
"","0","should handle malformed response data","PeerExchange","Tue Dec 02 19:28:36 UTC 2025","passed","Tue Dec 02 19:28:36 UTC 2025","","query","",""
"","1","should handle case with no peers in store","ConnectionLimiter","Tue Dec 02 19:28:27 UTC 2025","passed","Tue Dec 02 19:28:27 UTC 2025","","dialPeersFromStore","",""
"","0","should query peers that support peer exchange","PeerExchangeDiscovery","Tue Dec 02 19:28:36 UTC 2025","passed","Tue Dec 02 19:28:36 UTC 2025","","handlePeriodicDiscovery","",""
"","0","Push message with Russian payload","Waku Light Push (legacy=v2): Multiple Nodes: Strict Check: true","Tue Dec 02 19:47:15 UTC 2025","passed","Tue Dec 02 19:47:15 UTC 2025","","","",""
"","0","Unsubscribe from 100 topics (new limit) at once and receives messages","Waku Filter: Unsubscribe: Multiple Nodes: Strict Checking: true","Tue Dec 02 19:32:05 UTC 2025","passed","Tue Dec 02 19:32:05 UTC 2025","","","",""
"","1","should perform ping and update peer store on timer","KeepAliveManager","Tue Dec 02 19:28:28 UTC 2025","passed","Tue Dec 02 19:28:28 UTC 2025","","ping timer management","",""
"","0","Check received message containing SQL Injection","Waku Filter: FilterPush: Multiple Nodes: Strict Checking: true","Tue Dec 02 19:37:06 UTC 2025","passed","Tue Dec 02 19:37:06 UTC 2025","","","",""
"","0","should return NO_STREAM_AVAILABLE when stream creation fails","PeerExchange","Tue Dec 02 19:28:36 UTC 2025","passed","Tue Dec 02 19:28:36 UTC 2025","","query","",""
"","0","should mark all messages in causal history as acknowledged","MessageChannel","Tue Dec 02 19:29:07 UTC 2025","passed","Tue Dec 02 19:29:07 UTC 2025","","reviewing ack status","",""
"","0","should handle complete connection lifecycle","NetworkMonitor","Tue Dec 02 19:28:26 UTC 2025","passed","Tue Dec 02 19:28:26 UTC 2025","","integration","",""
"","0","should add event listeners for peer connect and disconnect","KeepAliveManager","Tue Dec 02 19:28:27 UTC 2025","passed","Tue Dec 02 19:28:27 UTC 2025","","start","",""
"","1","Subscribe to 100 topics (new limit) at once and receives messages","Waku Filter: Subscribe: Multiple Service Nodes: Strict Check mode: false","Tue Dec 02 19:37:28 UTC 2025","passed","Tue Dec 02 19:37:28 UTC 2025","","","",""
"","0","Subscribe and receive symmetrically encrypted messages via lightPush","Waku Filter: Subscribe: Multiple Service Nodes: Strict Check mode: false","Tue Dec 02 19:37:28 UTC 2025","passed","Tue Dec 02 19:37:28 UTC 2025","","","",""
"","0","Check message with no content topic is not received","Waku Filter: FilterPush: Multiple Nodes: Strict Checking: true","Tue Dec 02 19:37:06 UTC 2025","passed","Tue Dec 02 19:37:06 UTC 2025","","","",""
"","1","should process successful peer exchange query","PeerExchangeDiscovery","Tue Dec 02 19:28:36 UTC 2025","passed","Tue Dec 02 19:28:36 UTC 2025","","query","",""
"","0","Push message with content topic containing escaped characters","Waku Light Push (legacy=v2): Multiple Nodes: Strict Check: false","Tue Dec 02 19:47:15 UTC 2025","passed","Tue Dec 02 19:47:15 UTC 2025","","","",""
"","0","Push 30 different messages","Waku Light Push (legacy=v3): Multiple Nodes: Strict Check: true","Tue Dec 02 19:47:15 UTC 2025","skipped","Tue Dec 02 19:47:15 UTC 2025","","","",""
"","0","should maintain proper timestamps if all messages received","MessageChannel","Tue Dec 02 19:29:07 UTC 2025","skipped","Tue Dec 02 19:29:07 UTC 2025","","receiving a message","",""
"","0","Push 30 different messages","Waku Light Push (legacy=v3): Multiple Nodes: Strict Check: false","Tue Dec 02 19:47:15 UTC 2025","skipped","Tue Dec 02 19:47:15 UTC 2025","","","",""
"","1","should query peer with peer exchange protocol","PeerExchangeDiscovery","Tue Dec 02 19:28:36 UTC 2025","passed","Tue Dec 02 19:28:36 UTC 2025","","runQuery","",""
"","0","Push message with escaped characters payload","Waku Light Push (legacy=v2): Multiple Nodes: Strict Check: false","Tue Dec 02 19:47:15 UTC 2025","passed","Tue Dec 02 19:47:15 UTC 2025","","","",""
"","0","Push message with Basic HTML tag payload","Waku Light Push (legacy=v2): Multiple Nodes: Strict Check: false","Tue Dec 02 19:47:15 UTC 2025","passed","Tue Dec 02 19:47:15 UTC 2025","","","",""
"","1","Push message with content topic containing short","Waku Light Push (legacy=v3): Multiple Nodes: Strict Check: false","Tue Dec 02 19:47:15 UTC 2025","passed","Tue Dec 02 19:47:15 UTC 2025","","","",""
"","1","should throw an error for non-numeric shard: /waku/2/rs/1/-","pubsubTopicToSingleShardInfo with various invalid formats","Tue Dec 02 19:28:13 UTC 2025","passed","Tue Dec 02 19:28:13 UTC 2025","","","",""
"","0","Round trip binary encryption [ecies, no signature]","Ecies Encryption","Tue Dec 02 19:28:47 UTC 2025","passed","Tue Dec 02 19:28:47 UTC 2025","","","",""
"","0","Push message with content topic containing Arabic","Waku Light Push (legacy=v3): Multiple Nodes: Strict Check: true","Tue Dec 02 19:47:15 UTC 2025","passed","Tue Dec 02 19:47:15 UTC 2025","","","",""
"","1","Push message with long payload","Waku Light Push (legacy=v2): Multiple Nodes: Strict Check: true","Tue Dec 02 19:47:15 UTC 2025","passed","Tue Dec 02 19:47:15 UTC 2025","","","",""
"","0","should be able to encode the field with STORE and LIGHTPUSH protocols set to true","ENR waku2 codec","Tue Dec 02 19:28:18 UTC 2025","passed","Tue Dec 02 19:28:18 UTC 2025","","Encoding","",""
"","0","should handle shard reader errors gracefully","Dialer","Tue Dec 02 19:28:27 UTC 2025","passed","Tue Dec 02 19:28:27 UTC 2025","","shard reader integration","",""
"","0","Subscribe and receive messages via lightPush","Waku Filter: Subscribe: Multiple Service Nodes: Strict Check mode: false","Tue Dec 02 19:37:28 UTC 2025","passed","Tue Dec 02 19:37:28 UTC 2025","","","",""
"","1","should return false when unsubscribing from a non-existing subscription","Filter SDK","Tue Dec 02 19:29:16 UTC 2025","passed","Tue Dec 02 19:29:16 UTC 2025","","","",""
"","1","Timestamp too far from node time: 40000 ms from now","Waku Store, time filter","Tue Dec 02 19:34:38 UTC 2025","passed","Tue Dec 02 19:34:38 UTC 2025","","","",""
"","2","should handle peer store errors gracefully","ConnectionLimiter","Tue Dec 02 19:28:27 UTC 2025","passed","Tue Dec 02 19:28:27 UTC 2025","","getPeer","",""
"","0","Outgoing message is emitted as sending","Reliable Channel","Tue Dec 02 19:29:21 UTC 2025","passed","Tue Dec 02 19:29:21 UTC 2025","","","",""
"","1","messageHashStr returns a hex string","messageHash and messageHashStr","Tue Dec 02 19:28:27 UTC 2025","passed","Tue Dec 02 19:28:27 UTC 2025","","","",""
"","4","should keep entries that haven't expired yet","TTLSet","Tue Dec 02 19:29:15 UTC 2025","passed","Tue Dec 02 19:29:15 UTC 2025","","","",""
"","1","Push message with meta","Waku Light Push (legacy=v3): Multiple Nodes: Strict Check: false","Tue Dec 02 19:47:15 UTC 2025","passed","Tue Dec 02 19:47:15 UTC 2025","","","",""
"","2","should do nothing if no non-locked connections to drop","ConnectionLimiter","Tue Dec 02 19:28:27 UTC 2025","passed","Tue Dec 02 19:28:27 UTC 2025","","maintainConnectionsCount","",""
"","0","Check received message containing Russian","Waku Filter: FilterPush: Multiple Nodes: Strict Checking: true","Tue Dec 02 19:37:06 UTC 2025","passed","Tue Dec 02 19:37:06 UTC 2025","","","",""
"","1","should return false when peer shard info is not found","ShardReader","Tue Dec 02 19:28:27 UTC 2025","passed","Tue Dec 02 19:28:27 UTC 2025","","isPeerOnShard","",""
"","0","Check message with invalid timestamp is not received","Waku Filter: FilterPush: Multiple Nodes: Strict Checking: false","Tue Dec 02 19:37:06 UTC 2025","passed","Tue Dec 02 19:37:06 UTC 2025","","","",""
"","0","should properly create location multiaddrs - tcp","ENR","Tue Dec 02 19:28:19 UTC 2025","passed","Tue Dec 02 19:28:19 UTC 2025","","Location multiaddr","",""
"","1","Query with Promise Callback, Multiple PubsubTopics","Waku Store, error handling","Tue Dec 02 19:33:36 UTC 2025","passed","Tue Dec 02 19:33:36 UTC 2025","","","",""
"","3","should be safe to call multiple times","DiscoveryDialer","Tue Dec 02 19:28:27 UTC 2025","passed","Tue Dec 02 19:28:27 UTC 2025","","stop","",""
"","0","throws on empty content topic","ensureValidContentTopic","Tue Dec 02 19:28:13 UTC 2025","passed","Tue Dec 02 19:28:13 UTC 2025","","","",""
"","1","Check publish message containing special chars","Waku Relay, Publish","Tue Dec 02 19:32:28 UTC 2025","passed","Tue Dec 02 19:32:28 UTC 2025","","","",""
"","0","Throws when trying to push message with empty payload","Waku Light Push (legacy=v3): Multiple Nodes: Strict Check: true","Tue Dec 02 19:47:15 UTC 2025","passed","Tue Dec 02 19:47:15 UTC 2025","","","",""
"","1","should mark a message as irretrievably lost if timeout is exceeded","MessageChannel","Tue Dec 02 19:29:07 UTC 2025","passed","Tue Dec 02 19:29:07 UTC 2025","","Sweeping incoming buffer","",""
"","1","Query Generator, No Decoder","Waku Store, error handling","Tue Dec 02 19:33:36 UTC 2025","passed","Tue Dec 02 19:33:36 UTC 2025","","","",""
"","1","Query generator for multiple messages with different message text format","Waku Store, general","Tue Dec 02 19:34:07 UTC 2025","passed","Tue Dec 02 19:34:07 UTC 2025","","","",""
"","0","Push message with content topic containing Chinese","Waku Light Push (legacy=v2): Multiple Nodes: Strict Check: false","Tue Dec 02 19:47:15 UTC 2025","passed","Tue Dec 02 19:47:15 UTC 2025","","","",""
"","1","Relay - dialed after","Wait for remote peer","Tue Dec 02 19:34:43 UTC 2025","passed","Tue Dec 02 19:34:43 UTC 2025","","","",""
"","0","should stop all internal components","ConnectionManager","Tue Dec 02 19:28:28 UTC 2025","passed","Tue Dec 02 19:28:28 UTC 2025","","stop","",""
"","0","Fails to push message with large meta","Waku Light Push (legacy=v2): Multiple Nodes: Strict Check: true","Tue Dec 02 19:47:15 UTC 2025","passed","Tue Dec 02 19:47:15 UTC 2025","","","",""
"","4","should initialize bloom filter with correct parameters","BloomFilter","Tue Dec 02 19:29:03 UTC 2025","passed","Tue Dec 02 19:29:03 UTC 2025","","","",""
"","1","all px service nodes subscribed to the shard topic should be dialed","Static Sharding: Peer Management","Tue Dec 02 19:33:00 UTC 2025","passed","Tue Dec 02 19:33:00 UTC 2025","","Peer Exchange","",""
"","1","uses static shard pubsub topic instead of autosharding when set","Sets sharding configuration correctly","Tue Dec 02 19:28:28 UTC 2025","passed","Tue Dec 02 19:28:28 UTC 2025","","","",""
"","0","retrieves all peers (3) when branch entries are composed of multiple strings","DNS Node Discovery w/ capabilities","Tue Dec 02 19:28:36 UTC 2025","passed","Tue Dec 02 19:28:36 UTC 2025","","","",""
"","0","Renews subscription after lossing a connection","Waku Filter: Subscribe: Multiple Service Nodes: Strict Check mode: false","Tue Dec 02 19:37:28 UTC 2025","passed","Tue Dec 02 19:37:28 UTC 2025","","","",""
"","1","Check meta is set [symmetric]","Symmetric Encryption","Tue Dec 02 19:28:45 UTC 2025","passed","Tue Dec 02 19:28:45 UTC 2025","","","",""
"","14","should remove entries","OutgoingRepairBuffer","Tue Dec 02 19:29:03 UTC 2025","passed","Tue Dec 02 19:29:03 UTC 2025","","","",""
"","0","Push message with content topic containing emoji","Waku Light Push (legacy=v3): Multiple Nodes: Strict Check: true","Tue Dec 02 19:47:15 UTC 2025","passed","Tue Dec 02 19:47:15 UTC 2025","","","",""
"","1","should remove event listeners from libp2p","NetworkMonitor","Tue Dec 02 19:28:26 UTC 2025","passed","Tue Dec 02 19:28:26 UTC 2025","","stop","",""
"","0","should handle task timeouts","RetryManager","Tue Dec 02 19:29:15 UTC 2025","passed","Tue Dec 02 19:29:15 UTC 2025","","","",""
"","1","Push message with short payload","Waku Light Push (legacy=v3): Multiple Nodes: Strict Check: false","Tue Dec 02 19:47:15 UTC 2025","passed","Tue Dec 02 19:47:15 UTC 2025","","","",""
"","1","Subscribe and receives messages on 20 topics","Waku Filter: Subscribe: Multiple Service Nodes: Strict Check mode: true","Tue Dec 02 19:37:28 UTC 2025","passed","Tue Dec 02 19:37:28 UTC 2025","","","",""
"","0","should retrieve all multiaddrs when several ENR Tree URLs are passed","DNS Node Discovery [live data]","Tue Dec 02 19:29:46 UTC 2025","skipped","Tue Dec 02 19:29:46 UTC 2025","","","",""
"","5","should add and check entries correctly","TTLSet","Tue Dec 02 19:29:15 UTC 2025","passed","Tue Dec 02 19:29:15 UTC 2025","","","",""
"","1","should hash ""Lorem ipsum dolor sit amet"" with n=2 and maxValue=100 correctly","hashN","Tue Dec 02 19:29:03 UTC 2025","passed","Tue Dec 02 19:29:03 UTC 2025","","","",""
"","1","random auto sharding 8 - Cluster ID: 10, Content Topic: /app89/5/topic616/test.js","Autosharding: Running Nodes","Tue Dec 02 19:34:16 UTC 2025","passed","Tue Dec 02 19:34:16 UTC 2025","","","",""
"","1","Query with Promise Callback, No Decoder","Waku Store, error handling","Tue Dec 02 19:33:36 UTC 2025","passed","Tue Dec 02 19:33:36 UTC 2025","","","",""
"","0","should handle peer identify event","PeerExchangeDiscovery","Tue Dec 02 19:28:36 UTC 2025","passed","Tue Dec 02 19:28:36 UTC 2025","","handleDiscoveredPeer","",""
"","1","should hash """" with n=0 and maxValue=100 correctly","hashN","Tue Dec 02 19:29:03 UTC 2025","passed","Tue Dec 02 19:29:03 UTC 2025","","","",""
"","0","Push message with custom timestamp: 1764707406753","Waku Light Push (legacy=v2): Multiple Nodes: Strict Check: false","Tue Dec 02 19:47:15 UTC 2025","passed","Tue Dec 02 19:47:15 UTC 2025","","","",""
"","1","should handle retrieval hint and sender_id","OutgoingRepairBuffer","Tue Dec 02 19:29:03 UTC 2025","passed","Tue Dec 02 19:29:03 UTC 2025","","","",""
"","0","Check publish message containing emoji","Waku Relay, Publish","Tue Dec 02 19:32:28 UTC 2025","passed","Tue Dec 02 19:32:28 UTC 2025","","","",""
"","0","Decoder throws on empty string content topic","Ensures content topic is defined","Tue Dec 02 19:28:47 UTC 2025","passed","Tue Dec 02 19:28:47 UTC 2025","","","",""
"","0","should return the correct m/n for k = 2, targetError = 0.1","Probabilities","Tue Dec 02 19:29:03 UTC 2025","passed","Tue Dec 02 19:29:03 UTC 2025","","","",""
"","1","should initialize with custom number of peers","PeerManager","Tue Dec 02 19:29:16 UTC 2025","passed","Tue Dec 02 19:29:16 UTC 2025","","","",""
"","0","Ephemeral messages are not stored","Waku Message Ephemeral field","Tue Dec 02 19:29:49 UTC 2025","passed","Tue Dec 02 19:29:49 UTC 2025","","","",""
"","0","Push message with content topic containing SQL Injection","Waku Light Push (legacy=v2): Multiple Nodes: Strict Check: false","Tue Dec 02 19:47:15 UTC 2025","passed","Tue Dec 02 19:47:15 UTC 2025","","","",""
"","0","Emits 'syncing' until all messages are received or lost","Sync Status","Tue Dec 02 19:29:18 UTC 2025","passed","Tue Dec 02 19:29:18 UTC 2025","","","",""
"","0","Sends ack once message is marked as irretrievably lost","Reliable Channel","Tue Dec 02 19:29:21 UTC 2025","passed","Tue Dec 02 19:29:21 UTC 2025","","Irretrievably lost messages","",""
"","0","Ordered Callback - true","Waku Store, order","Tue Dec 02 19:34:17 UTC 2025","passed","Tue Dec 02 19:34:17 UTC 2025","","","",""
"","0","should get multiple eligible entries at later time","OutgoingRepairBuffer","Tue Dec 02 19:29:03 UTC 2025","passed","Tue Dec 02 19:29:03 UTC 2025","","","",""
"","1","Sync message is sent within sync frequency","Reliable Channel: Sync","Tue Dec 02 19:29:23 UTC 2025","passed","Tue Dec 02 19:29:23 UTC 2025","","","",""
"","0","Overlapping topic subscription","Waku Relay, Subscribe","Tue Dec 02 19:32:36 UTC 2025","skipped","Tue Dec 02 19:32:36 UTC 2025","","","",""
"","1","Outgoing message is emitted as sent","Reliable Channel: Encryption","Tue Dec 02 19:29:19 UTC 2025","passed","Tue Dec 02 19:29:19 UTC 2025","","","",""
"","8","should select older connection if present","selectOpenConnection","Tue Dec 02 19:28:27 UTC 2025","passed","Tue Dec 02 19:28:27 UTC 2025","","","",""
"","1","Publish without waiting for remote peer","Waku Relay, Subscribe","Tue Dec 02 19:32:36 UTC 2025","passed","Tue Dec 02 19:32:36 UTC 2025","","","",""
"","0","should respect maxRequests limit","OutgoingRepairBuffer","Tue Dec 02 19:29:03 UTC 2025","passed","Tue Dec 02 19:29:03 UTC 2025","","","",""
"","0","should populate queue if has active dial","Dialer","Tue Dec 02 19:28:27 UTC 2025","passed","Tue Dec 02 19:28:27 UTC 2025","","dial","",""
"","0","receiving a ping from a peer does not overwrite shard info","Metadata Protocol","Tue Dec 02 19:31:13 UTC 2025","passed","Tue Dec 02 19:31:13 UTC 2025","","auto sharding","",""
"","0","Push message with special chars payload","Waku Light Push (legacy=v2): Multiple Nodes: Strict Check: false","Tue Dec 02 19:47:15 UTC 2025","passed","Tue Dec 02 19:47:15 UTC 2025","","","",""
"","0","Decoder throws on undefined content topic","Ensures content topic is defined","Tue Dec 02 19:28:28 UTC 2025","passed","Tue Dec 02 19:28:28 UTC 2025","","","",""
"","1","Subscribe to topic containing Russian and publish message","Waku Relay, Subscribe","Tue Dec 02 19:32:36 UTC 2025","passed","Tue Dec 02 19:32:36 UTC 2025","","","",""
"","1","Emits 'synced' when new message received","Sync Status","Tue Dec 02 19:29:18 UTC 2025","passed","Tue Dec 02 19:29:18 UTC 2025","","","",""
"","1","Check received message containing Russian","Waku Filter: FilterPush: Multiple Nodes: Strict Checking: false","Tue Dec 02 19:37:06 UTC 2025","passed","Tue Dec 02 19:37:06 UTC 2025","","","",""
"","1","`waku:online` between 2 js-waku relay nodes","Connection state","Tue Dec 02 19:30:02 UTC 2025","passed","Tue Dec 02 19:30:02 UTC 2025","","","",""
"","0","Check publish message containing numeric","Waku Relay, Publish","Tue Dec 02 19:32:28 UTC 2025","passed","Tue Dec 02 19:32:28 UTC 2025","","","",""
"","1","Push message with JSON payload","Waku Light Push (legacy=v2): Multiple Nodes: Strict Check: true","Tue Dec 02 19:47:15 UTC 2025","passed","Tue Dec 02 19:47:15 UTC 2025","","","",""
"","0","should return empty array when no peers connected","ConnectionManager","Tue Dec 02 19:28:28 UTC 2025","passed","Tue Dec 02 19:28:28 UTC 2025","","getConnectedPeers","",""
"","2","should hash ""!@#$%^&*()"" with n=0 and maxValue=10000 correctly","hashN","Tue Dec 02 19:29:03 UTC 2025","passed","Tue Dec 02 19:29:03 UTC 2025","","","",""
"","0","Check message with invalid timestamp is not received","Waku Filter: FilterPush: Multiple Nodes: Strict Checking: true","Tue Dec 02 19:37:06 UTC 2025","passed","Tue Dec 02 19:37:06 UTC 2025","","","",""
"","0","should start periodic discovery on start","PeerExchangeDiscovery","Tue Dec 02 19:28:36 UTC 2025","passed","Tue Dec 02 19:28:36 UTC 2025","","continuous discovery interval","",""
"","1","Relay","ENR Interop: ServiceNode","Tue Dec 02 19:29:47 UTC 2025","passed","Tue Dec 02 19:29:47 UTC 2025","","","",""
"","0","msgTime: -19000 ms from now, startTime: -19000, endTime: -18000","Waku Store, time filter","Tue Dec 02 19:34:38 UTC 2025","passed","Tue Dec 02 19:34:38 UTC 2025","","","",""
"","0","LightPush","Wait for remote peer","Tue Dec 02 19:34:43 UTC 2025","passed","Tue Dec 02 19:34:43 UTC 2025","","","",""
"","1","should handle a minimal index list","Relay Shard codec","Tue Dec 02 19:28:13 UTC 2025","passed","Tue Dec 02 19:28:13 UTC 2025","","","",""
"","0","should clear the dialing interval","Dialer","Tue Dec 02 19:28:27 UTC 2025","passed","Tue Dec 02 19:28:27 UTC 2025","","stop","",""
"","1","Push message with Russian payload","Waku Light Push (legacy=v3): Multiple Nodes: Strict Check: true","Tue Dec 02 19:47:15 UTC 2025","passed","Tue Dec 02 19:47:15 UTC 2025","","","",""
"","3","should transition to Unhealthy when no connections","HealthIndicator","Tue Dec 02 19:29:17 UTC 2025","passed","Tue Dec 02 19:29:17 UTC 2025","","","",""
"","0","should insert elements correctly","BloomFilter","Tue Dec 02 19:29:03 UTC 2025","passed","Tue Dec 02 19:29:03 UTC 2025","","","",""
"","0","Push message equal or less that 1MB","Waku Light Push (legacy=v3): Multiple Nodes: Strict Check: true","Tue Dec 02 19:47:15 UTC 2025","passed","Tue Dec 02 19:47:15 UTC 2025","","","",""
"","0","should not allow unachievable error rate","Probabilities","Tue Dec 02 19:29:03 UTC 2025","passed","Tue Dec 02 19:29:03 UTC 2025","","","",""
"","0","should handle v3 RLN errors","LightPush SDK","Tue Dec 02 19:29:16 UTC 2025","passed","Tue Dec 02 19:29:16 UTC 2025","","v3 protocol support","",""
"","1","should update peer store before dialing","DiscoveryDialer","Tue Dec 02 19:28:27 UTC 2025","passed","Tue Dec 02 19:28:27 UTC 2025","","peer discovery handling","",""
"","1","isConnected between 2 js-waku relay nodes","Connection state","Tue Dec 02 19:30:02 UTC 2025","passed","Tue Dec 02 19:30:02 UTC 2025","","","",""
"","0","Subscribe to topic containing Script and receive message","Waku Filter: Subscribe: Multiple Service Nodes: Strict Check mode: true","Tue Dec 02 19:37:28 UTC 2025","passed","Tue Dec 02 19:37:28 UTC 2025","","","",""
"","0","should hash ""hello"" with n=5 and maxValue=1000 correctly","hashN","Tue Dec 02 19:29:03 UTC 2025","passed","Tue Dec 02 19:29:03 UTC 2025","","","",""
"","1","should chunk queries when time window exceeds maxTimeLimit","Store","Tue Dec 02 19:29:18 UTC 2025","passed","Tue Dec 02 19:29:18 UTC 2025","","queryGenerator","",""
"","0","Push 30 different messages","Waku Light Push (legacy=v2): Multiple Nodes: Strict Check: false","Tue Dec 02 19:47:15 UTC 2025","skipped","Tue Dec 02 19:47:15 UTC 2025","","","",""
"","0","pre and post cipher","Waku Encryption","Tue Dec 02 19:28:46 UTC 2025","passed","Tue Dec 02 19:28:46 UTC 2025","","","",""
"","0","should throw error - no id","ENR","Tue Dec 02 19:28:19 UTC 2025","passed","Tue Dec 02 19:28:19 UTC 2025","","Verify","",""
"","1","Cap max size when messages are pushed one at a time","MemLocalHistory","Tue Dec 02 19:29:06 UTC 2025","passed","Tue Dec 02 19:29:06 UTC 2025","","","",""
"","0","should properly create peer info with all multiaddrs","ENR","Tue Dec 02 19:28:19 UTC 2025","passed","Tue Dec 02 19:28:19 UTC 2025","","Location multiaddr","",""
"","0","should be sent without a timestamp, causal history, or bloom filter","MessageChannel","Tue Dec 02 19:29:07 UTC 2025","passed","Tue Dec 02 19:29:07 UTC 2025","","Ephemeral messages","",""
"","0","Fails to push message with large meta","Waku Light Push (legacy=v3): Multiple Nodes: Strict Check: false","Tue Dec 02 19:47:15 UTC 2025","passed","Tue Dec 02 19:47:15 UTC 2025","","","",""
"","0","should add event listener for peer:discovery","DiscoveryDialer","Tue Dec 02 19:28:27 UTC 2025","passed","Tue Dec 02 19:28:27 UTC 2025","","start","",""
"","0","Outgoing message is emitted as sending","Reliable Channel: Encryption","Tue Dec 02 19:29:19 UTC 2025","passed","Tue Dec 02 19:29:19 UTC 2025","","","",""
"","0","should correctly map /0/statusim/1/community/cbor to shard index 4","contentTopicToShardIndex","Tue Dec 02 19:28:13 UTC 2025","passed","Tue Dec 02 19:28:13 UTC 2025","","","",""
"","0","connects to nwaku","Waku Dial [node only]","Tue Dec 02 19:34:40 UTC 2025","passed","Tue Dec 02 19:34:40 UTC 2025","","Interop: ServiceNode","",""
"","0","should skip updating peer store if peer has same addresses","DiscoveryDialer","Tue Dec 02 19:28:27 UTC 2025","passed","Tue Dec 02 19:28:27 UTC 2025","","updatePeerStore","",""
"","0","should detect messages with missing dependencies","MessageChannel","Tue Dec 02 19:29:07 UTC 2025","passed","Tue Dec 02 19:29:07 UTC 2025","","Sweeping incoming buffer","",""
"","1","should clear dial history on stop","Dialer","Tue Dec 02 19:28:27 UTC 2025","passed","Tue Dec 02 19:28:27 UTC 2025","","stop","",""
"","1","peer:update - should do nothing if another protocol hit","StreamManager","Tue Dec 02 19:28:28 UTC 2025","passed","Tue Dec 02 19:28:28 UTC 2025","","","",""
"","0","Error when try to subscribe to more than 101 topics (new limit)","Waku Filter: Subscribe: Multiple Service Nodes: Strict Check mode: false","Tue Dec 02 19:37:28 UTC 2025","passed","Tue Dec 02 19:37:28 UTC 2025","","","",""
"","1","should handle cache.get errors gracefully","Peer Cache Discovery","Tue Dec 02 19:28:40 UTC 2025","passed","Tue Dec 02 19:28:40 UTC 2025","","Unit Tests","",""
"","1","throws on content topic with empty topic name field","ensureValidContentTopic","Tue Dec 02 19:28:13 UTC 2025","passed","Tue Dec 02 19:28:13 UTC 2025","","","",""
"","0","Waku message hash computation (meta attribute not present)","Message Hash: RFC Test Vectors","Tue Dec 02 19:28:27 UTC 2025","passed","Tue Dec 02 19:28:27 UTC 2025","","","",""
"","0","Subscribe to topic containing unicode special characters and receive message","Waku Filter: Subscribe: Multiple Service Nodes: Strict Check mode: false","Tue Dec 02 19:37:28 UTC 2025","passed","Tue Dec 02 19:37:28 UTC 2025","","","",""
"","0","Subscribe to topic containing Arabic and publish message","Waku Relay, Subscribe","Tue Dec 02 19:32:36 UTC 2025","passed","Tue Dec 02 19:32:36 UTC 2025","","","",""
"","0","msgTime: -19000 ms from now, startTime: -18999, endTime: -18996","Waku Store, time filter","Tue Dec 02 19:34:38 UTC 2025","passed","Tue Dec 02 19:34:38 UTC 2025","","","",""
"","2","should return Multiaddr when Multiaddr input is provided","mapToPeerIdOrMultiaddr","Tue Dec 02 19:28:27 UTC 2025","passed","Tue Dec 02 19:28:27 UTC 2025","","","",""
"","1","should return undefined if no connection provided","StreamManager","Tue Dec 02 19:28:28 UTC 2025","passed","Tue Dec 02 19:28:28 UTC 2025","","","",""
"","1","Publish message with large meta","Waku Relay, Publish","Tue Dec 02 19:32:28 UTC 2025","passed","Tue Dec 02 19:32:28 UTC 2025","","","",""
"","0","should use peerId from options when provided to queryGenerator","Store","Tue Dec 02 19:29:18 UTC 2025","passed","Tue Dec 02 19:29:18 UTC 2025","","queryGenerator","",""
"","0","Delete observer","Waku Relay","Tue Dec 02 19:32:07 UTC 2025","passed","Tue Dec 02 19:32:07 UTC 2025","","","",""
"","0","it tolerates circular branch references","DNS Node Discovery","Tue Dec 02 19:28:36 UTC 2025","passed","Tue Dec 02 19:28:36 UTC 2025","","","",""
"","0","should push the message to the outgoing buffer","MessageChannel","Tue Dec 02 19:29:07 UTC 2025","passed","Tue Dec 02 19:29:07 UTC 2025","","sending a message ","",""
"","1","groups multiple content topics into the same pubsub topic when they share the same shard index","contentTopicsByPubsubTopic","Tue Dec 02 19:28:13 UTC 2025","passed","Tue Dec 02 19:28:13 UTC 2025","","","",""
"","1","Check received message containing shell command","Waku Filter: FilterPush: Multiple Nodes: Strict Checking: false","Tue Dec 02 19:37:06 UTC 2025","passed","Tue Dec 02 19:37:06 UTC 2025","","","",""
"","1","should retrieve 3 multiaddrs for sandbox.waku.nodes.status.im","DNS Node Discovery [live data]","Tue Dec 02 19:28:36 UTC 2025","skipped","Tue Dec 02 19:28:36 UTC 2025","","","",""
"","1","should filter out already connected peers","ConnectionLimiter","Tue Dec 02 19:28:27 UTC 2025","passed","Tue Dec 02 19:28:27 UTC 2025","","dialPeersFromStore","",""
"","1","should be able to encode the field with only RELAY set to true","ENR waku2 codec","Tue Dec 02 19:28:18 UTC 2025","passed","Tue Dec 02 19:28:18 UTC 2025","","Encoding","",""
"","0","should return true when peer is on the pubsub topic shard","ShardReader","Tue Dec 02 19:28:27 UTC 2025","passed","Tue Dec 02 19:28:27 UTC 2025","","isPeerOnTopic","",""
"","0","Outgoing message is not emitted as acknowledged from own outgoing messages","Reliable Channel","Tue Dec 02 19:29:21 UTC 2025","passed","Tue Dec 02 19:29:21 UTC 2025","","","",""
"","0","should be empty after removing the only subscription","Filter Subscription","Tue Dec 02 19:29:17 UTC 2025","passed","Tue Dec 02 19:29:17 UTC 2025","","","",""
"","1","should return false when peer is on different cluster","ShardReader","Tue Dec 02 19:28:27 UTC 2025","passed","Tue Dec 02 19:28:27 UTC 2025","","isPeerOnShard","",""
"","0","should attach causal history and bloom filter to each message","MessageChannel","Tue Dec 02 19:29:07 UTC 2025","passed","Tue Dec 02 19:29:07 UTC 2025","","sending a message ","",""
"","0","Push message with SQL Injection payload","Waku Light Push (legacy=v2): Multiple Nodes: Strict Check: false","Tue Dec 02 19:47:15 UTC 2025","passed","Tue Dec 02 19:47:15 UTC 2025","","","",""
"","0","Relay - dialed first","Wait for remote peer","Tue Dec 02 19:34:43 UTC 2025","passed","Tue Dec 02 19:34:43 UTC 2025","","","",""
"","0","should work with v3 peers","LightPush SDK","Tue Dec 02 19:29:16 UTC 2025","passed","Tue Dec 02 19:29:16 UTC 2025","","v3 protocol support","",""
"","1","should initialize with default number of peers","PeerManager","Tue Dec 02 19:29:16 UTC 2025","passed","Tue Dec 02 19:29:16 UTC 2025","","","",""
"","0","Debounces events when receiving batch of messages","Sync Status","Tue Dec 02 19:29:18 UTC 2025","passed","Tue Dec 02 19:29:18 UTC 2025","","","",""
"","1","should create ShardReader with static shards network config","ShardReader","Tue Dec 02 19:28:27 UTC 2025","passed","Tue Dec 02 19:28:27 UTC 2025","","constructor","",""
"","1","should remove event listeners","ConnectionLimiter","Tue Dec 02 19:28:27 UTC 2025","passed","Tue Dec 02 19:28:27 UTC 2025","","stop","",""
"","0","Check received message containing Chinese","Waku Filter: FilterPush: Multiple Nodes: Strict Checking: false","Tue Dec 02 19:37:06 UTC 2025","passed","Tue Dec 02 19:37:06 UTC 2025","","","",""
"","0","Emits 'syncing' when message flagged as missed","Sync Status","Tue Dec 02 19:29:18 UTC 2025","passed","Tue Dec 02 19:29:18 UTC 2025","","","",""
"","0","should decode valid enr with tcp successfully","ENR","Tue Dec 02 19:28:19 UTC 2025","passed","Tue Dec 02 19:28:19 UTC 2025","","Txt codec","",""
"","0","messageHashStr produces consistent results for the same input","messageHash and messageHashStr","Tue Dec 02 19:28:27 UTC 2025","passed","Tue Dec 02 19:28:27 UTC 2025","","","",""
"","0","should be able to decode the field with only RELAY set to true","ENR waku2 codec","Tue Dec 02 19:28:18 UTC 2025","passed","Tue Dec 02 19:28:18 UTC 2025","","Decoding","",""
"","0","Light Node - default protocols","Wait for remote peer","Tue Dec 02 19:34:43 UTC 2025","passed","Tue Dec 02 19:34:43 UTC 2025","","","",""
"","1","3 nodes on /waku/2/rs/3/1 topic","Waku Relay, static sharding, multiple pubsub topics","Tue Dec 02 19:32:22 UTC 2025","passed","Tue Dec 02 19:32:22 UTC 2025","","","",""
"","1","isConnected should return false after all peers disconnect","Connection state","Tue Dec 02 19:30:02 UTC 2025","passed","Tue Dec 02 19:30:02 UTC 2025","","","",""
"","1","Wait given interval before re-trying","Retry Manager","Tue Dec 02 19:29:18 UTC 2025","passed","Tue Dec 02 19:29:18 UTC 2025","","","",""
"","0","should drop connection to all peers on hangUp","Dialing","Tue Dec 02 19:31:10 UTC 2025","passed","Tue Dec 02 19:31:10 UTC 2025","","","",""
"","0","Subscribe and receive ecies encrypted messages via lightPush","Waku Filter: Subscribe: Multiple Service Nodes: Strict Check mode: true","Tue Dec 02 19:37:28 UTC 2025","passed","Tue Dec 02 19:37:28 UTC 2025","","","",""
"","1","retrieves a single peer","DNS Node Discovery","Tue Dec 02 19:28:36 UTC 2025","passed","Tue Dec 02 19:28:36 UTC 2025","","","",""
"","1","Check received message containing numeric","Waku Filter: FilterPush: Multiple Nodes: Strict Checking: true","Tue Dec 02 19:37:06 UTC 2025","passed","Tue Dec 02 19:37:06 UTC 2025","","","",""
"","1","should be able to encode the field with only LIGHTPUSH set to true","ENR waku2 codec","Tue Dec 02 19:28:18 UTC 2025","passed","Tue Dec 02 19:28:18 UTC 2025","","Encoding","",""
"","0","Check received message with timestamp: 1649153314 ","Waku Filter: FilterPush: Multiple Nodes: Strict Checking: false","Tue Dec 02 19:37:06 UTC 2025","passed","Tue Dec 02 19:37:06 UTC 2025","","","",""
"","1","Push message with meta","Waku Light Push (legacy=v2): Multiple Nodes: Strict Check: true","Tue Dec 02 19:47:15 UTC 2025","passed","Tue Dec 02 19:47:15 UTC 2025","","","",""
"","0","Check publish message containing short","Waku Relay, Publish","Tue Dec 02 19:32:28 UTC 2025","passed","Tue Dec 02 19:32:28 UTC 2025","","","",""
"","0","Subscribe to topic containing short and publish message","Waku Relay, Subscribe","Tue Dec 02 19:32:36 UTC 2025","passed","Tue Dec 02 19:32:36 UTC 2025","","","",""
"","0","Passing an array","Waku Dial [node only]","Tue Dec 02 19:34:40 UTC 2025","passed","Tue Dec 02 19:34:40 UTC 2025","","Bootstrap","",""
"","1","Subscribe and receive messages on 2 different pubsubtopics with v3 protocol","Waku Light Push (Autosharding): Multiple Shards","Tue Dec 02 19:30:48 UTC 2025","passed","Tue Dec 02 19:30:48 UTC 2025","","","",""
"","0","ignores unrecognized TXT record formats","DNS Node Discovery","Tue Dec 02 19:28:36 UTC 2025","passed","Tue Dec 02 19:28:36 UTC 2025","","","",""
"","1","Push message with special chars payload","Waku Light Push (legacy=v3): Multiple Nodes: Strict Check: false","Tue Dec 02 19:47:15 UTC 2025","passed","Tue Dec 02 19:47:15 UTC 2025","","","",""
"","0","should return false when peer is not found","ShardReader","Tue Dec 02 19:28:27 UTC 2025","passed","Tue Dec 02 19:28:27 UTC 2025","","isPeerOnTopic","",""
"","1","should allow redial after cooldown period","Dialer","Tue Dec 02 19:28:27 UTC 2025","passed","Tue Dec 02 19:28:27 UTC 2025","","dial","",""
"","1","Passing invalid cursor","Waku Store, cursor","Tue Dec 02 19:33:21 UTC 2025","passed","Tue Dec 02 19:33:21 UTC 2025","","","",""
"","0","Subscribe to topic containing special chars and publish message","Waku Relay, Subscribe","Tue Dec 02 19:32:36 UTC 2025","passed","Tue Dec 02 19:32:36 UTC 2025","","","",""
"","0","Subscribe to topic containing Russian and receive message","Waku Filter: Subscribe: Multiple Service Nodes: Strict Check mode: false","Tue Dec 02 19:37:28 UTC 2025","passed","Tue Dec 02 19:37:28 UTC 2025","","","",""
"","0","Push 30 different messages","Waku Light Push (legacy=v2): Multiple Nodes: Strict Check: true","Tue Dec 02 19:47:15 UTC 2025","skipped","Tue Dec 02 19:47:15 UTC 2025","","","",""
